dokumen_id,status_dari,status_ke,tgl_perubahan,diubah_oleh
ENT-00001,,DRAFT,2024-03-01T08:52:33+07:00,pengusul_05
ENT-00001,DRAFT,OPERATOR_KONTEN,2024-04-05T22:56:30+07:00,pengusul_05
ENT-00001,OPERATOR_KONTEN,PIC_UKE,2024-05-07T21:05:54+07:00,operator_konten_05
ENT-00001,PIC_UKE,TERVALIDASI,2024-06-02T11:30:22+07:00,pic_uke_05
ENT-00001,TERVALIDASI,PUBLISH,2024-06-04T12:41:41+07:00,operator_konten_05
ENT-00002,,DRAFT,2024-03-01T12:49:54+07:00,pengusul_41
ENT-00002,DRAFT,OPERATOR_KONTEN,2024-06-16T10:56:46+07:00,pengusul_41
ENT-00002,OPERATOR_KONTEN,PIC_UKE,2026-09-10T09:59:18+07:00,operator_konten_41
ENT-00003,,DRAFT,2024-03-01T14:46:14+07:00,pengusul_02
ENT-00003,DRAFT,OPERATOR_KONTEN,2024-05-13T17:52:04+07:00,pengusul_02
ENT-00003,OPERATOR_KONTEN,PIC_UKE,2024-07-06T13:05:17+07:00,operator_konten_02
ENT-00003,PIC_UKE,TERVALIDASI,2024-08-02T11:46:01+07:00,pic_uke_02
ENT-00003,TERVALIDASI,PUBLISH,2024-09-05T15:38:00+07:00,operator_konten_02
ENT-00004,,DRAFT,2024-03-01T14:56:46+07:00,pengusul_44
ENT-00004,DRAFT,OPERATOR_KONTEN,2025-11-26T10:03:47+07:00,pengusul_44
ENT-00004,OPERATOR_KONTEN,PIC_UKE,2026-10-08T08:31:14+07:00,operator_konten_44
ENT-00005,,DRAFT,2024-03-02T11:12:38+07:00,pengusul_37
ENT-00005,DRAFT,OPERATOR_KONTEN,2024-04-10T21:51:25+07:00,pengusul_37
ENT-00005,OPERATOR_KONTEN,PIC_UKE,2024-04-13T20:58:10+07:00,operator_konten_37
ENT-00005,PIC_UKE,TERVALIDASI,2024-10-11T22:54:12+07:00,pic_uke_37
ENT-00005,TERVALIDASI,PUBLISH,2024-10-24T08:31:27+07:00,operator_konten_37
ENT-00006,,DRAFT,2024-03-02T11:30:55+07:00,pengusul_64
ENT-00006,DRAFT,OPERATOR_KONTEN,2024-04-07T03:56:00+07:00,pengusul_64
ENT-00006,OPERATOR_KONTEN,PIC_UKE,2024-04-17T10:35:05+07:00,operator_konten_64
ENT-00006,PIC_UKE,TERVALIDASI,2024-06-17T21:05:42+07:00,pic_uke_64
ENT-00006,TERVALIDASI,PUBLISH,2024-07-11T12:16:19+07:00,operator_konten_64
ENT-00006,PUBLISH,UNPUBLISH,2024-07-23T10:33:03+07:00,admin_64
ENT-00007,,DRAFT,2024-03-02T11:53:51+07:00,pengusul_43
ENT-00007,DRAFT,OPERATOR_KONTEN,2024-05-19T00:32:42+07:00,pengusul_43
ENT-00007,OPERATOR_KONTEN,PIC_UKE,2024-10-18T10:35:43+07:00,operator_konten_43
ENT-00007,PIC_UKE,TERVALIDASI,2024-11-08T17:11:10+07:00,pic_uke_43
ENT-00007,TERVALIDASI,PUBLISH,2024-11-21T16:13:46+07:00,operator_konten_43
ENT-00008,,DRAFT,2024-03-02T16:28:22+07:00,pengusul_59
ENT-00008,DRAFT,OPERATOR_KONTEN,2025-10-06T04:40:38+07:00,pengusul_59
ENT-00008,OPERATOR_KONTEN,PIC_UKE,2026-10-08T14:42:22+07:00,operator_konten_59
ENT-00009,,DRAFT,2024-03-03T09:09:32+07:00,pengusul_04
ENT-00009,DRAFT,OPERATOR_KONTEN,2024-04-17T18:21:29+07:00,pengusul_04
ENT-00009,OPERATOR_KONTEN,PIC_UKE,2024-10-02T21:29:10+07:00,operator_konten_04
ENT-00009,PIC_UKE,TERVALIDASI,2024-10-05T19:02:34+07:00,pic_uke_04
ENT-00009,TERVALIDASI,PUBLISH,2024-12-17T14:09:40+07:00,operator_konten_04
ENT-00010,,DRAFT,2024-03-03T12:30:57+07:00,pengusul_02
ENT-00010,DRAFT,OPERATOR_KONTEN,2024-03-04T08:49:45+07:00,pengusul_02
ENT-00010,OPERATOR_KONTEN,PIC_UKE,2024-03-17T00:24:51+07:00,operator_konten_02
ENT-00010,PIC_UKE,TERVALIDASI,2024-03-18T19:46:57+07:00,pic_uke_02
ENT-00010,TERVALIDASI,PUBLISH,2024-03-27T15:51:19+07:00,operator_konten_02
ENT-00011,,DRAFT,2024-03-03T14:51:32+07:00,pengusul_18
ENT-00011,DRAFT,OPERATOR_KONTEN,2024-03-10T02:28:23+07:00,pengusul_18
ENT-00011,OPERATOR_KONTEN,PIC_UKE,2024-07-22T02:11:55+07:00,operator_konten_18
ENT-00011,PIC_UKE,TERVALIDASI,2024-07-28T14:33:49+07:00,pic_uke_18
ENT-00011,TERVALIDASI,PUBLISH,2024-09-13T15:17:36+07:00,operator_konten_18
ENT-00012,,DRAFT,2024-03-04T08:02:56+07:00,pengusul_18
ENT-00012,DRAFT,OPERATOR_KONTEN,2024-04-01T05:42:55+07:00,pengusul_18
ENT-00012,OPERATOR_KONTEN,PIC_UKE,2024-04-14T01:06:33+07:00,operator_konten_18
ENT-00012,PIC_UKE,TERVALIDASI,2024-06-26T06:26:03+07:00,pic_uke_18
ENT-00012,TERVALIDASI,PUBLISH,2024-07-17T11:42:14+07:00,operator_konten_18
ENT-00013,,DRAFT,2024-03-04T16:27:45+07:00,pengusul_61
ENT-00013,DRAFT,OPERATOR_KONTEN,2024-03-09T03:15:14+07:00,pengusul_61
ENT-00013,OPERATOR_KONTEN,PIC_UKE,2024-03-13T15:23:14+07:00,operator_konten_61
ENT-00013,PIC_UKE,TERVALIDASI,2024-03-14T20:59:35+07:00,pic_uke_61
ENT-00013,TERVALIDASI,PUBLISH,2024-05-17T16:11:33+07:00,operator_konten_61
ENT-00014,,DRAFT,2024-03-05T14:35:29+07:00,pengusul_66
ENT-00014,DRAFT,OPERATOR_KONTEN,2025-09-16T06:15:24+07:00,pengusul_66
ENT-00014,OPERATOR_KONTEN,PIC_UKE,2026-09-15T14:26:11+07:00,operator_konten_66
ENT-00015,,DRAFT,2024-03-05T16:51:51+07:00,pengusul_22
ENT-00015,DRAFT,OPERATOR_KONTEN,2024-04-13T13:29:49+07:00,pengusul_22
ENT-00015,OPERATOR_KONTEN,PIC_UKE,2024-05-08T15:42:06+07:00,operator_konten_22
ENT-00015,PIC_UKE,TERVALIDASI,2024-05-13T06:49:11+07:00,pic_uke_22
ENT-00015,TERVALIDASI,PUBLISH,2024-06-10T09:56:05+07:00,operator_konten_22
ENT-00016,,DRAFT,2024-03-06T11:16:41+07:00,pengusul_36
ENT-00016,DRAFT,OPERATOR_KONTEN,2025-01-16T01:42:39+07:00,pengusul_36
ENT-00016,OPERATOR_KONTEN,PIC_UKE,2026-09-07T13:04:14+07:00,operator_konten_36
ENT-00017,,DRAFT,2024-03-07T12:57:27+07:00,pengusul_48
ENT-00017,DRAFT,OPERATOR_KONTEN,2024-03-09T20:22:35+07:00,pengusul_48
ENT-00017,OPERATOR_KONTEN,PIC_UKE,2024-05-09T15:42:59+07:00,operator_konten_48
ENT-00017,PIC_UKE,TERVALIDASI,2024-05-20T16:19:34+07:00,pic_uke_48
ENT-00017,TERVALIDASI,PUBLISH,2024-05-24T15:34:56+07:00,operator_konten_48
ENT-00018,,DRAFT,2024-03-07T15:39:50+07:00,pengusul_24
ENT-00018,DRAFT,OPERATOR_KONTEN,2024-06-08T21:01:19+07:00,pengusul_24
ENT-00018,OPERATOR_KONTEN,PIC_UKE,2024-06-10T13:38:33+07:00,operator_konten_24
ENT-00018,PIC_UKE,TERVALIDASI,2024-08-22T10:03:55+07:00,pic_uke_24
ENT-00018,TERVALIDASI,PUBLISH,2024-11-24T16:43:59+07:00,operator_konten_24
ENT-00019,,DRAFT,2024-03-07T15:41:47+07:00,pengusul_09
ENT-00019,DRAFT,OPERATOR_KONTEN,2024-03-22T11:27:11+07:00,pengusul_09
ENT-00019,OPERATOR_KONTEN,PIC_UKE,2024-07-25T12:23:50+07:00,operator_konten_09
ENT-00019,PIC_UKE,TERVALIDASI,2024-08-23T06:45:17+07:00,pic_uke_09
ENT-00019,TERVALIDASI,PUBLISH,2024-12-03T08:43:56+07:00,operator_konten_09
ENT-00020,,DRAFT,2024-03-08T08:27:42+07:00,pengusul_38
ENT-00020,DRAFT,OPERATOR_KONTEN,2024-03-11T10:06:34+07:00,pengusul_38
ENT-00020,OPERATOR_KONTEN,PIC_UKE,2024-04-07T20:27:42+07:00,operator_konten_38
ENT-00020,PIC_UKE,TERVALIDASI,2024-05-17T09:28:07+07:00,pic_uke_38
ENT-00020,TERVALIDASI,PUBLISH,2024-05-20T16:38:27+07:00,operator_konten_38
ENT-00021,,DRAFT,2024-03-08T09:58:16+07:00,pengusul_62
ENT-00021,DRAFT,OPERATOR_KONTEN,2024-05-17T02:39:32+07:00,pengusul_62
ENT-00021,OPERATOR_KONTEN,PIC_UKE,2024-06-09T03:50:05+07:00,operator_konten_62
ENT-00021,PIC_UKE,TERVALIDASI,2024-09-30T19:57:17+07:00,pic_uke_62
ENT-00021,TERVALIDASI,PUBLISH,2024-11-03T15:38:42+07:00,operator_konten_62
ENT-00022,,DRAFT,2024-03-08T12:01:45+07:00,pengusul_11
ENT-00022,DRAFT,OPERATOR_KONTEN,2024-06-28T01:30:29+07:00,pengusul_11
ENT-00022,OPERATOR_KONTEN,PIC_UKE,2024-08-11T11:32:56+07:00,operator_konten_11
ENT-00022,PIC_UKE,TERVALIDASI,2024-08-23T00:44:41+07:00,pic_uke_11
ENT-00022,TERVALIDASI,PUBLISH,2024-09-24T12:20:07+07:00,operator_konten_11
ENT-00023,,DRAFT,2024-03-08T13:41:49+07:00,pengusul_33
ENT-00023,DRAFT,OPERATOR_KONTEN,2024-06-06T20:07:27+07:00,pengusul_33
ENT-00023,OPERATOR_KONTEN,PIC_UKE,2024-08-14T12:45:49+07:00,operator_konten_33
ENT-00023,PIC_UKE,TERVALIDASI,2024-09-06T08:44:43+07:00,pic_uke_33
ENT-00023,TERVALIDASI,PUBLISH,2024-12-26T14:54:59+07:00,operator_konten_33
ENT-00024,,DRAFT,2024-03-08T14:08:52+07:00,pengusul_10
ENT-00024,DRAFT,OPERATOR_KONTEN,2024-04-02T11:35:49+07:00,pengusul_10
ENT-00024,OPERATOR_KONTEN,PIC_UKE,2024-04-17T21:04:01+07:00,operator_konten_10
ENT-00024,PIC_UKE,TERVALIDASI,2024-05-02T04:26:40+07:00,pic_uke_10
ENT-00024,TERVALIDASI,PUBLISH,2024-05-17T16:52:00+07:00,operator_konten_10
ENT-00025,,DRAFT,2024-03-09T08:33:44+07:00,pengusul_07
ENT-00025,DRAFT,OPERATOR_KONTEN,2024-03-26T08:23:37+07:00,pengusul_07
ENT-00025,OPERATOR_KONTEN,PIC_UKE,2024-05-28T18:41:38+07:00,operator_konten_07
ENT-00025,PIC_UKE,TERVALIDASI,2024-07-09T22:41:27+07:00,pic_uke_07
ENT-00025,TERVALIDASI,PUBLISH,2024-07-25T16:55:51+07:00,operator_konten_07
ENT-00026,,DRAFT,2024-03-09T09:03:10+07:00,pengusul_23
ENT-00026,DRAFT,OPERATOR_KONTEN,2024-03-29T03:25:36+07:00,pengusul_23
ENT-00026,OPERATOR_KONTEN,PIC_UKE,2024-04-07T19:39:55+07:00,operator_konten_23
ENT-00026,PIC_UKE,TERVALIDASI,2024-04-30T21:50:29+07:00,pic_uke_23
ENT-00026,TERVALIDASI,PUBLISH,2024-08-16T16:34:26+07:00,operator_konten_23
ENT-00027,,DRAFT,2024-03-09T11:14:54+07:00,pengusul_57
ENT-00027,DRAFT,OPERATOR_KONTEN,2024-04-10T17:04:11+07:00,pengusul_57
ENT-00027,OPERATOR_KONTEN,PIC_UKE,2024-04-30T04:13:44+07:00,operator_konten_57
ENT-00027,PIC_UKE,TERVALIDASI,2024-06-04T02:06:19+07:00,pic_uke_57
ENT-00027,TERVALIDASI,PUBLISH,2024-06-23T09:23:45+07:00,operator_konten_57
ENT-00028,,DRAFT,2024-03-09T12:57:11+07:00,pengusul_25
ENT-00028,DRAFT,OPERATOR_KONTEN,2025-07-31T22:41:10+07:00,pengusul_25
ENT-00028,OPERATOR_KONTEN,PIC_UKE,2026-09-18T13:30:44+07:00,operator_konten_25
ENT-00029,,DRAFT,2024-03-09T14:03:12+07:00,pengusul_40
ENT-00029,DRAFT,OPERATOR_KONTEN,2024-11-13T12:19:49+07:00,pengusul_40
ENT-00029,OPERATOR_KONTEN,PIC_UKE,2026-09-30T10:46:24+07:00,operator_konten_40
ENT-00030,,DRAFT,2024-03-09T15:58:55+07:00,pengusul_05
ENT-00030,DRAFT,OPERATOR_KONTEN,2026-09-29T09:14:01+07:00,pengusul_05
ENT-00031,,DRAFT,2024-03-10T11:55:00+07:00,pengusul_06
ENT-00031,DRAFT,OPERATOR_KONTEN,2024-04-04T13:18:35+07:00,pengusul_06
ENT-00031,OPERATOR_KONTEN,PIC_UKE,2024-04-21T16:48:48+07:00,operator_konten_06
ENT-00031,PIC_UKE,TERVALIDASI,2024-11-22T09:58:53+07:00,pic_uke_06
ENT-00031,TERVALIDASI,PUBLISH,2024-12-25T14:04:45+07:00,operator_konten_06
ENT-00032,,DRAFT,2024-03-10T12:21:55+07:00,pengusul_45
ENT-00032,DRAFT,OPERATOR_KONTEN,2024-04-22T01:24:28+07:00,pengusul_45
ENT-00032,OPERATOR_KONTEN,PIC_UKE,2024-07-24T04:05:44+07:00,operator_konten_45
ENT-00032,PIC_UKE,DITOLAK_PIC,2024-08-03T16:26:42+07:00,pic_uke_45
ENT-00033,,DRAFT,2024-03-11T12:34:48+07:00,pengusul_05
ENT-00033,DRAFT,OPERATOR_KONTEN,2024-11-19T02:11:43+07:00,pengusul_05
ENT-00033,OPERATOR_KONTEN,PIC_UKE,2026-09-21T08:00:13+07:00,operator_konten_05
ENT-00034,,DRAFT,2024-03-12T09:16:34+07:00,pengusul_30
ENT-00034,DRAFT,OPERATOR_KONTEN,2024-06-22T08:44:41+07:00,pengusul_30
ENT-00034,OPERATOR_KONTEN,PIC_UKE,2024-06-27T07:08:24+07:00,operator_konten_30
ENT-00034,PIC_UKE,TERVALIDASI,2024-07-25T13:21:23+07:00,pic_uke_30
ENT-00034,TERVALIDASI,PUBLISH,2024-10-09T13:33:12+07:00,operator_konten_30
ENT-00035,,DRAFT,2024-03-12T13:17:10+07:00,pengusul_70
ENT-00035,DRAFT,OPERATOR_KONTEN,2024-06-04T10:44:37+07:00,pengusul_70
ENT-00035,OPERATOR_KONTEN,PIC_UKE,2026-09-28T14:22:42+07:00,operator_konten_70
ENT-00036,,DRAFT,2024-03-12T14:38:09+07:00,pengusul_59
ENT-00036,DRAFT,OPERATOR_KONTEN,2024-05-06T07:55:10+07:00,pengusul_59
ENT-00036,OPERATOR_KONTEN,PIC_UKE,2024-05-13T04:12:30+07:00,operator_konten_59
ENT-00036,PIC_UKE,TERVALIDASI,2024-06-16T09:03:11+07:00,pic_uke_59
ENT-00036,TERVALIDASI,PUBLISH,2024-07-12T11:52:46+07:00,operator_konten_59
ENT-00037,,DRAFT,2024-03-12T16:10:40+07:00,pengusul_36
ENT-00037,DRAFT,OPERATOR_KONTEN,2024-05-01T08:05:45+07:00,pengusul_36
ENT-00037,OPERATOR_KONTEN,PIC_UKE,2024-06-08T17:12:44+07:00,operator_konten_36
ENT-00037,PIC_UKE,TERVALIDASI,2024-08-16T04:43:13+07:00,pic_uke_36
ENT-00037,TERVALIDASI,PUBLISH,2024-09-27T14:13:19+07:00,operator_konten_36
ENT-00038,,DRAFT,2024-03-12T16:33:38+07:00,pengusul_07
ENT-00038,DRAFT,OPERATOR_KONTEN,2024-05-15T07:04:17+07:00,pengusul_07
ENT-00038,OPERATOR_KONTEN,PIC_UKE,2024-06-17T03:25:46+07:00,operator_konten_07
ENT-00038,PIC_UKE,TERVALIDASI,2024-09-24T17:46:40+07:00,pic_uke_07
ENT-00038,TERVALIDASI,PUBLISH,2024-11-04T09:31:20+07:00,operator_konten_07
ENT-00039,,DRAFT,2024-03-13T08:03:56+07:00,pengusul_64
ENT-00039,DRAFT,OPERATOR_KONTEN,2026-10-06T09:21:04+07:00,pengusul_64
ENT-00040,,DRAFT,2024-03-13T10:12:03+07:00,pengusul_29
ENT-00040,DRAFT,OPERATOR_KONTEN,2026-03-16T19:59:57+07:00,pengusul_29
ENT-00040,OPERATOR_KONTEN,PIC_UKE,2026-10-08T14:40:39+07:00,operator_konten_29
ENT-00041,,DRAFT,2024-03-13T13:11:57+07:00,pengusul_68
ENT-00041,DRAFT,OPERATOR_KONTEN,2025-02-04T18:51:56+07:00,pengusul_68
ENT-00041,OPERATOR_KONTEN,PIC_UKE,2026-09-30T08:16:28+07:00,operator_konten_68
ENT-00042,,DRAFT,2024-03-13T15:13:39+07:00,pengusul_06
ENT-00042,DRAFT,OPERATOR_KONTEN,2024-06-07T07:31:16+07:00,pengusul_06
ENT-00042,OPERATOR_KONTEN,PIC_UKE,2024-09-08T13:28:42+07:00,operator_konten_06
ENT-00042,PIC_UKE,TERVALIDASI,2024-10-28T20:02:10+07:00,pic_uke_06
ENT-00042,TERVALIDASI,PUBLISH,2024-11-03T09:27:29+07:00,operator_konten_06
ENT-00043,,DRAFT,2024-03-13T15:27:25+07:00,pengusul_63
ENT-00043,DRAFT,OPERATOR_KONTEN,2025-11-26T13:41:40+07:00,pengusul_63
ENT-00043,OPERATOR_KONTEN,PIC_UKE,2026-10-08T16:02:09+07:00,operator_konten_63
ENT-00044,,DRAFT,2024-03-13T15:56:40+07:00,pengusul_06
ENT-00044,DRAFT,OPERATOR_KONTEN,2025-02-07T09:06:58+07:00,pengusul_06
ENT-00044,OPERATOR_KONTEN,PIC_UKE,2026-09-18T13:46:13+07:00,operator_konten_06
ENT-00045,,DRAFT,2024-03-14T08:28:01+07:00,pengusul_10
ENT-00045,DRAFT,OPERATOR_KONTEN,2024-11-06T19:33:12+07:00,pengusul_10
ENT-00045,OPERATOR_KONTEN,PIC_UKE,2026-10-07T12:51:54+07:00,operator_konten_10
ENT-00046,,DRAFT,2024-03-14T15:47:24+07:00,pengusul_35
ENT-00046,DRAFT,OPERATOR_KONTEN,2024-11-14T07:48:57+07:00,pengusul_35
ENT-00046,OPERATOR_KONTEN,PIC_UKE,2026-04-11T20:22:18+07:00,operator_konten_35
ENT-00046,PIC_UKE,TERVALIDASI,2026-10-08T12:47:12+07:00,pic_uke_35
ENT-00047,,DRAFT,2024-03-15T09:09:34+07:00,pengusul_27
ENT-00047,DRAFT,OPERATOR_KONTEN,2024-06-21T02:45:22+07:00,pengusul_27
ENT-00047,OPERATOR_KONTEN,PIC_UKE,2024-08-15T16:43:25+07:00,operator_konten_27
ENT-00047,PIC_UKE,TERVALIDASI,2024-09-19T17:21:00+07:00,pic_uke_27
ENT-00047,TERVALIDASI,PUBLISH,2024-10-07T13:29:25+07:00,operator_konten_27
ENT-00048,,DRAFT,2024-03-15T10:18:52+07:00,pengusul_19
ENT-00048,DRAFT,OPERATOR_KONTEN,2024-04-14T21:05:49+07:00,pengusul_19
ENT-00048,OPERATOR_KONTEN,PIC_UKE,2024-04-19T08:22:59+07:00,operator_konten_19
ENT-00048,PIC_UKE,TERVALIDASI,2024-05-08T12:34:13+07:00,pic_uke_19
ENT-00048,TERVALIDASI,PUBLISH,2024-05-28T15:57:59+07:00,operator_konten_19
ENT-00049,,DRAFT,2024-03-15T16:50:55+07:00,pengusul_51
ENT-00049,DRAFT,OPERATOR_KONTEN,2024-03-22T15:01:18+07:00,pengusul_51
ENT-00049,OPERATOR_KONTEN,PIC_UKE,2024-04-15T23:51:53+07:00,operator_konten_51
ENT-00049,PIC_UKE,TERVALIDASI,2024-05-09T10:46:24+07:00,pic_uke_51
ENT-00049,TERVALIDASI,PUBLISH,2024-05-13T15:01:12+07:00,operator_konten_51
ENT-00050,,DRAFT,2024-03-16T09:35:05+07:00,pengusul_59
ENT-00050,DRAFT,OPERATOR_KONTEN,2026-06-20T00:16:27+07:00,pengusul_59
ENT-00050,OPERATOR_KONTEN,PIC_UKE,2026-10-05T11:48:57+07:00,operator_konten_59
ENT-00051,,DRAFT,2024-03-16T15:07:24+07:00,pengusul_45
ENT-00051,DRAFT,OPERATOR_KONTEN,2024-04-14T11:56:45+07:00,pengusul_45
ENT-00051,OPERATOR_KONTEN,PIC_UKE,2024-05-24T19:17:53+07:00,operator_konten_45
ENT-00051,PIC_UKE,TERVALIDASI,2024-06-21T14:41:52+07:00,pic_uke_45
ENT-00051,TERVALIDASI,PUBLISH,2024-06-24T13:48:34+07:00,operator_konten_45
ENT-00052,,DRAFT,2024-03-16T15:35:31+07:00,pengusul_28
ENT-00052,DRAFT,OPERATOR_KONTEN,2024-06-26T01:55:42+07:00,pengusul_28
ENT-00052,OPERATOR_KONTEN,PIC_UKE,2024-06-26T06:11:43+07:00,operator_konten_28
ENT-00052,PIC_UKE,TERVALIDASI,2024-08-02T16:39:53+07:00,pic_uke_28
ENT-00052,TERVALIDASI,PUBLISH,2024-08-25T08:31:50+07:00,operator_konten_28
ENT-00053,,DRAFT,2024-03-16T15:46:21+07:00,pengusul_38
ENT-00053,DRAFT,OPERATOR_KONTEN,2024-03-24T08:27:52+07:00,pengusul_38
ENT-00053,OPERATOR_KONTEN,PIC_UKE,2024-04-03T23:54:47+07:00,operator_konten_38
ENT-00053,PIC_UKE,TERVALIDASI,2024-05-11T23:35:55+07:00,pic_uke_38
ENT-00053,TERVALIDASI,PUBLISH,2024-06-13T12:14:24+07:00,operator_konten_38
ENT-00054,,DRAFT,2024-03-17T08:32:40+07:00,pengusul_07
ENT-00054,DRAFT,OPERATOR_KONTEN,2024-06-20T07:25:56+07:00,pengusul_07
ENT-00054,OPERATOR_KONTEN,PIC_UKE,2024-09-26T21:26:30+07:00,operator_konten_07
ENT-00054,PIC_UKE,TERVALIDASI,2024-12-11T16:07:00+07:00,pic_uke_07
ENT-00054,TERVALIDASI,PUBLISH,2025-01-03T16:34:43+07:00,operator_konten_07
ENT-00055,,DRAFT,2024-03-17T12:37:10+07:00,pengusul_59
ENT-00055,DRAFT,OPERATOR_KONTEN,2024-04-16T10:05:48+07:00,pengusul_59
ENT-00055,OPERATOR_KONTEN,PIC_UKE,2024-08-30T17:44:26+07:00,operator_konten_59
ENT-00055,PIC_UKE,TERVALIDASI,2024-09-08T10:27:57+07:00,pic_uke_59
ENT-00055,TERVALIDASI,PUBLISH,2024-10-12T16:05:12+07:00,operator_konten_59
ENT-00056,,DRAFT,2024-03-18T08:16:58+07:00,pengusul_30
ENT-00056,DRAFT,OPERATOR_KONTEN,2024-11-30T04:40:38+07:00,pengusul_30
ENT-00056,OPERATOR_KONTEN,DITOLAK_OPERATOR,2026-03-01T17:12:09+07:00,operator_konten_30
ENT-00056,DITOLAK_OPERATOR,DRAFT,2026-10-07T10:27:13+07:00,pengusul_30
ENT-00057,,DRAFT,2024-03-18T09:07:11+07:00,pengusul_66
ENT-00057,DRAFT,OPERATOR_KONTEN,2024-05-11T14:18:09+07:00,pengusul_66
ENT-00057,OPERATOR_KONTEN,PIC_UKE,2024-10-22T00:19:05+07:00,operator_konten_66
ENT-00057,PIC_UKE,TERVALIDASI,2024-11-09T15:02:23+07:00,pic_uke_66
ENT-00057,TERVALIDASI,PUBLISH,2024-11-18T15:11:27+07:00,operator_konten_66
ENT-00058,,DRAFT,2024-03-18T11:48:52+07:00,pengusul_35
ENT-00058,DRAFT,OPERATOR_KONTEN,2024-12-10T20:11:33+07:00,pengusul_35
ENT-00058,OPERATOR_KONTEN,DITOLAK_OPERATOR,2025-01-16T18:01:02+07:00,operator_konten_35
ENT-00058,DITOLAK_OPERATOR,DRAFT,2026-10-08T11:53:07+07:00,pengusul_35
ENT-00059,,DRAFT,2024-03-18T12:45:25+07:00,pengusul_04
ENT-00059,DRAFT,OPERATOR_KONTEN,2024-03-28T13:28:22+07:00,pengusul_04
ENT-00059,OPERATOR_KONTEN,PIC_UKE,2024-05-18T09:11:54+07:00,operator_konten_04
ENT-00059,PIC_UKE,TERVALIDASI,2024-05-24T17:08:53+07:00,pic_uke_04
ENT-00059,TERVALIDASI,PUBLISH,2024-05-29T16:07:00+07:00,operator_konten_04
ENT-00060,,DRAFT,2024-03-18T12:57:54+07:00,pengusul_07
ENT-00060,DRAFT,OPERATOR_KONTEN,2024-05-13T07:16:47+07:00,pengusul_07
ENT-00060,OPERATOR_KONTEN,PIC_UKE,2024-06-09T14:12:29+07:00,operator_konten_07
ENT-00060,PIC_UKE,TERVALIDASI,2024-06-25T05:49:45+07:00,pic_uke_07
ENT-00060,TERVALIDASI,PUBLISH,2024-08-14T16:57:39+07:00,operator_konten_07
ENT-00061,,DRAFT,2024-03-18T13:34:35+07:00,pengusul_06
ENT-00061,DRAFT,OPERATOR_KONTEN,2024-05-30T10:24:54+07:00,pengusul_06
ENT-00061,OPERATOR_KONTEN,PIC_UKE,2024-11-19T06:44:37+07:00,operator_konten_06
ENT-00061,PIC_UKE,TERVALIDASI,2024-12-25T20:25:53+07:00,pic_uke_06
ENT-00061,TERVALIDASI,PUBLISH,2025-01-11T09:09:09+07:00,operator_konten_06
ENT-00062,,DRAFT,2024-03-18T13:58:42+07:00,pengusul_59
ENT-00062,DRAFT,OPERATOR_KONTEN,2026-10-07T10:08:02+07:00,pengusul_59
ENT-00063,,DRAFT,2024-03-18T16:46:43+07:00,pengusul_36
ENT-00063,DRAFT,OPERATOR_KONTEN,2024-03-25T21:04:04+07:00,pengusul_36
ENT-00063,OPERATOR_KONTEN,PIC_UKE,2024-04-10T15:09:27+07:00,operator_konten_36
ENT-00063,PIC_UKE,TERVALIDASI,2024-06-13T20:15:45+07:00,pic_uke_36
ENT-00063,TERVALIDASI,PUBLISH,2024-11-01T08:23:59+07:00,operator_konten_36
ENT-00064,,DRAFT,2024-03-19T08:49:40+07:00,pengusul_65
ENT-00064,DRAFT,OPERATOR_KONTEN,2024-03-20T11:05:52+07:00,pengusul_65
ENT-00064,OPERATOR_KONTEN,PIC_UKE,2024-04-02T08:31:45+07:00,operator_konten_65
ENT-00064,PIC_UKE,TERVALIDASI,2024-04-12T04:33:58+07:00,pic_uke_65
ENT-00064,TERVALIDASI,PUBLISH,2024-04-18T14:04:18+07:00,operator_konten_65
ENT-00065,,DRAFT,2024-03-19T09:36:50+07:00,pengusul_69
ENT-00065,DRAFT,OPERATOR_KONTEN,2025-10-23T21:22:54+07:00,pengusul_69
ENT-00065,OPERATOR_KONTEN,PIC_UKE,2026-09-21T11:06:16+07:00,operator_konten_69
ENT-00066,,DRAFT,2024-03-19T10:23:34+07:00,pengusul_18
ENT-00066,DRAFT,OPERATOR_KONTEN,2024-06-09T23:51:52+07:00,pengusul_18
ENT-00066,OPERATOR_KONTEN,PIC_UKE,2024-06-27T22:14:20+07:00,operator_konten_18
ENT-00066,PIC_UKE,TERVALIDASI,2024-10-27T10:02:46+07:00,pic_uke_18
ENT-00066,TERVALIDASI,PUBLISH,2024-12-20T08:17:03+07:00,operator_konten_18
ENT-00067,,DRAFT,2024-03-19T11:36:10+07:00,pengusul_05
ENT-00067,DRAFT,OPERATOR_KONTEN,2024-04-06T00:57:33+07:00,pengusul_05
ENT-00067,OPERATOR_KONTEN,PIC_UKE,2024-04-14T15:09:05+07:00,operator_konten_05
ENT-00067,PIC_UKE,TERVALIDASI,2024-04-15T16:02:02+07:00,pic_uke_05
ENT-00067,TERVALIDASI,PUBLISH,2024-04-17T11:55:09+07:00,operator_konten_05
ENT-00068,,DRAFT,2024-03-19T13:36:16+07:00,pengusul_12
ENT-00068,DRAFT,OPERATOR_KONTEN,2024-03-28T23:40:50+07:00,pengusul_12
ENT-00068,OPERATOR_KONTEN,PIC_UKE,2024-04-19T14:49:56+07:00,operator_konten_12
ENT-00068,PIC_UKE,TERVALIDASI,2024-08-16T13:03:19+07:00,pic_uke_12
ENT-00068,TERVALIDASI,PUBLISH,2024-12-03T16:58:26+07:00,operator_konten_12
ENT-00069,,DRAFT,2024-03-19T13:41:41+07:00,pengusul_53
ENT-00069,DRAFT,OPERATOR_KONTEN,2026-01-05T10:23:49+07:00,pengusul_53
ENT-00069,OPERATOR_KONTEN,PIC_UKE,2026-10-01T15:55:34+07:00,operator_konten_53
ENT-00070,,DRAFT,2024-03-20T08:32:53+07:00,pengusul_61
ENT-00070,DRAFT,OPERATOR_KONTEN,2024-03-29T08:57:33+07:00,pengusul_61
ENT-00070,OPERATOR_KONTEN,PIC_UKE,2024-04-02T15:14:52+07:00,operator_konten_61
ENT-00070,PIC_UKE,TERVALIDASI,2024-04-04T23:13:19+07:00,pic_uke_61
ENT-00070,TERVALIDASI,PUBLISH,2024-05-02T08:06:32+07:00,operator_konten_61
ENT-00071,,DRAFT,2024-03-20T09:26:26+07:00,pengusul_15
ENT-00071,DRAFT,OPERATOR_KONTEN,2024-06-03T06:44:04+07:00,pengusul_15
ENT-00071,OPERATOR_KONTEN,PIC_UKE,2024-06-09T16:41:08+07:00,operator_konten_15
ENT-00071,PIC_UKE,TERVALIDASI,2024-07-04T08:58:47+07:00,pic_uke_15
ENT-00071,TERVALIDASI,PUBLISH,2024-10-05T13:56:51+07:00,operator_konten_15
ENT-00072,,DRAFT,2024-03-20T11:39:43+07:00,pengusul_47
ENT-00072,DRAFT,OPERATOR_KONTEN,2026-07-12T04:23:46+07:00,pengusul_47
ENT-00072,OPERATOR_KONTEN,PIC_UKE,2026-09-23T13:09:53+07:00,operator_konten_47
ENT-00073,,DRAFT,2024-03-20T12:32:01+07:00,pengusul_08
ENT-00073,DRAFT,OPERATOR_KONTEN,2024-04-12T21:21:26+07:00,pengusul_08
ENT-00073,OPERATOR_KONTEN,PIC_UKE,2024-05-26T09:22:43+07:00,operator_konten_08
ENT-00073,PIC_UKE,TERVALIDASI,2024-06-24T07:53:41+07:00,pic_uke_08
ENT-00073,TERVALIDASI,PUBLISH,2024-06-28T13:58:09+07:00,operator_konten_08
ENT-00074,,DRAFT,2024-03-20T12:48:20+07:00,pengusul_10
ENT-00074,DRAFT,OPERATOR_KONTEN,2025-11-15T13:52:18+07:00,pengusul_10
ENT-00074,OPERATOR_KONTEN,PIC_UKE,2026-10-07T12:57:24+07:00,operator_konten_10
ENT-00075,,DRAFT,2024-03-20T15:48:36+07:00,pengusul_07
ENT-00075,DRAFT,OPERATOR_KONTEN,2024-04-04T07:52:41+07:00,pengusul_07
ENT-00075,OPERATOR_KONTEN,PIC_UKE,2024-09-06T02:28:40+07:00,operator_konten_07
ENT-00075,PIC_UKE,TERVALIDASI,2024-11-15T22:49:59+07:00,pic_uke_07
ENT-00075,TERVALIDASI,PUBLISH,2024-11-29T16:15:43+07:00,operator_konten_07
ENT-00076,,DRAFT,2024-03-20T16:31:14+07:00,pengusul_40
ENT-00076,DRAFT,OPERATOR_KONTEN,2024-03-21T17:58:47+07:00,pengusul_40
ENT-00076,OPERATOR_KONTEN,PIC_UKE,2024-03-23T00:14:23+07:00,operator_konten_40
ENT-00076,PIC_UKE,TERVALIDASI,2024-03-28T14:02:43+07:00,pic_uke_40
ENT-00076,TERVALIDASI,PUBLISH,2024-04-22T11:14:50+07:00,operator_konten_40
ENT-00077,,DRAFT,2024-03-21T08:39:39+07:00,pengusul_18
ENT-00077,DRAFT,OPERATOR_KONTEN,2026-02-23T19:32:16+07:00,pengusul_18
ENT-00077,OPERATOR_KONTEN,PIC_UKE,2026-09-24T15:11:07+07:00,operator_konten_18
ENT-00078,,DRAFT,2024-03-21T09:15:47+07:00,pengusul_06
ENT-00078,DRAFT,OPERATOR_KONTEN,2026-07-01T16:00:01+07:00,pengusul_06
ENT-00078,OPERATOR_KONTEN,PIC_UKE,2026-10-08T11:08:01+07:00,operator_konten_06
ENT-00079,,DRAFT,2024-03-21T10:58:13+07:00,pengusul_42
ENT-00079,DRAFT,OPERATOR_KONTEN,2025-12-17T08:08:53+07:00,pengusul_42
ENT-00079,OPERATOR_KONTEN,PIC_UKE,2026-09-28T08:42:23+07:00,operator_konten_42
ENT-00080,,DRAFT,2024-03-21T11:10:51+07:00,pengusul_02
ENT-00080,DRAFT,OPERATOR_KONTEN,2024-04-04T14:09:48+07:00,pengusul_02
ENT-00080,OPERATOR_KONTEN,PIC_UKE,2024-05-04T04:56:53+07:00,operator_konten_02
ENT-00080,PIC_UKE,TERVALIDASI,2024-05-18T18:15:00+07:00,pic_uke_02
ENT-00080,TERVALIDASI,PUBLISH,2024-06-05T12:36:35+07:00,operator_konten_02
ENT-00081,,DRAFT,2024-03-21T16:26:11+07:00,pengusul_63
ENT-00081,DRAFT,OPERATOR_KONTEN,2024-07-30T06:35:37+07:00,pengusul_63
ENT-00081,OPERATOR_KONTEN,PIC_UKE,2024-08-31T01:36:51+07:00,operator_konten_63
ENT-00081,PIC_UKE,TERVALIDASI,2024-10-08T05:28:00+07:00,pic_uke_63
ENT-00081,TERVALIDASI,PUBLISH,2024-12-21T13:26:13+07:00,operator_konten_63
ENT-00082,,DRAFT,2024-03-22T09:14:07+07:00,pengusul_19
ENT-00082,DRAFT,OPERATOR_KONTEN,2024-04-25T07:04:10+07:00,pengusul_19
ENT-00082,OPERATOR_KONTEN,PIC_UKE,2024-04-26T04:18:20+07:00,operator_konten_19
ENT-00082,PIC_UKE,TERVALIDASI,2024-05-13T23:50:21+07:00,pic_uke_19
ENT-00082,TERVALIDASI,PUBLISH,2024-06-23T12:45:07+07:00,operator_konten_19
ENT-00083,,DRAFT,2024-03-22T13:08:13+07:00,pengusul_02
ENT-00083,DRAFT,OPERATOR_KONTEN,2025-08-01T06:27:01+07:00,pengusul_02
ENT-00083,OPERATOR_KONTEN,PIC_UKE,2026-09-04T11:54:08+07:00,operator_konten_02
ENT-00084,,DRAFT,2024-03-22T15:25:32+07:00,pengusul_30
ENT-00084,DRAFT,OPERATOR_KONTEN,2024-06-17T21:49:11+07:00,pengusul_30
ENT-00084,OPERATOR_KONTEN,PIC_UKE,2024-10-14T11:25:05+07:00,operator_konten_30
ENT-00084,PIC_UKE,TERVALIDASI,2024-12-10T03:23:47+07:00,pic_uke_30
ENT-00084,TERVALIDASI,PUBLISH,2024-12-25T08:52:11+07:00,operator_konten_30
ENT-00085,,DRAFT,2024-03-23T10:38:16+07:00,pengusul_27
ENT-00085,DRAFT,OPERATOR_KONTEN,2024-03-26T05:16:46+07:00,pengusul_27
ENT-00085,OPERATOR_KONTEN,PIC_UKE,2024-03-28T08:22:32+07:00,operator_konten_27
ENT-00085,PIC_UKE,TERVALIDASI,2024-03-30T14:45:23+07:00,pic_uke_27
ENT-00085,TERVALIDASI,PUBLISH,2024-04-01T13:55:40+07:00,operator_konten_27
ENT-00086,,DRAFT,2024-03-23T10:51:43+07:00,pengusul_07
ENT-00086,DRAFT,OPERATOR_KONTEN,2024-04-29T06:15:05+07:00,pengusul_07
ENT-00086,OPERATOR_KONTEN,PIC_UKE,2024-06-06T13:18:06+07:00,operator_konten_07
ENT-00086,PIC_UKE,TERVALIDASI,2024-06-08T17:39:26+07:00,pic_uke_07
ENT-00086,TERVALIDASI,PUBLISH,2024-09-27T10:16:51+07:00,operator_konten_07
ENT-00087,,DRAFT,2024-03-23T16:27:02+07:00,pengusul_27
ENT-00087,DRAFT,OPERATOR_KONTEN,2024-04-14T04:38:21+07:00,pengusul_27
ENT-00087,OPERATOR_KONTEN,PIC_UKE,2024-04-20T13:33:10+07:00,operator_konten_27
ENT-00087,PIC_UKE,TERVALIDASI,2024-07-29T19:35:36+07:00,pic_uke_27
ENT-00087,TERVALIDASI,PUBLISH,2024-10-27T11:02:10+07:00,operator_konten_27
ENT-00088,,DRAFT,2024-03-24T09:19:35+07:00,pengusul_58
ENT-00088,DRAFT,OPERATOR_KONTEN,2026-03-11T00:10:14+07:00,pengusul_58
ENT-00088,OPERATOR_KONTEN,PIC_UKE,2026-09-21T16:10:19+07:00,operator_konten_58
ENT-00089,,DRAFT,2024-03-24T15:22:37+07:00,pengusul_02
ENT-00089,DRAFT,OPERATOR_KONTEN,2026-01-30T10:29:42+07:00,pengusul_02
ENT-00089,OPERATOR_KONTEN,PIC_UKE,2026-08-04T10:25:21+07:00,operator_konten_02
ENT-00090,,DRAFT,2024-03-24T15:51:34+07:00,pengusul_66
ENT-00090,DRAFT,OPERATOR_KONTEN,2024-04-23T12:13:42+07:00,pengusul_66
ENT-00090,OPERATOR_KONTEN,PIC_UKE,2024-06-08T13:22:43+07:00,operator_konten_66
ENT-00090,PIC_UKE,TERVALIDASI,2024-07-26T09:50:55+07:00,pic_uke_66
ENT-00090,TERVALIDASI,PUBLISH,2024-10-12T14:47:02+07:00,operator_konten_66
ENT-00091,,DRAFT,2024-03-24T16:25:49+07:00,pengusul_46
ENT-00091,DRAFT,OPERATOR_KONTEN,2026-09-29T12:46:07+07:00,pengusul_46
ENT-00092,,DRAFT,2024-03-26T09:10:51+07:00,pengusul_17
ENT-00092,DRAFT,OPERATOR_KONTEN,2024-06-29T01:51:59+07:00,pengusul_17
ENT-00092,OPERATOR_KONTEN,PIC_UKE,2024-07-30T08:05:02+07:00,operator_konten_17
ENT-00092,PIC_UKE,TERVALIDASI,2024-09-23T03:26:42+07:00,pic_uke_17
ENT-00092,TERVALIDASI,PUBLISH,2024-10-14T11:09:20+07:00,operator_konten_17
ENT-00093,,DRAFT,2024-03-26T10:17:46+07:00,pengusul_60
ENT-00093,DRAFT,OPERATOR_KONTEN,2024-04-11T00:11:58+07:00,pengusul_60
ENT-00093,OPERATOR_KONTEN,PIC_UKE,2024-07-15T02:02:41+07:00,operator_konten_60
ENT-00093,PIC_UKE,TERVALIDASI,2024-11-18T23:49:17+07:00,pic_uke_60
ENT-00093,TERVALIDASI,PUBLISH,2025-01-19T15:35:29+07:00,operator_konten_60
ENT-00094,,DRAFT,2024-03-26T11:25:54+07:00,pengusul_30
ENT-00094,DRAFT,OPERATOR_KONTEN,2024-08-19T17:33:33+07:00,pengusul_30
ENT-00094,OPERATOR_KONTEN,PIC_UKE,2024-10-07T01:13:48+07:00,operator_konten_30
ENT-00094,PIC_UKE,TERVALIDASI,2024-11-28T14:03:02+07:00,pic_uke_30
ENT-00094,TERVALIDASI,PUBLISH,2025-01-19T10:30:14+07:00,operator_konten_30
ENT-00095,,DRAFT,2024-03-26T13:43:45+07:00,pengusul_30
ENT-00095,DRAFT,OPERATOR_KONTEN,2026-01-29T14:43:43+07:00,pengusul_30
ENT-00095,OPERATOR_KONTEN,PIC_UKE,2026-09-30T09:42:08+07:00,operator_konten_30
ENT-00096,,DRAFT,2024-03-26T14:31:58+07:00,pengusul_27
ENT-00096,DRAFT,OPERATOR_KONTEN,2024-04-14T04:18:46+07:00,pengusul_27
ENT-00096,OPERATOR_KONTEN,PIC_UKE,2024-05-08T05:18:30+07:00,operator_konten_27
ENT-00096,PIC_UKE,TERVALIDASI,2024-07-10T19:37:39+07:00,pic_uke_27
ENT-00096,TERVALIDASI,PUBLISH,2024-08-06T12:57:03+07:00,operator_konten_27
ENT-00097,,DRAFT,2024-03-27T12:46:36+07:00,pengusul_00
ENT-00097,DRAFT,OPERATOR_KONTEN,2024-04-01T15:40:58+07:00,pengusul_00
ENT-00097,OPERATOR_KONTEN,PIC_UKE,2024-04-03T20:53:13+07:00,operator_konten_00
ENT-00097,PIC_UKE,TERVALIDASI,2024-04-03T21:35:38+07:00,pic_uke_00
ENT-00097,TERVALIDASI,PUBLISH,2024-04-20T12:17:11+07:00,operator_konten_00
ENT-00098,,DRAFT,2024-03-27T14:55:04+07:00,pengusul_02
ENT-00098,DRAFT,OPERATOR_KONTEN,2025-11-04T11:15:53+07:00,pengusul_02
ENT-00098,OPERATOR_KONTEN,PIC_UKE,2026-08-25T15:40:13+07:00,operator_konten_02
ENT-00099,,DRAFT,2024-03-27T15:04:30+07:00,pengusul_37
ENT-00099,DRAFT,OPERATOR_KONTEN,2024-04-03T23:16:55+07:00,pengusul_37
ENT-00099,OPERATOR_KONTEN,PIC_UKE,2024-04-22T14:40:57+07:00,operator_konten_37
ENT-00099,PIC_UKE,TERVALIDASI,2024-08-04T18:09:38+07:00,pic_uke_37
ENT-00099,TERVALIDASI,PUBLISH,2024-09-23T12:48:22+07:00,operator_konten_37
ENT-00100,,DRAFT,2024-03-27T15:47:47+07:00,pengusul_07
ENT-00100,DRAFT,OPERATOR_KONTEN,2024-04-29T17:53:37+07:00,pengusul_07
ENT-00100,OPERATOR_KONTEN,PIC_UKE,2024-06-15T05:43:49+07:00,operator_konten_07
ENT-00100,PIC_UKE,TERVALIDASI,2024-07-29T22:26:20+07:00,pic_uke_07
ENT-00100,TERVALIDASI,PUBLISH,2024-10-20T15:33:40+07:00,operator_konten_07
ENT-00101,,DRAFT,2024-03-27T16:06:38+07:00,pengusul_02
ENT-00101,DRAFT,OPERATOR_KONTEN,2024-04-16T21:29:28+07:00,pengusul_02
ENT-00101,OPERATOR_KONTEN,PIC_UKE,2024-06-07T20:25:14+07:00,operator_konten_02
ENT-00101,PIC_UKE,TERVALIDASI,2024-06-25T20:23:32+07:00,pic_uke_02
ENT-00101,TERVALIDASI,PUBLISH,2024-07-19T15:46:01+07:00,operator_konten_02
ENT-00102,,DRAFT,2024-03-28T09:10:15+07:00,pengusul_42
ENT-00102,DRAFT,OPERATOR_KONTEN,2024-08-15T18:25:08+07:00,pengusul_42
ENT-00102,OPERATOR_KONTEN,PIC_UKE,2026-09-21T16:52:22+07:00,operator_konten_42
ENT-00103,,DRAFT,2024-03-28T14:10:29+07:00,pengusul_50
ENT-00103,DRAFT,OPERATOR_KONTEN,2024-11-19T16:26:46+07:00,pengusul_50
ENT-00103,OPERATOR_KONTEN,PIC_UKE,2026-09-22T12:42:41+07:00,operator_konten_50
ENT-00104,,DRAFT,2024-03-29T08:43:13+07:00,pengusul_54
ENT-00104,DRAFT,OPERATOR_KONTEN,2025-11-18T12:08:41+07:00,pengusul_54
ENT-00104,OPERATOR_KONTEN,PIC_UKE,2026-09-29T15:51:58+07:00,operator_konten_54
ENT-00105,,DRAFT,2024-03-29T09:07:00+07:00,pengusul_34
ENT-00105,DRAFT,OPERATOR_KONTEN,2024-04-07T21:37:22+07:00,pengusul_34
ENT-00105,OPERATOR_KONTEN,PIC_UKE,2024-05-31T21:40:31+07:00,operator_konten_34
ENT-00105,PIC_UKE,TERVALIDASI,2024-09-08T04:18:25+07:00,pic_uke_34
ENT-00105,TERVALIDASI,PUBLISH,2024-09-24T14:06:38+07:00,operator_konten_34
ENT-00106,,DRAFT,2024-03-30T08:39:14+07:00,pengusul_02
ENT-00106,DRAFT,OPERATOR_KONTEN,2024-04-17T05:08:14+07:00,pengusul_02
ENT-00106,OPERATOR_KONTEN,PIC_UKE,2024-06-24T14:39:11+07:00,operator_konten_02
ENT-00106,PIC_UKE,TERVALIDASI,2024-07-21T01:53:39+07:00,pic_uke_02
ENT-00106,TERVALIDASI,PUBLISH,2024-08-11T09:59:53+07:00,operator_konten_02
ENT-00107,,DRAFT,2024-03-30T08:44:22+07:00,pengusul_22
ENT-00107,DRAFT,OPERATOR_KONTEN,2024-08-29T02:01:51+07:00,pengusul_22
ENT-00107,OPERATOR_KONTEN,PIC_UKE,2026-10-01T10:19:54+07:00,operator_konten_22
ENT-00108,,DRAFT,2024-03-30T12:24:18+07:00,pengusul_45
ENT-00108,DRAFT,OPERATOR_KONTEN,2025-09-24T21:02:09+07:00,pengusul_45
ENT-00108,OPERATOR_KONTEN,PIC_UKE,2026-09-16T12:35:01+07:00,operator_konten_45
ENT-00109,,DRAFT,2024-03-30T15:23:50+07:00,pengusul_67
ENT-00109,DRAFT,OPERATOR_KONTEN,2024-08-13T01:06:53+07:00,pengusul_67
ENT-00109,OPERATOR_KONTEN,PIC_UKE,2026-08-26T13:54:58+07:00,operator_konten_67
ENT-00110,,DRAFT,2024-03-30T15:44:54+07:00,pengusul_42
ENT-00110,DRAFT,OPERATOR_KONTEN,2024-05-28T00:40:07+07:00,pengusul_42
ENT-00110,OPERATOR_KONTEN,PIC_UKE,2024-06-24T20:20:26+07:00,operator_konten_42
ENT-00110,PIC_UKE,TERVALIDASI,2024-07-25T05:29:00+07:00,pic_uke_42
ENT-00110,TERVALIDASI,PUBLISH,2024-11-29T11:26:35+07:00,operator_konten_42
ENT-00111,,DRAFT,2024-03-31T11:28:56+07:00,pengusul_37
ENT-00111,DRAFT,OPERATOR_KONTEN,2024-06-17T00:11:01+07:00,pengusul_37
ENT-00111,OPERATOR_KONTEN,PIC_UKE,2024-06-18T00:21:37+07:00,operator_konten_37
ENT-00111,PIC_UKE,TERVALIDASI,2024-11-22T12:39:10+07:00,pic_uke_37
ENT-00111,TERVALIDASI,PUBLISH,2025-01-14T13:13:09+07:00,operator_konten_37
ENT-00112,,DRAFT,2024-03-31T13:43:22+07:00,pengusul_45
ENT-00112,DRAFT,OPERATOR_KONTEN,2026-09-05T18:48:44+07:00,pengusul_45
ENT-00112,OPERATOR_KONTEN,PIC_UKE,2026-10-06T15:13:06+07:00,operator_konten_45
ENT-00113,,DRAFT,2024-03-31T14:53:34+07:00,pengusul_36
ENT-00113,DRAFT,OPERATOR_KONTEN,2025-11-08T08:40:40+07:00,pengusul_36
ENT-00113,OPERATOR_KONTEN,PIC_UKE,2026-09-29T08:24:00+07:00,operator_konten_36
ENT-00114,,DRAFT,2024-04-01T10:06:49+07:00,pengusul_02
ENT-00114,DRAFT,OPERATOR_KONTEN,2024-04-25T06:28:00+07:00,pengusul_02
ENT-00114,OPERATOR_KONTEN,PIC_UKE,2024-05-17T10:29:58+07:00,operator_konten_02
ENT-00114,PIC_UKE,TERVALIDASI,2024-06-11T02:56:54+07:00,pic_uke_02
ENT-00114,TERVALIDASI,PUBLISH,2024-06-21T16:10:23+07:00,operator_konten_02
ENT-00115,,DRAFT,2024-04-01T13:29:41+07:00,pengusul_05
ENT-00115,DRAFT,OPERATOR_KONTEN,2025-03-08T07:05:53+07:00,pengusul_05
ENT-00115,OPERATOR_KONTEN,PIC_UKE,2025-07-08T02:43:45+07:00,operator_konten_05
ENT-00115,PIC_UKE,TERVALIDASI,2026-09-30T08:33:03+07:00,pic_uke_05
ENT-00116,,DRAFT,2024-04-01T15:42:26+07:00,pengusul_06
ENT-00116,DRAFT,OPERATOR_KONTEN,2024-04-15T07:59:07+07:00,pengusul_06
ENT-00116,OPERATOR_KONTEN,PIC_UKE,2024-05-22T02:19:45+07:00,operator_konten_06
ENT-00116,PIC_UKE,TERVALIDASI,2024-07-17T12:03:59+07:00,pic_uke_06
ENT-00116,TERVALIDASI,PUBLISH,2024-09-14T09:53:43+07:00,operator_konten_06
ENT-00117,,DRAFT,2024-04-02T09:19:19+07:00,pengusul_39
ENT-00117,DRAFT,OPERATOR_KONTEN,2024-05-11T19:38:20+07:00,pengusul_39
ENT-00117,OPERATOR_KONTEN,PIC_UKE,2024-07-20T02:43:44+07:00,operator_konten_39
ENT-00117,PIC_UKE,TERVALIDASI,2024-07-21T08:40:36+07:00,pic_uke_39
ENT-00117,TERVALIDASI,PUBLISH,2024-08-19T12:21:16+07:00,operator_konten_39
ENT-00117,PUBLISH,UNPUBLISH,2024-10-31T13:44:39+07:00,admin_39
ENT-00118,,DRAFT,2024-04-02T11:55:27+07:00,pengusul_01
ENT-00118,DRAFT,OPERATOR_KONTEN,2024-12-15T11:50:29+07:00,pengusul_01
ENT-00118,OPERATOR_KONTEN,PIC_UKE,2026-10-06T12:38:02+07:00,operator_konten_01
ENT-00119,,DRAFT,2024-04-02T12:45:43+07:00,pengusul_05
ENT-00119,DRAFT,OPERATOR_KONTEN,2024-04-08T12:25:02+07:00,pengusul_05
ENT-00119,OPERATOR_KONTEN,PIC_UKE,2024-04-11T10:37:09+07:00,operator_konten_05
ENT-00119,PIC_UKE,TERVALIDASI,2024-04-17T18:50:56+07:00,pic_uke_05
ENT-00119,TERVALIDASI,PUBLISH,2024-04-18T11:14:35+07:00,operator_konten_05
ENT-00120,,DRAFT,2024-04-02T14:10:48+07:00,pengusul_16
ENT-00120,DRAFT,OPERATOR_KONTEN,2024-04-06T08:03:44+07:00,pengusul_16
ENT-00120,OPERATOR_KONTEN,PIC_UKE,2024-04-24T03:18:33+07:00,operator_konten_16
ENT-00120,PIC_UKE,TERVALIDASI,2024-05-31T20:31:23+07:00,pic_uke_16
ENT-00120,TERVALIDASI,PUBLISH,2024-06-11T14:27:30+07:00,operator_konten_16
ENT-00121,,DRAFT,2024-04-03T15:55:56+07:00,pengusul_07
ENT-00121,DRAFT,OPERATOR_KONTEN,2024-05-03T14:04:28+07:00,pengusul_07
ENT-00121,OPERATOR_KONTEN,PIC_UKE,2024-05-26T11:25:04+07:00,operator_konten_07
ENT-00121,PIC_UKE,TERVALIDASI,2024-06-15T08:01:38+07:00,pic_uke_07
ENT-00121,TERVALIDASI,PUBLISH,2024-08-19T11:54:56+07:00,operator_konten_07
ENT-00122,,DRAFT,2024-04-04T08:38:17+07:00,pengusul_42
ENT-00122,DRAFT,OPERATOR_KONTEN,2025-05-06T21:08:31+07:00,pengusul_42
ENT-00122,OPERATOR_KONTEN,DITOLAK_OPERATOR,2025-06-01T03:20:17+07:00,operator_konten_42
ENT-00122,DITOLAK_OPERATOR,DRAFT,2026-09-24T13:36:35+07:00,pengusul_42
ENT-00123,,DRAFT,2024-04-04T10:53:41+07:00,pengusul_68
ENT-00123,DRAFT,OPERATOR_KONTEN,2026-09-29T09:23:17+07:00,pengusul_68
ENT-00124,,DRAFT,2024-04-04T11:46:41+07:00,pengusul_06
ENT-00124,DRAFT,OPERATOR_KONTEN,2024-10-29T19:47:40+07:00,pengusul_06
ENT-00124,OPERATOR_KONTEN,PIC_UKE,2024-11-04T06:11:11+07:00,operator_konten_06
ENT-00124,PIC_UKE,TERVALIDASI,2024-11-25T15:43:19+07:00,pic_uke_06
ENT-00124,TERVALIDASI,PUBLISH,2025-01-08T14:36:04+07:00,operator_konten_06
ENT-00125,,DRAFT,2024-04-04T15:48:19+07:00,pengusul_26
ENT-00125,DRAFT,OPERATOR_KONTEN,2024-06-29T21:49:05+07:00,pengusul_26
ENT-00125,OPERATOR_KONTEN,PIC_UKE,2024-08-19T06:26:16+07:00,operator_konten_26
ENT-00125,PIC_UKE,TERVALIDASI,2024-09-12T11:09:37+07:00,pic_uke_26
ENT-00125,TERVALIDASI,PUBLISH,2024-11-26T15:42:09+07:00,operator_konten_26
ENT-00126,,DRAFT,2024-04-05T10:31:36+07:00,pengusul_35
ENT-00126,DRAFT,OPERATOR_KONTEN,2024-04-11T03:21:40+07:00,pengusul_35
ENT-00126,OPERATOR_KONTEN,PIC_UKE,2024-04-22T21:17:25+07:00,operator_konten_35
ENT-00126,PIC_UKE,TERVALIDASI,2024-04-26T11:20:14+07:00,pic_uke_35
ENT-00126,TERVALIDASI,PUBLISH,2024-05-07T13:53:44+07:00,operator_konten_35
ENT-00127,,DRAFT,2024-04-05T15:03:02+07:00,pengusul_67
ENT-00127,DRAFT,OPERATOR_KONTEN,2024-07-10T07:01:57+07:00,pengusul_67
ENT-00127,OPERATOR_KONTEN,PIC_UKE,2026-09-16T16:46:15+07:00,operator_konten_67
ENT-00128,,DRAFT,2024-04-06T11:13:03+07:00,pengusul_17
ENT-00128,DRAFT,OPERATOR_KONTEN,2025-09-27T07:15:00+07:00,pengusul_17
ENT-00128,OPERATOR_KONTEN,PIC_UKE,2026-08-28T16:08:01+07:00,operator_konten_17
ENT-00129,,DRAFT,2024-04-06T12:12:23+07:00,pengusul_04
ENT-00129,DRAFT,OPERATOR_KONTEN,2024-06-20T16:41:51+07:00,pengusul_04
ENT-00129,OPERATOR_KONTEN,PIC_UKE,2026-09-28T13:04:18+07:00,operator_konten_04
ENT-00130,,DRAFT,2024-04-06T15:22:41+07:00,pengusul_60
ENT-00130,DRAFT,OPERATOR_KONTEN,2024-04-25T06:52:49+07:00,pengusul_60
ENT-00130,OPERATOR_KONTEN,PIC_UKE,2024-05-18T06:53:50+07:00,operator_konten_60
ENT-00130,PIC_UKE,TERVALIDASI,2024-06-21T18:10:13+07:00,pic_uke_60
ENT-00130,TERVALIDASI,PUBLISH,2024-08-07T11:41:10+07:00,operator_konten_60
ENT-00131,,DRAFT,2024-04-06T15:22:48+07:00,pengusul_54
ENT-00131,DRAFT,OPERATOR_KONTEN,2024-10-25T02:22:23+07:00,pengusul_54
ENT-00131,OPERATOR_KONTEN,PIC_UKE,2026-09-04T14:34:10+07:00,operator_konten_54
ENT-00132,,DRAFT,2024-04-06T15:38:27+07:00,pengusul_46
ENT-00132,DRAFT,OPERATOR_KONTEN,2026-05-24T19:07:38+07:00,pengusul_46
ENT-00132,OPERATOR_KONTEN,PIC_UKE,2026-09-29T15:35:18+07:00,operator_konten_46
ENT-00133,,DRAFT,2024-04-06T16:05:30+07:00,pengusul_19
ENT-00133,DRAFT,OPERATOR_KONTEN,2024-07-03T01:02:14+07:00,pengusul_19
ENT-00133,OPERATOR_KONTEN,PIC_UKE,2024-12-09T14:59:13+07:00,operator_konten_19
ENT-00133,PIC_UKE,TERVALIDASI,2024-12-23T23:45:01+07:00,pic_uke_19
ENT-00133,TERVALIDASI,PUBLISH,2025-01-13T16:57:09+07:00,operator_konten_19
ENT-00134,,DRAFT,2024-04-07T12:09:02+07:00,pengusul_12
ENT-00134,DRAFT,OPERATOR_KONTEN,2025-11-09T20:16:35+07:00,pengusul_12
ENT-00134,OPERATOR_KONTEN,PIC_UKE,2026-10-08T14:06:17+07:00,operator_konten_12
ENT-00135,,DRAFT,2024-04-07T13:11:42+07:00,pengusul_18
ENT-00135,DRAFT,OPERATOR_KONTEN,2024-04-11T17:41:46+07:00,pengusul_18
ENT-00135,OPERATOR_KONTEN,PIC_UKE,2024-04-13T12:02:16+07:00,operator_konten_18
ENT-00135,PIC_UKE,TERVALIDASI,2024-04-19T18:49:24+07:00,pic_uke_18
ENT-00135,TERVALIDASI,PUBLISH,2024-04-27T08:24:30+07:00,operator_konten_18
ENT-00136,,DRAFT,2024-04-08T08:48:38+07:00,pengusul_23
ENT-00136,DRAFT,OPERATOR_KONTEN,2024-04-23T08:59:23+07:00,pengusul_23
ENT-00136,OPERATOR_KONTEN,PIC_UKE,2024-09-23T04:44:17+07:00,operator_konten_23
ENT-00136,PIC_UKE,TERVALIDASI,2024-11-18T13:36:41+07:00,pic_uke_23
ENT-00136,TERVALIDASI,PUBLISH,2025-01-10T15:47:42+07:00,operator_konten_23
ENT-00137,,DRAFT,2024-04-08T11:36:33+07:00,pengusul_53
ENT-00137,DRAFT,OPERATOR_KONTEN,2024-05-20T00:05:55+07:00,pengusul_53
ENT-00137,OPERATOR_KONTEN,PIC_UKE,2024-05-26T08:33:05+07:00,operator_konten_53
ENT-00137,PIC_UKE,TERVALIDASI,2024-06-08T09:20:57+07:00,pic_uke_53
ENT-00137,TERVALIDASI,PUBLISH,2024-06-16T09:56:15+07:00,operator_konten_53
ENT-00138,,DRAFT,2024-04-08T15:39:13+07:00,pengusul_53
ENT-00138,DRAFT,OPERATOR_KONTEN,2024-05-03T13:43:47+07:00,pengusul_53
ENT-00138,OPERATOR_KONTEN,DITOLAK_OPERATOR,2026-08-27T09:53:03+07:00,operator_konten_53
ENT-00138,DITOLAK_OPERATOR,DRAFT,2026-10-01T14:06:24+07:00,pengusul_53
ENT-00139,,DRAFT,2024-04-09T09:10:54+07:00,pengusul_34
ENT-00139,DRAFT,OPERATOR_KONTEN,2024-11-11T05:28:05+07:00,pengusul_34
ENT-00139,OPERATOR_KONTEN,PIC_UKE,2026-08-05T11:59:21+07:00,operator_konten_34
ENT-00140,,DRAFT,2024-04-09T09:24:13+07:00,pengusul_55
ENT-00140,DRAFT,OPERATOR_KONTEN,2025-05-05T17:43:41+07:00,pengusul_55
ENT-00140,OPERATOR_KONTEN,PIC_UKE,2026-09-18T14:56:32+07:00,operator_konten_55
ENT-00141,,DRAFT,2024-04-09T11:23:39+07:00,pengusul_55
ENT-00141,DRAFT,OPERATOR_KONTEN,2024-04-13T18:10:10+07:00,pengusul_55
ENT-00141,OPERATOR_KONTEN,PIC_UKE,2024-04-14T14:20:26+07:00,operator_konten_55
ENT-00141,PIC_UKE,TERVALIDASI,2024-05-15T16:22:13+07:00,pic_uke_55
ENT-00141,TERVALIDASI,PUBLISH,2024-06-07T10:25:12+07:00,operator_konten_55
ENT-00142,,DRAFT,2024-04-09T12:32:50+07:00,pengusul_65
ENT-00142,DRAFT,OPERATOR_KONTEN,2024-05-11T09:44:19+07:00,pengusul_65
ENT-00142,OPERATOR_KONTEN,PIC_UKE,2024-06-20T19:54:28+07:00,operator_konten_65
ENT-00142,PIC_UKE,TERVALIDASI,2024-10-02T18:39:38+07:00,pic_uke_65
ENT-00142,TERVALIDASI,PUBLISH,2024-11-07T08:20:28+07:00,operator_konten_65
ENT-00143,,DRAFT,2024-04-09T13:35:00+07:00,pengusul_02
ENT-00143,DRAFT,OPERATOR_KONTEN,2026-09-29T10:44:53+07:00,pengusul_02
ENT-00144,,DRAFT,2024-04-09T14:53:51+07:00,pengusul_09
ENT-00144,DRAFT,OPERATOR_KONTEN,2024-09-25T13:34:43+07:00,pengusul_09
ENT-00144,OPERATOR_KONTEN,PIC_UKE,2024-09-29T19:44:08+07:00,operator_konten_09
ENT-00144,PIC_UKE,TERVALIDASI,2025-01-06T01:13:46+07:00,pic_uke_09
ENT-00144,TERVALIDASI,PUBLISH,2025-01-23T08:54:44+07:00,operator_konten_09
ENT-00145,,DRAFT,2024-04-10T10:13:15+07:00,pengusul_22
ENT-00145,DRAFT,OPERATOR_KONTEN,2025-08-19T02:26:07+07:00,pengusul_22
ENT-00145,OPERATOR_KONTEN,DITOLAK_OPERATOR,2025-10-21T16:23:01+07:00,operator_konten_22
ENT-00145,DITOLAK_OPERATOR,DRAFT,2026-10-02T13:08:17+07:00,pengusul_22
ENT-00146,,DRAFT,2024-04-10T12:12:52+07:00,pengusul_09
ENT-00146,DRAFT,OPERATOR_KONTEN,2024-04-30T11:45:59+07:00,pengusul_09
ENT-00146,OPERATOR_KONTEN,PIC_UKE,2024-05-02T10:34:31+07:00,operator_konten_09
ENT-00146,PIC_UKE,TERVALIDASI,2024-07-02T05:22:20+07:00,pic_uke_09
ENT-00146,TERVALIDASI,PUBLISH,2024-07-11T15:18:26+07:00,operator_konten_09
ENT-00147,,DRAFT,2024-04-11T09:31:16+07:00,pengusul_23
ENT-00147,DRAFT,OPERATOR_KONTEN,2024-09-09T17:37:53+07:00,pengusul_23
ENT-00147,OPERATOR_KONTEN,PIC_UKE,2026-09-18T13:46:47+07:00,operator_konten_23
ENT-00148,,DRAFT,2024-04-11T14:58:12+07:00,pengusul_31
ENT-00148,DRAFT,OPERATOR_KONTEN,2024-07-02T23:10:04+07:00,pengusul_31
ENT-00148,OPERATOR_KONTEN,PIC_UKE,2024-07-08T16:01:51+07:00,operator_konten_31
ENT-00148,PIC_UKE,TERVALIDASI,2024-09-05T05:07:11+07:00,pic_uke_31
ENT-00148,TERVALIDASI,PUBLISH,2024-11-15T11:49:26+07:00,operator_konten_31
ENT-00149,,DRAFT,2024-04-11T16:43:08+07:00,pengusul_05
ENT-00149,DRAFT,OPERATOR_KONTEN,2024-07-14T15:59:12+07:00,pengusul_05
ENT-00149,OPERATOR_KONTEN,PIC_UKE,2024-07-31T20:32:03+07:00,operator_konten_05
ENT-00149,PIC_UKE,TERVALIDASI,2024-09-12T03:12:57+07:00,pic_uke_05
ENT-00149,TERVALIDASI,PUBLISH,2024-11-27T13:55:50+07:00,operator_konten_05
ENT-00150,,DRAFT,2024-04-11T16:57:51+07:00,pengusul_07
ENT-00150,DRAFT,OPERATOR_KONTEN,2024-05-29T15:18:49+07:00,pengusul_07
ENT-00150,OPERATOR_KONTEN,PIC_UKE,2024-08-02T07:04:25+07:00,operator_konten_07
ENT-00150,PIC_UKE,TERVALIDASI,2024-08-13T01:25:45+07:00,pic_uke_07
ENT-00150,TERVALIDASI,PUBLISH,2024-08-23T10:10:57+07:00,operator_konten_07
ENT-00151,,DRAFT,2024-04-12T10:00:45+07:00,pengusul_39
ENT-00151,DRAFT,OPERATOR_KONTEN,2024-06-17T05:48:38+07:00,pengusul_39
ENT-00151,OPERATOR_KONTEN,PIC_UKE,2026-10-06T15:57:50+07:00,operator_konten_39
ENT-00152,,DRAFT,2024-04-12T12:12:29+07:00,pengusul_52
ENT-00152,DRAFT,OPERATOR_KONTEN,2024-06-10T02:20:19+07:00,pengusul_52
ENT-00152,OPERATOR_KONTEN,PIC_UKE,2024-06-26T15:27:05+07:00,operator_konten_52
ENT-00152,PIC_UKE,TERVALIDASI,2024-07-31T03:53:15+07:00,pic_uke_52
ENT-00152,TERVALIDASI,PUBLISH,2024-08-08T13:33:29+07:00,operator_konten_52
ENT-00153,,DRAFT,2024-04-13T09:04:13+07:00,pengusul_04
ENT-00153,DRAFT,OPERATOR_KONTEN,2024-04-20T15:05:38+07:00,pengusul_04
ENT-00153,OPERATOR_KONTEN,PIC_UKE,2024-10-12T07:31:16+07:00,operator_konten_04
ENT-00153,PIC_UKE,TERVALIDASI,2024-12-29T03:24:15+07:00,pic_uke_04
ENT-00153,TERVALIDASI,PUBLISH,2025-01-27T16:28:29+07:00,operator_konten_04
ENT-00154,,DRAFT,2024-04-13T09:40:45+07:00,pengusul_47
ENT-00154,DRAFT,OPERATOR_KONTEN,2026-03-20T06:00:41+07:00,pengusul_47
ENT-00154,OPERATOR_KONTEN,PIC_UKE,2026-09-30T11:02:50+07:00,operator_konten_47
ENT-00155,,DRAFT,2024-04-13T09:59:23+07:00,pengusul_69
ENT-00155,DRAFT,OPERATOR_KONTEN,2024-07-31T08:00:50+07:00,pengusul_69
ENT-00155,OPERATOR_KONTEN,PIC_UKE,2026-09-22T13:39:40+07:00,operator_konten_69
ENT-00156,,DRAFT,2024-04-13T10:12:10+07:00,pengusul_17
ENT-00156,DRAFT,OPERATOR_KONTEN,2024-07-10T06:24:55+07:00,pengusul_17
ENT-00156,OPERATOR_KONTEN,PIC_UKE,2024-10-12T15:45:30+07:00,operator_konten_17
ENT-00156,PIC_UKE,TERVALIDASI,2024-10-24T17:40:31+07:00,pic_uke_17
ENT-00156,TERVALIDASI,PUBLISH,2024-12-14T08:11:04+07:00,operator_konten_17
ENT-00157,,DRAFT,2024-04-13T13:29:43+07:00,pengusul_67
ENT-00157,DRAFT,OPERATOR_KONTEN,2024-08-30T10:52:07+07:00,pengusul_67
ENT-00157,OPERATOR_KONTEN,PIC_UKE,2024-09-28T00:54:37+07:00,operator_konten_67
ENT-00157,PIC_UKE,TERVALIDASI,2024-12-18T06:46:59+07:00,pic_uke_67
ENT-00157,TERVALIDASI,PUBLISH,2025-01-05T12:59:52+07:00,operator_konten_67
ENT-00158,,DRAFT,2024-04-14T12:18:23+07:00,pengusul_34
ENT-00158,DRAFT,OPERATOR_KONTEN,2024-07-18T17:56:18+07:00,pengusul_34
ENT-00158,OPERATOR_KONTEN,PIC_UKE,2026-10-01T08:55:46+07:00,operator_konten_34
ENT-00159,,DRAFT,2024-04-14T13:36:25+07:00,pengusul_37
ENT-00159,DRAFT,OPERATOR_KONTEN,2024-07-16T22:24:26+07:00,pengusul_37
ENT-00159,OPERATOR_KONTEN,PIC_UKE,2024-08-02T08:03:19+07:00,operator_konten_37
ENT-00159,PIC_UKE,TERVALIDASI,2024-08-17T09:23:27+07:00,pic_uke_37
ENT-00159,TERVALIDASI,PUBLISH,2024-10-17T13:30:48+07:00,operator_konten_37
ENT-00160,,DRAFT,2024-04-14T14:06:12+07:00,pengusul_33
ENT-00160,DRAFT,OPERATOR_KONTEN,2024-05-06T20:38:30+07:00,pengusul_33
ENT-00160,OPERATOR_KONTEN,PIC_UKE,2024-06-21T22:58:08+07:00,operator_konten_33
ENT-00160,PIC_UKE,TERVALIDASI,2024-08-29T12:20:06+07:00,pic_uke_33
ENT-00160,TERVALIDASI,PUBLISH,2024-11-02T09:09:24+07:00,operator_konten_33
ENT-00161,,DRAFT,2024-04-14T14:13:13+07:00,pengusul_50
ENT-00161,DRAFT,OPERATOR_KONTEN,2026-01-08T19:14:31+07:00,pengusul_50
ENT-00161,OPERATOR_KONTEN,PIC_UKE,2026-09-29T14:37:48+07:00,operator_konten_50
ENT-00162,,DRAFT,2024-04-15T12:59:09+07:00,pengusul_23
ENT-00162,DRAFT,OPERATOR_KONTEN,2026-01-09T05:29:18+07:00,pengusul_23
ENT-00162,OPERATOR_KONTEN,PIC_UKE,2026-07-31T15:01:45+07:00,operator_konten_23
ENT-00163,,DRAFT,2024-04-15T15:18:48+07:00,pengusul_49
ENT-00163,DRAFT,OPERATOR_KONTEN,2026-05-31T01:43:15+07:00,pengusul_49
ENT-00163,OPERATOR_KONTEN,PIC_UKE,2026-09-23T13:44:34+07:00,operator_konten_49
ENT-00164,,DRAFT,2024-04-16T08:23:18+07:00,pengusul_63
ENT-00164,DRAFT,OPERATOR_KONTEN,2025-03-17T02:22:23+07:00,pengusul_63
ENT-00164,OPERATOR_KONTEN,PIC_UKE,2026-10-07T11:40:21+07:00,operator_konten_63
ENT-00165,,DRAFT,2024-04-16T09:29:31+07:00,pengusul_58
ENT-00165,DRAFT,OPERATOR_KONTEN,2024-06-09T15:28:21+07:00,pengusul_58
ENT-00165,OPERATOR_KONTEN,PIC_UKE,2024-07-15T06:21:24+07:00,operator_konten_58
ENT-00165,PIC_UKE,TERVALIDASI,2024-08-20T14:18:29+07:00,pic_uke_58
ENT-00165,TERVALIDASI,PUBLISH,2025-02-04T08:10:49+07:00,operator_konten_58
ENT-00166,,DRAFT,2024-04-16T10:21:11+07:00,pengusul_00
ENT-00166,DRAFT,OPERATOR_KONTEN,2024-05-16T23:34:58+07:00,pengusul_00
ENT-00166,OPERATOR_KONTEN,PIC_UKE,2024-05-20T06:10:54+07:00,operator_konten_00
ENT-00166,PIC_UKE,TERVALIDASI,2024-05-25T13:48:34+07:00,pic_uke_00
ENT-00166,TERVALIDASI,PUBLISH,2024-05-31T13:00:33+07:00,operator_konten_00
ENT-00167,,DRAFT,2024-04-16T15:46:27+07:00,pengusul_37
ENT-00167,DRAFT,OPERATOR_KONTEN,2024-05-12T05:40:04+07:00,pengusul_37
ENT-00167,OPERATOR_KONTEN,PIC_UKE,2024-06-14T10:50:38+07:00,operator_konten_37
ENT-00167,PIC_UKE,TERVALIDASI,2024-08-30T06:34:42+07:00,pic_uke_37
ENT-00167,TERVALIDASI,PUBLISH,2024-11-10T11:39:50+07:00,operator_konten_37
ENT-00168,,DRAFT,2024-04-16T15:58:33+07:00,pengusul_51
ENT-00168,DRAFT,OPERATOR_KONTEN,2024-04-23T21:07:10+07:00,pengusul_51
ENT-00168,OPERATOR_KONTEN,PIC_UKE,2024-05-13T14:12:08+07:00,operator_konten_51
ENT-00168,PIC_UKE,TERVALIDASI,2024-05-14T20:38:21+07:00,pic_uke_51
ENT-00168,TERVALIDASI,PUBLISH,2024-05-19T10:08:36+07:00,operator_konten_51
ENT-00169,,DRAFT,2024-04-17T12:53:34+07:00,pengusul_13
ENT-00169,DRAFT,OPERATOR_KONTEN,2025-05-22T05:04:13+07:00,pengusul_13
ENT-00169,OPERATOR_KONTEN,DITOLAK_OPERATOR,2026-03-28T04:19:43+07:00,operator_konten_13
ENT-00169,DITOLAK_OPERATOR,DRAFT,2026-09-28T14:12:28+07:00,pengusul_13
ENT-00170,,DRAFT,2024-04-17T13:18:25+07:00,pengusul_04
ENT-00170,DRAFT,OPERATOR_KONTEN,2024-07-29T13:37:44+07:00,pengusul_04
ENT-00170,OPERATOR_KONTEN,PIC_UKE,2026-09-28T11:40:25+07:00,operator_konten_04
ENT-00171,,DRAFT,2024-04-17T14:14:35+07:00,pengusul_53
ENT-00171,DRAFT,OPERATOR_KONTEN,2024-04-20T04:14:10+07:00,pengusul_53
ENT-00171,OPERATOR_KONTEN,PIC_UKE,2024-05-03T17:39:41+07:00,operator_konten_53
ENT-00171,PIC_UKE,TERVALIDASI,2024-05-16T15:07:40+07:00,pic_uke_53
ENT-00171,TERVALIDASI,PUBLISH,2024-05-18T10:13:41+07:00,operator_konten_53
ENT-00172,,DRAFT,2024-04-18T09:20:43+07:00,pengusul_67
ENT-00172,DRAFT,OPERATOR_KONTEN,2025-02-17T00:06:49+07:00,pengusul_67
ENT-00172,OPERATOR_KONTEN,PIC_UKE,2026-09-28T14:08:58+07:00,operator_konten_67
ENT-00173,,DRAFT,2024-04-18T13:10:43+07:00,pengusul_37
ENT-00173,DRAFT,OPERATOR_KONTEN,2024-05-12T04:17:27+07:00,pengusul_37
ENT-00173,OPERATOR_KONTEN,PIC_UKE,2024-06-05T21:22:51+07:00,operator_konten_37
ENT-00173,PIC_UKE,TERVALIDASI,2024-06-19T10:41:27+07:00,pic_uke_37
ENT-00173,TERVALIDASI,PUBLISH,2024-09-15T11:38:25+07:00,operator_konten_37
ENT-00174,,DRAFT,2024-04-19T09:45:53+07:00,pengusul_62
ENT-00174,DRAFT,OPERATOR_KONTEN,2024-04-26T21:57:38+07:00,pengusul_62
ENT-00174,OPERATOR_KONTEN,PIC_UKE,2024-05-09T23:40:37+07:00,operator_konten_62
ENT-00174,PIC_UKE,TERVALIDASI,2024-07-18T16:24:49+07:00,pic_uke_62
ENT-00174,TERVALIDASI,PUBLISH,2024-07-26T16:45:17+07:00,operator_konten_62
ENT-00175,,DRAFT,2024-04-19T12:17:39+07:00,pengusul_06
ENT-00175,DRAFT,OPERATOR_KONTEN,2024-05-09T13:40:07+07:00,pengusul_06
ENT-00175,OPERATOR_KONTEN,PIC_UKE,2024-05-21T21:45:08+07:00,operator_konten_06
ENT-00175,PIC_UKE,TERVALIDASI,2024-06-06T08:31:02+07:00,pic_uke_06
ENT-00175,TERVALIDASI,PUBLISH,2024-06-08T12:31:58+07:00,operator_konten_06
ENT-00176,,DRAFT,2024-04-19T12:39:42+07:00,pengusul_05
ENT-00176,DRAFT,OPERATOR_KONTEN,2024-06-29T09:03:46+07:00,pengusul_05
ENT-00176,OPERATOR_KONTEN,DITOLAK_OPERATOR,2024-08-13T10:07:22+07:00,operator_konten_05
ENT-00177,,DRAFT,2024-04-19T13:16:20+07:00,pengusul_40
ENT-00177,DRAFT,OPERATOR_KONTEN,2024-06-22T08:32:28+07:00,pengusul_40
ENT-00177,OPERATOR_KONTEN,PIC_UKE,2024-06-22T10:42:24+07:00,operator_konten_40
ENT-00177,PIC_UKE,TERVALIDASI,2024-08-18T03:31:11+07:00,pic_uke_40
ENT-00177,TERVALIDASI,PUBLISH,2024-10-01T12:56:59+07:00,operator_konten_40
ENT-00178,,DRAFT,2024-04-20T14:55:33+07:00,pengusul_05
ENT-00178,DRAFT,OPERATOR_KONTEN,2024-06-09T13:17:05+07:00,pengusul_05
ENT-00178,OPERATOR_KONTEN,PIC_UKE,2024-09-09T10:42:54+07:00,operator_konten_05
ENT-00178,PIC_UKE,TERVALIDASI,2024-10-03T22:16:48+07:00,pic_uke_05
ENT-00178,TERVALIDASI,PUBLISH,2024-12-07T10:26:39+07:00,operator_konten_05
ENT-00179,,DRAFT,2024-04-20T15:26:31+07:00,pengusul_21
ENT-00179,DRAFT,OPERATOR_KONTEN,2024-06-06T11:58:17+07:00,pengusul_21
ENT-00179,OPERATOR_KONTEN,PIC_UKE,2024-09-30T12:28:33+07:00,operator_konten_21
ENT-00179,PIC_UKE,TERVALIDASI,2024-10-06T20:49:05+07:00,pic_uke_21
ENT-00179,TERVALIDASI,PUBLISH,2024-12-15T12:35:59+07:00,operator_konten_21
ENT-00180,,DRAFT,2024-04-20T16:49:39+07:00,pengusul_53
ENT-00180,DRAFT,OPERATOR_KONTEN,2026-07-04T09:04:36+07:00,pengusul_53
ENT-00180,OPERATOR_KONTEN,PIC_UKE,2026-09-18T13:51:48+07:00,operator_konten_53
ENT-00181,,DRAFT,2024-04-21T08:59:10+07:00,pengusul_07
ENT-00181,DRAFT,OPERATOR_KONTEN,2024-04-22T13:35:14+07:00,pengusul_07
ENT-00181,OPERATOR_KONTEN,PIC_UKE,2024-04-28T15:37:08+07:00,operator_konten_07
ENT-00181,PIC_UKE,TERVALIDASI,2024-04-30T03:18:35+07:00,pic_uke_07
ENT-00181,TERVALIDASI,PUBLISH,2024-05-02T10:17:05+07:00,operator_konten_07
ENT-00182,,DRAFT,2024-04-21T09:23:08+07:00,pengusul_60
ENT-00182,DRAFT,OPERATOR_KONTEN,2024-06-11T18:24:40+07:00,pengusul_60
ENT-00182,OPERATOR_KONTEN,PIC_UKE,2024-07-24T06:25:35+07:00,operator_konten_60
ENT-00182,PIC_UKE,TERVALIDASI,2024-08-21T10:17:18+07:00,pic_uke_60
ENT-00182,TERVALIDASI,PUBLISH,2024-08-30T14:17:05+07:00,operator_konten_60
ENT-00183,,DRAFT,2024-04-21T12:59:57+07:00,pengusul_13
ENT-00183,DRAFT,OPERATOR_KONTEN,2026-09-30T11:10:46+07:00,pengusul_13
ENT-00184,,DRAFT,2024-04-22T11:17:06+07:00,pengusul_51
ENT-00184,DRAFT,OPERATOR_KONTEN,2024-07-24T04:11:57+07:00,pengusul_51
ENT-00184,OPERATOR_KONTEN,PIC_UKE,2024-11-29T23:40:26+07:00,operator_konten_51
ENT-00184,PIC_UKE,TERVALIDASI,2025-01-09T20:00:23+07:00,pic_uke_51
ENT-00184,TERVALIDASI,PUBLISH,2025-02-11T11:55:19+07:00,operator_konten_51
ENT-00185,,DRAFT,2024-04-22T14:33:13+07:00,pengusul_07
ENT-00185,DRAFT,OPERATOR_KONTEN,2024-08-31T07:40:44+07:00,pengusul_07
ENT-00185,OPERATOR_KONTEN,PIC_UKE,2024-11-10T02:44:41+07:00,operator_konten_07
ENT-00185,PIC_UKE,TERVALIDASI,2024-11-13T17:10:12+07:00,pic_uke_07
ENT-00185,TERVALIDASI,PUBLISH,2024-11-19T08:15:05+07:00,operator_konten_07
ENT-00186,,DRAFT,2024-04-23T14:37:38+07:00,pengusul_20
ENT-00186,DRAFT,OPERATOR_KONTEN,2026-01-06T00:19:43+07:00,pengusul_20
ENT-00186,OPERATOR_KONTEN,PIC_UKE,2026-09-29T12:12:16+07:00,operator_konten_20
ENT-00187,,DRAFT,2024-04-24T08:08:46+07:00,pengusul_07
ENT-00187,DRAFT,OPERATOR_KONTEN,2024-06-02T18:50:05+07:00,pengusul_07
ENT-00187,OPERATOR_KONTEN,PIC_UKE,2024-06-05T04:11:36+07:00,operator_konten_07
ENT-00187,PIC_UKE,TERVALIDASI,2024-06-09T14:54:43+07:00,pic_uke_07
ENT-00187,TERVALIDASI,PUBLISH,2024-08-25T08:31:01+07:00,operator_konten_07
ENT-00188,,DRAFT,2024-04-24T10:01:41+07:00,pengusul_55
ENT-00188,DRAFT,OPERATOR_KONTEN,2026-10-08T13:24:17+07:00,pengusul_55
ENT-00189,,DRAFT,2024-04-24T14:07:47+07:00,pengusul_06
ENT-00189,DRAFT,OPERATOR_KONTEN,2025-06-08T20:27:04+07:00,pengusul_06
ENT-00189,OPERATOR_KONTEN,PIC_UKE,2025-11-19T16:46:49+07:00,operator_konten_06
ENT-00189,PIC_UKE,TERVALIDASI,2026-10-07T13:25:09+07:00,pic_uke_06
ENT-00190,,DRAFT,2024-04-24T14:51:40+07:00,pengusul_50
ENT-00190,DRAFT,OPERATOR_KONTEN,2024-06-07T04:07:11+07:00,pengusul_50
ENT-00190,OPERATOR_KONTEN,PIC_UKE,2024-08-16T21:45:29+07:00,operator_konten_50
ENT-00190,PIC_UKE,TERVALIDASI,2024-10-30T07:05:12+07:00,pic_uke_50
ENT-00190,TERVALIDASI,PUBLISH,2024-12-25T10:43:35+07:00,operator_konten_50
ENT-00191,,DRAFT,2024-04-24T15:03:17+07:00,pengusul_06
ENT-00191,DRAFT,OPERATOR_KONTEN,2024-06-07T03:30:25+07:00,pengusul_06
ENT-00191,OPERATOR_KONTEN,PIC_UKE,2024-06-25T03:36:39+07:00,operator_konten_06
ENT-00191,PIC_UKE,TERVALIDASI,2024-09-14T14:51:44+07:00,pic_uke_06
ENT-00191,TERVALIDASI,PUBLISH,2025-02-07T09:20:04+07:00,operator_konten_06
ENT-00192,,DRAFT,2024-04-25T08:46:28+07:00,pengusul_65
ENT-00192,DRAFT,OPERATOR_KONTEN,2024-06-06T09:20:18+07:00,pengusul_65
ENT-00192,OPERATOR_KONTEN,PIC_UKE,2024-09-22T09:31:39+07:00,operator_konten_65
ENT-00192,PIC_UKE,TERVALIDASI,2024-11-30T12:52:35+07:00,pic_uke_65
ENT-00192,TERVALIDASI,PUBLISH,2025-01-27T09:53:37+07:00,operator_konten_65
ENT-00193,,DRAFT,2024-04-25T16:37:49+07:00,pengusul_47
ENT-00193,DRAFT,OPERATOR_KONTEN,2026-04-11T19:17:05+07:00,pengusul_47
ENT-00193,OPERATOR_KONTEN,PIC_UKE,2026-10-07T12:17:59+07:00,operator_konten_47
ENT-00194,,DRAFT,2024-04-26T09:09:07+07:00,pengusul_21
ENT-00194,DRAFT,OPERATOR_KONTEN,2024-05-02T04:11:21+07:00,pengusul_21
ENT-00194,OPERATOR_KONTEN,PIC_UKE,2024-05-24T04:29:20+07:00,operator_konten_21
ENT-00194,PIC_UKE,TERVALIDASI,2024-05-26T10:03:57+07:00,pic_uke_21
ENT-00194,TERVALIDASI,PUBLISH,2024-06-02T16:09:44+07:00,operator_konten_21
ENT-00195,,DRAFT,2024-04-26T09:30:19+07:00,pengusul_06
ENT-00195,DRAFT,OPERATOR_KONTEN,2024-05-15T11:04:25+07:00,pengusul_06
ENT-00195,OPERATOR_KONTEN,PIC_UKE,2024-05-21T06:06:50+07:00,operator_konten_06
ENT-00195,PIC_UKE,TERVALIDASI,2024-06-20T06:42:07+07:00,pic_uke_06
ENT-00195,TERVALIDASI,PUBLISH,2024-08-05T18:23:32+07:00,operator_konten_06
ENT-00195,PUBLISH,UNPUBLISH,2024-10-24T14:09:26+07:00,admin_06
ENT-00196,,DRAFT,2024-04-26T10:32:49+07:00,pengusul_27
ENT-00196,DRAFT,OPERATOR_KONTEN,2024-09-17T23:12:39+07:00,pengusul_27
ENT-00196,OPERATOR_KONTEN,PIC_UKE,2026-09-16T12:19:38+07:00,operator_konten_27
ENT-00197,,DRAFT,2024-04-26T10:48:25+07:00,pengusul_59
ENT-00197,DRAFT,OPERATOR_KONTEN,2024-06-15T12:18:03+07:00,pengusul_59
ENT-00197,OPERATOR_KONTEN,PIC_UKE,2024-06-29T06:23:13+07:00,operator_konten_59
ENT-00197,PIC_UKE,TERVALIDASI,2024-07-08T09:34:09+07:00,pic_uke_59
ENT-00197,TERVALIDASI,PUBLISH,2024-12-30T09:11:24+07:00,operator_konten_59
ENT-00198,,DRAFT,2024-04-26T13:33:28+07:00,pengusul_49
ENT-00198,DRAFT,OPERATOR_KONTEN,2024-06-10T13:56:31+07:00,pengusul_49
ENT-00198,OPERATOR_KONTEN,PIC_UKE,2026-09-16T12:24:15+07:00,operator_konten_49
ENT-00199,,DRAFT,2024-04-26T14:17:03+07:00,pengusul_18
ENT-00199,DRAFT,OPERATOR_KONTEN,2024-05-05T02:02:36+07:00,pengusul_18
ENT-00199,OPERATOR_KONTEN,PIC_UKE,2024-07-10T18:47:20+07:00,operator_konten_18
ENT-00199,PIC_UKE,TERVALIDASI,2024-11-02T00:28:42+07:00,pic_uke_18
ENT-00199,TERVALIDASI,PUBLISH,2024-11-19T09:01:48+07:00,operator_konten_18
ENT-00200,,DRAFT,2024-04-26T15:23:13+07:00,pengusul_27
ENT-00200,DRAFT,OPERATOR_KONTEN,2024-05-20T23:41:45+07:00,pengusul_27
ENT-00200,OPERATOR_KONTEN,PIC_UKE,2026-07-31T08:53:29+07:00,operator_konten_27
ENT-00201,,DRAFT,2024-04-26T16:04:09+07:00,pengusul_39
ENT-00201,DRAFT,OPERATOR_KONTEN,2024-04-28T23:09:44+07:00,pengusul_39
ENT-00201,OPERATOR_KONTEN,PIC_UKE,2024-05-03T15:04:21+07:00,operator_konten_39
ENT-00201,PIC_UKE,TERVALIDASI,2024-05-07T06:31:34+07:00,pic_uke_39
ENT-00201,TERVALIDASI,PUBLISH,2024-05-08T13:54:50+07:00,operator_konten_39
ENT-00202,,DRAFT,2024-04-27T08:04:26+07:00,pengusul_20
ENT-00202,DRAFT,OPERATOR_KONTEN,2024-05-13T06:07:34+07:00,pengusul_20
ENT-00202,OPERATOR_KONTEN,PIC_UKE,2024-05-31T09:40:42+07:00,operator_konten_20
ENT-00202,PIC_UKE,TERVALIDASI,2024-09-03T22:04:47+07:00,pic_uke_20
ENT-00202,TERVALIDASI,PUBLISH,2024-09-09T12:16:20+07:00,operator_konten_20
ENT-00203,,DRAFT,2024-04-27T11:52:40+07:00,pengusul_01
ENT-00203,DRAFT,OPERATOR_KONTEN,2025-07-09T09:58:03+07:00,pengusul_01
ENT-00203,OPERATOR_KONTEN,DITOLAK_OPERATOR,2026-06-03T22:20:41+07:00,operator_konten_01
ENT-00203,DITOLAK_OPERATOR,DRAFT,2026-10-08T13:27:42+07:00,pengusul_01
ENT-00204,,DRAFT,2024-04-27T12:19:21+07:00,pengusul_05
ENT-00204,DRAFT,OPERATOR_KONTEN,2026-09-28T11:43:06+07:00,pengusul_05
ENT-00205,,DRAFT,2024-04-27T14:28:18+07:00,pengusul_07
ENT-00205,DRAFT,OPERATOR_KONTEN,2025-12-12T15:12:16+07:00,pengusul_07
ENT-00205,OPERATOR_KONTEN,PIC_UKE,2026-10-02T08:50:39+07:00,operator_konten_07
ENT-00206,,DRAFT,2024-04-28T09:35:18+07:00,pengusul_65
ENT-00206,DRAFT,OPERATOR_KONTEN,2024-06-23T14:57:03+07:00,pengusul_65
ENT-00206,OPERATOR_KONTEN,DITOLAK_OPERATOR,2026-07-30T08:53:30+07:00,operator_konten_65
ENT-00206,DITOLAK_OPERATOR,DRAFT,2026-09-23T11:39:23+07:00,pengusul_65
ENT-00207,,DRAFT,2024-04-28T10:47:56+07:00,pengusul_39
ENT-00207,DRAFT,OPERATOR_KONTEN,2024-05-02T20:22:35+07:00,pengusul_39
ENT-00207,OPERATOR_KONTEN,PIC_UKE,2024-05-10T19:15:20+07:00,operator_konten_39
ENT-00207,PIC_UKE,TERVALIDASI,2024-05-10T21:30:45+07:00,pic_uke_39
ENT-00207,TERVALIDASI,PUBLISH,2024-05-13T16:45:12+07:00,operator_konten_39
ENT-00208,,DRAFT,2024-04-28T14:22:34+07:00,pengusul_39
ENT-00208,DRAFT,OPERATOR_KONTEN,2026-04-16T07:30:53+07:00,pengusul_39
ENT-00208,OPERATOR_KONTEN,PIC_UKE,2026-10-08T08:06:24+07:00,operator_konten_39
ENT-00209,,DRAFT,2024-04-29T09:39:07+07:00,pengusul_23
ENT-00209,DRAFT,OPERATOR_KONTEN,2024-05-03T16:35:31+07:00,pengusul_23
ENT-00209,OPERATOR_KONTEN,PIC_UKE,2024-05-13T04:21:55+07:00,operator_konten_23
ENT-00209,PIC_UKE,TERVALIDASI,2024-05-23T14:32:09+07:00,pic_uke_23
ENT-00209,TERVALIDASI,PUBLISH,2024-06-12T15:35:20+07:00,operator_konten_23
ENT-00210,,DRAFT,2024-04-29T11:46:36+07:00,pengusul_06
ENT-00210,DRAFT,OPERATOR_KONTEN,2024-05-02T10:55:43+07:00,pengusul_06
ENT-00210,OPERATOR_KONTEN,PIC_UKE,2024-06-06T14:38:43+07:00,operator_konten_06
ENT-00210,PIC_UKE,TERVALIDASI,2024-06-12T04:59:54+07:00,pic_uke_06
ENT-00210,TERVALIDASI,PUBLISH,2024-07-11T15:20:27+07:00,operator_konten_06
ENT-00211,,DRAFT,2024-04-30T09:47:26+07:00,pengusul_20
ENT-00211,DRAFT,OPERATOR_KONTEN,2024-07-08T06:07:58+07:00,pengusul_20
ENT-00211,OPERATOR_KONTEN,PIC_UKE,2026-10-07T14:34:58+07:00,operator_konten_20
ENT-00212,,DRAFT,2024-04-30T10:11:44+07:00,pengusul_41
ENT-00212,DRAFT,OPERATOR_KONTEN,2024-09-10T00:33:24+07:00,pengusul_41
ENT-00212,OPERATOR_KONTEN,DITOLAK_OPERATOR,2025-11-28T05:46:16+07:00,operator_konten_41
ENT-00212,DITOLAK_OPERATOR,DRAFT,2026-10-05T16:13:23+07:00,pengusul_41
ENT-00213,,DRAFT,2024-04-30T10:21:52+07:00,pengusul_17
ENT-00213,DRAFT,OPERATOR_KONTEN,2024-05-06T13:20:06+07:00,pengusul_17
ENT-00213,OPERATOR_KONTEN,PIC_UKE,2024-05-08T18:21:26+07:00,operator_konten_17
ENT-00213,PIC_UKE,TERVALIDASI,2024-05-12T10:38:53+07:00,pic_uke_17
ENT-00213,TERVALIDASI,PUBLISH,2024-05-13T09:35:43+07:00,operator_konten_17
ENT-00214,,DRAFT,2024-05-01T10:47:29+07:00,pengusul_39
ENT-00214,DRAFT,OPERATOR_KONTEN,2026-08-05T00:42:36+07:00,pengusul_39
ENT-00214,OPERATOR_KONTEN,PIC_UKE,2026-09-25T14:43:55+07:00,operator_konten_39
ENT-00215,,DRAFT,2024-05-01T12:52:34+07:00,pengusul_06
ENT-00215,DRAFT,OPERATOR_KONTEN,2026-09-28T09:54:30+07:00,pengusul_06
ENT-00216,,DRAFT,2024-05-01T12:54:28+07:00,pengusul_57
ENT-00216,DRAFT,OPERATOR_KONTEN,2024-05-08T03:07:34+07:00,pengusul_57
ENT-00216,OPERATOR_KONTEN,PIC_UKE,2024-05-11T10:42:21+07:00,operator_konten_57
ENT-00216,PIC_UKE,TERVALIDASI,2024-05-29T21:11:06+07:00,pic_uke_57
ENT-00216,TERVALIDASI,PUBLISH,2024-08-10T14:16:10+07:00,operator_konten_57
ENT-00217,,DRAFT,2024-05-01T14:33:51+07:00,pengusul_47
ENT-00217,DRAFT,OPERATOR_KONTEN,2024-09-21T18:39:46+07:00,pengusul_47
ENT-00217,OPERATOR_KONTEN,PIC_UKE,2024-11-05T18:24:23+07:00,operator_konten_47
ENT-00217,PIC_UKE,TERVALIDASI,2024-11-29T06:39:53+07:00,pic_uke_47
ENT-00217,TERVALIDASI,PUBLISH,2025-02-12T10:42:45+07:00,operator_konten_47
ENT-00218,,DRAFT,2024-05-01T15:42:39+07:00,pengusul_33
ENT-00218,DRAFT,OPERATOR_KONTEN,2024-06-18T16:25:50+07:00,pengusul_33
ENT-00218,OPERATOR_KONTEN,PIC_UKE,2024-08-31T09:56:39+07:00,operator_konten_33
ENT-00218,PIC_UKE,TERVALIDASI,2024-09-29T15:49:41+07:00,pic_uke_33
ENT-00218,TERVALIDASI,PUBLISH,2024-10-24T12:13:02+07:00,operator_konten_33
ENT-00219,,DRAFT,2024-05-01T16:12:20+07:00,pengusul_48
ENT-00219,DRAFT,OPERATOR_KONTEN,2024-08-02T00:55:32+07:00,pengusul_48
ENT-00219,OPERATOR_KONTEN,PIC_UKE,2024-08-27T02:19:58+07:00,operator_konten_48
ENT-00219,PIC_UKE,TERVALIDASI,2025-01-07T06:56:24+07:00,pic_uke_48
ENT-00219,TERVALIDASI,PUBLISH,2025-02-09T09:04:16+07:00,operator_konten_48
ENT-00220,,DRAFT,2024-05-02T12:31:40+07:00,pengusul_59
ENT-00220,DRAFT,OPERATOR_KONTEN,2024-07-09T22:32:43+07:00,pengusul_59
ENT-00220,OPERATOR_KONTEN,PIC_UKE,2024-08-15T04:05:24+07:00,operator_konten_59
ENT-00220,PIC_UKE,TERVALIDASI,2024-08-21T09:31:31+07:00,pic_uke_59
ENT-00220,TERVALIDASI,PUBLISH,2025-02-23T15:48:05+07:00,operator_konten_59
ENT-00221,,DRAFT,2024-05-02T12:35:10+07:00,pengusul_02
ENT-00221,DRAFT,OPERATOR_KONTEN,2024-06-08T19:51:36+07:00,pengusul_02
ENT-00221,OPERATOR_KONTEN,PIC_UKE,2024-06-17T11:42:49+07:00,operator_konten_02
ENT-00221,PIC_UKE,TERVALIDASI,2024-06-28T13:42:54+07:00,pic_uke_02
ENT-00221,TERVALIDASI,PUBLISH,2024-09-08T12:53:08+07:00,operator_konten_02
ENT-00222,,DRAFT,2024-05-03T10:23:20+07:00,pengusul_48
ENT-00222,DRAFT,OPERATOR_KONTEN,2024-05-27T05:55:11+07:00,pengusul_48
ENT-00222,OPERATOR_KONTEN,PIC_UKE,2026-09-28T16:09:25+07:00,operator_konten_48
ENT-00223,,DRAFT,2024-05-03T10:37:33+07:00,pengusul_05
ENT-00223,DRAFT,OPERATOR_KONTEN,2024-05-07T15:30:54+07:00,pengusul_05
ENT-00223,OPERATOR_KONTEN,PIC_UKE,2024-05-14T02:52:47+07:00,operator_konten_05
ENT-00223,PIC_UKE,TERVALIDASI,2024-05-15T02:57:30+07:00,pic_uke_05
ENT-00223,TERVALIDASI,PUBLISH,2024-05-16T09:19:22+07:00,operator_konten_05
ENT-00224,,DRAFT,2024-05-03T12:15:44+07:00,pengusul_17
ENT-00224,DRAFT,OPERATOR_KONTEN,2026-07-22T10:05:05+07:00,pengusul_17
ENT-00224,OPERATOR_KONTEN,PIC_UKE,2026-10-07T08:53:37+07:00,operator_konten_17
ENT-00225,,DRAFT,2024-05-03T14:45:30+07:00,pengusul_64
ENT-00225,DRAFT,OPERATOR_KONTEN,2025-02-28T22:35:27+07:00,pengusul_64
ENT-00225,OPERATOR_KONTEN,PIC_UKE,2026-10-08T08:24:53+07:00,operator_konten_64
ENT-00226,,DRAFT,2024-05-05T08:34:55+07:00,pengusul_00
ENT-00226,DRAFT,OPERATOR_KONTEN,2024-05-10T02:48:19+07:00,pengusul_00
ENT-00226,OPERATOR_KONTEN,PIC_UKE,2024-06-05T06:37:07+07:00,operator_konten_00
ENT-00226,PIC_UKE,TERVALIDASI,2024-07-01T23:10:39+07:00,pic_uke_00
ENT-00226,TERVALIDASI,PUBLISH,2024-08-31T08:48:28+07:00,operator_konten_00
ENT-00227,,DRAFT,2024-05-05T09:45:30+07:00,pengusul_29
ENT-00227,DRAFT,OPERATOR_KONTEN,2024-05-08T07:12:19+07:00,pengusul_29
ENT-00227,OPERATOR_KONTEN,PIC_UKE,2024-05-24T22:05:21+07:00,operator_konten_29
ENT-00227,PIC_UKE,TERVALIDASI,2024-05-28T07:50:56+07:00,pic_uke_29
ENT-00227,TERVALIDASI,PUBLISH,2024-06-09T16:21:25+07:00,operator_konten_29
ENT-00228,,DRAFT,2024-05-05T13:14:09+07:00,pengusul_61
ENT-00228,DRAFT,OPERATOR_KONTEN,2024-05-09T23:55:26+07:00,pengusul_61
ENT-00228,OPERATOR_KONTEN,PIC_UKE,2024-06-12T09:44:53+07:00,operator_konten_61
ENT-00228,PIC_UKE,TERVALIDASI,2024-06-28T14:36:11+07:00,pic_uke_61
ENT-00228,TERVALIDASI,PUBLISH,2024-07-04T14:30:45+07:00,operator_konten_61
ENT-00228,PUBLISH,UNPUBLISH,2024-07-07T13:20:06+07:00,admin_61
ENT-00229,,DRAFT,2024-05-05T16:18:00+07:00,pengusul_04
ENT-00229,DRAFT,OPERATOR_KONTEN,2024-06-17T00:39:32+07:00,pengusul_04
ENT-00229,OPERATOR_KONTEN,PIC_UKE,2024-06-24T09:51:50+07:00,operator_konten_04
ENT-00229,PIC_UKE,TERVALIDASI,2024-11-10T11:32:30+07:00,pic_uke_04
ENT-00229,TERVALIDASI,PUBLISH,2025-02-08T10:40:23+07:00,operator_konten_04
ENT-00230,,DRAFT,2024-05-05T16:20:47+07:00,pengusul_58
ENT-00230,DRAFT,OPERATOR_KONTEN,2024-05-06T16:51:10+07:00,pengusul_58
ENT-00230,OPERATOR_KONTEN,PIC_UKE,2024-05-13T01:10:25+07:00,operator_konten_58
ENT-00230,PIC_UKE,TERVALIDASI,2024-05-13T21:39:25+07:00,pic_uke_58
ENT-00230,TERVALIDASI,PUBLISH,2024-05-14T18:51:19+07:00,operator_konten_58
ENT-00230,PUBLISH,UNPUBLISH,2024-05-15T09:40:04+07:00,admin_58
ENT-00231,,DRAFT,2024-05-05T16:53:26+07:00,pengusul_09
ENT-00231,DRAFT,OPERATOR_KONTEN,2024-05-06T15:44:58+07:00,pengusul_09
ENT-00231,OPERATOR_KONTEN,PIC_UKE,2024-05-06T18:41:05+07:00,operator_konten_09
ENT-00231,PIC_UKE,TERVALIDASI,2024-05-08T00:53:02+07:00,pic_uke_09
ENT-00231,TERVALIDASI,PUBLISH,2024-05-08T11:50:44+07:00,operator_konten_09
ENT-00232,,DRAFT,2024-05-06T08:04:35+07:00,pengusul_05
ENT-00232,DRAFT,OPERATOR_KONTEN,2024-05-24T05:02:47+07:00,pengusul_05
ENT-00232,OPERATOR_KONTEN,PIC_UKE,2024-06-17T16:22:13+07:00,operator_konten_05
ENT-00232,PIC_UKE,TERVALIDASI,2024-06-26T00:37:07+07:00,pic_uke_05
ENT-00232,TERVALIDASI,PUBLISH,2024-07-15T15:11:56+07:00,operator_konten_05
ENT-00233,,DRAFT,2024-05-06T08:18:44+07:00,pengusul_58
ENT-00233,DRAFT,OPERATOR_KONTEN,2024-10-08T14:01:30+07:00,pengusul_58
ENT-00233,OPERATOR_KONTEN,PIC_UKE,2024-12-03T12:49:22+07:00,operator_konten_58
ENT-00233,PIC_UKE,TERVALIDASI,2025-01-23T13:26:00+07:00,pic_uke_58
ENT-00233,TERVALIDASI,PUBLISH,2025-02-24T11:48:23+07:00,operator_konten_58
ENT-00234,,DRAFT,2024-05-06T09:13:27+07:00,pengusul_20
ENT-00234,DRAFT,OPERATOR_KONTEN,2024-10-07T11:54:00+07:00,pengusul_20
ENT-00234,OPERATOR_KONTEN,PIC_UKE,2026-10-08T12:59:03+07:00,operator_konten_20
ENT-00235,,DRAFT,2024-05-06T10:07:46+07:00,pengusul_58
ENT-00235,DRAFT,OPERATOR_KONTEN,2024-06-08T11:49:15+07:00,pengusul_58
ENT-00235,OPERATOR_KONTEN,PIC_UKE,2024-10-13T09:48:04+07:00,operator_konten_58
ENT-00235,PIC_UKE,TERVALIDASI,2024-11-04T14:42:49+07:00,pic_uke_58
ENT-00235,TERVALIDASI,PUBLISH,2024-11-13T16:49:38+07:00,operator_konten_58
ENT-00236,,DRAFT,2024-05-06T10:46:08+07:00,pengusul_52
ENT-00236,DRAFT,OPERATOR_KONTEN,2024-05-13T06:34:12+07:00,pengusul_52
ENT-00236,OPERATOR_KONTEN,PIC_UKE,2024-06-13T04:27:54+07:00,operator_konten_52
ENT-00236,PIC_UKE,TERVALIDASI,2024-07-15T21:29:41+07:00,pic_uke_52
ENT-00236,TERVALIDASI,PUBLISH,2024-09-09T16:41:13+07:00,operator_konten_52
ENT-00237,,DRAFT,2024-05-06T12:42:38+07:00,pengusul_43
ENT-00237,DRAFT,OPERATOR_KONTEN,2024-07-22T09:59:41+07:00,pengusul_43
ENT-00237,OPERATOR_KONTEN,PIC_UKE,2024-10-29T17:44:01+07:00,operator_konten_43
ENT-00237,PIC_UKE,TERVALIDASI,2024-12-29T17:19:07+07:00,pic_uke_43
ENT-00237,TERVALIDASI,PUBLISH,2025-01-07T13:09:17+07:00,operator_konten_43
ENT-00238,,DRAFT,2024-05-07T08:31:55+07:00,pengusul_05
ENT-00238,DRAFT,OPERATOR_KONTEN,2026-07-16T06:18:37+07:00,pengusul_05
ENT-00238,OPERATOR_KONTEN,PIC_UKE,2026-09-28T10:13:12+07:00,operator_konten_05
ENT-00239,,DRAFT,2024-05-07T10:07:12+07:00,pengusul_60
ENT-00239,DRAFT,OPERATOR_KONTEN,2025-12-13T02:42:06+07:00,pengusul_60
ENT-00239,OPERATOR_KONTEN,PIC_UKE,2026-10-07T08:22:55+07:00,operator_konten_60
ENT-00240,,DRAFT,2024-05-07T10:32:55+07:00,pengusul_17
ENT-00240,DRAFT,OPERATOR_KONTEN,2026-06-12T12:17:57+07:00,pengusul_17
ENT-00240,OPERATOR_KONTEN,PIC_UKE,2026-09-28T09:55:32+07:00,operator_konten_17
ENT-00241,,DRAFT,2024-05-07T10:37:15+07:00,pengusul_00
ENT-00241,DRAFT,OPERATOR_KONTEN,2024-07-08T03:14:22+07:00,pengusul_00
ENT-00241,OPERATOR_KONTEN,PIC_UKE,2024-08-04T18:19:48+07:00,operator_konten_00
ENT-00241,PIC_UKE,TERVALIDASI,2024-08-26T18:08:20+07:00,pic_uke_00
ENT-00241,TERVALIDASI,PUBLISH,2024-10-24T13:26:13+07:00,operator_konten_00
ENT-00242,,DRAFT,2024-05-07T14:43:06+07:00,pengusul_22
ENT-00242,DRAFT,OPERATOR_KONTEN,2025-06-01T01:16:05+07:00,pengusul_22
ENT-00242,OPERATOR_KONTEN,PIC_UKE,2026-09-11T14:12:26+07:00,operator_konten_22
ENT-00243,,DRAFT,2024-05-07T15:47:52+07:00,pengusul_53
ENT-00243,DRAFT,OPERATOR_KONTEN,2026-10-06T08:43:03+07:00,pengusul_53
ENT-00244,,DRAFT,2024-05-08T09:53:10+07:00,pengusul_22
ENT-00244,DRAFT,OPERATOR_KONTEN,2025-05-21T13:57:37+07:00,pengusul_22
ENT-00244,OPERATOR_KONTEN,PIC_UKE,2026-09-28T11:40:57+07:00,operator_konten_22
ENT-00245,,DRAFT,2024-05-08T11:14:14+07:00,pengusul_61
ENT-00245,DRAFT,OPERATOR_KONTEN,2024-06-07T19:39:49+07:00,pengusul_61
ENT-00245,OPERATOR_KONTEN,PIC_UKE,2024-06-13T19:00:30+07:00,operator_konten_61
ENT-00245,PIC_UKE,TERVALIDASI,2024-11-17T17:16:52+07:00,pic_uke_61
ENT-00245,TERVALIDASI,PUBLISH,2025-01-21T13:00:57+07:00,operator_konten_61
ENT-00246,,DRAFT,2024-05-08T12:55:55+07:00,pengusul_18
ENT-00246,DRAFT,OPERATOR_KONTEN,2026-04-13T03:48:09+07:00,pengusul_18
ENT-00246,OPERATOR_KONTEN,PIC_UKE,2026-09-16T16:14:31+07:00,operator_konten_18
ENT-00247,,DRAFT,2024-05-09T14:41:13+07:00,pengusul_60
ENT-00247,DRAFT,OPERATOR_KONTEN,2026-05-04T12:35:25+07:00,pengusul_60
ENT-00247,OPERATOR_KONTEN,PIC_UKE,2026-08-14T14:43:07+07:00,operator_konten_60
ENT-00248,,DRAFT,2024-05-10T10:52:35+07:00,pengusul_07
ENT-00248,DRAFT,OPERATOR_KONTEN,2024-06-26T18:48:04+07:00,pengusul_07
ENT-00248,OPERATOR_KONTEN,PIC_UKE,2024-07-05T17:51:28+07:00,operator_konten_07
ENT-00248,PIC_UKE,TERVALIDASI,2024-08-06T19:09:57+07:00,pic_uke_07
ENT-00248,TERVALIDASI,PUBLISH,2024-08-30T13:08:10+07:00,operator_konten_07
ENT-00249,,DRAFT,2024-05-10T12:21:49+07:00,pengusul_06
ENT-00249,DRAFT,OPERATOR_KONTEN,2024-05-13T10:38:56+07:00,pengusul_06
ENT-00249,OPERATOR_KONTEN,PIC_UKE,2024-05-24T04:29:11+07:00,operator_konten_06
ENT-00249,PIC_UKE,TERVALIDASI,2024-05-31T19:04:15+07:00,pic_uke_06
ENT-00249,TERVALIDASI,PUBLISH,2024-06-13T13:28:05+07:00,operator_konten_06
ENT-00250,,DRAFT,2024-05-10T16:30:19+07:00,pengusul_10
ENT-00250,DRAFT,OPERATOR_KONTEN,2025-02-11T02:45:09+07:00,pengusul_10
ENT-00250,OPERATOR_KONTEN,PIC_UKE,2026-07-28T16:57:54+07:00,operator_konten_10
ENT-00251,,DRAFT,2024-05-11T08:52:47+07:00,pengusul_54
ENT-00251,DRAFT,OPERATOR_KONTEN,2025-01-31T15:22:49+07:00,pengusul_54
ENT-00251,OPERATOR_KONTEN,PIC_UKE,2026-09-15T09:02:17+07:00,operator_konten_54
ENT-00252,,DRAFT,2024-05-11T09:38:25+07:00,pengusul_47
ENT-00252,DRAFT,OPERATOR_KONTEN,2024-07-24T22:46:37+07:00,pengusul_47
ENT-00252,OPERATOR_KONTEN,PIC_UKE,2024-07-31T21:58:37+07:00,operator_konten_47
ENT-00252,PIC_UKE,TERVALIDASI,2024-09-08T13:06:15+07:00,pic_uke_47
ENT-00252,TERVALIDASI,PUBLISH,2025-01-09T15:26:56+07:00,operator_konten_47
ENT-00253,,DRAFT,2024-05-11T15:13:01+07:00,pengusul_00
ENT-00253,DRAFT,OPERATOR_KONTEN,2024-05-29T05:37:04+07:00,pengusul_00
ENT-00253,OPERATOR_KONTEN,PIC_UKE,2026-09-28T10:05:17+07:00,operator_konten_00
ENT-00254,,DRAFT,2024-05-11T15:35:36+07:00,pengusul_06
ENT-00254,DRAFT,OPERATOR_KONTEN,2025-12-31T06:31:02+07:00,pengusul_06
ENT-00254,OPERATOR_KONTEN,PIC_UKE,2026-09-17T12:49:06+07:00,operator_konten_06
ENT-00255,,DRAFT,2024-05-12T13:04:51+07:00,pengusul_66
ENT-00255,DRAFT,OPERATOR_KONTEN,2026-07-19T17:16:12+07:00,pengusul_66
ENT-00255,OPERATOR_KONTEN,PIC_UKE,2026-09-18T09:01:46+07:00,operator_konten_66
ENT-00256,,DRAFT,2024-05-12T13:52:10+07:00,pengusul_12
ENT-00256,DRAFT,OPERATOR_KONTEN,2024-06-21T02:43:44+07:00,pengusul_12
ENT-00256,OPERATOR_KONTEN,PIC_UKE,2024-08-12T11:44:28+07:00,operator_konten_12
ENT-00256,PIC_UKE,TERVALIDASI,2024-09-05T09:41:05+07:00,pic_uke_12
ENT-00256,TERVALIDASI,PUBLISH,2024-10-29T15:01:15+07:00,operator_konten_12
ENT-00257,,DRAFT,2024-05-12T14:21:08+07:00,pengusul_07
ENT-00257,DRAFT,OPERATOR_KONTEN,2024-07-22T22:11:58+07:00,pengusul_07
ENT-00257,OPERATOR_KONTEN,PIC_UKE,2024-08-21T04:26:35+07:00,operator_konten_07
ENT-00257,PIC_UKE,TERVALIDASI,2024-09-17T14:41:46+07:00,pic_uke_07
ENT-00257,TERVALIDASI,PUBLISH,2024-09-23T09:05:24+07:00,operator_konten_07
ENT-00258,,DRAFT,2024-05-13T12:11:28+07:00,pengusul_23
ENT-00258,DRAFT,OPERATOR_KONTEN,2024-11-12T08:09:25+07:00,pengusul_23
ENT-00258,OPERATOR_KONTEN,PIC_UKE,2026-09-23T11:18:53+07:00,operator_konten_23
ENT-00259,,DRAFT,2024-05-13T12:35:53+07:00,pengusul_13
ENT-00259,DRAFT,OPERATOR_KONTEN,2024-05-30T17:03:22+07:00,pengusul_13
ENT-00259,OPERATOR_KONTEN,PIC_UKE,2024-06-07T12:35:30+07:00,operator_konten_13
ENT-00259,PIC_UKE,TERVALIDASI,2024-06-10T06:13:31+07:00,pic_uke_13
ENT-00259,TERVALIDASI,PUBLISH,2024-07-05T14:15:01+07:00,operator_konten_13
ENT-00260,,DRAFT,2024-05-13T12:49:19+07:00,pengusul_07
ENT-00260,DRAFT,OPERATOR_KONTEN,2024-06-17T17:16:36+07:00,pengusul_07
ENT-00260,OPERATOR_KONTEN,PIC_UKE,2024-08-01T07:23:10+07:00,operator_konten_07
ENT-00260,PIC_UKE,TERVALIDASI,2024-08-22T04:52:36+07:00,pic_uke_07
ENT-00260,TERVALIDASI,PUBLISH,2024-08-26T08:51:15+07:00,operator_konten_07
ENT-00261,,DRAFT,2024-05-13T14:29:53+07:00,pengusul_07
ENT-00261,DRAFT,OPERATOR_KONTEN,2024-12-06T15:45:02+07:00,pengusul_07
ENT-00261,OPERATOR_KONTEN,PIC_UKE,2026-09-22T13:06:00+07:00,operator_konten_07
ENT-00262,,DRAFT,2024-05-14T11:49:48+07:00,pengusul_29
ENT-00262,DRAFT,OPERATOR_KONTEN,2024-11-03T17:22:15+07:00,pengusul_29
ENT-00262,OPERATOR_KONTEN,PIC_UKE,2024-11-06T09:35:06+07:00,operator_konten_29
ENT-00262,PIC_UKE,TERVALIDASI,2024-11-17T07:01:01+07:00,pic_uke_29
ENT-00262,TERVALIDASI,PUBLISH,2025-03-01T10:08:19+07:00,operator_konten_29
ENT-00263,,DRAFT,2024-05-14T12:11:59+07:00,pengusul_29
ENT-00263,DRAFT,OPERATOR_KONTEN,2026-05-18T18:20:05+07:00,pengusul_29
ENT-00263,OPERATOR_KONTEN,PIC_UKE,2026-10-06T13:31:07+07:00,operator_konten_29
ENT-00264,,DRAFT,2024-05-14T12:46:26+07:00,pengusul_49
ENT-00264,DRAFT,OPERATOR_KONTEN,2024-09-21T14:44:09+07:00,pengusul_49
ENT-00264,OPERATOR_KONTEN,PIC_UKE,2024-10-08T11:07:46+07:00,operator_konten_49
ENT-00264,PIC_UKE,TERVALIDASI,2024-10-16T02:53:29+07:00,pic_uke_49
ENT-00264,TERVALIDASI,PUBLISH,2024-11-05T11:28:44+07:00,operator_konten_49
ENT-00265,,DRAFT,2024-05-14T13:55:29+07:00,pengusul_31
ENT-00265,DRAFT,OPERATOR_KONTEN,2024-07-16T20:03:54+07:00,pengusul_31
ENT-00265,OPERATOR_KONTEN,PIC_UKE,2024-07-19T13:39:30+07:00,operator_konten_31
ENT-00265,PIC_UKE,TERVALIDASI,2024-07-28T11:13:58+07:00,pic_uke_31
ENT-00265,TERVALIDASI,PUBLISH,2024-08-03T12:12:14+07:00,operator_konten_31
ENT-00266,,DRAFT,2024-05-15T11:20:53+07:00,pengusul_67
ENT-00266,DRAFT,OPERATOR_KONTEN,2025-02-26T09:23:22+07:00,pengusul_67
ENT-00266,OPERATOR_KONTEN,PIC_UKE,2026-08-28T11:31:17+07:00,operator_konten_67
ENT-00267,,DRAFT,2024-05-15T12:57:50+07:00,pengusul_02
ENT-00267,DRAFT,OPERATOR_KONTEN,2024-09-25T05:27:48+07:00,pengusul_02
ENT-00267,OPERATOR_KONTEN,DITOLAK_OPERATOR,2026-03-20T08:27:01+07:00,operator_konten_02
ENT-00267,DITOLAK_OPERATOR,DRAFT,2026-10-01T11:39:50+07:00,pengusul_02
ENT-00268,,DRAFT,2024-05-16T08:21:08+07:00,pengusul_06
ENT-00268,DRAFT,OPERATOR_KONTEN,2024-05-16T23:40:54+07:00,pengusul_06
ENT-00268,OPERATOR_KONTEN,PIC_UKE,2024-05-17T08:56:46+07:00,operator_konten_06
ENT-00268,PIC_UKE,TERVALIDASI,2024-05-18T20:20:41+07:00,pic_uke_06
ENT-00268,TERVALIDASI,PUBLISH,2024-05-20T11:16:44+07:00,operator_konten_06
ENT-00269,,DRAFT,2024-05-16T10:28:33+07:00,pengusul_57
ENT-00269,DRAFT,OPERATOR_KONTEN,2024-10-01T18:03:17+07:00,pengusul_57
ENT-00269,OPERATOR_KONTEN,PIC_UKE,2026-06-04T18:21:49+07:00,operator_konten_57
ENT-00269,PIC_UKE,TERVALIDASI,2026-09-25T09:46:43+07:00,pic_uke_57
ENT-00270,,DRAFT,2024-05-16T11:27:44+07:00,pengusul_03
ENT-00270,DRAFT,OPERATOR_KONTEN,2024-06-16T06:47:41+07:00,pengusul_03
ENT-00270,OPERATOR_KONTEN,PIC_UKE,2026-09-15T05:05:51+07:00,operator_konten_03
ENT-00270,PIC_UKE,TERVALIDASI,2026-10-07T14:50:40+07:00,pic_uke_03
ENT-00271,,DRAFT,2024-05-16T15:15:12+07:00,pengusul_16
ENT-00271,DRAFT,OPERATOR_KONTEN,2024-05-31T13:02:29+07:00,pengusul_16
ENT-00271,OPERATOR_KONTEN,PIC_UKE,2024-07-18T03:54:40+07:00,operator_konten_16
ENT-00271,PIC_UKE,TERVALIDASI,2024-09-17T09:26:36+07:00,pic_uke_16
ENT-00271,TERVALIDASI,PUBLISH,2024-09-27T14:36:15+07:00,operator_konten_16
ENT-00272,,DRAFT,2024-05-17T08:36:14+07:00,pengusul_44
ENT-00272,DRAFT,OPERATOR_KONTEN,2025-12-17T02:48:29+07:00,pengusul_44
ENT-00272,OPERATOR_KONTEN,PIC_UKE,2026-10-05T10:47:33+07:00,operator_konten_44
ENT-00273,,DRAFT,2024-05-17T09:31:50+07:00,pengusul_67
ENT-00273,DRAFT,OPERATOR_KONTEN,2025-08-26T13:23:28+07:00,pengusul_67
ENT-00273,OPERATOR_KONTEN,PIC_UKE,2026-09-22T11:13:11+07:00,operator_konten_67
ENT-00274,,DRAFT,2024-05-17T09:33:38+07:00,pengusul_12
ENT-00274,DRAFT,OPERATOR_KONTEN,2026-02-15T00:14:24+07:00,pengusul_12
ENT-00274,OPERATOR_KONTEN,PIC_UKE,2026-09-04T15:46:10+07:00,operator_konten_12
ENT-00275,,DRAFT,2024-05-17T10:03:03+07:00,pengusul_21
ENT-00275,DRAFT,OPERATOR_KONTEN,2024-05-31T19:52:05+07:00,pengusul_21
ENT-00275,OPERATOR_KONTEN,PIC_UKE,2024-08-05T04:08:11+07:00,operator_konten_21
ENT-00275,PIC_UKE,TERVALIDASI,2024-08-27T14:46:44+07:00,pic_uke_21
ENT-00275,TERVALIDASI,PUBLISH,2024-09-08T16:08:41+07:00,operator_konten_21
ENT-00276,,DRAFT,2024-05-17T12:24:44+07:00,pengusul_07
ENT-00276,DRAFT,OPERATOR_KONTEN,2024-08-28T16:26:43+07:00,pengusul_07
ENT-00276,OPERATOR_KONTEN,PIC_UKE,2024-08-31T12:30:43+07:00,operator_konten_07
ENT-00276,PIC_UKE,TERVALIDASI,2024-09-06T00:26:31+07:00,pic_uke_07
ENT-00276,TERVALIDASI,PUBLISH,2024-10-20T08:16:27+07:00,operator_konten_07
ENT-00277,,DRAFT,2024-05-17T16:12:32+07:00,pengusul_16
ENT-00277,DRAFT,OPERATOR_KONTEN,2024-06-16T12:02:30+07:00,pengusul_16
ENT-00277,OPERATOR_KONTEN,PIC_UKE,2024-07-15T03:26:13+07:00,operator_konten_16
ENT-00277,PIC_UKE,TERVALIDASI,2024-08-07T20:20:49+07:00,pic_uke_16
ENT-00277,TERVALIDASI,PUBLISH,2024-08-24T16:11:33+07:00,operator_konten_16
ENT-00278,,DRAFT,2024-05-18T10:46:58+07:00,pengusul_27
ENT-00278,DRAFT,OPERATOR_KONTEN,2024-06-26T21:33:31+07:00,pengusul_27
ENT-00278,OPERATOR_KONTEN,PIC_UKE,2024-07-03T05:55:06+07:00,operator_konten_27
ENT-00278,PIC_UKE,TERVALIDASI,2024-08-08T03:01:30+07:00,pic_uke_27
ENT-00278,TERVALIDASI,PUBLISH,2024-10-13T09:51:25+07:00,operator_konten_27
ENT-00279,,DRAFT,2024-05-18T11:13:12+07:00,pengusul_11
ENT-00279,DRAFT,OPERATOR_KONTEN,2026-10-06T13:01:47+07:00,pengusul_11
ENT-00280,,DRAFT,2024-05-18T12:30:09+07:00,pengusul_24
ENT-00280,DRAFT,OPERATOR_KONTEN,2025-04-25T19:40:19+07:00,pengusul_24
ENT-00280,OPERATOR_KONTEN,PIC_UKE,2026-08-11T07:09:08+07:00,operator_konten_24
ENT-00280,PIC_UKE,TERVALIDASI,2026-09-30T11:19:35+07:00,pic_uke_24
ENT-00281,,DRAFT,2024-05-18T12:41:32+07:00,pengusul_06
ENT-00281,DRAFT,OPERATOR_KONTEN,2024-08-21T12:44:43+07:00,pengusul_06
ENT-00281,OPERATOR_KONTEN,PIC_UKE,2026-07-16T09:26:18+07:00,operator_konten_06
ENT-00281,PIC_UKE,TERVALIDASI,2026-10-06T16:57:00+07:00,pic_uke_06
ENT-00282,,DRAFT,2024-05-18T13:24:26+07:00,pengusul_01
ENT-00282,DRAFT,OPERATOR_KONTEN,2026-06-26T13:53:18+07:00,pengusul_01
ENT-00282,OPERATOR_KONTEN,PIC_UKE,2026-10-08T09:00:28+07:00,operator_konten_01
ENT-00283,,DRAFT,2024-05-18T14:24:13+07:00,pengusul_68
ENT-00283,DRAFT,OPERATOR_KONTEN,2026-01-06T18:04:15+07:00,pengusul_68
ENT-00283,OPERATOR_KONTEN,PIC_UKE,2026-09-25T14:36:01+07:00,operator_konten_68
ENT-00284,,DRAFT,2024-05-19T13:33:27+07:00,pengusul_47
ENT-00284,DRAFT,OPERATOR_KONTEN,2025-07-09T08:04:31+07:00,pengusul_47
ENT-00284,OPERATOR_KONTEN,PIC_UKE,2026-10-05T14:44:43+07:00,operator_konten_47
ENT-00285,,DRAFT,2024-05-19T16:33:02+07:00,pengusul_14
ENT-00285,DRAFT,OPERATOR_KONTEN,2024-06-03T10:22:23+07:00,pengusul_14
ENT-00285,OPERATOR_KONTEN,PIC_UKE,2024-09-25T00:38:21+07:00,operator_konten_14
ENT-00285,PIC_UKE,TERVALIDASI,2024-10-18T06:37:52+07:00,pic_uke_14
ENT-00285,TERVALIDASI,PUBLISH,2024-11-13T16:19:21+07:00,operator_konten_14
ENT-00286,,DRAFT,2024-05-19T16:47:42+07:00,pengusul_31
ENT-00286,DRAFT,OPERATOR_KONTEN,2026-02-11T03:48:16+07:00,pengusul_31
ENT-00286,OPERATOR_KONTEN,PIC_UKE,2026-10-06T10:41:08+07:00,operator_konten_31
ENT-00287,,DRAFT,2024-05-20T09:07:04+07:00,pengusul_15
ENT-00287,DRAFT,OPERATOR_KONTEN,2024-07-25T20:13:37+07:00,pengusul_15
ENT-00287,OPERATOR_KONTEN,PIC_UKE,2024-07-26T18:42:52+07:00,operator_konten_15
ENT-00287,PIC_UKE,TERVALIDASI,2024-07-28T11:54:55+07:00,pic_uke_15
ENT-00287,TERVALIDASI,PUBLISH,2024-08-08T11:04:59+07:00,operator_konten_15
ENT-00288,,DRAFT,2024-05-20T10:07:17+07:00,pengusul_47
ENT-00288,DRAFT,OPERATOR_KONTEN,2026-07-23T06:51:53+07:00,pengusul_47
ENT-00288,OPERATOR_KONTEN,PIC_UKE,2026-09-24T08:24:20+07:00,operator_konten_47
ENT-00289,,DRAFT,2024-05-20T11:15:57+07:00,pengusul_17
ENT-00289,DRAFT,OPERATOR_KONTEN,2024-07-21T06:11:18+07:00,pengusul_17
ENT-00289,OPERATOR_KONTEN,PIC_UKE,2024-07-28T11:19:25+07:00,operator_konten_17
ENT-00289,PIC_UKE,TERVALIDASI,2024-10-31T00:31:12+07:00,pic_uke_17
ENT-00289,TERVALIDASI,PUBLISH,2024-12-27T09:25:53+07:00,operator_konten_17
ENT-00290,,DRAFT,2024-05-20T13:51:00+07:00,pengusul_50
ENT-00290,DRAFT,OPERATOR_KONTEN,2024-06-18T03:43:01+07:00,pengusul_50
ENT-00290,OPERATOR_KONTEN,PIC_UKE,2024-08-23T13:20:35+07:00,operator_konten_50
ENT-00290,PIC_UKE,TERVALIDASI,2024-08-26T12:32:05+07:00,pic_uke_50
ENT-00290,TERVALIDASI,PUBLISH,2024-09-03T09:16:19+07:00,operator_konten_50
ENT-00291,,DRAFT,2024-05-20T14:18:06+07:00,pengusul_51
ENT-00291,DRAFT,OPERATOR_KONTEN,2025-10-30T23:18:45+07:00,pengusul_51
ENT-00291,OPERATOR_KONTEN,PIC_UKE,2026-09-25T11:29:50+07:00,operator_konten_51
ENT-00292,,DRAFT,2024-05-20T14:52:09+07:00,pengusul_00
ENT-00292,DRAFT,OPERATOR_KONTEN,2024-06-08T12:46:51+07:00,pengusul_00
ENT-00292,OPERATOR_KONTEN,PIC_UKE,2024-07-09T09:32:16+07:00,operator_konten_00
ENT-00292,PIC_UKE,TERVALIDASI,2024-11-20T15:18:32+07:00,pic_uke_00
ENT-00292,TERVALIDASI,PUBLISH,2024-12-31T16:56:29+07:00,operator_konten_00
ENT-00293,,DRAFT,2024-05-20T16:30:20+07:00,pengusul_50
ENT-00293,DRAFT,OPERATOR_KONTEN,2024-05-27T10:22:04+07:00,pengusul_50
ENT-00293,OPERATOR_KONTEN,PIC_UKE,2024-06-15T03:28:46+07:00,operator_konten_50
ENT-00293,PIC_UKE,TERVALIDASI,2024-06-15T09:47:51+07:00,pic_uke_50
ENT-00293,TERVALIDASI,PUBLISH,2024-06-21T08:35:15+07:00,operator_konten_50
ENT-00294,,DRAFT,2024-05-21T11:03:06+07:00,pengusul_69
ENT-00294,DRAFT,OPERATOR_KONTEN,2026-09-30T15:43:57+07:00,pengusul_69
ENT-00295,,DRAFT,2024-05-21T12:00:46+07:00,pengusul_42
ENT-00295,DRAFT,OPERATOR_KONTEN,2024-06-18T10:23:47+07:00,pengusul_42
ENT-00295,OPERATOR_KONTEN,PIC_UKE,2024-10-11T16:30:20+07:00,operator_konten_42
ENT-00295,PIC_UKE,TERVALIDASI,2025-01-07T16:21:33+07:00,pic_uke_42
ENT-00295,TERVALIDASI,PUBLISH,2025-03-03T10:14:48+07:00,operator_konten_42
ENT-00296,,DRAFT,2024-05-21T13:36:23+07:00,pengusul_63
ENT-00296,DRAFT,OPERATOR_KONTEN,2024-11-17T13:47:53+07:00,pengusul_63
ENT-00296,OPERATOR_KONTEN,PIC_UKE,2025-01-18T21:19:44+07:00,operator_konten_63
ENT-00296,PIC_UKE,TERVALIDASI,2026-09-30T16:18:26+07:00,pic_uke_63
ENT-00297,,DRAFT,2024-05-21T14:45:34+07:00,pengusul_34
ENT-00297,DRAFT,OPERATOR_KONTEN,2024-12-21T03:46:11+07:00,pengusul_34
ENT-00297,OPERATOR_KONTEN,PIC_UKE,2026-09-15T08:34:04+07:00,operator_konten_34
ENT-00298,,DRAFT,2024-05-22T09:58:44+07:00,pengusul_04
ENT-00298,DRAFT,OPERATOR_KONTEN,2025-07-26T00:54:17+07:00,pengusul_04
ENT-00298,OPERATOR_KONTEN,PIC_UKE,2026-09-17T14:30:00+07:00,operator_konten_04
ENT-00299,,DRAFT,2024-05-22T11:34:11+07:00,pengusul_16
ENT-00299,DRAFT,OPERATOR_KONTEN,2024-10-02T22:58:56+07:00,pengusul_16
ENT-00299,OPERATOR_KONTEN,PIC_UKE,2025-10-12T11:12:21+07:00,operator_konten_16
ENT-00299,PIC_UKE,TERVALIDASI,2026-09-28T11:05:19+07:00,pic_uke_16
ENT-00300,,DRAFT,2024-05-22T14:03:07+07:00,pengusul_03
ENT-00300,DRAFT,OPERATOR_KONTEN,2026-05-19T15:04:58+07:00,pengusul_03
ENT-00300,OPERATOR_KONTEN,PIC_UKE,2026-10-02T13:04:47+07:00,operator_konten_03
ENT-00301,,DRAFT,2024-05-22T15:41:44+07:00,pengusul_68
ENT-00301,DRAFT,OPERATOR_KONTEN,2024-07-03T03:40:55+07:00,pengusul_68
ENT-00301,OPERATOR_KONTEN,PIC_UKE,2026-09-23T12:55:53+07:00,operator_konten_68
ENT-00302,,DRAFT,2024-05-22T16:30:28+07:00,pengusul_29
ENT-00302,DRAFT,OPERATOR_KONTEN,2024-06-09T13:32:23+07:00,pengusul_29
ENT-00302,OPERATOR_KONTEN,PIC_UKE,2026-09-03T11:36:55+07:00,operator_konten_29
ENT-00303,,DRAFT,2024-05-23T10:58:52+07:00,pengusul_07
ENT-00303,DRAFT,OPERATOR_KONTEN,2024-09-02T12:45:47+07:00,pengusul_07
ENT-00303,OPERATOR_KONTEN,PIC_UKE,2024-09-17T15:54:02+07:00,operator_konten_07
ENT-00303,PIC_UKE,TERVALIDASI,2024-10-15T09:49:03+07:00,pic_uke_07
ENT-00303,TERVALIDASI,PUBLISH,2024-12-16T12:23:13+07:00,operator_konten_07
ENT-00304,,DRAFT,2024-05-23T12:02:59+07:00,pengusul_63
ENT-00304,DRAFT,OPERATOR_KONTEN,2024-09-04T09:40:54+07:00,pengusul_63
ENT-00304,OPERATOR_KONTEN,PIC_UKE,2026-09-25T14:15:24+07:00,operator_konten_63
ENT-00305,,DRAFT,2024-05-24T09:56:04+07:00,pengusul_03
ENT-00305,DRAFT,OPERATOR_KONTEN,2024-06-06T05:17:07+07:00,pengusul_03
ENT-00305,OPERATOR_KONTEN,PIC_UKE,2024-06-22T05:18:33+07:00,operator_konten_03
ENT-00305,PIC_UKE,TERVALIDASI,2024-07-04T18:34:04+07:00,pic_uke_03
ENT-00305,TERVALIDASI,PUBLISH,2024-08-13T10:56:01+07:00,operator_konten_03
ENT-00306,,DRAFT,2024-05-24T10:15:30+07:00,pengusul_20
ENT-00306,DRAFT,OPERATOR_KONTEN,2025-07-21T13:29:40+07:00,pengusul_20
ENT-00306,OPERATOR_KONTEN,PIC_UKE,2026-10-02T10:06:43+07:00,operator_konten_20
ENT-00307,,DRAFT,2024-05-24T14:45:16+07:00,pengusul_30
ENT-00307,DRAFT,OPERATOR_KONTEN,2024-06-03T17:09:50+07:00,pengusul_30
ENT-00307,OPERATOR_KONTEN,PIC_UKE,2024-06-05T17:29:02+07:00,operator_konten_30
ENT-00307,PIC_UKE,TERVALIDASI,2024-07-01T08:40:36+07:00,pic_uke_30
ENT-00307,TERVALIDASI,PUBLISH,2024-07-21T14:21:23+07:00,operator_konten_30
ENT-00308,,DRAFT,2024-05-25T10:44:52+07:00,pengusul_47
ENT-00308,DRAFT,OPERATOR_KONTEN,2026-05-02T04:05:32+07:00,pengusul_47
ENT-00308,OPERATOR_KONTEN,PIC_UKE,2026-10-07T14:11:14+07:00,operator_konten_47
ENT-00309,,DRAFT,2024-05-25T15:43:38+07:00,pengusul_47
ENT-00309,DRAFT,OPERATOR_KONTEN,2024-06-04T18:49:41+07:00,pengusul_47
ENT-00309,OPERATOR_KONTEN,PIC_UKE,2024-06-07T08:03:14+07:00,operator_konten_47
ENT-00309,PIC_UKE,TERVALIDASI,2024-06-20T06:35:34+07:00,pic_uke_47
ENT-00309,TERVALIDASI,PUBLISH,2024-06-27T10:50:42+07:00,operator_konten_47
ENT-00310,,DRAFT,2024-05-26T13:58:05+07:00,pengusul_31
ENT-00310,DRAFT,OPERATOR_KONTEN,2024-10-12T12:19:22+07:00,pengusul_31
ENT-00310,OPERATOR_KONTEN,PIC_UKE,2026-10-07T16:27:02+07:00,operator_konten_31
ENT-00311,,DRAFT,2024-05-27T09:54:01+07:00,pengusul_69
ENT-00311,DRAFT,OPERATOR_KONTEN,2024-06-02T03:35:04+07:00,pengusul_69
ENT-00311,OPERATOR_KONTEN,PIC_UKE,2024-06-06T23:42:58+07:00,operator_konten_69
ENT-00311,PIC_UKE,TERVALIDASI,2024-06-16T02:16:36+07:00,pic_uke_69
ENT-00311,TERVALIDASI,PUBLISH,2024-06-22T09:27:25+07:00,operator_konten_69
ENT-00312,,DRAFT,2024-05-27T10:39:01+07:00,pengusul_04
ENT-00312,DRAFT,OPERATOR_KONTEN,2026-08-09T01:55:01+07:00,pengusul_04
ENT-00312,OPERATOR_KONTEN,PIC_UKE,2026-09-10T10:01:31+07:00,operator_konten_04
ENT-00313,,DRAFT,2024-05-27T11:25:47+07:00,pengusul_06
ENT-00313,DRAFT,OPERATOR_KONTEN,2024-08-02T12:01:23+07:00,pengusul_06
ENT-00313,OPERATOR_KONTEN,PIC_UKE,2024-08-05T16:12:41+07:00,operator_konten_06
ENT-00313,PIC_UKE,TERVALIDASI,2024-12-06T15:50:24+07:00,pic_uke_06
ENT-00313,TERVALIDASI,PUBLISH,2024-12-21T16:31:33+07:00,operator_konten_06
ENT-00314,,DRAFT,2024-05-27T14:04:55+07:00,pengusul_07
ENT-00314,DRAFT,OPERATOR_KONTEN,2024-10-09T05:50:31+07:00,pengusul_07
ENT-00314,OPERATOR_KONTEN,PIC_UKE,2024-11-28T16:55:48+07:00,operator_konten_07
ENT-00314,PIC_UKE,TERVALIDASI,2025-01-18T20:40:29+07:00,pic_uke_07
ENT-00314,TERVALIDASI,PUBLISH,2025-02-11T13:07:33+07:00,operator_konten_07
ENT-00315,,DRAFT,2024-05-27T15:01:56+07:00,pengusul_63
ENT-00315,DRAFT,OPERATOR_KONTEN,2024-06-05T10:31:56+07:00,pengusul_63
ENT-00315,OPERATOR_KONTEN,PIC_UKE,2024-06-06T03:40:36+07:00,operator_konten_63
ENT-00315,PIC_UKE,TERVALIDASI,2024-06-18T17:15:26+07:00,pic_uke_63
ENT-00315,TERVALIDASI,PUBLISH,2024-06-19T15:52:13+07:00,operator_konten_63
ENT-00316,,DRAFT,2024-05-27T15:17:44+07:00,pengusul_47
ENT-00316,DRAFT,OPERATOR_KONTEN,2024-06-08T12:14:53+07:00,pengusul_47
ENT-00316,OPERATOR_KONTEN,PIC_UKE,2024-06-23T06:56:29+07:00,operator_konten_47
ENT-00316,PIC_UKE,TERVALIDASI,2024-06-27T16:47:36+07:00,pic_uke_47
ENT-00316,TERVALIDASI,PUBLISH,2024-07-18T09:13:14+07:00,operator_konten_47
ENT-00317,,DRAFT,2024-05-27T15:50:09+07:00,pengusul_54
ENT-00317,DRAFT,OPERATOR_KONTEN,2026-10-07T16:37:16+07:00,pengusul_54
ENT-00318,,DRAFT,2024-05-28T08:32:29+07:00,pengusul_04
ENT-00318,DRAFT,OPERATOR_KONTEN,2024-08-25T00:16:25+07:00,pengusul_04
ENT-00318,OPERATOR_KONTEN,PIC_UKE,2026-09-28T16:37:25+07:00,operator_konten_04
ENT-00319,,DRAFT,2024-05-28T08:37:26+07:00,pengusul_62
ENT-00319,DRAFT,OPERATOR_KONTEN,2026-01-10T19:44:12+07:00,pengusul_62
ENT-00319,OPERATOR_KONTEN,PIC_UKE,2026-01-26T11:25:44+07:00,operator_konten_62
ENT-00319,PIC_UKE,TERVALIDASI,2026-09-24T15:05:48+07:00,pic_uke_62
ENT-00320,,DRAFT,2024-05-28T10:28:17+07:00,pengusul_09
ENT-00320,DRAFT,OPERATOR_KONTEN,2024-06-30T00:09:05+07:00,pengusul_09
ENT-00320,OPERATOR_KONTEN,PIC_UKE,2024-06-30T23:39:59+07:00,operator_konten_09
ENT-00320,PIC_UKE,TERVALIDASI,2024-09-01T05:37:53+07:00,pic_uke_09
ENT-00320,TERVALIDASI,PUBLISH,2024-09-03T11:42:38+07:00,operator_konten_09
ENT-00321,,DRAFT,2024-05-28T11:04:02+07:00,pengusul_30
ENT-00321,DRAFT,OPERATOR_KONTEN,2024-06-15T11:12:52+07:00,pengusul_30
ENT-00321,OPERATOR_KONTEN,PIC_UKE,2024-11-19T16:45:59+07:00,operator_konten_30
ENT-00321,PIC_UKE,TERVALIDASI,2024-11-22T12:17:25+07:00,pic_uke_30
ENT-00321,TERVALIDASI,PUBLISH,2024-12-01T16:04:12+07:00,operator_konten_30
ENT-00322,,DRAFT,2024-05-28T12:21:03+07:00,pengusul_39
ENT-00322,DRAFT,OPERATOR_KONTEN,2024-07-12T12:09:31+07:00,pengusul_39
ENT-00322,OPERATOR_KONTEN,PIC_UKE,2024-08-31T03:44:17+07:00,operator_konten_39
ENT-00322,PIC_UKE,TERVALIDASI,2024-09-18T07:52:35+07:00,pic_uke_39
ENT-00322,TERVALIDASI,PUBLISH,2024-10-09T15:48:05+07:00,operator_konten_39
ENT-00323,,DRAFT,2024-05-28T15:17:05+07:00,pengusul_18
ENT-00323,DRAFT,OPERATOR_KONTEN,2024-06-11T00:43:02+07:00,pengusul_18
ENT-00323,OPERATOR_KONTEN,PIC_UKE,2024-06-18T12:24:16+07:00,operator_konten_18
ENT-00323,PIC_UKE,TERVALIDASI,2024-06-26T05:48:22+07:00,pic_uke_18
ENT-00323,TERVALIDASI,PUBLISH,2024-06-30T12:38:17+07:00,operator_konten_18
ENT-00324,,DRAFT,2024-05-29T12:53:41+07:00,pengusul_57
ENT-00324,DRAFT,OPERATOR_KONTEN,2024-08-05T03:46:49+07:00,pengusul_57
ENT-00324,OPERATOR_KONTEN,PIC_UKE,2024-08-14T16:55:27+07:00,operator_konten_57
ENT-00324,PIC_UKE,TERVALIDASI,2024-08-15T03:50:05+07:00,pic_uke_57
ENT-00324,TERVALIDASI,PUBLISH,2024-08-31T16:59:17+07:00,operator_konten_57
ENT-00325,,DRAFT,2024-05-29T16:40:06+07:00,pengusul_67
ENT-00325,DRAFT,OPERATOR_KONTEN,2024-07-15T04:23:44+07:00,pengusul_67
ENT-00325,OPERATOR_KONTEN,PIC_UKE,2024-10-14T21:17:57+07:00,operator_konten_67
ENT-00325,PIC_UKE,TERVALIDASI,2024-10-20T20:14:42+07:00,pic_uke_67
ENT-00325,TERVALIDASI,PUBLISH,2024-11-05T09:31:54+07:00,operator_konten_67
ENT-00326,,DRAFT,2024-05-30T10:34:27+07:00,pengusul_43
ENT-00326,DRAFT,OPERATOR_KONTEN,2025-05-16T01:07:38+07:00,pengusul_43
ENT-00326,OPERATOR_KONTEN,PIC_UKE,2026-10-05T09:52:08+07:00,operator_konten_43
ENT-00327,,DRAFT,2024-05-30T12:42:42+07:00,pengusul_37
ENT-00327,DRAFT,OPERATOR_KONTEN,2024-07-24T14:12:05+07:00,pengusul_37
ENT-00327,OPERATOR_KONTEN,PIC_UKE,2024-09-17T00:29:05+07:00,operator_konten_37
ENT-00327,PIC_UKE,TERVALIDASI,2024-09-30T02:23:09+07:00,pic_uke_37
ENT-00327,TERVALIDASI,PUBLISH,2024-10-05T12:47:31+07:00,operator_konten_37
ENT-00328,,DRAFT,2024-05-30T14:00:16+07:00,pengusul_66
ENT-00328,DRAFT,OPERATOR_KONTEN,2025-10-02T18:28:35+07:00,pengusul_66
ENT-00328,OPERATOR_KONTEN,PIC_UKE,2026-07-28T12:18:34+07:00,operator_konten_66
ENT-00329,,DRAFT,2024-05-30T14:57:56+07:00,pengusul_06
ENT-00329,DRAFT,OPERATOR_KONTEN,2024-08-14T06:52:55+07:00,pengusul_06
ENT-00329,OPERATOR_KONTEN,PIC_UKE,2024-08-14T16:12:19+07:00,operator_konten_06
ENT-00329,PIC_UKE,TERVALIDASI,2024-09-16T05:31:26+07:00,pic_uke_06
ENT-00329,TERVALIDASI,PUBLISH,2024-10-25T08:21:55+07:00,operator_konten_06
ENT-00330,,DRAFT,2024-05-31T08:26:17+07:00,pengusul_61
ENT-00330,DRAFT,OPERATOR_KONTEN,2025-02-09T08:03:17+07:00,pengusul_61
ENT-00330,OPERATOR_KONTEN,PIC_UKE,2026-09-24T13:57:28+07:00,operator_konten_61
ENT-00331,,DRAFT,2024-05-31T10:44:52+07:00,pengusul_18
ENT-00331,DRAFT,OPERATOR_KONTEN,2024-07-21T02:43:26+07:00,pengusul_18
ENT-00331,OPERATOR_KONTEN,PIC_UKE,2024-09-21T10:29:29+07:00,operator_konten_18
ENT-00331,PIC_UKE,TERVALIDASI,2024-10-05T03:11:21+07:00,pic_uke_18
ENT-00331,TERVALIDASI,PUBLISH,2024-10-20T11:15:09+07:00,operator_konten_18
ENT-00332,,DRAFT,2024-05-31T12:20:29+07:00,pengusul_32
ENT-00332,DRAFT,OPERATOR_KONTEN,2025-10-19T06:37:46+07:00,pengusul_32
ENT-00332,OPERATOR_KONTEN,PIC_UKE,2026-10-05T13:06:53+07:00,operator_konten_32
ENT-00333,,DRAFT,2024-05-31T13:08:07+07:00,pengusul_32
ENT-00333,DRAFT,OPERATOR_KONTEN,2024-06-20T21:28:06+07:00,pengusul_32
ENT-00333,OPERATOR_KONTEN,PIC_UKE,2024-09-21T19:14:39+07:00,operator_konten_32
ENT-00333,PIC_UKE,TERVALIDASI,2025-01-17T12:21:38+07:00,pic_uke_32
ENT-00333,TERVALIDASI,PUBLISH,2025-03-15T10:21:59+07:00,operator_konten_32
ENT-00334,,DRAFT,2024-06-01T09:36:00+07:00,pengusul_24
ENT-00334,DRAFT,OPERATOR_KONTEN,2026-09-28T14:07:49+07:00,pengusul_24
ENT-00335,,DRAFT,2024-06-01T10:03:37+07:00,pengusul_06
ENT-00335,DRAFT,OPERATOR_KONTEN,2024-07-20T16:04:53+07:00,pengusul_06
ENT-00335,OPERATOR_KONTEN,PIC_UKE,2024-08-23T22:02:06+07:00,operator_konten_06
ENT-00335,PIC_UKE,TERVALIDASI,2024-10-20T22:37:43+07:00,pic_uke_06
ENT-00335,TERVALIDASI,PUBLISH,2024-11-05T09:44:26+07:00,operator_konten_06
ENT-00336,,DRAFT,2024-06-01T11:24:44+07:00,pengusul_02
ENT-00336,DRAFT,OPERATOR_KONTEN,2025-10-22T07:07:04+07:00,pengusul_02
ENT-00336,OPERATOR_KONTEN,DITOLAK_OPERATOR,2025-12-05T21:38:16+07:00,operator_konten_02
ENT-00336,DITOLAK_OPERATOR,DRAFT,2026-09-18T08:57:44+07:00,pengusul_02
ENT-00337,,DRAFT,2024-06-01T13:49:35+07:00,pengusul_36
ENT-00337,DRAFT,OPERATOR_KONTEN,2024-06-12T02:07:07+07:00,pengusul_36
ENT-00337,OPERATOR_KONTEN,PIC_UKE,2024-06-19T00:47:34+07:00,operator_konten_36
ENT-00337,PIC_UKE,TERVALIDASI,2024-07-06T10:24:43+07:00,pic_uke_36
ENT-00337,TERVALIDASI,PUBLISH,2024-07-29T12:24:12+07:00,operator_konten_36
ENT-00338,,DRAFT,2024-06-01T14:45:46+07:00,pengusul_30
ENT-00338,DRAFT,OPERATOR_KONTEN,2024-07-05T02:41:49+07:00,pengusul_30
ENT-00338,OPERATOR_KONTEN,PIC_UKE,2024-08-03T03:13:12+07:00,operator_konten_30
ENT-00338,PIC_UKE,TERVALIDASI,2024-09-21T09:13:38+07:00,pic_uke_30
ENT-00338,TERVALIDASI,PUBLISH,2024-10-17T10:28:08+07:00,operator_konten_30
ENT-00339,,DRAFT,2024-06-01T16:04:23+07:00,pengusul_59
ENT-00339,DRAFT,OPERATOR_KONTEN,2024-09-04T11:05:13+07:00,pengusul_59
ENT-00339,OPERATOR_KONTEN,PIC_UKE,2024-09-10T19:41:06+07:00,operator_konten_59
ENT-00339,PIC_UKE,TERVALIDASI,2024-09-13T22:56:08+07:00,pic_uke_59
ENT-00339,TERVALIDASI,PUBLISH,2024-10-09T10:03:51+07:00,operator_konten_59
ENT-00340,,DRAFT,2024-06-01T16:27:02+07:00,pengusul_21
ENT-00340,DRAFT,OPERATOR_KONTEN,2024-06-17T13:05:35+07:00,pengusul_21
ENT-00340,OPERATOR_KONTEN,PIC_UKE,2024-06-24T03:50:17+07:00,operator_konten_21
ENT-00340,PIC_UKE,TERVALIDASI,2024-06-27T10:25:45+07:00,pic_uke_21
ENT-00340,TERVALIDASI,PUBLISH,2024-07-26T10:30:31+07:00,operator_konten_21
ENT-00341,,DRAFT,2024-06-02T13:56:43+07:00,pengusul_70
ENT-00341,DRAFT,OPERATOR_KONTEN,2024-07-16T08:47:12+07:00,pengusul_70
ENT-00341,OPERATOR_KONTEN,PIC_UKE,2024-07-31T22:59:46+07:00,operator_konten_70
ENT-00341,PIC_UKE,TERVALIDASI,2024-09-06T19:16:41+07:00,pic_uke_70
ENT-00341,TERVALIDASI,PUBLISH,2024-10-17T12:33:16+07:00,operator_konten_70
ENT-00342,,DRAFT,2024-06-02T15:35:29+07:00,pengusul_08
ENT-00342,DRAFT,OPERATOR_KONTEN,2024-08-01T09:36:53+07:00,pengusul_08
ENT-00342,OPERATOR_KONTEN,PIC_UKE,2024-10-10T15:32:07+07:00,operator_konten_08
ENT-00342,PIC_UKE,TERVALIDASI,2024-10-15T19:18:10+07:00,pic_uke_08
ENT-00342,TERVALIDASI,PUBLISH,2024-12-21T08:00:33+07:00,operator_konten_08
ENT-00343,,DRAFT,2024-06-02T16:05:46+07:00,pengusul_45
ENT-00343,DRAFT,OPERATOR_KONTEN,2026-03-07T09:34:41+07:00,pengusul_45
ENT-00343,OPERATOR_KONTEN,PIC_UKE,2026-10-08T13:27:44+07:00,operator_konten_45
ENT-00344,,DRAFT,2024-06-03T08:14:41+07:00,pengusul_39
ENT-00344,DRAFT,OPERATOR_KONTEN,2024-08-26T00:01:08+07:00,pengusul_39
ENT-00344,OPERATOR_KONTEN,PIC_UKE,2024-09-30T02:09:09+07:00,operator_konten_39
ENT-00344,PIC_UKE,TERVALIDASI,2025-02-19T15:46:47+07:00,pic_uke_39
ENT-00344,TERVALIDASI,PUBLISH,2025-03-09T15:00:52+07:00,operator_konten_39
ENT-00345,,DRAFT,2024-06-03T13:02:21+07:00,pengusul_62
ENT-00345,DRAFT,OPERATOR_KONTEN,2024-10-23T19:55:52+07:00,pengusul_62
ENT-00345,OPERATOR_KONTEN,PIC_UKE,2024-10-30T06:16:48+07:00,operator_konten_62
ENT-00345,PIC_UKE,TERVALIDASI,2025-01-13T20:49:11+07:00,pic_uke_62
ENT-00345,TERVALIDASI,PUBLISH,2025-02-17T10:49:13+07:00,operator_konten_62
ENT-00346,,DRAFT,2024-06-04T09:47:27+07:00,pengusul_07
ENT-00346,DRAFT,OPERATOR_KONTEN,2024-06-04T16:06:00+07:00,pengusul_07
ENT-00346,OPERATOR_KONTEN,PIC_UKE,2024-06-05T02:33:08+07:00,operator_konten_07
ENT-00346,PIC_UKE,TERVALIDASI,2024-06-06T10:24:54+07:00,pic_uke_07
ENT-00346,TERVALIDASI,PUBLISH,2024-06-07T16:30:01+07:00,operator_konten_07
ENT-00347,,DRAFT,2024-06-04T11:53:40+07:00,pengusul_55
ENT-00347,DRAFT,OPERATOR_KONTEN,2024-06-09T13:35:27+07:00,pengusul_55
ENT-00347,OPERATOR_KONTEN,PIC_UKE,2024-07-01T20:25:11+07:00,operator_konten_55
ENT-00347,PIC_UKE,TERVALIDASI,2024-07-16T14:57:16+07:00,pic_uke_55
ENT-00347,TERVALIDASI,PUBLISH,2024-07-22T11:12:03+07:00,operator_konten_55
ENT-00348,,DRAFT,2024-06-04T13:39:13+07:00,pengusul_53
ENT-00348,DRAFT,OPERATOR_KONTEN,2024-06-21T17:25:25+07:00,pengusul_53
ENT-00348,OPERATOR_KONTEN,PIC_UKE,2024-07-29T18:03:07+07:00,operator_konten_53
ENT-00348,PIC_UKE,TERVALIDASI,2024-11-12T00:33:03+07:00,pic_uke_53
ENT-00348,TERVALIDASI,PUBLISH,2025-02-04T11:24:12+07:00,operator_konten_53
ENT-00349,,DRAFT,2024-06-04T13:54:13+07:00,pengusul_67
ENT-00349,DRAFT,OPERATOR_KONTEN,2026-09-24T10:01:19+07:00,pengusul_67
ENT-00350,,DRAFT,2024-06-04T15:59:42+07:00,pengusul_06
ENT-00350,DRAFT,OPERATOR_KONTEN,2024-09-25T07:09:51+07:00,pengusul_06
ENT-00350,OPERATOR_KONTEN,PIC_UKE,2024-10-12T09:18:58+07:00,operator_konten_06
ENT-00350,PIC_UKE,TERVALIDASI,2024-10-26T16:17:17+07:00,pic_uke_06
ENT-00350,TERVALIDASI,PUBLISH,2025-03-16T16:59:22+07:00,operator_konten_06
ENT-00351,,DRAFT,2024-06-04T16:35:22+07:00,pengusul_65
ENT-00351,DRAFT,OPERATOR_KONTEN,2024-11-12T02:25:23+07:00,pengusul_65
ENT-00351,OPERATOR_KONTEN,PIC_UKE,2025-07-31T21:29:35+07:00,operator_konten_65
ENT-00351,PIC_UKE,TERVALIDASI,2026-10-07T15:55:11+07:00,pic_uke_65
ENT-00352,,DRAFT,2024-06-05T08:18:24+07:00,pengusul_63
ENT-00352,DRAFT,OPERATOR_KONTEN,2024-11-30T21:16:19+07:00,pengusul_63
ENT-00352,OPERATOR_KONTEN,PIC_UKE,2024-12-18T20:33:05+07:00,operator_konten_63
ENT-00352,PIC_UKE,TERVALIDASI,2024-12-30T15:06:46+07:00,pic_uke_63
ENT-00352,TERVALIDASI,PUBLISH,2025-01-18T09:44:22+07:00,operator_konten_63
ENT-00353,,DRAFT,2024-06-05T10:29:06+07:00,pengusul_70
ENT-00353,DRAFT,OPERATOR_KONTEN,2025-05-14T13:49:07+07:00,pengusul_70
ENT-00353,OPERATOR_KONTEN,PIC_UKE,2026-09-14T10:15:17+07:00,operator_konten_70
ENT-00354,,DRAFT,2024-06-05T13:53:49+07:00,pengusul_39
ENT-00354,DRAFT,OPERATOR_KONTEN,2025-05-07T08:26:35+07:00,pengusul_39
ENT-00354,OPERATOR_KONTEN,PIC_UKE,2025-11-03T05:33:51+07:00,operator_konten_39
ENT-00354,PIC_UKE,TERVALIDASI,2026-10-05T12:38:52+07:00,pic_uke_39
ENT-00355,,DRAFT,2024-06-07T13:05:27+07:00,pengusul_31
ENT-00355,DRAFT,OPERATOR_KONTEN,2024-06-13T00:02:26+07:00,pengusul_31
ENT-00355,OPERATOR_KONTEN,PIC_UKE,2024-06-18T05:34:34+07:00,operator_konten_31
ENT-00355,PIC_UKE,TERVALIDASI,2024-07-05T14:58:36+07:00,pic_uke_31
ENT-00355,TERVALIDASI,PUBLISH,2024-07-27T16:41:51+07:00,operator_konten_31
ENT-00356,,DRAFT,2024-06-08T09:24:02+07:00,pengusul_06
ENT-00356,DRAFT,OPERATOR_KONTEN,2025-12-29T16:41:50+07:00,pengusul_06
ENT-00356,OPERATOR_KONTEN,PIC_UKE,2026-09-29T09:31:45+07:00,operator_konten_06
ENT-00357,,DRAFT,2024-06-08T16:56:11+07:00,pengusul_05
ENT-00357,DRAFT,OPERATOR_KONTEN,2026-05-11T19:23:25+07:00,pengusul_05
ENT-00357,OPERATOR_KONTEN,PIC_UKE,2026-09-24T12:38:27+07:00,operator_konten_05
ENT-00358,,DRAFT,2024-06-09T10:41:20+07:00,pengusul_53
ENT-00358,DRAFT,OPERATOR_KONTEN,2025-11-10T23:20:11+07:00,pengusul_53
ENT-00358,OPERATOR_KONTEN,PIC_UKE,2026-09-28T09:42:18+07:00,operator_konten_53
ENT-00359,,DRAFT,2024-06-09T12:27:40+07:00,pengusul_14
ENT-00359,DRAFT,OPERATOR_KONTEN,2025-04-22T21:13:01+07:00,pengusul_14
ENT-00359,OPERATOR_KONTEN,PIC_UKE,2026-09-16T15:39:48+07:00,operator_konten_14
ENT-00360,,DRAFT,2024-06-09T16:15:07+07:00,pengusul_01
ENT-00360,DRAFT,OPERATOR_KONTEN,2024-07-07T07:44:50+07:00,pengusul_01
ENT-00360,OPERATOR_KONTEN,PIC_UKE,2026-10-08T14:54:26+07:00,operator_konten_01
ENT-00361,,DRAFT,2024-06-10T08:25:49+07:00,pengusul_17
ENT-00361,DRAFT,OPERATOR_KONTEN,2024-11-28T18:56:01+07:00,pengusul_17
ENT-00361,OPERATOR_KONTEN,DITOLAK_OPERATOR,2025-03-19T14:33:03+07:00,operator_konten_17
ENT-00362,,DRAFT,2024-06-10T09:11:00+07:00,pengusul_05
ENT-00362,DRAFT,OPERATOR_KONTEN,2024-07-10T14:28:44+07:00,pengusul_05
ENT-00362,OPERATOR_KONTEN,PIC_UKE,2024-07-24T10:22:13+07:00,operator_konten_05
ENT-00362,PIC_UKE,TERVALIDASI,2024-07-30T19:55:45+07:00,pic_uke_05
ENT-00362,TERVALIDASI,PUBLISH,2024-09-17T11:20:52+07:00,operator_konten_05
ENT-00363,,DRAFT,2024-06-10T11:23:11+07:00,pengusul_59
ENT-00363,DRAFT,OPERATOR_KONTEN,2024-07-08T09:30:16+07:00,pengusul_59
ENT-00363,OPERATOR_KONTEN,PIC_UKE,2024-12-01T05:17:43+07:00,operator_konten_59
ENT-00363,PIC_UKE,TERVALIDASI,2024-12-24T09:16:44+07:00,pic_uke_59
ENT-00363,TERVALIDASI,PUBLISH,2025-03-21T08:25:59+07:00,operator_konten_59
ENT-00364,,DRAFT,2024-06-10T14:24:14+07:00,pengusul_70
ENT-00364,DRAFT,OPERATOR_KONTEN,2024-09-11T00:04:09+07:00,pengusul_70
ENT-00364,OPERATOR_KONTEN,PIC_UKE,2024-11-13T23:01:33+07:00,operator_konten_70
ENT-00364,PIC_UKE,TERVALIDASI,2025-01-25T07:52:45+07:00,pic_uke_70
ENT-00364,TERVALIDASI,PUBLISH,2025-03-13T12:56:45+07:00,operator_konten_70
ENT-00365,,DRAFT,2024-06-11T13:04:16+07:00,pengusul_55
ENT-00365,DRAFT,OPERATOR_KONTEN,2024-09-28T21:13:59+07:00,pengusul_55
ENT-00365,OPERATOR_KONTEN,PIC_UKE,2026-10-07T09:33:18+07:00,operator_konten_55
ENT-00366,,DRAFT,2024-06-11T15:40:36+07:00,pengusul_53
ENT-00366,DRAFT,OPERATOR_KONTEN,2024-08-27T13:24:35+07:00,pengusul_53
ENT-00366,OPERATOR_KONTEN,PIC_UKE,2024-09-08T07:47:43+07:00,operator_konten_53
ENT-00366,PIC_UKE,TERVALIDASI,2024-09-14T16:23:39+07:00,pic_uke_53
ENT-00366,TERVALIDASI,PUBLISH,2024-10-12T16:05:59+07:00,operator_konten_53
ENT-00367,,DRAFT,2024-06-11T16:38:36+07:00,pengusul_63
ENT-00367,DRAFT,OPERATOR_KONTEN,2024-08-13T00:11:36+07:00,pengusul_63
ENT-00367,OPERATOR_KONTEN,PIC_UKE,2024-09-12T16:52:15+07:00,operator_konten_63
ENT-00367,PIC_UKE,TERVALIDASI,2024-10-05T14:00:02+07:00,pic_uke_63
ENT-00367,TERVALIDASI,PUBLISH,2024-10-16T10:54:29+07:00,operator_konten_63
ENT-00368,,DRAFT,2024-06-12T12:58:02+07:00,pengusul_06
ENT-00368,DRAFT,OPERATOR_KONTEN,2024-06-19T07:45:21+07:00,pengusul_06
ENT-00368,OPERATOR_KONTEN,PIC_UKE,2024-06-25T10:21:20+07:00,operator_konten_06
ENT-00368,PIC_UKE,TERVALIDASI,2024-06-25T21:10:47+07:00,pic_uke_06
ENT-00368,TERVALIDASI,PUBLISH,2024-07-03T08:09:20+07:00,operator_konten_06
ENT-00369,,DRAFT,2024-06-12T14:24:43+07:00,pengusul_43
ENT-00369,DRAFT,OPERATOR_KONTEN,2026-06-11T16:43:59+07:00,pengusul_43
ENT-00369,OPERATOR_KONTEN,PIC_UKE,2026-10-07T09:03:46+07:00,operator_konten_43
ENT-00370,,DRAFT,2024-06-12T14:59:19+07:00,pengusul_70
ENT-00370,DRAFT,OPERATOR_KONTEN,2025-07-28T00:21:26+07:00,pengusul_70
ENT-00370,OPERATOR_KONTEN,PIC_UKE,2026-09-02T09:49:25+07:00,operator_konten_70
ENT-00371,,DRAFT,2024-06-12T16:15:34+07:00,pengusul_61
ENT-00371,DRAFT,OPERATOR_KONTEN,2024-07-09T00:23:42+07:00,pengusul_61
ENT-00371,OPERATOR_KONTEN,PIC_UKE,2024-07-10T12:49:29+07:00,operator_konten_61
ENT-00371,PIC_UKE,TERVALIDASI,2024-09-14T15:27:07+07:00,pic_uke_61
ENT-00371,TERVALIDASI,PUBLISH,2025-01-14T12:39:13+07:00,operator_konten_61
ENT-00372,,DRAFT,2024-06-13T09:09:17+07:00,pengusul_13
ENT-00372,DRAFT,OPERATOR_KONTEN,2025-01-03T00:19:41+07:00,pengusul_13
ENT-00372,OPERATOR_KONTEN,PIC_UKE,2026-06-13T03:16:36+07:00,operator_konten_13
ENT-00372,PIC_UKE,TERVALIDASI,2026-09-16T16:37:07+07:00,pic_uke_13
ENT-00373,,DRAFT,2024-06-13T09:51:44+07:00,pengusul_61
ENT-00373,DRAFT,OPERATOR_KONTEN,2026-03-08T01:52:14+07:00,pengusul_61
ENT-00373,OPERATOR_KONTEN,PIC_UKE,2026-09-25T09:28:55+07:00,operator_konten_61
ENT-00374,,DRAFT,2024-06-13T13:08:25+07:00,pengusul_43
ENT-00374,DRAFT,OPERATOR_KONTEN,2024-07-11T21:15:25+07:00,pengusul_43
ENT-00374,OPERATOR_KONTEN,PIC_UKE,2026-09-11T14:35:38+07:00,operator_konten_43
ENT-00375,,DRAFT,2024-06-13T13:32:38+07:00,pengusul_21
ENT-00375,DRAFT,OPERATOR_KONTEN,2024-07-08T10:42:16+07:00,pengusul_21
ENT-00375,OPERATOR_KONTEN,PIC_UKE,2024-08-26T06:41:17+07:00,operator_konten_21
ENT-00375,PIC_UKE,TERVALIDASI,2024-12-25T03:39:49+07:00,pic_uke_21
ENT-00375,TERVALIDASI,PUBLISH,2025-01-09T12:04:11+07:00,operator_konten_21
ENT-00376,,DRAFT,2024-06-13T14:56:06+07:00,pengusul_30
ENT-00376,DRAFT,OPERATOR_KONTEN,2024-06-30T03:20:14+07:00,pengusul_30
ENT-00376,OPERATOR_KONTEN,PIC_UKE,2024-07-22T12:59:51+07:00,operator_konten_30
ENT-00376,PIC_UKE,TERVALIDASI,2024-08-10T09:38:18+07:00,pic_uke_30
ENT-00376,TERVALIDASI,PUBLISH,2024-08-23T11:27:52+07:00,operator_konten_30
ENT-00377,,DRAFT,2024-06-13T16:10:33+07:00,pengusul_36
ENT-00377,DRAFT,OPERATOR_KONTEN,2024-10-30T00:52:10+07:00,pengusul_36
ENT-00377,OPERATOR_KONTEN,PIC_UKE,2024-11-24T15:23:26+07:00,operator_konten_36
ENT-00377,PIC_UKE,TERVALIDASI,2024-12-07T12:03:59+07:00,pic_uke_36
ENT-00377,TERVALIDASI,PUBLISH,2025-01-13T10:41:56+07:00,operator_konten_36
ENT-00378,,DRAFT,2024-06-13T16:31:24+07:00,pengusul_63
ENT-00378,DRAFT,OPERATOR_KONTEN,2025-02-11T14:04:52+07:00,pengusul_63
ENT-00378,OPERATOR_KONTEN,PIC_UKE,2026-09-25T10:31:50+07:00,operator_konten_63
ENT-00379,,DRAFT,2024-06-14T09:22:00+07:00,pengusul_42
ENT-00379,DRAFT,OPERATOR_KONTEN,2024-07-01T09:58:39+07:00,pengusul_42
ENT-00379,OPERATOR_KONTEN,PIC_UKE,2024-08-22T20:54:10+07:00,operator_konten_42
ENT-00379,PIC_UKE,TERVALIDASI,2025-01-20T11:09:17+07:00,pic_uke_42
ENT-00379,TERVALIDASI,PUBLISH,2025-03-09T09:32:00+07:00,operator_konten_42
ENT-00380,,DRAFT,2024-06-14T09:22:02+07:00,pengusul_68
ENT-00380,DRAFT,OPERATOR_KONTEN,2024-06-18T09:37:12+07:00,pengusul_68
ENT-00380,OPERATOR_KONTEN,PIC_UKE,2024-06-30T11:17:09+07:00,operator_konten_68
ENT-00380,PIC_UKE,TERVALIDASI,2024-09-07T17:45:42+07:00,pic_uke_68
ENT-00380,TERVALIDASI,PUBLISH,2024-11-11T12:21:39+07:00,operator_konten_68
ENT-00381,,DRAFT,2024-06-14T12:08:09+07:00,pengusul_23
ENT-00381,DRAFT,OPERATOR_KONTEN,2024-06-15T10:55:05+07:00,pengusul_23
ENT-00381,OPERATOR_KONTEN,PIC_UKE,2024-06-15T11:04:12+07:00,operator_konten_23
ENT-00381,PIC_UKE,TERVALIDASI,2024-06-16T21:44:44+07:00,pic_uke_23
ENT-00381,TERVALIDASI,PUBLISH,2024-06-17T10:43:04+07:00,operator_konten_23
ENT-00382,,DRAFT,2024-06-14T13:46:34+07:00,pengusul_58
ENT-00382,DRAFT,OPERATOR_KONTEN,2024-08-17T20:35:11+07:00,pengusul_58
ENT-00382,OPERATOR_KONTEN,PIC_UKE,2024-09-04T18:59:56+07:00,operator_konten_58
ENT-00382,PIC_UKE,TERVALIDASI,2024-12-04T22:03:29+07:00,pic_uke_58
ENT-00382,TERVALIDASI,PUBLISH,2024-12-20T14:36:31+07:00,operator_konten_58
ENT-00383,,DRAFT,2024-06-14T16:09:45+07:00,pengusul_17
ENT-00383,DRAFT,OPERATOR_KONTEN,2024-12-08T23:17:36+07:00,pengusul_17
ENT-00383,OPERATOR_KONTEN,PIC_UKE,2026-09-30T15:30:52+07:00,operator_konten_17
ENT-00384,,DRAFT,2024-06-15T08:14:33+07:00,pengusul_66
ENT-00384,DRAFT,OPERATOR_KONTEN,2026-04-29T23:08:38+07:00,pengusul_66
ENT-00384,OPERATOR_KONTEN,PIC_UKE,2026-09-28T12:36:42+07:00,operator_konten_66
ENT-00385,,DRAFT,2024-06-15T09:05:24+07:00,pengusul_42
ENT-00385,DRAFT,OPERATOR_KONTEN,2024-06-16T08:59:55+07:00,pengusul_42
ENT-00385,OPERATOR_KONTEN,PIC_UKE,2024-06-16T19:27:42+07:00,operator_konten_42
ENT-00385,PIC_UKE,TERVALIDASI,2024-06-24T00:33:52+07:00,pic_uke_42
ENT-00385,TERVALIDASI,PUBLISH,2024-07-03T12:47:48+07:00,operator_konten_42
ENT-00386,,DRAFT,2024-06-15T10:19:11+07:00,pengusul_17
ENT-00386,DRAFT,OPERATOR_KONTEN,2025-12-23T01:23:19+07:00,pengusul_17
ENT-00386,OPERATOR_KONTEN,PIC_UKE,2026-09-17T14:49:48+07:00,operator_konten_17
ENT-00387,,DRAFT,2024-06-15T12:11:14+07:00,pengusul_21
ENT-00387,DRAFT,OPERATOR_KONTEN,2024-08-12T04:22:52+07:00,pengusul_21
ENT-00387,OPERATOR_KONTEN,PIC_UKE,2024-10-08T03:01:02+07:00,operator_konten_21
ENT-00387,PIC_UKE,TERVALIDASI,2024-10-13T10:59:44+07:00,pic_uke_21
ENT-00387,TERVALIDASI,PUBLISH,2025-03-16T16:27:43+07:00,operator_konten_21
ENT-00388,,DRAFT,2024-06-15T16:33:39+07:00,pengusul_10
ENT-00388,DRAFT,OPERATOR_KONTEN,2024-08-06T07:08:11+07:00,pengusul_10
ENT-00388,OPERATOR_KONTEN,PIC_UKE,2024-08-30T00:27:19+07:00,operator_konten_10
ENT-00388,PIC_UKE,TERVALIDASI,2024-10-02T13:03:00+07:00,pic_uke_10
ENT-00388,TERVALIDASI,PUBLISH,2024-10-05T16:15:42+07:00,operator_konten_10
ENT-00389,,DRAFT,2024-06-16T08:41:44+07:00,pengusul_29
ENT-00389,DRAFT,OPERATOR_KONTEN,2024-07-11T22:57:50+07:00,pengusul_29
ENT-00389,OPERATOR_KONTEN,PIC_UKE,2024-10-02T00:58:57+07:00,operator_konten_29
ENT-00389,PIC_UKE,TERVALIDASI,2024-12-31T09:59:16+07:00,pic_uke_29
ENT-00389,TERVALIDASI,PUBLISH,2025-03-08T10:32:38+07:00,operator_konten_29
ENT-00390,,DRAFT,2024-06-16T08:51:36+07:00,pengusul_48
ENT-00390,DRAFT,OPERATOR_KONTEN,2026-05-29T16:25:34+07:00,pengusul_48
ENT-00390,OPERATOR_KONTEN,PIC_UKE,2026-09-11T09:00:46+07:00,operator_konten_48
ENT-00391,,DRAFT,2024-06-16T09:12:04+07:00,pengusul_00
ENT-00391,DRAFT,OPERATOR_KONTEN,2024-08-01T02:18:44+07:00,pengusul_00
ENT-00391,OPERATOR_KONTEN,PIC_UKE,2026-09-29T12:12:57+07:00,operator_konten_00
ENT-00392,,DRAFT,2024-06-16T11:52:05+07:00,pengusul_45
ENT-00392,DRAFT,OPERATOR_KONTEN,2025-07-20T01:58:54+07:00,pengusul_45
ENT-00392,OPERATOR_KONTEN,PIC_UKE,2026-09-24T13:34:51+07:00,operator_konten_45
ENT-00393,,DRAFT,2024-06-16T13:42:57+07:00,pengusul_43
ENT-00393,DRAFT,OPERATOR_KONTEN,2024-08-20T08:34:14+07:00,pengusul_43
ENT-00393,OPERATOR_KONTEN,PIC_UKE,2024-09-07T04:03:59+07:00,operator_konten_43
ENT-00393,PIC_UKE,TERVALIDASI,2024-10-28T06:13:38+07:00,pic_uke_43
ENT-00393,TERVALIDASI,PUBLISH,2024-11-19T15:40:42+07:00,operator_konten_43
ENT-00394,,DRAFT,2024-06-16T15:34:27+07:00,pengusul_06
ENT-00394,DRAFT,OPERATOR_KONTEN,2025-07-04T19:26:09+07:00,pengusul_06
ENT-00394,OPERATOR_KONTEN,PIC_UKE,2026-09-30T16:34:03+07:00,operator_konten_06
ENT-00395,,DRAFT,2024-06-16T15:46:27+07:00,pengusul_06
ENT-00395,DRAFT,OPERATOR_KONTEN,2024-11-27T23:15:40+07:00,pengusul_06
ENT-00395,OPERATOR_KONTEN,PIC_UKE,2026-09-09T15:55:08+07:00,operator_konten_06
ENT-00396,,DRAFT,2024-06-17T08:14:29+07:00,pengusul_67
ENT-00396,DRAFT,OPERATOR_KONTEN,2024-08-09T13:23:53+07:00,pengusul_67
ENT-00396,OPERATOR_KONTEN,PIC_UKE,2026-05-26T20:03:54+07:00,operator_konten_67
ENT-00396,PIC_UKE,TERVALIDASI,2026-09-30T11:03:22+07:00,pic_uke_67
ENT-00397,,DRAFT,2024-06-17T10:25:03+07:00,pengusul_36
ENT-00397,DRAFT,OPERATOR_KONTEN,2025-11-07T05:45:30+07:00,pengusul_36
ENT-00397,OPERATOR_KONTEN,PIC_UKE,2026-09-28T13:41:10+07:00,operator_konten_36
ENT-00398,,DRAFT,2024-06-17T13:53:37+07:00,pengusul_01
ENT-00398,DRAFT,OPERATOR_KONTEN,2024-06-23T13:20:18+07:00,pengusul_01
ENT-00398,OPERATOR_KONTEN,PIC_UKE,2024-09-05T09:55:11+07:00,operator_konten_01
ENT-00398,PIC_UKE,TERVALIDASI,2024-09-14T09:52:08+07:00,pic_uke_01
ENT-00398,TERVALIDASI,PUBLISH,2024-10-06T13:00:17+07:00,operator_konten_01
ENT-00399,,DRAFT,2024-06-17T15:22:16+07:00,pengusul_45
ENT-00399,DRAFT,OPERATOR_KONTEN,2025-05-16T22:47:40+07:00,pengusul_45
ENT-00399,OPERATOR_KONTEN,PIC_UKE,2026-10-07T12:00:34+07:00,operator_konten_45
ENT-00400,,DRAFT,2024-06-18T10:09:27+07:00,pengusul_31
ENT-00400,DRAFT,OPERATOR_KONTEN,2026-04-16T05:37:29+07:00,pengusul_31
ENT-00400,OPERATOR_KONTEN,PIC_UKE,2026-10-08T09:33:36+07:00,operator_konten_31
ENT-00401,,DRAFT,2024-06-19T11:37:11+07:00,pengusul_59
ENT-00401,DRAFT,OPERATOR_KONTEN,2024-08-21T05:31:11+07:00,pengusul_59
ENT-00401,OPERATOR_KONTEN,PIC_UKE,2024-09-06T20:21:02+07:00,operator_konten_59
ENT-00401,PIC_UKE,TERVALIDASI,2024-10-04T10:12:22+07:00,pic_uke_59
ENT-00401,TERVALIDASI,PUBLISH,2024-10-31T16:27:05+07:00,operator_konten_59
ENT-00402,,DRAFT,2024-06-19T12:45:08+07:00,pengusul_66
ENT-00402,DRAFT,OPERATOR_KONTEN,2024-10-26T14:49:21+07:00,pengusul_66
ENT-00402,OPERATOR_KONTEN,PIC_UKE,2026-10-06T15:33:50+07:00,operator_konten_66
ENT-00403,,DRAFT,2024-06-19T14:32:37+07:00,pengusul_67
ENT-00403,DRAFT,OPERATOR_KONTEN,2024-08-21T09:49:33+07:00,pengusul_67
ENT-00403,OPERATOR_KONTEN,PIC_UKE,2024-11-27T16:37:07+07:00,operator_konten_67
ENT-00403,PIC_UKE,TERVALIDASI,2024-11-30T17:40:43+07:00,pic_uke_67
ENT-00403,TERVALIDASI,PUBLISH,2024-12-10T12:49:28+07:00,operator_konten_67
ENT-00404,,DRAFT,2024-06-19T15:41:40+07:00,pengusul_66
ENT-00404,DRAFT,OPERATOR_KONTEN,2024-07-07T02:29:50+07:00,pengusul_66
ENT-00404,OPERATOR_KONTEN,PIC_UKE,2024-07-11T10:55:42+07:00,operator_konten_66
ENT-00404,PIC_UKE,TERVALIDASI,2024-08-21T22:21:55+07:00,pic_uke_66
ENT-00404,TERVALIDASI,PUBLISH,2024-09-25T14:45:48+07:00,operator_konten_66
ENT-00405,,DRAFT,2024-06-19T15:47:51+07:00,pengusul_36
ENT-00405,DRAFT,OPERATOR_KONTEN,2026-06-08T08:06:03+07:00,pengusul_36
ENT-00405,OPERATOR_KONTEN,PIC_UKE,2026-09-29T12:30:05+07:00,operator_konten_36
ENT-00406,,DRAFT,2024-06-19T16:18:21+07:00,pengusul_22
ENT-00406,DRAFT,OPERATOR_KONTEN,2024-11-03T14:17:36+07:00,pengusul_22
ENT-00406,OPERATOR_KONTEN,PIC_UKE,2024-11-13T19:22:11+07:00,operator_konten_22
ENT-00406,PIC_UKE,TERVALIDASI,2024-12-26T10:42:26+07:00,pic_uke_22
ENT-00406,TERVALIDASI,PUBLISH,2025-02-15T08:26:10+07:00,operator_konten_22
ENT-00407,,DRAFT,2024-06-19T16:22:30+07:00,pengusul_18
ENT-00407,DRAFT,OPERATOR_KONTEN,2024-07-06T00:15:38+07:00,pengusul_18
ENT-00407,OPERATOR_KONTEN,PIC_UKE,2024-09-19T02:30:54+07:00,operator_konten_18
ENT-00407,PIC_UKE,TERVALIDASI,2024-09-25T02:50:49+07:00,pic_uke_18
ENT-00407,TERVALIDASI,PUBLISH,2024-10-31T14:55:59+07:00,operator_konten_18
ENT-00408,,DRAFT,2024-06-20T08:10:53+07:00,pengusul_53
ENT-00408,DRAFT,OPERATOR_KONTEN,2025-02-08T02:24:11+07:00,pengusul_53
ENT-00408,OPERATOR_KONTEN,PIC_UKE,2026-09-23T14:44:27+07:00,operator_konten_53
ENT-00409,,DRAFT,2024-06-20T08:59:58+07:00,pengusul_53
ENT-00409,DRAFT,OPERATOR_KONTEN,2025-07-24T17:41:33+07:00,pengusul_53
ENT-00409,OPERATOR_KONTEN,PIC_UKE,2026-10-06T15:51:56+07:00,operator_konten_53
ENT-00410,,DRAFT,2024-06-20T09:05:34+07:00,pengusul_05
ENT-00410,DRAFT,OPERATOR_KONTEN,2025-11-20T02:54:09+07:00,pengusul_05
ENT-00410,OPERATOR_KONTEN,PIC_UKE,2026-09-15T14:39:45+07:00,operator_konten_05
ENT-00411,,DRAFT,2024-06-20T11:11:51+07:00,pengusul_67
ENT-00411,DRAFT,OPERATOR_KONTEN,2025-09-01T16:06:57+07:00,pengusul_67
ENT-00411,OPERATOR_KONTEN,PIC_UKE,2026-09-16T12:47:18+07:00,operator_konten_67
ENT-00412,,DRAFT,2024-06-20T12:18:06+07:00,pengusul_49
ENT-00412,DRAFT,OPERATOR_KONTEN,2024-08-20T02:08:33+07:00,pengusul_49
ENT-00412,OPERATOR_KONTEN,PIC_UKE,2024-10-14T03:11:57+07:00,operator_konten_49
ENT-00412,PIC_UKE,TERVALIDASI,2024-11-13T18:58:01+07:00,pic_uke_49
ENT-00412,TERVALIDASI,PUBLISH,2024-11-19T14:28:34+07:00,operator_konten_49
ENT-00413,,DRAFT,2024-06-20T12:21:41+07:00,pengusul_19
ENT-00413,DRAFT,OPERATOR_KONTEN,2024-06-26T02:57:45+07:00,pengusul_19
ENT-00413,OPERATOR_KONTEN,PIC_UKE,2024-06-30T00:55:26+07:00,operator_konten_19
ENT-00413,PIC_UKE,TERVALIDASI,2024-07-28T07:21:12+07:00,pic_uke_19
ENT-00413,TERVALIDASI,PUBLISH,2024-07-29T11:55:13+07:00,operator_konten_19
ENT-00414,,DRAFT,2024-06-20T16:13:37+07:00,pengusul_62
ENT-00414,DRAFT,OPERATOR_KONTEN,2024-07-22T23:05:52+07:00,pengusul_62
ENT-00414,OPERATOR_KONTEN,PIC_UKE,2024-07-31T21:39:56+07:00,operator_konten_62
ENT-00414,PIC_UKE,TERVALIDASI,2024-10-10T06:08:00+07:00,pic_uke_62
ENT-00414,TERVALIDASI,PUBLISH,2024-10-31T15:03:30+07:00,operator_konten_62
ENT-00415,,DRAFT,2024-06-21T09:09:48+07:00,pengusul_07
ENT-00415,DRAFT,OPERATOR_KONTEN,2024-06-26T21:45:00+07:00,pengusul_07
ENT-00415,OPERATOR_KONTEN,PIC_UKE,2024-07-27T11:51:20+07:00,operator_konten_07
ENT-00415,PIC_UKE,TERVALIDASI,2024-08-15T03:31:07+07:00,pic_uke_07
ENT-00415,TERVALIDASI,PUBLISH,2024-09-13T12:59:13+07:00,operator_konten_07
ENT-00416,,DRAFT,2024-06-21T10:31:36+07:00,pengusul_36
ENT-00416,DRAFT,OPERATOR_KONTEN,2024-08-12T21:28:17+07:00,pengusul_36
ENT-00416,OPERATOR_KONTEN,PIC_UKE,2024-08-20T01:36:35+07:00,operator_konten_36
ENT-00416,PIC_UKE,TERVALIDASI,2025-01-08T20:53:25+07:00,pic_uke_36
ENT-00416,TERVALIDASI,PUBLISH,2025-03-07T12:56:53+07:00,operator_konten_36
ENT-00417,,DRAFT,2024-06-21T16:56:44+07:00,pengusul_54
ENT-00417,DRAFT,OPERATOR_KONTEN,2025-11-29T04:48:24+07:00,pengusul_54
ENT-00417,OPERATOR_KONTEN,PIC_UKE,2026-09-25T14:56:46+07:00,operator_konten_54
ENT-00418,,DRAFT,2024-06-22T09:14:21+07:00,pengusul_57
ENT-00418,DRAFT,OPERATOR_KONTEN,2024-06-27T17:59:34+07:00,pengusul_57
ENT-00418,OPERATOR_KONTEN,PIC_UKE,2024-07-11T23:18:44+07:00,operator_konten_57
ENT-00418,PIC_UKE,TERVALIDASI,2024-07-18T13:23:20+07:00,pic_uke_57
ENT-00418,TERVALIDASI,PUBLISH,2024-08-08T16:38:29+07:00,operator_konten_57
ENT-00419,,DRAFT,2024-06-22T09:29:47+07:00,pengusul_27
ENT-00419,DRAFT,OPERATOR_KONTEN,2026-09-28T11:10:58+07:00,pengusul_27
ENT-00420,,DRAFT,2024-06-22T10:33:49+07:00,pengusul_49
ENT-00420,DRAFT,OPERATOR_KONTEN,2024-07-22T20:19:02+07:00,pengusul_49
ENT-00420,OPERATOR_KONTEN,PIC_UKE,2024-10-23T13:52:04+07:00,operator_konten_49
ENT-00420,PIC_UKE,TERVALIDASI,2024-11-06T19:00:00+07:00,pic_uke_49
ENT-00420,TERVALIDASI,PUBLISH,2024-11-28T14:48:00+07:00,operator_konten_49
ENT-00421,,DRAFT,2024-06-22T13:43:43+07:00,pengusul_34
ENT-00421,DRAFT,OPERATOR_KONTEN,2024-09-10T00:35:57+07:00,pengusul_34
ENT-00421,OPERATOR_KONTEN,PIC_UKE,2024-09-14T03:00:41+07:00,operator_konten_34
ENT-00421,PIC_UKE,TERVALIDASI,2024-11-03T05:10:22+07:00,pic_uke_34
ENT-00421,TERVALIDASI,PUBLISH,2025-01-25T16:41:59+07:00,operator_konten_34
ENT-00422,,DRAFT,2024-06-22T16:28:57+07:00,pengusul_27
ENT-00422,DRAFT,OPERATOR_KONTEN,2024-07-10T12:05:01+07:00,pengusul_27
ENT-00422,OPERATOR_KONTEN,PIC_UKE,2026-09-22T11:15:19+07:00,operator_konten_27
ENT-00423,,DRAFT,2024-06-23T10:27:33+07:00,pengusul_29
ENT-00423,DRAFT,OPERATOR_KONTEN,2024-07-31T07:20:17+07:00,pengusul_29
ENT-00423,OPERATOR_KONTEN,PIC_UKE,2024-08-06T16:04:54+07:00,operator_konten_29
ENT-00423,PIC_UKE,TERVALIDASI,2024-08-10T05:07:07+07:00,pic_uke_29
ENT-00423,TERVALIDASI,PUBLISH,2024-10-08T11:12:42+07:00,operator_konten_29
ENT-00424,,DRAFT,2024-06-23T10:54:29+07:00,pengusul_47
ENT-00424,DRAFT,OPERATOR_KONTEN,2024-11-30T23:00:05+07:00,pengusul_47
ENT-00424,OPERATOR_KONTEN,PIC_UKE,2025-01-06T06:27:28+07:00,operator_konten_47
ENT-00424,PIC_UKE,TERVALIDASI,2025-02-14T23:19:29+07:00,pic_uke_47
ENT-00424,TERVALIDASI,PUBLISH,2025-03-18T14:25:46+07:00,operator_konten_47
ENT-00425,,DRAFT,2024-06-23T15:57:05+07:00,pengusul_24
ENT-00425,DRAFT,OPERATOR_KONTEN,2024-06-29T06:13:20+07:00,pengusul_24
ENT-00425,OPERATOR_KONTEN,PIC_UKE,2024-07-20T16:13:03+07:00,operator_konten_24
ENT-00425,PIC_UKE,TERVALIDASI,2024-07-27T05:19:19+07:00,pic_uke_24
ENT-00425,TERVALIDASI,PUBLISH,2024-07-31T09:20:52+07:00,operator_konten_24
ENT-00426,,DRAFT,2024-06-24T10:25:20+07:00,pengusul_00
ENT-00426,DRAFT,OPERATOR_KONTEN,2025-07-25T00:19:51+07:00,pengusul_00
ENT-00426,OPERATOR_KONTEN,PIC_UKE,2026-09-24T08:05:47+07:00,operator_konten_00
ENT-00427,,DRAFT,2024-06-24T14:54:15+07:00,pengusul_37
ENT-00427,DRAFT,OPERATOR_KONTEN,2024-07-17T08:59:27+07:00,pengusul_37
ENT-00427,OPERATOR_KONTEN,PIC_UKE,2024-09-22T12:17:32+07:00,operator_konten_37
ENT-00427,PIC_UKE,TERVALIDASI,2024-12-25T09:45:19+07:00,pic_uke_37
ENT-00427,TERVALIDASI,PUBLISH,2025-01-07T13:12:49+07:00,operator_konten_37
ENT-00428,,DRAFT,2024-06-24T16:56:40+07:00,pengusul_40
ENT-00428,DRAFT,OPERATOR_KONTEN,2025-04-09T17:39:13+07:00,pengusul_40
ENT-00428,OPERATOR_KONTEN,PIC_UKE,2026-10-08T12:40:40+07:00,operator_konten_40
ENT-00429,,DRAFT,2024-06-25T09:34:12+07:00,pengusul_58
ENT-00429,DRAFT,OPERATOR_KONTEN,2024-09-16T19:35:11+07:00,pengusul_58
ENT-00429,OPERATOR_KONTEN,PIC_UKE,2024-09-22T11:18:01+07:00,operator_konten_58
ENT-00429,PIC_UKE,TERVALIDASI,2025-02-21T12:33:37+07:00,pic_uke_58
ENT-00429,TERVALIDASI,PUBLISH,2025-03-27T13:52:49+07:00,operator_konten_58
ENT-00430,,DRAFT,2024-06-25T09:37:56+07:00,pengusul_34
ENT-00430,DRAFT,OPERATOR_KONTEN,2024-07-14T04:09:47+07:00,pengusul_34
ENT-00430,OPERATOR_KONTEN,PIC_UKE,2024-10-11T13:27:36+07:00,operator_konten_34
ENT-00430,PIC_UKE,TERVALIDASI,2024-11-19T02:15:03+07:00,pic_uke_34
ENT-00430,TERVALIDASI,PUBLISH,2024-12-02T08:12:08+07:00,operator_konten_34
ENT-00431,,DRAFT,2024-06-25T10:44:21+07:00,pengusul_06
ENT-00431,DRAFT,OPERATOR_KONTEN,2024-07-10T14:46:40+07:00,pengusul_06
ENT-00431,OPERATOR_KONTEN,PIC_UKE,2024-07-24T14:14:39+07:00,operator_konten_06
ENT-00431,PIC_UKE,TERVALIDASI,2024-08-27T12:54:25+07:00,pic_uke_06
ENT-00431,TERVALIDASI,PUBLISH,2024-08-30T16:46:53+07:00,operator_konten_06
ENT-00432,,DRAFT,2024-06-25T12:03:22+07:00,pengusul_26
ENT-00432,DRAFT,OPERATOR_KONTEN,2026-06-20T20:51:42+07:00,pengusul_26
ENT-00432,OPERATOR_KONTEN,PIC_UKE,2026-09-21T09:12:49+07:00,operator_konten_26
ENT-00433,,DRAFT,2024-06-26T08:51:41+07:00,pengusul_03
ENT-00433,DRAFT,OPERATOR_KONTEN,2025-01-18T20:31:59+07:00,pengusul_03
ENT-00433,OPERATOR_KONTEN,PIC_UKE,2025-01-22T23:46:57+07:00,operator_konten_03
ENT-00433,PIC_UKE,TERVALIDASI,2025-02-07T20:16:14+07:00,pic_uke_03
ENT-00433,TERVALIDASI,PUBLISH,2025-04-22T11:30:38+07:00,operator_konten_03
ENT-00434,,DRAFT,2024-06-26T11:19:59+07:00,pengusul_47
ENT-00434,DRAFT,OPERATOR_KONTEN,2025-09-14T09:09:07+07:00,pengusul_47
ENT-00434,OPERATOR_KONTEN,PIC_UKE,2026-10-08T13:08:52+07:00,operator_konten_47
ENT-00435,,DRAFT,2024-06-26T12:54:26+07:00,pengusul_40
ENT-00435,DRAFT,OPERATOR_KONTEN,2024-08-15T17:38:27+07:00,pengusul_40
ENT-00435,OPERATOR_KONTEN,PIC_UKE,2024-10-14T22:01:48+07:00,operator_konten_40
ENT-00435,PIC_UKE,TERVALIDASI,2024-12-07T04:56:51+07:00,pic_uke_40
ENT-00435,TERVALIDASI,PUBLISH,2025-02-06T12:07:06+07:00,operator_konten_40
ENT-00436,,DRAFT,2024-06-26T14:07:58+07:00,pengusul_08
ENT-00436,DRAFT,OPERATOR_KONTEN,2025-07-07T07:20:21+07:00,pengusul_08
ENT-00436,OPERATOR_KONTEN,PIC_UKE,2026-09-17T13:43:54+07:00,operator_konten_08
ENT-00437,,DRAFT,2024-06-26T15:44:06+07:00,pengusul_42
ENT-00437,DRAFT,OPERATOR_KONTEN,2024-07-17T06:14:39+07:00,pengusul_42
ENT-00437,OPERATOR_KONTEN,PIC_UKE,2024-07-20T11:42:21+07:00,operator_konten_42
ENT-00437,PIC_UKE,TERVALIDASI,2024-07-22T14:12:22+07:00,pic_uke_42
ENT-00437,TERVALIDASI,PUBLISH,2024-08-18T15:11:32+07:00,operator_konten_42
ENT-00438,,DRAFT,2024-06-27T08:27:29+07:00,pengusul_15
ENT-00438,DRAFT,OPERATOR_KONTEN,2025-08-16T22:10:53+07:00,pengusul_15
ENT-00438,OPERATOR_KONTEN,PIC_UKE,2026-10-02T09:35:36+07:00,operator_konten_15
ENT-00439,,DRAFT,2024-06-27T08:46:18+07:00,pengusul_07
ENT-00439,DRAFT,OPERATOR_KONTEN,2024-07-18T19:57:09+07:00,pengusul_07
ENT-00439,OPERATOR_KONTEN,PIC_UKE,2024-07-29T19:34:08+07:00,operator_konten_07
ENT-00439,PIC_UKE,TERVALIDASI,2024-08-13T22:13:54+07:00,pic_uke_07
ENT-00439,TERVALIDASI,PUBLISH,2024-08-25T09:50:53+07:00,operator_konten_07
ENT-00440,,DRAFT,2024-06-27T09:58:44+07:00,pengusul_66
ENT-00440,DRAFT,OPERATOR_KONTEN,2025-04-15T19:43:28+07:00,pengusul_66
ENT-00440,OPERATOR_KONTEN,PIC_UKE,2026-10-01T16:49:05+07:00,operator_konten_66
ENT-00441,,DRAFT,2024-06-27T11:48:39+07:00,pengusul_33
ENT-00441,DRAFT,OPERATOR_KONTEN,2024-06-29T09:24:51+07:00,pengusul_33
ENT-00441,OPERATOR_KONTEN,PIC_UKE,2024-06-30T04:26:47+07:00,operator_konten_33
ENT-00441,PIC_UKE,TERVALIDASI,2024-07-02T16:56:27+07:00,pic_uke_33
ENT-00441,TERVALIDASI,PUBLISH,2024-07-05T15:33:41+07:00,operator_konten_33
ENT-00442,,DRAFT,2024-06-27T15:33:55+07:00,pengusul_44
ENT-00442,DRAFT,OPERATOR_KONTEN,2024-09-26T00:24:46+07:00,pengusul_44
ENT-00442,OPERATOR_KONTEN,PIC_UKE,2024-10-27T21:28:31+07:00,operator_konten_44
ENT-00442,PIC_UKE,TERVALIDASI,2024-12-01T16:36:44+07:00,pic_uke_44
ENT-00442,TERVALIDASI,PUBLISH,2024-12-24T11:16:15+07:00,operator_konten_44
ENT-00443,,DRAFT,2024-06-28T15:02:35+07:00,pengusul_43
ENT-00443,DRAFT,OPERATOR_KONTEN,2024-10-19T17:22:40+07:00,pengusul_43
ENT-00443,OPERATOR_KONTEN,DITOLAK_OPERATOR,2025-03-27T00:25:45+07:00,operator_konten_43
ENT-00443,DITOLAK_OPERATOR,DRAFT,2026-10-02T16:29:33+07:00,pengusul_43
ENT-00444,,DRAFT,2024-06-29T08:58:41+07:00,pengusul_40
ENT-00444,DRAFT,OPERATOR_KONTEN,2024-09-04T12:13:32+07:00,pengusul_40
ENT-00444,OPERATOR_KONTEN,PIC_UKE,2024-10-25T05:29:15+07:00,operator_konten_40
ENT-00444,PIC_UKE,TERVALIDASI,2024-12-20T18:04:37+07:00,pic_uke_40
ENT-00444,TERVALIDASI,PUBLISH,2025-04-03T10:31:26+07:00,operator_konten_40
ENT-00445,,DRAFT,2024-06-29T09:22:47+07:00,pengusul_13
ENT-00445,DRAFT,OPERATOR_KONTEN,2024-11-26T04:15:07+07:00,pengusul_13
ENT-00445,OPERATOR_KONTEN,PIC_UKE,2025-02-09T18:36:04+07:00,operator_konten_13
ENT-00445,PIC_UKE,TERVALIDASI,2025-03-07T03:12:39+07:00,pic_uke_13
ENT-00445,TERVALIDASI,PUBLISH,2025-04-25T14:32:57+07:00,operator_konten_13
ENT-00446,,DRAFT,2024-06-29T10:50:33+07:00,pengusul_12
ENT-00446,DRAFT,OPERATOR_KONTEN,2024-07-23T10:47:45+07:00,pengusul_12
ENT-00446,OPERATOR_KONTEN,PIC_UKE,2024-09-17T06:28:04+07:00,operator_konten_12
ENT-00446,PIC_UKE,TERVALIDASI,2024-09-27T13:25:13+07:00,pic_uke_12
ENT-00446,TERVALIDASI,PUBLISH,2025-02-12T16:19:56+07:00,operator_konten_12
ENT-00447,,DRAFT,2024-06-29T12:33:23+07:00,pengusul_42
ENT-00447,DRAFT,OPERATOR_KONTEN,2026-04-12T15:09:10+07:00,pengusul_42
ENT-00447,OPERATOR_KONTEN,PIC_UKE,2026-09-23T10:46:41+07:00,operator_konten_42
ENT-00448,,DRAFT,2024-06-30T08:56:13+07:00,pengusul_46
ENT-00448,DRAFT,OPERATOR_KONTEN,2026-01-06T02:12:39+07:00,pengusul_46
ENT-00448,OPERATOR_KONTEN,PIC_UKE,2026-09-24T13:45:43+07:00,operator_konten_46
ENT-00449,,DRAFT,2024-06-30T09:48:20+07:00,pengusul_34
ENT-00449,DRAFT,OPERATOR_KONTEN,2024-08-07T09:41:32+07:00,pengusul_34
ENT-00449,OPERATOR_KONTEN,PIC_UKE,2024-08-10T07:14:28+07:00,operator_konten_34
ENT-00449,PIC_UKE,TERVALIDASI,2024-08-18T03:44:41+07:00,pic_uke_34
ENT-00449,TERVALIDASI,PUBLISH,2024-09-03T12:31:42+07:00,operator_konten_34
ENT-00450,,DRAFT,2024-06-30T09:56:32+07:00,pengusul_49
ENT-00450,DRAFT,OPERATOR_KONTEN,2025-09-03T09:25:31+07:00,pengusul_49
ENT-00450,OPERATOR_KONTEN,PIC_UKE,2026-09-28T15:02:54+07:00,operator_konten_49
ENT-00451,,DRAFT,2024-06-30T11:38:08+07:00,pengusul_17
ENT-00451,DRAFT,OPERATOR_KONTEN,2025-10-31T13:25:38+07:00,pengusul_17
ENT-00451,OPERATOR_KONTEN,PIC_UKE,2026-10-06T12:35:07+07:00,operator_konten_17
ENT-00452,,DRAFT,2024-06-30T15:03:25+07:00,pengusul_27
ENT-00452,DRAFT,OPERATOR_KONTEN,2025-05-31T07:27:30+07:00,pengusul_27
ENT-00452,OPERATOR_KONTEN,PIC_UKE,2026-09-29T16:42:43+07:00,operator_konten_27
ENT-00453,,DRAFT,2024-07-01T09:26:55+07:00,pengusul_57
ENT-00453,DRAFT,OPERATOR_KONTEN,2026-08-03T06:53:13+07:00,pengusul_57
ENT-00453,OPERATOR_KONTEN,PIC_UKE,2026-09-18T09:43:55+07:00,operator_konten_57
ENT-00454,,DRAFT,2024-07-01T12:25:02+07:00,pengusul_07
ENT-00454,DRAFT,OPERATOR_KONTEN,2025-02-09T17:57:40+07:00,pengusul_07
ENT-00454,OPERATOR_KONTEN,PIC_UKE,2025-02-23T16:33:22+07:00,operator_konten_07
ENT-00454,PIC_UKE,TERVALIDASI,2025-03-10T07:35:13+07:00,pic_uke_07
ENT-00454,TERVALIDASI,PUBLISH,2025-04-09T13:35:17+07:00,operator_konten_07
ENT-00455,,DRAFT,2024-07-01T14:03:09+07:00,pengusul_68
ENT-00455,DRAFT,OPERATOR_KONTEN,2026-06-11T19:24:25+07:00,pengusul_68
ENT-00455,OPERATOR_KONTEN,PIC_UKE,2026-09-25T14:08:59+07:00,operator_konten_68
ENT-00456,,DRAFT,2024-07-01T16:00:18+07:00,pengusul_19
ENT-00456,DRAFT,OPERATOR_KONTEN,2024-10-07T23:10:20+07:00,pengusul_19
ENT-00456,OPERATOR_KONTEN,PIC_UKE,2024-10-14T22:59:51+07:00,operator_konten_19
ENT-00456,PIC_UKE,TERVALIDASI,2025-01-21T12:33:24+07:00,pic_uke_19
ENT-00456,TERVALIDASI,PUBLISH,2025-03-09T12:25:03+07:00,operator_konten_19
ENT-00457,,DRAFT,2024-07-02T08:26:59+07:00,pengusul_25
ENT-00457,DRAFT,OPERATOR_KONTEN,2024-08-17T09:58:45+07:00,pengusul_25
ENT-00457,OPERATOR_KONTEN,PIC_UKE,2024-08-28T03:53:47+07:00,operator_konten_25
ENT-00457,PIC_UKE,TERVALIDASI,2024-08-30T21:16:10+07:00,pic_uke_25
ENT-00457,TERVALIDASI,PUBLISH,2024-10-12T15:54:38+07:00,operator_konten_25
ENT-00458,,DRAFT,2024-07-02T08:56:06+07:00,pengusul_65
ENT-00458,DRAFT,OPERATOR_KONTEN,2024-07-15T15:39:34+07:00,pengusul_65
ENT-00458,OPERATOR_KONTEN,PIC_UKE,2024-07-31T22:16:51+07:00,operator_konten_65
ENT-00458,PIC_UKE,TERVALIDASI,2024-08-10T07:34:19+07:00,pic_uke_65
ENT-00458,TERVALIDASI,PUBLISH,2024-08-11T09:45:28+07:00,operator_konten_65
ENT-00459,,DRAFT,2024-07-02T13:18:47+07:00,pengusul_24
ENT-00459,DRAFT,OPERATOR_KONTEN,2024-07-26T08:55:27+07:00,pengusul_24
ENT-00459,OPERATOR_KONTEN,PIC_UKE,2024-08-03T18:38:24+07:00,operator_konten_24
ENT-00459,PIC_UKE,TERVALIDASI,2024-09-09T17:24:14+07:00,pic_uke_24
ENT-00459,TERVALIDASI,PUBLISH,2024-11-24T11:48:44+07:00,operator_konten_24
ENT-00460,,DRAFT,2024-07-02T14:20:09+07:00,pengusul_05
ENT-00460,DRAFT,OPERATOR_KONTEN,2025-10-02T20:56:12+07:00,pengusul_05
ENT-00460,OPERATOR_KONTEN,PIC_UKE,2026-09-01T08:45:16+07:00,operator_konten_05
ENT-00461,,DRAFT,2024-07-02T15:32:30+07:00,pengusul_18
ENT-00461,DRAFT,OPERATOR_KONTEN,2024-07-06T00:05:07+07:00,pengusul_18
ENT-00461,OPERATOR_KONTEN,PIC_UKE,2024-07-08T03:21:09+07:00,operator_konten_18
ENT-00461,PIC_UKE,TERVALIDASI,2024-07-12T06:51:27+07:00,pic_uke_18
ENT-00461,TERVALIDASI,PUBLISH,2024-07-24T13:55:46+07:00,operator_konten_18
ENT-00462,,DRAFT,2024-07-03T11:40:35+07:00,pengusul_01
ENT-00462,DRAFT,OPERATOR_KONTEN,2024-07-26T06:14:18+07:00,pengusul_01
ENT-00462,OPERATOR_KONTEN,PIC_UKE,2024-08-11T05:00:54+07:00,operator_konten_01
ENT-00462,PIC_UKE,TERVALIDASI,2024-09-03T19:07:02+07:00,pic_uke_01
ENT-00462,TERVALIDASI,PUBLISH,2024-09-17T13:36:44+07:00,operator_konten_01
ENT-00463,,DRAFT,2024-07-03T16:08:35+07:00,pengusul_43
ENT-00463,DRAFT,OPERATOR_KONTEN,2024-09-06T04:37:21+07:00,pengusul_43
ENT-00463,OPERATOR_KONTEN,PIC_UKE,2025-01-20T16:06:47+07:00,operator_konten_43
ENT-00463,PIC_UKE,TERVALIDASI,2025-01-27T00:57:43+07:00,pic_uke_43
ENT-00463,TERVALIDASI,PUBLISH,2025-04-01T15:05:25+07:00,operator_konten_43
ENT-00464,,DRAFT,2024-07-03T16:19:07+07:00,pengusul_63
ENT-00464,DRAFT,OPERATOR_KONTEN,2024-08-13T22:05:47+07:00,pengusul_63
ENT-00464,OPERATOR_KONTEN,PIC_UKE,2024-09-22T14:08:48+07:00,operator_konten_63
ENT-00464,PIC_UKE,TERVALIDASI,2024-12-01T07:12:15+07:00,pic_uke_63
ENT-00464,TERVALIDASI,PUBLISH,2025-02-01T14:16:40+07:00,operator_konten_63
ENT-00465,,DRAFT,2024-07-03T16:29:18+07:00,pengusul_42
ENT-00465,DRAFT,OPERATOR_KONTEN,2024-10-28T07:16:49+07:00,pengusul_42
ENT-00465,OPERATOR_KONTEN,PIC_UKE,2024-11-08T12:43:59+07:00,operator_konten_42
ENT-00465,PIC_UKE,TERVALIDASI,2024-12-12T14:55:17+07:00,pic_uke_42
ENT-00465,TERVALIDASI,PUBLISH,2025-01-09T10:32:38+07:00,operator_konten_42
ENT-00466,,DRAFT,2024-07-04T08:59:10+07:00,pengusul_15
ENT-00466,DRAFT,OPERATOR_KONTEN,2024-09-18T04:51:34+07:00,pengusul_15
ENT-00466,OPERATOR_KONTEN,PIC_UKE,2024-09-26T02:50:20+07:00,operator_konten_15
ENT-00466,PIC_UKE,TERVALIDASI,2024-10-14T01:13:12+07:00,pic_uke_15
ENT-00466,TERVALIDASI,PUBLISH,2025-02-28T10:58:01+07:00,operator_konten_15
ENT-00467,,DRAFT,2024-07-04T09:32:03+07:00,pengusul_27
ENT-00467,DRAFT,OPERATOR_KONTEN,2026-03-10T20:44:29+07:00,pengusul_27
ENT-00467,OPERATOR_KONTEN,PIC_UKE,2026-09-22T12:12:24+07:00,operator_konten_27
ENT-00468,,DRAFT,2024-07-05T08:01:46+07:00,pengusul_06
ENT-00468,DRAFT,OPERATOR_KONTEN,2024-09-04T17:20:08+07:00,pengusul_06
ENT-00468,OPERATOR_KONTEN,PIC_UKE,2024-11-10T04:42:50+07:00,operator_konten_06
ENT-00468,PIC_UKE,TERVALIDASI,2024-12-09T16:12:07+07:00,pic_uke_06
ENT-00468,TERVALIDASI,PUBLISH,2025-01-18T09:13:35+07:00,operator_konten_06
ENT-00469,,DRAFT,2024-07-05T09:22:49+07:00,pengusul_59
ENT-00469,DRAFT,OPERATOR_KONTEN,2024-10-07T19:12:14+07:00,pengusul_59
ENT-00469,OPERATOR_KONTEN,PIC_UKE,2024-10-31T02:19:18+07:00,operator_konten_59
ENT-00469,PIC_UKE,TERVALIDASI,2024-11-02T10:52:32+07:00,pic_uke_59
ENT-00469,TERVALIDASI,PUBLISH,2024-12-02T11:40:30+07:00,operator_konten_59
ENT-00469,PUBLISH,UNPUBLISH,2024-12-15T13:39:42+07:00,admin_59
ENT-00470,,DRAFT,2024-07-05T10:31:25+07:00,pengusul_30
ENT-00470,DRAFT,OPERATOR_KONTEN,2026-03-10T06:36:38+07:00,pengusul_30
ENT-00470,OPERATOR_KONTEN,PIC_UKE,2026-09-09T11:47:41+07:00,operator_konten_30
ENT-00471,,DRAFT,2024-07-05T11:46:21+07:00,pengusul_07
ENT-00471,DRAFT,OPERATOR_KONTEN,2024-08-13T22:02:06+07:00,pengusul_07
ENT-00471,OPERATOR_KONTEN,PIC_UKE,2024-09-29T17:35:27+07:00,operator_konten_07
ENT-00471,PIC_UKE,TERVALIDASI,2024-10-26T04:17:17+07:00,pic_uke_07
ENT-00471,TERVALIDASI,PUBLISH,2024-11-11T12:50:09+07:00,operator_konten_07
ENT-00472,,DRAFT,2024-07-05T12:59:06+07:00,pengusul_63
ENT-00472,DRAFT,OPERATOR_KONTEN,2024-07-06T14:00:20+07:00,pengusul_63
ENT-00472,OPERATOR_KONTEN,DITOLAK_OPERATOR,2024-07-25T14:28:24+07:00,operator_konten_63
ENT-00473,,DRAFT,2024-07-06T08:06:05+07:00,pengusul_30
ENT-00473,DRAFT,OPERATOR_KONTEN,2026-07-09T03:26:49+07:00,pengusul_30
ENT-00473,OPERATOR_KONTEN,PIC_UKE,2026-09-30T08:47:36+07:00,operator_konten_30
ENT-00474,,DRAFT,2024-07-06T11:39:50+07:00,pengusul_40
ENT-00474,DRAFT,OPERATOR_KONTEN,2024-07-15T18:22:27+07:00,pengusul_40
ENT-00474,OPERATOR_KONTEN,PIC_UKE,2024-07-21T10:55:09+07:00,operator_konten_40
ENT-00474,PIC_UKE,TERVALIDASI,2024-08-07T21:39:55+07:00,pic_uke_40
ENT-00474,TERVALIDASI,PUBLISH,2025-01-27T11:30:11+07:00,operator_konten_40
ENT-00475,,DRAFT,2024-07-06T11:43:42+07:00,pengusul_39
ENT-00475,DRAFT,OPERATOR_KONTEN,2025-02-10T00:42:53+07:00,pengusul_39
ENT-00475,OPERATOR_KONTEN,PIC_UKE,2026-09-04T14:53:32+07:00,operator_konten_39
ENT-00476,,DRAFT,2024-07-07T09:06:34+07:00,pengusul_63
ENT-00476,DRAFT,OPERATOR_KONTEN,2025-09-15T20:54:53+07:00,pengusul_63
ENT-00476,OPERATOR_KONTEN,PIC_UKE,2026-09-21T14:22:51+07:00,operator_konten_63
ENT-00477,,DRAFT,2024-07-07T09:24:11+07:00,pengusul_05
ENT-00477,DRAFT,OPERATOR_KONTEN,2024-09-10T13:52:47+07:00,pengusul_05
ENT-00477,OPERATOR_KONTEN,PIC_UKE,2024-10-12T05:21:36+07:00,operator_konten_05
ENT-00477,PIC_UKE,TERVALIDASI,2024-10-19T10:13:40+07:00,pic_uke_05
ENT-00477,TERVALIDASI,PUBLISH,2024-12-15T11:36:58+07:00,operator_konten_05
ENT-00478,,DRAFT,2024-07-07T14:12:56+07:00,pengusul_03
ENT-00478,DRAFT,OPERATOR_KONTEN,2024-12-24T04:33:28+07:00,pengusul_03
ENT-00478,OPERATOR_KONTEN,PIC_UKE,2025-01-29T11:25:46+07:00,operator_konten_03
ENT-00478,PIC_UKE,TERVALIDASI,2025-03-11T18:04:18+07:00,pic_uke_03
ENT-00478,TERVALIDASI,PUBLISH,2025-04-16T12:01:32+07:00,operator_konten_03
ENT-00479,,DRAFT,2024-07-08T11:58:37+07:00,pengusul_54
ENT-00479,DRAFT,OPERATOR_KONTEN,2025-03-17T09:47:32+07:00,pengusul_54
ENT-00479,OPERATOR_KONTEN,PIC_UKE,2026-10-07T15:55:05+07:00,operator_konten_54
ENT-00480,,DRAFT,2024-07-08T13:07:22+07:00,pengusul_19
ENT-00480,DRAFT,OPERATOR_KONTEN,2024-10-04T04:27:16+07:00,pengusul_19
ENT-00480,OPERATOR_KONTEN,PIC_UKE,2024-11-25T17:18:43+07:00,operator_konten_19
ENT-00480,PIC_UKE,TERVALIDASI,2024-12-03T07:13:17+07:00,pic_uke_19
ENT-00480,TERVALIDASI,PUBLISH,2024-12-28T10:15:21+07:00,operator_konten_19
ENT-00481,,DRAFT,2024-07-08T13:08:08+07:00,pengusul_63
ENT-00481,DRAFT,OPERATOR_KONTEN,2025-12-28T19:18:23+07:00,pengusul_63
ENT-00481,OPERATOR_KONTEN,PIC_UKE,2026-09-29T14:49:12+07:00,operator_konten_63
ENT-00482,,DRAFT,2024-07-08T14:30:54+07:00,pengusul_05
ENT-00482,DRAFT,OPERATOR_KONTEN,2024-08-12T02:25:31+07:00,pengusul_05
ENT-00482,OPERATOR_KONTEN,PIC_UKE,2024-09-12T03:25:01+07:00,operator_konten_05
ENT-00482,PIC_UKE,TERVALIDASI,2024-09-13T15:38:23+07:00,pic_uke_05
ENT-00482,TERVALIDASI,PUBLISH,2024-11-29T14:47:31+07:00,operator_konten_05
ENT-00483,,DRAFT,2024-07-08T16:53:02+07:00,pengusul_47
ENT-00483,DRAFT,OPERATOR_KONTEN,2024-08-16T12:11:10+07:00,pengusul_47
ENT-00483,OPERATOR_KONTEN,PIC_UKE,2024-09-03T16:24:42+07:00,operator_konten_47
ENT-00483,PIC_UKE,TERVALIDASI,2024-09-25T23:56:14+07:00,pic_uke_47
ENT-00483,TERVALIDASI,PUBLISH,2025-01-24T10:22:58+07:00,operator_konten_47
ENT-00484,,DRAFT,2024-07-09T09:11:33+07:00,pengusul_53
ENT-00484,DRAFT,OPERATOR_KONTEN,2024-08-06T19:49:08+07:00,pengusul_53
ENT-00484,OPERATOR_KONTEN,PIC_UKE,2024-08-17T21:22:41+07:00,operator_konten_53
ENT-00484,PIC_UKE,TERVALIDASI,2024-09-06T19:43:24+07:00,pic_uke_53
ENT-00484,TERVALIDASI,PUBLISH,2024-09-26T08:30:24+07:00,operator_konten_53
ENT-00485,,DRAFT,2024-07-09T09:59:05+07:00,pengusul_40
ENT-00485,DRAFT,OPERATOR_KONTEN,2024-07-20T17:43:44+07:00,pengusul_40
ENT-00485,OPERATOR_KONTEN,PIC_UKE,2024-07-27T20:16:55+07:00,operator_konten_40
ENT-00485,PIC_UKE,TERVALIDASI,2025-01-18T04:25:46+07:00,pic_uke_40
ENT-00485,TERVALIDASI,PUBLISH,2025-02-05T13:19:59+07:00,operator_konten_40
ENT-00486,,DRAFT,2024-07-09T10:45:51+07:00,pengusul_55
ENT-00486,DRAFT,OPERATOR_KONTEN,2024-08-07T21:30:13+07:00,pengusul_55
ENT-00486,OPERATOR_KONTEN,PIC_UKE,2024-08-22T06:14:52+07:00,operator_konten_55
ENT-00486,PIC_UKE,TERVALIDASI,2024-08-30T17:26:51+07:00,pic_uke_55
ENT-00486,TERVALIDASI,PUBLISH,2024-09-01T11:13:13+07:00,operator_konten_55
ENT-00487,,DRAFT,2024-07-10T09:20:54+07:00,pengusul_57
ENT-00487,DRAFT,OPERATOR_KONTEN,2024-07-25T12:27:43+07:00,pengusul_57
ENT-00487,OPERATOR_KONTEN,PIC_UKE,2024-08-24T04:49:44+07:00,operator_konten_57
ENT-00487,PIC_UKE,TERVALIDASI,2024-09-13T06:06:49+07:00,pic_uke_57
ENT-00487,TERVALIDASI,PUBLISH,2024-10-25T11:59:21+07:00,operator_konten_57
ENT-00488,,DRAFT,2024-07-10T09:48:43+07:00,pengusul_03
ENT-00488,DRAFT,OPERATOR_KONTEN,2024-07-18T21:35:13+07:00,pengusul_03
ENT-00488,OPERATOR_KONTEN,PIC_UKE,2024-08-27T23:11:01+07:00,operator_konten_03
ENT-00488,PIC_UKE,TERVALIDASI,2024-10-30T08:25:43+07:00,pic_uke_03
ENT-00488,TERVALIDASI,PUBLISH,2024-12-21T08:52:13+07:00,operator_konten_03
ENT-00489,,DRAFT,2024-07-10T11:52:22+07:00,pengusul_05
ENT-00489,DRAFT,OPERATOR_KONTEN,2024-08-07T12:05:18+07:00,pengusul_05
ENT-00489,OPERATOR_KONTEN,PIC_UKE,2024-09-16T18:00:17+07:00,operator_konten_05
ENT-00489,PIC_UKE,TERVALIDASI,2024-09-27T18:26:12+07:00,pic_uke_05
ENT-00489,TERVALIDASI,PUBLISH,2024-11-26T15:36:45+07:00,operator_konten_05
ENT-00490,,DRAFT,2024-07-11T09:57:39+07:00,pengusul_65
ENT-00490,DRAFT,OPERATOR_KONTEN,2024-08-22T17:57:50+07:00,pengusul_65
ENT-00490,OPERATOR_KONTEN,PIC_UKE,2024-08-23T01:06:08+07:00,operator_konten_65
ENT-00490,PIC_UKE,TERVALIDASI,2024-09-05T21:01:11+07:00,pic_uke_65
ENT-00490,TERVALIDASI,PUBLISH,2024-09-18T09:34:34+07:00,operator_konten_65
ENT-00491,,DRAFT,2024-07-11T11:40:17+07:00,pengusul_20
ENT-00491,DRAFT,OPERATOR_KONTEN,2026-06-14T13:15:07+07:00,pengusul_20
ENT-00491,OPERATOR_KONTEN,PIC_UKE,2026-10-07T14:19:34+07:00,operator_konten_20
ENT-00492,,DRAFT,2024-07-11T12:54:09+07:00,pengusul_14
ENT-00492,DRAFT,OPERATOR_KONTEN,2024-07-13T08:59:05+07:00,pengusul_14
ENT-00492,OPERATOR_KONTEN,PIC_UKE,2024-07-15T02:12:10+07:00,operator_konten_14
ENT-00492,PIC_UKE,TERVALIDASI,2024-07-15T08:51:29+07:00,pic_uke_14
ENT-00492,TERVALIDASI,PUBLISH,2024-08-10T13:36:03+07:00,operator_konten_14
ENT-00493,,DRAFT,2024-07-11T15:31:29+07:00,pengusul_40
ENT-00493,DRAFT,OPERATOR_KONTEN,2026-10-07T16:45:26+07:00,pengusul_40
ENT-00494,,DRAFT,2024-07-11T15:52:11+07:00,pengusul_10
ENT-00494,DRAFT,OPERATOR_KONTEN,2024-07-20T08:53:30+07:00,pengusul_10
ENT-00494,OPERATOR_KONTEN,PIC_UKE,2024-08-24T10:44:11+07:00,operator_konten_10
ENT-00494,PIC_UKE,TERVALIDASI,2024-09-03T00:55:09+07:00,pic_uke_10
ENT-00494,TERVALIDASI,PUBLISH,2024-11-23T11:50:48+07:00,operator_konten_10
ENT-00495,,DRAFT,2024-07-12T08:19:35+07:00,pengusul_47
ENT-00495,DRAFT,OPERATOR_KONTEN,2024-08-24T05:19:12+07:00,pengusul_47
ENT-00495,OPERATOR_KONTEN,PIC_UKE,2024-08-24T10:44:09+07:00,operator_konten_47
ENT-00495,PIC_UKE,TERVALIDASI,2024-09-01T17:33:38+07:00,pic_uke_47
ENT-00495,TERVALIDASI,PUBLISH,2024-10-04T12:09:42+07:00,operator_konten_47
ENT-00496,,DRAFT,2024-07-12T12:46:54+07:00,pengusul_08
ENT-00496,DRAFT,OPERATOR_KONTEN,2024-10-14T13:15:47+07:00,pengusul_08
ENT-00496,OPERATOR_KONTEN,PIC_UKE,2025-04-06T18:01:45+07:00,operator_konten_08
ENT-00496,PIC_UKE,TERVALIDASI,2025-04-09T04:33:28+07:00,pic_uke_08
ENT-00496,TERVALIDASI,PUBLISH,2025-04-29T14:14:48+07:00,operator_konten_08
ENT-00497,,DRAFT,2024-07-13T08:31:10+07:00,pengusul_05
ENT-00497,DRAFT,OPERATOR_KONTEN,2024-09-30T06:52:47+07:00,pengusul_05
ENT-00497,OPERATOR_KONTEN,PIC_UKE,2024-12-17T08:23:12+07:00,operator_konten_05
ENT-00497,PIC_UKE,TERVALIDASI,2025-02-08T10:43:14+07:00,pic_uke_05
ENT-00497,TERVALIDASI,PUBLISH,2025-03-30T11:03:53+07:00,operator_konten_05
ENT-00498,,DRAFT,2024-07-13T10:34:19+07:00,pengusul_58
ENT-00498,DRAFT,OPERATOR_KONTEN,2024-08-28T13:59:35+07:00,pengusul_58
ENT-00498,OPERATOR_KONTEN,PIC_UKE,2026-09-21T12:52:12+07:00,operator_konten_58
ENT-00499,,DRAFT,2024-07-13T11:55:37+07:00,pengusul_48
ENT-00499,DRAFT,OPERATOR_KONTEN,2024-08-15T01:44:58+07:00,pengusul_48
ENT-00499,OPERATOR_KONTEN,PIC_UKE,2024-08-31T15:18:37+07:00,operator_konten_48
ENT-00499,PIC_UKE,TERVALIDASI,2024-11-23T10:33:19+07:00,pic_uke_48
ENT-00499,TERVALIDASI,PUBLISH,2025-04-20T10:30:40+07:00,operator_konten_48
ENT-00500,,DRAFT,2024-07-13T15:17:02+07:00,pengusul_09
ENT-00500,DRAFT,OPERATOR_KONTEN,2024-10-22T20:30:35+07:00,pengusul_09
ENT-00500,OPERATOR_KONTEN,PIC_UKE,2025-02-08T11:20:04+07:00,operator_konten_09
ENT-00500,PIC_UKE,TERVALIDASI,2025-02-27T05:00:18+07:00,pic_uke_09
ENT-00500,TERVALIDASI,PUBLISH,2025-03-17T12:36:48+07:00,operator_konten_09
ENT-00501,,DRAFT,2024-07-13T16:53:01+07:00,pengusul_12
ENT-00501,DRAFT,OPERATOR_KONTEN,2024-07-28T14:59:23+07:00,pengusul_12
ENT-00501,OPERATOR_KONTEN,PIC_UKE,2024-07-29T14:29:37+07:00,operator_konten_12
ENT-00501,PIC_UKE,TERVALIDASI,2024-08-09T01:43:52+07:00,pic_uke_12
ENT-00501,TERVALIDASI,PUBLISH,2024-09-19T11:27:33+07:00,operator_konten_12
ENT-00502,,DRAFT,2024-07-14T10:51:41+07:00,pengusul_13
ENT-00502,DRAFT,OPERATOR_KONTEN,2024-09-18T17:54:29+07:00,pengusul_13
ENT-00502,OPERATOR_KONTEN,PIC_UKE,2024-10-22T00:37:58+07:00,operator_konten_13
ENT-00502,PIC_UKE,TERVALIDASI,2024-12-29T05:45:04+07:00,pic_uke_13
ENT-00502,TERVALIDASI,PUBLISH,2025-02-15T14:34:37+07:00,operator_konten_13
ENT-00503,,DRAFT,2024-07-14T11:46:04+07:00,pengusul_18
ENT-00503,DRAFT,OPERATOR_KONTEN,2024-07-20T03:39:46+07:00,pengusul_18
ENT-00503,OPERATOR_KONTEN,PIC_UKE,2024-07-24T01:46:14+07:00,operator_konten_18
ENT-00503,PIC_UKE,TERVALIDASI,2024-08-22T11:13:15+07:00,pic_uke_18
ENT-00503,TERVALIDASI,PUBLISH,2024-10-05T12:21:17+07:00,operator_konten_18
ENT-00504,,DRAFT,2024-07-14T14:34:31+07:00,pengusul_36
ENT-00504,DRAFT,OPERATOR_KONTEN,2024-10-03T11:28:57+07:00,pengusul_36
ENT-00504,OPERATOR_KONTEN,PIC_UKE,2024-12-05T08:34:46+07:00,operator_konten_36
ENT-00504,PIC_UKE,TERVALIDASI,2025-03-16T06:58:55+07:00,pic_uke_36
ENT-00504,TERVALIDASI,PUBLISH,2025-05-01T12:14:39+07:00,operator_konten_36
ENT-00505,,DRAFT,2024-07-15T13:46:42+07:00,pengusul_69
ENT-00505,DRAFT,OPERATOR_KONTEN,2024-08-17T02:35:36+07:00,pengusul_69
ENT-00505,OPERATOR_KONTEN,PIC_UKE,2024-09-26T03:06:27+07:00,operator_konten_69
ENT-00505,PIC_UKE,TERVALIDASI,2024-11-06T15:10:38+07:00,pic_uke_69
ENT-00505,TERVALIDASI,PUBLISH,2024-11-19T10:22:28+07:00,operator_konten_69
ENT-00506,,DRAFT,2024-07-15T14:55:20+07:00,pengusul_60
ENT-00506,DRAFT,OPERATOR_KONTEN,2024-10-29T13:10:55+07:00,pengusul_60
ENT-00506,OPERATOR_KONTEN,PIC_UKE,2024-10-30T09:04:18+07:00,operator_konten_60
ENT-00506,PIC_UKE,TERVALIDASI,2024-11-27T09:43:08+07:00,pic_uke_60
ENT-00506,TERVALIDASI,PUBLISH,2024-12-19T10:55:10+07:00,operator_konten_60
ENT-00507,,DRAFT,2024-07-15T16:07:01+07:00,pengusul_18
ENT-00507,DRAFT,OPERATOR_KONTEN,2024-08-22T10:02:08+07:00,pengusul_18
ENT-00507,OPERATOR_KONTEN,PIC_UKE,2024-12-18T17:08:20+07:00,operator_konten_18
ENT-00507,PIC_UKE,TERVALIDASI,2024-12-24T09:06:56+07:00,pic_uke_18
ENT-00507,TERVALIDASI,PUBLISH,2025-01-24T14:36:47+07:00,operator_konten_18
ENT-00508,,DRAFT,2024-07-15T16:27:51+07:00,pengusul_06
ENT-00508,DRAFT,OPERATOR_KONTEN,2024-08-08T08:42:35+07:00,pengusul_06
ENT-00508,OPERATOR_KONTEN,PIC_UKE,2024-08-30T02:52:35+07:00,operator_konten_06
ENT-00508,PIC_UKE,TERVALIDASI,2024-09-29T09:42:29+07:00,pic_uke_06
ENT-00508,TERVALIDASI,PUBLISH,2025-02-02T08:29:02+07:00,operator_konten_06
ENT-00509,,DRAFT,2024-07-16T09:46:25+07:00,pengusul_16
ENT-00509,DRAFT,OPERATOR_KONTEN,2024-11-03T05:18:17+07:00,pengusul_16
ENT-00509,OPERATOR_KONTEN,PIC_UKE,2024-11-19T07:41:22+07:00,operator_konten_16
ENT-00509,PIC_UKE,TERVALIDASI,2025-01-08T17:29:32+07:00,pic_uke_16
ENT-00509,TERVALIDASI,PUBLISH,2025-04-02T08:13:07+07:00,operator_konten_16
ENT-00510,,DRAFT,2024-07-16T11:41:52+07:00,pengusul_23
ENT-00510,DRAFT,OPERATOR_KONTEN,2026-03-30T03:12:10+07:00,pengusul_23
ENT-00510,OPERATOR_KONTEN,PIC_UKE,2026-09-10T11:49:54+07:00,operator_konten_23
ENT-00511,,DRAFT,2024-07-16T12:19:49+07:00,pengusul_17
ENT-00511,DRAFT,OPERATOR_KONTEN,2024-11-17T01:02:12+07:00,pengusul_17
ENT-00511,OPERATOR_KONTEN,PIC_UKE,2024-12-25T12:52:57+07:00,operator_konten_17
ENT-00511,PIC_UKE,TERVALIDASI,2025-01-15T16:38:57+07:00,pic_uke_17
ENT-00511,TERVALIDASI,PUBLISH,2025-02-15T15:54:50+07:00,operator_konten_17
ENT-00512,,DRAFT,2024-07-16T12:32:01+07:00,pengusul_22
ENT-00512,DRAFT,OPERATOR_KONTEN,2026-07-11T07:29:15+07:00,pengusul_22
ENT-00512,OPERATOR_KONTEN,PIC_UKE,2026-10-07T16:58:28+07:00,operator_konten_22
ENT-00513,,DRAFT,2024-07-16T14:03:46+07:00,pengusul_29
ENT-00513,DRAFT,OPERATOR_KONTEN,2024-07-19T21:18:19+07:00,pengusul_29
ENT-00513,OPERATOR_KONTEN,PIC_UKE,2024-07-28T17:48:54+07:00,operator_konten_29
ENT-00513,PIC_UKE,TERVALIDASI,2024-09-04T00:03:41+07:00,pic_uke_29
ENT-00513,TERVALIDASI,PUBLISH,2024-09-21T15:21:09+07:00,operator_konten_29
ENT-00514,,DRAFT,2024-07-16T15:55:12+07:00,pengusul_02
ENT-00514,DRAFT,OPERATOR_KONTEN,2024-08-20T21:04:54+07:00,pengusul_02
ENT-00514,OPERATOR_KONTEN,PIC_UKE,2024-08-31T21:30:30+07:00,operator_konten_02
ENT-00514,PIC_UKE,TERVALIDASI,2024-09-27T01:53:41+07:00,pic_uke_02
ENT-00514,TERVALIDASI,PUBLISH,2024-10-08T14:09:10+07:00,operator_konten_02
ENT-00515,,DRAFT,2024-07-17T12:27:19+07:00,pengusul_42
ENT-00515,DRAFT,OPERATOR_KONTEN,2025-05-12T13:21:56+07:00,pengusul_42
ENT-00515,OPERATOR_KONTEN,PIC_UKE,2026-09-21T16:14:39+07:00,operator_konten_42
ENT-00516,,DRAFT,2024-07-17T12:31:44+07:00,pengusul_20
ENT-00516,DRAFT,OPERATOR_KONTEN,2026-07-05T01:09:08+07:00,pengusul_20
ENT-00516,OPERATOR_KONTEN,PIC_UKE,2026-09-28T10:48:55+07:00,operator_konten_20
ENT-00517,,DRAFT,2024-07-18T08:38:25+07:00,pengusul_02
ENT-00517,DRAFT,OPERATOR_KONTEN,2024-08-29T04:38:09+07:00,pengusul_02
ENT-00517,OPERATOR_KONTEN,PIC_UKE,2024-09-02T02:26:00+07:00,operator_konten_02
ENT-00517,PIC_UKE,TERVALIDASI,2024-09-10T08:47:14+07:00,pic_uke_02
ENT-00517,TERVALIDASI,PUBLISH,2024-10-13T05:46:33+07:00,operator_konten_02
ENT-00517,PUBLISH,UNPUBLISH,2025-01-20T08:06:10+07:00,admin_02
ENT-00518,,DRAFT,2024-07-18T12:29:14+07:00,pengusul_29
ENT-00518,DRAFT,OPERATOR_KONTEN,2024-10-27T19:58:48+07:00,pengusul_29
ENT-00518,OPERATOR_KONTEN,DITOLAK_OPERATOR,2026-01-01T05:23:40+07:00,operator_konten_29
ENT-00518,DITOLAK_OPERATOR,DRAFT,2026-10-06T13:35:47+07:00,pengusul_29
ENT-00519,,DRAFT,2024-07-18T14:12:13+07:00,pengusul_36
ENT-00519,DRAFT,OPERATOR_KONTEN,2026-01-09T00:30:28+07:00,pengusul_36
ENT-00519,OPERATOR_KONTEN,PIC_UKE,2026-09-29T10:22:54+07:00,operator_konten_36
ENT-00520,,DRAFT,2024-07-18T14:26:16+07:00,pengusul_60
ENT-00520,DRAFT,OPERATOR_KONTEN,2024-09-12T06:05:07+07:00,pengusul_60
ENT-00520,OPERATOR_KONTEN,PIC_UKE,2026-10-06T16:11:48+07:00,operator_konten_60
ENT-00521,,DRAFT,2024-07-18T16:52:00+07:00,pengusul_06
ENT-00521,DRAFT,OPERATOR_KONTEN,2024-07-19T02:27:31+07:00,pengusul_06
ENT-00521,OPERATOR_KONTEN,PIC_UKE,2024-07-19T05:24:58+07:00,operator_konten_06
ENT-00521,PIC_UKE,TERVALIDASI,2024-07-19T10:31:57+07:00,pic_uke_06
ENT-00521,TERVALIDASI,PUBLISH,2024-07-19T13:04:44+07:00,operator_konten_06
ENT-00522,,DRAFT,2024-07-19T09:14:58+07:00,pengusul_40
ENT-00522,DRAFT,OPERATOR_KONTEN,2024-08-29T01:00:40+07:00,pengusul_40
ENT-00522,OPERATOR_KONTEN,PIC_UKE,2024-09-30T00:29:17+07:00,operator_konten_40
ENT-00522,PIC_UKE,TERVALIDASI,2024-10-04T03:43:25+07:00,pic_uke_40
ENT-00522,TERVALIDASI,PUBLISH,2024-10-10T08:32:11+07:00,operator_konten_40
ENT-00523,,DRAFT,2024-07-19T11:20:44+07:00,pengusul_47
ENT-00523,DRAFT,OPERATOR_KONTEN,2024-08-03T20:05:55+07:00,pengusul_47
ENT-00523,OPERATOR_KONTEN,PIC_UKE,2024-08-22T04:18:58+07:00,operator_konten_47
ENT-00523,PIC_UKE,TERVALIDASI,2024-08-29T10:59:50+07:00,pic_uke_47
ENT-00523,TERVALIDASI,PUBLISH,2024-10-22T14:17:58+07:00,operator_konten_47
ENT-00524,,DRAFT,2024-07-20T14:25:07+07:00,pengusul_16
ENT-00524,DRAFT,OPERATOR_KONTEN,2024-08-12T17:07:36+07:00,pengusul_16
ENT-00524,OPERATOR_KONTEN,PIC_UKE,2024-10-08T15:56:19+07:00,operator_konten_16
ENT-00524,PIC_UKE,TERVALIDASI,2024-11-25T09:26:31+07:00,pic_uke_16
ENT-00524,TERVALIDASI,PUBLISH,2024-12-16T09:49:37+07:00,operator_konten_16
ENT-00525,,DRAFT,2024-07-21T08:11:28+07:00,pengusul_68
ENT-00525,DRAFT,OPERATOR_KONTEN,2026-03-19T16:22:57+07:00,pengusul_68
ENT-00525,OPERATOR_KONTEN,PIC_UKE,2026-07-28T08:47:51+07:00,operator_konten_68
ENT-00526,,DRAFT,2024-07-21T11:30:11+07:00,pengusul_68
ENT-00526,DRAFT,OPERATOR_KONTEN,2024-07-27T21:50:37+07:00,pengusul_68
ENT-00526,OPERATOR_KONTEN,PIC_UKE,2024-09-07T12:31:01+07:00,operator_konten_68
ENT-00526,PIC_UKE,TERVALIDASI,2024-11-17T09:27:38+07:00,pic_uke_68
ENT-00526,TERVALIDASI,PUBLISH,2024-12-14T14:32:50+07:00,operator_konten_68
ENT-00527,,DRAFT,2024-07-21T11:53:55+07:00,pengusul_49
ENT-00527,DRAFT,OPERATOR_KONTEN,2025-12-19T07:10:30+07:00,pengusul_49
ENT-00527,OPERATOR_KONTEN,PIC_UKE,2026-09-29T10:56:15+07:00,operator_konten_49
ENT-00528,,DRAFT,2024-07-21T12:02:36+07:00,pengusul_52
ENT-00528,DRAFT,OPERATOR_KONTEN,2024-10-16T04:41:39+07:00,pengusul_52
ENT-00528,OPERATOR_KONTEN,PIC_UKE,2024-10-28T15:16:57+07:00,operator_konten_52
ENT-00528,PIC_UKE,TERVALIDASI,2024-11-05T18:40:49+07:00,pic_uke_52
ENT-00528,TERVALIDASI,PUBLISH,2024-11-21T01:09:08+07:00,operator_konten_52
ENT-00528,PUBLISH,UNPUBLISH,2025-03-17T12:58:27+07:00,admin_52
ENT-00529,,DRAFT,2024-07-21T13:21:19+07:00,pengusul_42
ENT-00529,DRAFT,OPERATOR_KONTEN,2024-08-01T14:41:54+07:00,pengusul_42
ENT-00529,OPERATOR_KONTEN,DITOLAK_OPERATOR,2025-04-02T14:19:40+07:00,operator_konten_42
ENT-00530,,DRAFT,2024-07-22T08:13:57+07:00,pengusul_05
ENT-00530,DRAFT,OPERATOR_KONTEN,2024-07-31T10:27:56+07:00,pengusul_05
ENT-00530,OPERATOR_KONTEN,PIC_UKE,2024-08-18T02:19:13+07:00,operator_konten_05
ENT-00530,PIC_UKE,TERVALIDASI,2024-08-24T00:27:03+07:00,pic_uke_05
ENT-00530,TERVALIDASI,PUBLISH,2024-09-24T12:15:23+07:00,operator_konten_05
ENT-00531,,DRAFT,2024-07-22T10:13:32+07:00,pengusul_40
ENT-00531,DRAFT,OPERATOR_KONTEN,2025-01-11T08:57:07+07:00,pengusul_40
ENT-00531,OPERATOR_KONTEN,PIC_UKE,2026-09-29T16:21:01+07:00,operator_konten_40
ENT-00532,,DRAFT,2024-07-22T11:01:10+07:00,pengusul_25
ENT-00532,DRAFT,OPERATOR_KONTEN,2025-10-09T00:58:50+07:00,pengusul_25
ENT-00532,OPERATOR_KONTEN,PIC_UKE,2026-09-14T10:05:11+07:00,operator_konten_25
ENT-00533,,DRAFT,2024-07-22T16:46:24+07:00,pengusul_24
ENT-00533,DRAFT,OPERATOR_KONTEN,2024-07-30T03:52:17+07:00,pengusul_24
ENT-00533,OPERATOR_KONTEN,PIC_UKE,2024-08-22T19:22:03+07:00,operator_konten_24
ENT-00533,PIC_UKE,TERVALIDASI,2024-09-16T06:13:51+07:00,pic_uke_24
ENT-00533,TERVALIDASI,PUBLISH,2024-10-06T08:40:03+07:00,operator_konten_24
ENT-00534,,DRAFT,2024-07-23T14:31:35+07:00,pengusul_29
ENT-00534,DRAFT,OPERATOR_KONTEN,2024-10-30T20:24:21+07:00,pengusul_29
ENT-00534,OPERATOR_KONTEN,PIC_UKE,2024-11-28T23:49:20+07:00,operator_konten_29
ENT-00534,PIC_UKE,TERVALIDASI,2025-02-04T21:47:40+07:00,pic_uke_29
ENT-00534,TERVALIDASI,PUBLISH,2025-04-09T10:57:01+07:00,operator_konten_29
ENT-00535,,DRAFT,2024-07-23T16:34:07+07:00,pengusul_66
ENT-00535,DRAFT,OPERATOR_KONTEN,2024-08-08T05:13:46+07:00,pengusul_66
ENT-00535,OPERATOR_KONTEN,PIC_UKE,2024-10-04T22:50:34+07:00,operator_konten_66
ENT-00535,PIC_UKE,TERVALIDASI,2024-10-22T02:35:05+07:00,pic_uke_66
ENT-00535,TERVALIDASI,PUBLISH,2024-11-14T16:40:58+07:00,operator_konten_66
ENT-00536,,DRAFT,2024-07-24T09:28:01+07:00,pengusul_06
ENT-00536,DRAFT,OPERATOR_KONTEN,2024-08-06T09:21:34+07:00,pengusul_06
ENT-00536,OPERATOR_KONTEN,PIC_UKE,2024-09-24T00:43:30+07:00,operator_konten_06
ENT-00536,PIC_UKE,TERVALIDASI,2024-12-27T03:03:29+07:00,pic_uke_06
ENT-00536,TERVALIDASI,PUBLISH,2025-02-03T08:24:45+07:00,operator_konten_06
ENT-00537,,DRAFT,2024-07-24T09:38:19+07:00,pengusul_00
ENT-00537,DRAFT,OPERATOR_KONTEN,2024-10-01T07:39:04+07:00,pengusul_00
ENT-00537,OPERATOR_KONTEN,PIC_UKE,2024-12-04T00:32:55+07:00,operator_konten_00
ENT-00537,PIC_UKE,TERVALIDASI,2025-02-16T20:18:18+07:00,pic_uke_00
ENT-00537,TERVALIDASI,PUBLISH,2025-02-24T16:50:15+07:00,operator_konten_00
ENT-00538,,DRAFT,2024-07-24T14:07:48+07:00,pengusul_64
ENT-00538,DRAFT,OPERATOR_KONTEN,2025-10-30T19:10:47+07:00,pengusul_64
ENT-00538,OPERATOR_KONTEN,PIC_UKE,2026-10-05T14:32:11+07:00,operator_konten_64
ENT-00539,,DRAFT,2024-07-24T16:01:37+07:00,pengusul_67
ENT-00539,DRAFT,OPERATOR_KONTEN,2026-03-12T11:56:42+07:00,pengusul_67
ENT-00539,OPERATOR_KONTEN,PIC_UKE,2026-09-10T10:31:27+07:00,operator_konten_67
ENT-00540,,DRAFT,2024-07-25T09:31:55+07:00,pengusul_47
ENT-00540,DRAFT,OPERATOR_KONTEN,2024-10-04T00:42:45+07:00,pengusul_47
ENT-00540,OPERATOR_KONTEN,PIC_UKE,2024-10-06T03:38:30+07:00,operator_konten_47
ENT-00540,PIC_UKE,TERVALIDASI,2024-10-21T17:07:32+07:00,pic_uke_47
ENT-00540,TERVALIDASI,PUBLISH,2024-11-08T08:59:13+07:00,operator_konten_47
ENT-00541,,DRAFT,2024-07-25T12:10:45+07:00,pengusul_06
ENT-00541,DRAFT,OPERATOR_KONTEN,2025-09-13T08:23:52+07:00,pengusul_06
ENT-00541,OPERATOR_KONTEN,PIC_UKE,2026-10-02T09:12:26+07:00,operator_konten_06
ENT-00542,,DRAFT,2024-07-25T12:49:50+07:00,pengusul_02
ENT-00542,DRAFT,OPERATOR_KONTEN,2024-07-30T18:26:15+07:00,pengusul_02
ENT-00542,OPERATOR_KONTEN,PIC_UKE,2024-09-05T23:37:50+07:00,operator_konten_02
ENT-00542,PIC_UKE,TERVALIDASI,2024-10-25T02:21:18+07:00,pic_uke_02
ENT-00542,TERVALIDASI,PUBLISH,2024-12-13T14:59:56+07:00,operator_konten_02
ENT-00543,,DRAFT,2024-07-25T14:00:02+07:00,pengusul_01
ENT-00543,DRAFT,OPERATOR_KONTEN,2024-11-18T04:42:52+07:00,pengusul_01
ENT-00543,OPERATOR_KONTEN,PIC_UKE,2025-06-27T09:28:48+07:00,operator_konten_01
ENT-00543,PIC_UKE,TERVALIDASI,2026-10-08T11:19:43+07:00,pic_uke_01
ENT-00544,,DRAFT,2024-07-26T10:11:40+07:00,pengusul_12
ENT-00544,DRAFT,OPERATOR_KONTEN,2024-11-22T08:43:22+07:00,pengusul_12
ENT-00544,OPERATOR_KONTEN,PIC_UKE,2024-11-26T10:24:07+07:00,operator_konten_12
ENT-00544,PIC_UKE,TERVALIDASI,2025-01-22T19:55:17+07:00,pic_uke_12
ENT-00544,TERVALIDASI,PUBLISH,2025-03-24T16:31:42+07:00,operator_konten_12
ENT-00545,,DRAFT,2024-07-26T13:40:37+07:00,pengusul_07
ENT-00545,DRAFT,OPERATOR_KONTEN,2024-07-30T13:49:03+07:00,pengusul_07
ENT-00545,OPERATOR_KONTEN,PIC_UKE,2024-08-02T02:23:56+07:00,operator_konten_07
ENT-00545,PIC_UKE,TERVALIDASI,2024-08-13T00:12:27+07:00,pic_uke_07
ENT-00545,TERVALIDASI,PUBLISH,2024-08-24T08:53:02+07:00,operator_konten_07
ENT-00546,,DRAFT,2024-07-27T08:58:06+07:00,pengusul_13
ENT-00546,DRAFT,OPERATOR_KONTEN,2024-12-07T23:10:26+07:00,pengusul_13
ENT-00546,OPERATOR_KONTEN,PIC_UKE,2026-09-18T14:51:15+07:00,operator_konten_13
ENT-00547,,DRAFT,2024-07-27T09:47:39+07:00,pengusul_66
ENT-00547,DRAFT,OPERATOR_KONTEN,2025-03-13T14:26:42+07:00,pengusul_66
ENT-00547,OPERATOR_KONTEN,PIC_UKE,2025-03-24T16:28:34+07:00,operator_konten_66
ENT-00547,PIC_UKE,TERVALIDASI,2025-04-05T17:20:42+07:00,pic_uke_66
ENT-00547,TERVALIDASI,PUBLISH,2025-05-20T08:51:14+07:00,operator_konten_66
ENT-00548,,DRAFT,2024-07-27T10:07:15+07:00,pengusul_61
ENT-00548,DRAFT,OPERATOR_KONTEN,2024-09-05T12:03:37+07:00,pengusul_61
ENT-00548,OPERATOR_KONTEN,PIC_UKE,2024-12-22T16:53:55+07:00,operator_konten_61
ENT-00548,PIC_UKE,TERVALIDASI,2025-01-16T01:05:07+07:00,pic_uke_61
ENT-00548,TERVALIDASI,PUBLISH,2025-01-30T09:55:54+07:00,operator_konten_61
ENT-00549,,DRAFT,2024-07-27T13:03:31+07:00,pengusul_02
ENT-00549,DRAFT,OPERATOR_KONTEN,2024-08-20T06:07:47+07:00,pengusul_02
ENT-00549,OPERATOR_KONTEN,PIC_UKE,2024-11-24T04:49:54+07:00,operator_konten_02
ENT-00549,PIC_UKE,TERVALIDASI,2024-12-20T06:14:16+07:00,pic_uke_02
ENT-00549,TERVALIDASI,PUBLISH,2025-02-08T15:31:16+07:00,operator_konten_02
ENT-00550,,DRAFT,2024-07-27T13:44:15+07:00,pengusul_59
ENT-00550,DRAFT,OPERATOR_KONTEN,2024-09-15T09:49:36+07:00,pengusul_59
ENT-00550,OPERATOR_KONTEN,PIC_UKE,2024-09-17T03:28:30+07:00,operator_konten_59
ENT-00550,PIC_UKE,TERVALIDASI,2024-09-20T11:07:11+07:00,pic_uke_59
ENT-00550,TERVALIDASI,PUBLISH,2024-09-24T09:40:25+07:00,operator_konten_59
ENT-00551,,DRAFT,2024-07-28T09:09:13+07:00,pengusul_12
ENT-00551,DRAFT,OPERATOR_KONTEN,2025-08-11T18:38:28+07:00,pengusul_12
ENT-00551,OPERATOR_KONTEN,PIC_UKE,2026-09-24T10:41:35+07:00,operator_konten_12
ENT-00552,,DRAFT,2024-07-28T10:04:53+07:00,pengusul_59
ENT-00552,DRAFT,OPERATOR_KONTEN,2024-09-24T07:26:28+07:00,pengusul_59
ENT-00552,OPERATOR_KONTEN,PIC_UKE,2024-11-01T10:14:31+07:00,operator_konten_59
ENT-00552,PIC_UKE,TERVALIDASI,2025-03-19T13:34:15+07:00,pic_uke_59
ENT-00552,TERVALIDASI,PUBLISH,2025-03-29T08:47:02+07:00,operator_konten_59
ENT-00553,,DRAFT,2024-07-28T11:10:40+07:00,pengusul_28
ENT-00553,DRAFT,OPERATOR_KONTEN,2025-09-17T22:13:04+07:00,pengusul_28
ENT-00553,OPERATOR_KONTEN,PIC_UKE,2026-09-10T14:30:35+07:00,operator_konten_28
ENT-00554,,DRAFT,2024-07-28T12:03:56+07:00,pengusul_09
ENT-00554,DRAFT,OPERATOR_KONTEN,2024-11-01T12:44:42+07:00,pengusul_09
ENT-00554,OPERATOR_KONTEN,PIC_UKE,2025-02-25T23:56:21+07:00,operator_konten_09
ENT-00554,PIC_UKE,TERVALIDASI,2025-03-04T18:49:04+07:00,pic_uke_09
ENT-00554,TERVALIDASI,PUBLISH,2025-04-15T09:27:43+07:00,operator_konten_09
ENT-00555,,DRAFT,2024-07-28T14:09:42+07:00,pengusul_48
ENT-00555,DRAFT,OPERATOR_KONTEN,2025-11-21T15:53:14+07:00,pengusul_48
ENT-00555,OPERATOR_KONTEN,PIC_UKE,2026-09-08T16:31:51+07:00,operator_konten_48
ENT-00556,,DRAFT,2024-07-28T14:10:43+07:00,pengusul_01
ENT-00556,DRAFT,OPERATOR_KONTEN,2025-01-14T08:21:03+07:00,pengusul_01
ENT-00556,OPERATOR_KONTEN,PIC_UKE,2026-10-08T15:13:48+07:00,operator_konten_01
ENT-00557,,DRAFT,2024-07-28T14:20:16+07:00,pengusul_03
ENT-00557,DRAFT,OPERATOR_KONTEN,2024-08-10T21:22:45+07:00,pengusul_03
ENT-00557,OPERATOR_KONTEN,PIC_UKE,2024-08-17T20:19:18+07:00,operator_konten_03
ENT-00557,PIC_UKE,TERVALIDASI,2024-11-12T12:21:49+07:00,pic_uke_03
ENT-00557,TERVALIDASI,PUBLISH,2025-02-13T14:59:39+07:00,operator_konten_03
ENT-00558,,DRAFT,2024-07-28T14:45:28+07:00,pengusul_48
ENT-00558,DRAFT,OPERATOR_KONTEN,2024-09-08T16:48:44+07:00,pengusul_48
ENT-00558,OPERATOR_KONTEN,PIC_UKE,2026-09-14T09:00:51+07:00,operator_konten_48
ENT-00559,,DRAFT,2024-07-29T08:19:16+07:00,pengusul_32
ENT-00559,DRAFT,OPERATOR_KONTEN,2024-07-29T20:10:31+07:00,pengusul_32
ENT-00559,OPERATOR_KONTEN,PIC_UKE,2024-07-31T04:03:37+07:00,operator_konten_32
ENT-00559,PIC_UKE,TERVALIDASI,2024-08-02T21:16:50+07:00,pic_uke_32
ENT-00559,TERVALIDASI,PUBLISH,2024-08-06T15:24:00+07:00,operator_konten_32
ENT-00560,,DRAFT,2024-07-29T09:39:09+07:00,pengusul_42
ENT-00560,DRAFT,OPERATOR_KONTEN,2025-06-30T22:06:40+07:00,pengusul_42
ENT-00560,OPERATOR_KONTEN,PIC_UKE,2026-10-06T12:15:47+07:00,operator_konten_42
ENT-00561,,DRAFT,2024-07-29T14:17:35+07:00,pengusul_05
ENT-00561,DRAFT,OPERATOR_KONTEN,2025-07-20T00:04:35+07:00,pengusul_05
ENT-00561,OPERATOR_KONTEN,PIC_UKE,2026-08-21T16:54:52+07:00,operator_konten_05
ENT-00562,,DRAFT,2024-07-30T08:52:50+07:00,pengusul_62
ENT-00562,DRAFT,OPERATOR_KONTEN,2025-12-29T13:24:49+07:00,pengusul_62
ENT-00562,OPERATOR_KONTEN,PIC_UKE,2026-09-18T11:02:35+07:00,operator_konten_62
ENT-00563,,DRAFT,2024-07-30T09:40:34+07:00,pengusul_01
ENT-00563,DRAFT,OPERATOR_KONTEN,2026-05-26T16:44:48+07:00,pengusul_01
ENT-00563,OPERATOR_KONTEN,DITOLAK_OPERATOR,2026-08-27T03:30:35+07:00,operator_konten_01
ENT-00563,DITOLAK_OPERATOR,DRAFT,2026-10-08T14:09:47+07:00,pengusul_01
ENT-00564,,DRAFT,2024-07-31T13:28:01+07:00,pengusul_48
ENT-00564,DRAFT,OPERATOR_KONTEN,2024-08-24T14:35:34+07:00,pengusul_48
ENT-00564,OPERATOR_KONTEN,PIC_UKE,2025-01-09T06:09:17+07:00,operator_konten_48
ENT-00564,PIC_UKE,DITOLAK_PIC,2025-01-21T16:37:31+07:00,pic_uke_48
ENT-00565,,DRAFT,2024-08-01T10:20:29+07:00,pengusul_41
ENT-00565,DRAFT,OPERATOR_KONTEN,2024-12-13T01:28:40+07:00,pengusul_41
ENT-00565,OPERATOR_KONTEN,PIC_UKE,2025-01-12T15:12:56+07:00,operator_konten_41
ENT-00565,PIC_UKE,TERVALIDASI,2025-02-09T17:44:14+07:00,pic_uke_41
ENT-00565,TERVALIDASI,PUBLISH,2025-03-10T09:36:52+07:00,operator_konten_41
ENT-00566,,DRAFT,2024-08-01T11:49:15+07:00,pengusul_38
ENT-00566,DRAFT,OPERATOR_KONTEN,2024-09-07T03:09:31+07:00,pengusul_38
ENT-00566,OPERATOR_KONTEN,PIC_UKE,2025-01-08T04:07:55+07:00,operator_konten_38
ENT-00566,PIC_UKE,TERVALIDASI,2025-02-28T01:46:47+07:00,pic_uke_38
ENT-00566,TERVALIDASI,PUBLISH,2025-04-26T13:38:15+07:00,operator_konten_38
ENT-00567,,DRAFT,2024-08-01T15:30:36+07:00,pengusul_48
ENT-00567,DRAFT,OPERATOR_KONTEN,2026-02-18T20:54:50+07:00,pengusul_48
ENT-00567,OPERATOR_KONTEN,PIC_UKE,2026-09-29T09:32:19+07:00,operator_konten_48
ENT-00568,,DRAFT,2024-08-02T10:17:24+07:00,pengusul_18
ENT-00568,DRAFT,OPERATOR_KONTEN,2024-12-01T09:33:06+07:00,pengusul_18
ENT-00568,OPERATOR_KONTEN,PIC_UKE,2025-01-31T12:24:53+07:00,operator_konten_18
ENT-00568,PIC_UKE,TERVALIDASI,2025-03-10T19:57:53+07:00,pic_uke_18
ENT-00568,TERVALIDASI,PUBLISH,2025-05-18T11:27:07+07:00,operator_konten_18
ENT-00569,,DRAFT,2024-08-02T11:06:15+07:00,pengusul_24
ENT-00569,DRAFT,OPERATOR_KONTEN,2024-08-15T12:00:30+07:00,pengusul_24
ENT-00569,OPERATOR_KONTEN,PIC_UKE,2024-09-13T12:57:55+07:00,operator_konten_24
ENT-00569,PIC_UKE,TERVALIDASI,2025-01-09T05:57:42+07:00,pic_uke_24
ENT-00569,TERVALIDASI,PUBLISH,2025-05-18T09:56:15+07:00,operator_konten_24
ENT-00570,,DRAFT,2024-08-02T11:22:19+07:00,pengusul_04
ENT-00570,DRAFT,OPERATOR_KONTEN,2024-09-14T05:48:20+07:00,pengusul_04
ENT-00570,OPERATOR_KONTEN,PIC_UKE,2024-09-18T07:34:29+07:00,operator_konten_04
ENT-00570,PIC_UKE,TERVALIDASI,2024-11-07T03:44:08+07:00,pic_uke_04
ENT-00570,TERVALIDASI,PUBLISH,2025-03-08T11:01:50+07:00,operator_konten_04
ENT-00571,,DRAFT,2024-08-02T12:11:00+07:00,pengusul_50
ENT-00571,DRAFT,OPERATOR_KONTEN,2025-02-05T03:08:20+07:00,pengusul_50
ENT-00571,OPERATOR_KONTEN,PIC_UKE,2025-02-09T07:59:15+07:00,operator_konten_50
ENT-00571,PIC_UKE,TERVALIDASI,2025-02-13T20:29:08+07:00,pic_uke_50
ENT-00571,TERVALIDASI,PUBLISH,2025-03-15T14:02:17+07:00,operator_konten_50
ENT-00572,,DRAFT,2024-08-02T13:13:33+07:00,pengusul_24
ENT-00572,DRAFT,OPERATOR_KONTEN,2024-09-01T14:09:05+07:00,pengusul_24
ENT-00572,OPERATOR_KONTEN,PIC_UKE,2024-09-12T21:02:12+07:00,operator_konten_24
ENT-00572,PIC_UKE,TERVALIDASI,2024-09-29T03:35:08+07:00,pic_uke_24
ENT-00572,TERVALIDASI,PUBLISH,2024-10-11T09:07:24+07:00,operator_konten_24
ENT-00573,,DRAFT,2024-08-02T14:55:47+07:00,pengusul_40
ENT-00573,DRAFT,OPERATOR_KONTEN,2024-08-31T11:56:42+07:00,pengusul_40
ENT-00573,OPERATOR_KONTEN,PIC_UKE,2024-09-03T07:09:27+07:00,operator_konten_40
ENT-00573,PIC_UKE,TERVALIDASI,2024-09-11T19:55:21+07:00,pic_uke_40
ENT-00573,TERVALIDASI,PUBLISH,2024-10-07T13:12:47+07:00,operator_konten_40
ENT-00574,,DRAFT,2024-08-02T16:23:35+07:00,pengusul_42
ENT-00574,DRAFT,OPERATOR_KONTEN,2024-09-01T13:12:58+07:00,pengusul_42
ENT-00574,OPERATOR_KONTEN,PIC_UKE,2024-09-15T14:16:06+07:00,operator_konten_42
ENT-00574,PIC_UKE,TERVALIDASI,2025-01-21T23:52:38+07:00,pic_uke_42
ENT-00574,TERVALIDASI,PUBLISH,2025-03-13T12:17:12+07:00,operator_konten_42
ENT-00575,,DRAFT,2024-08-03T13:55:41+07:00,pengusul_61
ENT-00575,DRAFT,OPERATOR_KONTEN,2024-08-13T00:57:52+07:00,pengusul_61
ENT-00575,OPERATOR_KONTEN,PIC_UKE,2024-08-16T08:34:49+07:00,operator_konten_61
ENT-00575,PIC_UKE,TERVALIDASI,2024-08-19T11:24:11+07:00,pic_uke_61
ENT-00575,TERVALIDASI,PUBLISH,2024-09-11T10:09:55+07:00,operator_konten_61
ENT-00576,,DRAFT,2024-08-03T14:35:31+07:00,pengusul_45
ENT-00576,DRAFT,OPERATOR_KONTEN,2024-08-24T05:43:32+07:00,pengusul_45
ENT-00576,OPERATOR_KONTEN,PIC_UKE,2024-10-09T06:47:29+07:00,operator_konten_45
ENT-00576,PIC_UKE,TERVALIDASI,2024-10-19T01:33:57+07:00,pic_uke_45
ENT-00576,TERVALIDASI,PUBLISH,2024-10-29T14:41:15+07:00,operator_konten_45
ENT-00577,,DRAFT,2024-08-04T09:36:52+07:00,pengusul_37
ENT-00577,DRAFT,OPERATOR_KONTEN,2025-01-11T13:58:57+07:00,pengusul_37
ENT-00577,OPERATOR_KONTEN,PIC_UKE,2026-09-01T14:49:15+07:00,operator_konten_37
ENT-00578,,DRAFT,2024-08-04T10:01:24+07:00,pengusul_66
ENT-00578,DRAFT,OPERATOR_KONTEN,2026-10-07T08:52:28+07:00,pengusul_66
ENT-00579,,DRAFT,2024-08-04T11:55:55+07:00,pengusul_40
ENT-00579,DRAFT,OPERATOR_KONTEN,2024-12-23T15:28:39+07:00,pengusul_40
ENT-00579,OPERATOR_KONTEN,PIC_UKE,2026-10-07T12:40:52+07:00,operator_konten_40
ENT-00580,,DRAFT,2024-08-04T13:16:07+07:00,pengusul_57
ENT-00580,DRAFT,OPERATOR_KONTEN,2024-08-19T22:15:58+07:00,pengusul_57
ENT-00580,OPERATOR_KONTEN,PIC_UKE,2024-08-29T02:34:03+07:00,operator_konten_57
ENT-00580,PIC_UKE,TERVALIDASI,2024-09-02T11:43:50+07:00,pic_uke_57
ENT-00580,TERVALIDASI,PUBLISH,2024-11-02T16:48:14+07:00,operator_konten_57
ENT-00581,,DRAFT,2024-08-04T14:11:14+07:00,pengusul_58
ENT-00581,DRAFT,OPERATOR_KONTEN,2025-01-17T00:29:27+07:00,pengusul_58
ENT-00581,OPERATOR_KONTEN,PIC_UKE,2026-09-02T08:32:59+07:00,operator_konten_58
ENT-00582,,DRAFT,2024-08-04T14:24:17+07:00,pengusul_07
ENT-00582,DRAFT,OPERATOR_KONTEN,2024-09-20T17:39:15+07:00,pengusul_07
ENT-00582,OPERATOR_KONTEN,PIC_UKE,2024-09-21T08:20:48+07:00,operator_konten_07
ENT-00582,PIC_UKE,TERVALIDASI,2024-10-02T02:26:55+07:00,pic_uke_07
ENT-00582,TERVALIDASI,PUBLISH,2024-12-15T10:21:07+07:00,operator_konten_07
ENT-00583,,DRAFT,2024-08-04T14:45:24+07:00,pengusul_45
ENT-00583,DRAFT,OPERATOR_KONTEN,2024-11-12T09:21:24+07:00,pengusul_45
ENT-00583,OPERATOR_KONTEN,PIC_UKE,2026-09-21T09:06:51+07:00,operator_konten_45
ENT-00584,,DRAFT,2024-08-04T15:57:46+07:00,pengusul_67
ENT-00584,DRAFT,OPERATOR_KONTEN,2024-08-04T23:21:54+07:00,pengusul_67
ENT-00584,OPERATOR_KONTEN,PIC_UKE,2024-08-09T17:15:53+07:00,operator_konten_67
ENT-00584,PIC_UKE,TERVALIDASI,2024-08-10T07:54:55+07:00,pic_uke_67
ENT-00584,TERVALIDASI,PUBLISH,2024-08-14T16:39:03+07:00,operator_konten_67
ENT-00585,,DRAFT,2024-08-05T10:01:11+07:00,pengusul_28
ENT-00585,DRAFT,OPERATOR_KONTEN,2025-02-16T20:31:03+07:00,pengusul_28
ENT-00585,OPERATOR_KONTEN,PIC_UKE,2026-10-08T12:40:34+07:00,operator_konten_28
ENT-00586,,DRAFT,2024-08-05T10:09:15+07:00,pengusul_31
ENT-00586,DRAFT,OPERATOR_KONTEN,2024-10-23T20:25:44+07:00,pengusul_31
ENT-00586,OPERATOR_KONTEN,PIC_UKE,2026-09-24T08:22:00+07:00,operator_konten_31
ENT-00587,,DRAFT,2024-08-05T10:23:35+07:00,pengusul_22
ENT-00587,DRAFT,OPERATOR_KONTEN,2026-07-28T00:12:55+07:00,pengusul_22
ENT-00587,OPERATOR_KONTEN,PIC_UKE,2026-08-31T09:44:58+07:00,operator_konten_22
ENT-00588,,DRAFT,2024-08-05T10:35:49+07:00,pengusul_00
ENT-00588,DRAFT,OPERATOR_KONTEN,2024-12-12T13:17:03+07:00,pengusul_00
ENT-00588,OPERATOR_KONTEN,PIC_UKE,2025-01-21T04:55:06+07:00,operator_konten_00
ENT-00588,PIC_UKE,TERVALIDASI,2025-02-18T03:16:03+07:00,pic_uke_00
ENT-00588,TERVALIDASI,PUBLISH,2025-03-28T11:30:47+07:00,operator_konten_00
ENT-00589,,DRAFT,2024-08-05T14:45:33+07:00,pengusul_20
ENT-00589,DRAFT,OPERATOR_KONTEN,2024-08-10T02:18:40+07:00,pengusul_20
ENT-00589,OPERATOR_KONTEN,PIC_UKE,2024-08-10T08:08:40+07:00,operator_konten_20
ENT-00589,PIC_UKE,TERVALIDASI,2024-08-13T20:03:30+07:00,pic_uke_20
ENT-00589,TERVALIDASI,PUBLISH,2024-08-14T08:25:32+07:00,operator_konten_20
ENT-00590,,DRAFT,2024-08-05T15:28:25+07:00,pengusul_52
ENT-00590,DRAFT,OPERATOR_KONTEN,2024-11-18T18:08:39+07:00,pengusul_52
ENT-00590,OPERATOR_KONTEN,PIC_UKE,2026-09-11T10:21:11+07:00,operator_konten_52
ENT-00591,,DRAFT,2024-08-06T13:03:45+07:00,pengusul_13
ENT-00591,DRAFT,OPERATOR_KONTEN,2024-08-21T14:23:17+07:00,pengusul_13
ENT-00591,OPERATOR_KONTEN,PIC_UKE,2024-09-26T14:28:18+07:00,operator_konten_13
ENT-00591,PIC_UKE,TERVALIDASI,2024-10-21T10:17:39+07:00,pic_uke_13
ENT-00591,TERVALIDASI,PUBLISH,2025-05-09T16:50:22+07:00,operator_konten_13
ENT-00592,,DRAFT,2024-08-06T15:42:50+07:00,pengusul_66
ENT-00592,DRAFT,OPERATOR_KONTEN,2025-01-15T13:47:58+07:00,pengusul_66
ENT-00592,OPERATOR_KONTEN,PIC_UKE,2025-03-16T21:34:51+07:00,operator_konten_66
ENT-00592,PIC_UKE,TERVALIDASI,2025-03-23T15:12:53+07:00,pic_uke_66
ENT-00592,TERVALIDASI,PUBLISH,2025-04-10T09:50:38+07:00,operator_konten_66
ENT-00593,,DRAFT,2024-08-07T10:24:15+07:00,pengusul_67
ENT-00593,DRAFT,OPERATOR_KONTEN,2026-04-14T02:45:23+07:00,pengusul_67
ENT-00593,OPERATOR_KONTEN,PIC_UKE,2026-09-17T13:14:06+07:00,operator_konten_67
ENT-00594,,DRAFT,2024-08-07T13:37:22+07:00,pengusul_53
ENT-00594,DRAFT,OPERATOR_KONTEN,2024-11-22T07:29:02+07:00,pengusul_53
ENT-00594,OPERATOR_KONTEN,PIC_UKE,2024-12-07T14:25:28+07:00,operator_konten_53
ENT-00594,PIC_UKE,TERVALIDASI,2025-01-06T11:26:36+07:00,pic_uke_53
ENT-00594,TERVALIDASI,PUBLISH,2025-01-19T09:44:28+07:00,operator_konten_53
ENT-00595,,DRAFT,2024-08-07T15:51:14+07:00,pengusul_15
ENT-00595,DRAFT,OPERATOR_KONTEN,2024-08-21T20:03:19+07:00,pengusul_15
ENT-00595,OPERATOR_KONTEN,PIC_UKE,2024-10-09T14:59:01+07:00,operator_konten_15
ENT-00595,PIC_UKE,TERVALIDASI,2024-10-19T02:21:04+07:00,pic_uke_15
ENT-00595,TERVALIDASI,PUBLISH,2024-10-29T09:15:22+07:00,operator_konten_15
ENT-00596,,DRAFT,2024-08-08T10:19:53+07:00,pengusul_61
ENT-00596,DRAFT,OPERATOR_KONTEN,2024-12-20T02:19:51+07:00,pengusul_61
ENT-00596,OPERATOR_KONTEN,PIC_UKE,2026-08-27T10:48:45+07:00,operator_konten_61
ENT-00597,,DRAFT,2024-08-08T13:45:05+07:00,pengusul_00
ENT-00597,DRAFT,OPERATOR_KONTEN,2024-11-04T10:17:47+07:00,pengusul_00
ENT-00597,OPERATOR_KONTEN,PIC_UKE,2024-11-10T19:29:55+07:00,operator_konten_00
ENT-00597,PIC_UKE,TERVALIDASI,2024-11-18T11:28:59+07:00,pic_uke_00
ENT-00597,TERVALIDASI,PUBLISH,2025-03-17T16:50:20+07:00,operator_konten_00
ENT-00598,,DRAFT,2024-08-09T12:26:16+07:00,pengusul_43
ENT-00598,DRAFT,OPERATOR_KONTEN,2025-06-16T13:55:53+07:00,pengusul_43
ENT-00598,OPERATOR_KONTEN,PIC_UKE,2026-10-05T10:27:09+07:00,operator_konten_43
ENT-00599,,DRAFT,2024-08-09T14:15:22+07:00,pengusul_48
ENT-00599,DRAFT,OPERATOR_KONTEN,2026-01-30T06:45:24+07:00,pengusul_48
ENT-00599,OPERATOR_KONTEN,PIC_UKE,2026-10-07T10:05:06+07:00,operator_konten_48
ENT-00600,,DRAFT,2024-08-09T14:42:11+07:00,pengusul_22
ENT-00600,DRAFT,OPERATOR_KONTEN,2025-12-30T15:28:56+07:00,pengusul_22
ENT-00600,OPERATOR_KONTEN,PIC_UKE,2026-09-22T13:58:41+07:00,operator_konten_22
ENT-00601,,DRAFT,2024-08-10T08:39:22+07:00,pengusul_17
ENT-00601,DRAFT,OPERATOR_KONTEN,2024-08-22T06:14:17+07:00,pengusul_17
ENT-00601,OPERATOR_KONTEN,PIC_UKE,2024-11-10T05:14:50+07:00,operator_konten_17
ENT-00601,PIC_UKE,TERVALIDASI,2024-11-15T02:01:34+07:00,pic_uke_17
ENT-00601,TERVALIDASI,PUBLISH,2024-12-01T09:54:04+07:00,operator_konten_17
ENT-00602,,DRAFT,2024-08-10T12:03:40+07:00,pengusul_16
ENT-00602,DRAFT,OPERATOR_KONTEN,2024-08-30T13:55:49+07:00,pengusul_16
ENT-00602,OPERATOR_KONTEN,PIC_UKE,2024-09-06T02:19:44+07:00,operator_konten_16
ENT-00602,PIC_UKE,TERVALIDASI,2024-09-17T04:01:54+07:00,pic_uke_16
ENT-00602,TERVALIDASI,PUBLISH,2024-10-19T13:10:04+07:00,operator_konten_16
ENT-00603,,DRAFT,2024-08-11T14:28:27+07:00,pengusul_53
ENT-00603,DRAFT,OPERATOR_KONTEN,2024-08-26T09:57:03+07:00,pengusul_53
ENT-00603,OPERATOR_KONTEN,PIC_UKE,2024-12-12T21:04:56+07:00,operator_konten_53
ENT-00603,PIC_UKE,TERVALIDASI,2024-12-30T15:54:49+07:00,pic_uke_53
ENT-00603,TERVALIDASI,PUBLISH,2025-01-16T09:25:28+07:00,operator_konten_53
ENT-00604,,DRAFT,2024-08-11T14:44:04+07:00,pengusul_32
ENT-00604,DRAFT,OPERATOR_KONTEN,2024-08-24T20:14:56+07:00,pengusul_32
ENT-00604,OPERATOR_KONTEN,PIC_UKE,2024-09-20T13:07:47+07:00,operator_konten_32
ENT-00604,PIC_UKE,TERVALIDASI,2024-10-15T12:56:07+07:00,pic_uke_32
ENT-00604,TERVALIDASI,PUBLISH,2024-10-24T15:36:02+07:00,operator_konten_32
ENT-00605,,DRAFT,2024-08-11T16:15:31+07:00,pengusul_55
ENT-00605,DRAFT,OPERATOR_KONTEN,2024-08-18T11:40:47+07:00,pengusul_55
ENT-00605,OPERATOR_KONTEN,PIC_UKE,2024-08-20T04:01:21+07:00,operator_konten_55
ENT-00605,PIC_UKE,TERVALIDASI,2024-09-09T04:48:59+07:00,pic_uke_55
ENT-00605,TERVALIDASI,PUBLISH,2024-09-10T16:04:42+07:00,operator_konten_55
ENT-00606,,DRAFT,2024-08-11T16:43:03+07:00,pengusul_53
ENT-00606,DRAFT,OPERATOR_KONTEN,2024-08-16T05:38:08+07:00,pengusul_53
ENT-00606,OPERATOR_KONTEN,PIC_UKE,2024-08-19T23:30:07+07:00,operator_konten_53
ENT-00606,PIC_UKE,TERVALIDASI,2024-08-26T11:33:48+07:00,pic_uke_53
ENT-00606,TERVALIDASI,PUBLISH,2024-09-03T14:47:04+07:00,operator_konten_53
ENT-00607,,DRAFT,2024-08-12T09:02:50+07:00,pengusul_29
ENT-00607,DRAFT,OPERATOR_KONTEN,2024-08-18T06:11:05+07:00,pengusul_29
ENT-00607,OPERATOR_KONTEN,PIC_UKE,2024-08-20T22:56:27+07:00,operator_konten_29
ENT-00607,PIC_UKE,TERVALIDASI,2024-08-24T16:24:37+07:00,pic_uke_29
ENT-00607,TERVALIDASI,PUBLISH,2024-08-27T14:42:53+07:00,operator_konten_29
ENT-00608,,DRAFT,2024-08-12T10:46:03+07:00,pengusul_63
ENT-00608,DRAFT,OPERATOR_KONTEN,2024-09-25T02:59:02+07:00,pengusul_63
ENT-00608,OPERATOR_KONTEN,PIC_UKE,2024-11-14T09:28:18+07:00,operator_konten_63
ENT-00608,PIC_UKE,TERVALIDASI,2025-02-10T20:13:44+07:00,pic_uke_63
ENT-00608,TERVALIDASI,PUBLISH,2025-05-15T16:46:58+07:00,operator_konten_63
ENT-00609,,DRAFT,2024-08-12T12:48:17+07:00,pengusul_53
ENT-00609,DRAFT,OPERATOR_KONTEN,2025-06-18T23:54:58+07:00,pengusul_53
ENT-00609,OPERATOR_KONTEN,PIC_UKE,2026-09-01T10:30:12+07:00,operator_konten_53
ENT-00610,,DRAFT,2024-08-12T14:10:36+07:00,pengusul_17
ENT-00610,DRAFT,OPERATOR_KONTEN,2024-09-28T03:19:31+07:00,pengusul_17
ENT-00610,OPERATOR_KONTEN,PIC_UKE,2024-10-24T02:08:32+07:00,operator_konten_17
ENT-00610,PIC_UKE,TERVALIDASI,2024-10-31T02:38:49+07:00,pic_uke_17
ENT-00610,TERVALIDASI,PUBLISH,2024-11-07T11:25:56+07:00,operator_konten_17
ENT-00611,,DRAFT,2024-08-12T14:20:19+07:00,pengusul_66
ENT-00611,DRAFT,OPERATOR_KONTEN,2025-07-22T01:23:53+07:00,pengusul_66
ENT-00611,OPERATOR_KONTEN,PIC_UKE,2026-09-23T15:40:21+07:00,operator_konten_66
ENT-00612,,DRAFT,2024-08-12T16:49:16+07:00,pengusul_28
ENT-00612,DRAFT,OPERATOR_KONTEN,2024-09-09T08:21:57+07:00,pengusul_28
ENT-00612,OPERATOR_KONTEN,PIC_UKE,2025-11-07T16:42:04+07:00,operator_konten_28
ENT-00612,PIC_UKE,TERVALIDASI,2026-10-05T08:40:58+07:00,pic_uke_28
ENT-00613,,DRAFT,2024-08-13T09:58:18+07:00,pengusul_55
ENT-00613,DRAFT,OPERATOR_KONTEN,2024-10-20T06:11:59+07:00,pengusul_55
ENT-00613,OPERATOR_KONTEN,PIC_UKE,2024-10-31T01:21:29+07:00,operator_konten_55
ENT-00613,PIC_UKE,TERVALIDASI,2025-01-21T04:35:57+07:00,pic_uke_55
ENT-00613,TERVALIDASI,PUBLISH,2025-04-06T09:03:33+07:00,operator_konten_55
ENT-00614,,DRAFT,2024-08-13T11:09:48+07:00,pengusul_61
ENT-00614,DRAFT,OPERATOR_KONTEN,2025-07-05T02:38:46+07:00,pengusul_61
ENT-00614,OPERATOR_KONTEN,PIC_UKE,2026-09-23T12:53:13+07:00,operator_konten_61
ENT-00615,,DRAFT,2024-08-13T11:31:17+07:00,pengusul_35
ENT-00615,DRAFT,OPERATOR_KONTEN,2024-10-15T23:35:17+07:00,pengusul_35
ENT-00615,OPERATOR_KONTEN,PIC_UKE,2025-01-12T11:34:12+07:00,operator_konten_35
ENT-00615,PIC_UKE,TERVALIDASI,2025-03-28T22:45:33+07:00,pic_uke_35
ENT-00615,TERVALIDASI,PUBLISH,2025-05-27T08:43:38+07:00,operator_konten_35
ENT-00616,,DRAFT,2024-08-13T13:18:34+07:00,pengusul_21
ENT-00616,DRAFT,OPERATOR_KONTEN,2024-09-01T05:51:29+07:00,pengusul_21
ENT-00616,OPERATOR_KONTEN,PIC_UKE,2024-10-11T12:51:20+07:00,operator_konten_21
ENT-00616,PIC_UKE,TERVALIDASI,2024-11-14T13:19:52+07:00,pic_uke_21
ENT-00616,TERVALIDASI,PUBLISH,2024-11-22T16:40:31+07:00,operator_konten_21
ENT-00617,,DRAFT,2024-08-13T14:17:40+07:00,pengusul_04
ENT-00617,DRAFT,OPERATOR_KONTEN,2024-12-23T12:12:34+07:00,pengusul_04
ENT-00617,OPERATOR_KONTEN,PIC_UKE,2025-01-01T22:51:52+07:00,operator_konten_04
ENT-00617,PIC_UKE,TERVALIDASI,2025-03-12T21:02:16+07:00,pic_uke_04
ENT-00617,TERVALIDASI,PUBLISH,2025-04-10T08:49:49+07:00,operator_konten_04
ENT-00618,,DRAFT,2024-08-14T08:26:55+07:00,pengusul_06
ENT-00618,DRAFT,OPERATOR_KONTEN,2025-03-14T16:45:13+07:00,pengusul_06
ENT-00618,OPERATOR_KONTEN,PIC_UKE,2026-10-06T16:11:10+07:00,operator_konten_06
ENT-00619,,DRAFT,2024-08-14T08:28:52+07:00,pengusul_64
ENT-00619,DRAFT,OPERATOR_KONTEN,2026-08-20T18:41:26+07:00,pengusul_64
ENT-00619,OPERATOR_KONTEN,PIC_UKE,2026-09-08T09:13:53+07:00,operator_konten_64
ENT-00620,,DRAFT,2024-08-14T12:50:12+07:00,pengusul_58
ENT-00620,DRAFT,OPERATOR_KONTEN,2024-11-22T13:00:10+07:00,pengusul_58
ENT-00620,OPERATOR_KONTEN,PIC_UKE,2025-01-07T03:11:24+07:00,operator_konten_58
ENT-00620,PIC_UKE,TERVALIDASI,2025-04-25T09:41:26+07:00,pic_uke_58
ENT-00620,TERVALIDASI,PUBLISH,2025-05-01T14:17:52+07:00,operator_konten_58
ENT-00621,,DRAFT,2024-08-14T15:52:03+07:00,pengusul_01
ENT-00621,DRAFT,OPERATOR_KONTEN,2024-10-03T12:35:28+07:00,pengusul_01
ENT-00621,OPERATOR_KONTEN,PIC_UKE,2025-03-11T19:50:19+07:00,operator_konten_01
ENT-00621,PIC_UKE,TERVALIDASI,2025-03-12T10:06:24+07:00,pic_uke_01
ENT-00621,TERVALIDASI,PUBLISH,2025-04-16T16:08:39+07:00,operator_konten_01
ENT-00622,,DRAFT,2024-08-15T08:06:13+07:00,pengusul_51
ENT-00622,DRAFT,OPERATOR_KONTEN,2024-08-27T13:33:05+07:00,pengusul_51
ENT-00622,OPERATOR_KONTEN,PIC_UKE,2024-09-14T08:43:31+07:00,operator_konten_51
ENT-00622,PIC_UKE,TERVALIDASI,2024-10-21T03:56:35+07:00,pic_uke_51
ENT-00622,TERVALIDASI,PUBLISH,2024-11-29T15:16:23+07:00,operator_konten_51
ENT-00623,,DRAFT,2024-08-15T09:11:43+07:00,pengusul_46
ENT-00623,DRAFT,OPERATOR_KONTEN,2024-09-22T23:34:26+07:00,pengusul_46
ENT-00623,OPERATOR_KONTEN,PIC_UKE,2026-08-21T16:22:01+07:00,operator_konten_46
ENT-00624,,DRAFT,2024-08-15T09:49:58+07:00,pengusul_07
ENT-00624,DRAFT,OPERATOR_KONTEN,2024-09-10T11:48:00+07:00,pengusul_07
ENT-00624,OPERATOR_KONTEN,PIC_UKE,2024-12-03T09:42:16+07:00,operator_konten_07
ENT-00624,PIC_UKE,TERVALIDASI,2025-02-11T23:53:56+07:00,pic_uke_07
ENT-00624,TERVALIDASI,PUBLISH,2025-03-20T16:44:42+07:00,operator_konten_07
ENT-00625,,DRAFT,2024-08-15T12:36:41+07:00,pengusul_62
ENT-00625,DRAFT,OPERATOR_KONTEN,2026-04-04T06:31:59+07:00,pengusul_62
ENT-00625,OPERATOR_KONTEN,PIC_UKE,2026-09-29T10:40:04+07:00,operator_konten_62
ENT-00626,,DRAFT,2024-08-15T12:50:12+07:00,pengusul_36
ENT-00626,DRAFT,OPERATOR_KONTEN,2025-09-27T08:01:44+07:00,pengusul_36
ENT-00626,OPERATOR_KONTEN,PIC_UKE,2026-09-10T10:07:39+07:00,operator_konten_36
ENT-00627,,DRAFT,2024-08-15T15:57:19+07:00,pengusul_29
ENT-00627,DRAFT,OPERATOR_KONTEN,2024-08-18T16:25:55+07:00,pengusul_29
ENT-00627,OPERATOR_KONTEN,PIC_UKE,2024-08-23T12:49:28+07:00,operator_konten_29
ENT-00627,PIC_UKE,TERVALIDASI,2024-09-01T15:48:06+07:00,pic_uke_29
ENT-00627,TERVALIDASI,PUBLISH,2024-09-30T08:47:54+07:00,operator_konten_29
ENT-00628,,DRAFT,2024-08-15T16:37:48+07:00,pengusul_41
ENT-00628,DRAFT,OPERATOR_KONTEN,2025-05-21T08:41:43+07:00,pengusul_41
ENT-00628,OPERATOR_KONTEN,PIC_UKE,2026-10-01T15:05:48+07:00,operator_konten_41
ENT-00629,,DRAFT,2024-08-16T08:31:13+07:00,pengusul_19
ENT-00629,DRAFT,OPERATOR_KONTEN,2024-09-17T16:41:54+07:00,pengusul_19
ENT-00629,OPERATOR_KONTEN,PIC_UKE,2024-11-01T22:15:27+07:00,operator_konten_19
ENT-00629,PIC_UKE,TERVALIDASI,2025-01-25T03:04:39+07:00,pic_uke_19
ENT-00629,TERVALIDASI,PUBLISH,2025-04-22T12:17:50+07:00,operator_konten_19
ENT-00630,,DRAFT,2024-08-16T08:40:27+07:00,pengusul_35
ENT-00630,DRAFT,OPERATOR_KONTEN,2026-09-29T12:26:49+07:00,pengusul_35
ENT-00631,,DRAFT,2024-08-16T09:55:33+07:00,pengusul_48
ENT-00631,DRAFT,OPERATOR_KONTEN,2025-04-21T23:07:02+07:00,pengusul_48
ENT-00631,OPERATOR_KONTEN,PIC_UKE,2025-04-22T12:57:09+07:00,operator_konten_48
ENT-00631,PIC_UKE,TERVALIDASI,2025-04-23T15:24:36+07:00,pic_uke_48
ENT-00631,TERVALIDASI,PUBLISH,2025-04-30T14:22:17+07:00,operator_konten_48
ENT-00632,,DRAFT,2024-08-16T10:02:30+07:00,pengusul_50
ENT-00632,DRAFT,OPERATOR_KONTEN,2024-09-07T07:21:55+07:00,pengusul_50
ENT-00632,OPERATOR_KONTEN,PIC_UKE,2024-09-30T22:10:57+07:00,operator_konten_50
ENT-00632,PIC_UKE,TERVALIDASI,2024-10-28T10:41:27+07:00,pic_uke_50
ENT-00632,TERVALIDASI,PUBLISH,2025-04-21T13:52:34+07:00,operator_konten_50
ENT-00633,,DRAFT,2024-08-16T16:51:17+07:00,pengusul_43
ENT-00633,DRAFT,OPERATOR_KONTEN,2026-07-08T00:42:11+07:00,pengusul_43
ENT-00633,OPERATOR_KONTEN,PIC_UKE,2026-10-01T11:08:27+07:00,operator_konten_43
ENT-00634,,DRAFT,2024-08-17T10:28:53+07:00,pengusul_21
ENT-00634,DRAFT,OPERATOR_KONTEN,2026-04-12T01:43:46+07:00,pengusul_21
ENT-00634,OPERATOR_KONTEN,PIC_UKE,2026-09-16T10:44:36+07:00,operator_konten_21
ENT-00635,,DRAFT,2024-08-17T11:01:40+07:00,pengusul_02
ENT-00635,DRAFT,OPERATOR_KONTEN,2024-08-28T11:06:44+07:00,pengusul_02
ENT-00635,OPERATOR_KONTEN,PIC_UKE,2024-09-02T23:51:22+07:00,operator_konten_02
ENT-00635,PIC_UKE,TERVALIDASI,2024-09-03T15:34:21+07:00,pic_uke_02
ENT-00635,TERVALIDASI,PUBLISH,2024-09-13T11:15:22+07:00,operator_konten_02
ENT-00636,,DRAFT,2024-08-17T14:41:03+07:00,pengusul_64
ENT-00636,DRAFT,OPERATOR_KONTEN,2026-07-05T09:13:57+07:00,pengusul_64
ENT-00636,OPERATOR_KONTEN,PIC_UKE,2026-08-28T08:48:51+07:00,operator_konten_64
ENT-00637,,DRAFT,2024-08-17T15:11:27+07:00,pengusul_32
ENT-00637,DRAFT,OPERATOR_KONTEN,2026-02-12T06:13:34+07:00,pengusul_32
ENT-00637,OPERATOR_KONTEN,PIC_UKE,2026-09-22T12:57:58+07:00,operator_konten_32
ENT-00638,,DRAFT,2024-08-18T12:32:17+07:00,pengusul_57
ENT-00638,DRAFT,OPERATOR_KONTEN,2025-10-11T00:04:46+07:00,pengusul_57
ENT-00638,OPERATOR_KONTEN,PIC_UKE,2026-09-14T10:14:41+07:00,operator_konten_57
ENT-00639,,DRAFT,2024-08-18T12:47:57+07:00,pengusul_50
ENT-00639,DRAFT,OPERATOR_KONTEN,2025-05-10T04:07:24+07:00,pengusul_50
ENT-00639,OPERATOR_KONTEN,PIC_UKE,2026-09-30T11:50:12+07:00,operator_konten_50
ENT-00640,,DRAFT,2024-08-18T15:27:55+07:00,pengusul_33
ENT-00640,DRAFT,OPERATOR_KONTEN,2024-09-21T16:43:52+07:00,pengusul_33
ENT-00640,OPERATOR_KONTEN,PIC_UKE,2024-10-12T08:20:16+07:00,operator_konten_33
ENT-00640,PIC_UKE,TERVALIDASI,2024-10-28T08:10:53+07:00,pic_uke_33
ENT-00640,TERVALIDASI,PUBLISH,2024-11-05T08:05:54+07:00,operator_konten_33
ENT-00641,,DRAFT,2024-08-18T16:47:34+07:00,pengusul_06
ENT-00641,DRAFT,OPERATOR_KONTEN,2024-10-15T14:12:48+07:00,pengusul_06
ENT-00641,OPERATOR_KONTEN,PIC_UKE,2024-11-08T13:24:11+07:00,operator_konten_06
ENT-00641,PIC_UKE,TERVALIDASI,2024-11-25T18:00:13+07:00,pic_uke_06
ENT-00641,TERVALIDASI,PUBLISH,2024-12-05T10:35:19+07:00,operator_konten_06
ENT-00642,,DRAFT,2024-08-19T12:07:51+07:00,pengusul_17
ENT-00642,DRAFT,OPERATOR_KONTEN,2026-03-11T20:05:09+07:00,pengusul_17
ENT-00642,OPERATOR_KONTEN,PIC_UKE,2026-10-06T13:06:55+07:00,operator_konten_17
ENT-00643,,DRAFT,2024-08-19T14:29:30+07:00,pengusul_36
ENT-00643,DRAFT,OPERATOR_KONTEN,2026-01-27T21:03:48+07:00,pengusul_36
ENT-00643,OPERATOR_KONTEN,PIC_UKE,2026-10-07T13:41:56+07:00,operator_konten_36
ENT-00644,,DRAFT,2024-08-20T12:25:23+07:00,pengusul_30
ENT-00644,DRAFT,OPERATOR_KONTEN,2024-08-23T16:37:51+07:00,pengusul_30
ENT-00644,OPERATOR_KONTEN,PIC_UKE,2024-09-27T04:09:27+07:00,operator_konten_30
ENT-00644,PIC_UKE,TERVALIDASI,2024-10-26T15:07:11+07:00,pic_uke_30
ENT-00644,TERVALIDASI,PUBLISH,2024-11-04T10:14:32+07:00,operator_konten_30
ENT-00645,,DRAFT,2024-08-20T13:33:26+07:00,pengusul_04
ENT-00645,DRAFT,OPERATOR_KONTEN,2024-12-22T18:24:22+07:00,pengusul_04
ENT-00645,OPERATOR_KONTEN,DITOLAK_OPERATOR,2026-08-16T05:02:13+07:00,operator_konten_04
ENT-00645,DITOLAK_OPERATOR,DRAFT,2026-09-23T14:56:25+07:00,pengusul_04
ENT-00646,,DRAFT,2024-08-20T14:13:58+07:00,pengusul_41
ENT-00646,DRAFT,OPERATOR_KONTEN,2024-08-27T07:59:55+07:00,pengusul_41
ENT-00646,OPERATOR_KONTEN,PIC_UKE,2024-10-10T23:57:59+07:00,operator_konten_41
ENT-00646,PIC_UKE,TERVALIDASI,2024-12-27T03:56:14+07:00,pic_uke_41
ENT-00646,TERVALIDASI,PUBLISH,2025-02-08T08:03:12+07:00,operator_konten_41
ENT-00647,,DRAFT,2024-08-20T14:15:11+07:00,pengusul_29
ENT-00647,DRAFT,OPERATOR_KONTEN,2024-08-21T22:20:33+07:00,pengusul_29
ENT-00647,OPERATOR_KONTEN,PIC_UKE,2024-08-25T21:55:46+07:00,operator_konten_29
ENT-00647,PIC_UKE,TERVALIDASI,2024-08-29T01:28:45+07:00,pic_uke_29
ENT-00647,TERVALIDASI,PUBLISH,2024-08-29T13:46:38+07:00,operator_konten_29
ENT-00648,,DRAFT,2024-08-20T16:37:58+07:00,pengusul_43
ENT-00648,DRAFT,OPERATOR_KONTEN,2024-09-12T22:46:56+07:00,pengusul_43
ENT-00648,OPERATOR_KONTEN,PIC_UKE,2024-09-17T04:59:42+07:00,operator_konten_43
ENT-00648,PIC_UKE,TERVALIDASI,2024-09-19T23:26:38+07:00,pic_uke_43
ENT-00648,TERVALIDASI,PUBLISH,2024-11-10T10:20:11+07:00,operator_konten_43
ENT-00649,,DRAFT,2024-08-21T08:49:01+07:00,pengusul_66
ENT-00649,DRAFT,OPERATOR_KONTEN,2024-12-14T10:59:02+07:00,pengusul_66
ENT-00649,OPERATOR_KONTEN,PIC_UKE,2025-02-07T16:42:33+07:00,operator_konten_66
ENT-00649,PIC_UKE,TERVALIDASI,2025-02-11T02:50:51+07:00,pic_uke_66
ENT-00649,TERVALIDASI,PUBLISH,2025-02-22T10:42:29+07:00,operator_konten_66
ENT-00650,,DRAFT,2024-08-21T09:22:11+07:00,pengusul_35
ENT-00650,DRAFT,OPERATOR_KONTEN,2024-10-07T00:40:25+07:00,pengusul_35
ENT-00650,OPERATOR_KONTEN,PIC_UKE,2024-10-30T06:30:42+07:00,operator_konten_35
ENT-00650,PIC_UKE,TERVALIDASI,2024-11-07T07:10:18+07:00,pic_uke_35
ENT-00650,TERVALIDASI,PUBLISH,2025-04-28T11:49:31+07:00,operator_konten_35
ENT-00651,,DRAFT,2024-08-21T11:40:05+07:00,pengusul_07
ENT-00651,DRAFT,OPERATOR_KONTEN,2024-10-04T11:19:46+07:00,pengusul_07
ENT-00651,OPERATOR_KONTEN,PIC_UKE,2024-10-10T16:04:25+07:00,operator_konten_07
ENT-00651,PIC_UKE,TERVALIDASI,2024-12-12T23:05:21+07:00,pic_uke_07
ENT-00651,TERVALIDASI,PUBLISH,2025-02-07T08:53:53+07:00,operator_konten_07
ENT-00652,,DRAFT,2024-08-21T13:09:29+07:00,pengusul_44
ENT-00652,DRAFT,OPERATOR_KONTEN,2025-05-20T20:42:22+07:00,pengusul_44
ENT-00652,OPERATOR_KONTEN,PIC_UKE,2026-10-06T15:53:43+07:00,operator_konten_44
ENT-00653,,DRAFT,2024-08-21T13:26:49+07:00,pengusul_41
ENT-00653,DRAFT,OPERATOR_KONTEN,2025-04-07T06:05:00+07:00,pengusul_41
ENT-00653,OPERATOR_KONTEN,PIC_UKE,2026-09-17T10:05:09+07:00,operator_konten_41
ENT-00654,,DRAFT,2024-08-21T15:36:23+07:00,pengusul_17
ENT-00654,DRAFT,OPERATOR_KONTEN,2025-08-02T19:48:07+07:00,pengusul_17
ENT-00654,OPERATOR_KONTEN,PIC_UKE,2026-10-06T12:29:00+07:00,operator_konten_17
ENT-00655,,DRAFT,2024-08-22T08:39:19+07:00,pengusul_37
ENT-00655,DRAFT,OPERATOR_KONTEN,2024-09-30T09:26:53+07:00,pengusul_37
ENT-00655,OPERATOR_KONTEN,PIC_UKE,2025-01-08T04:31:06+07:00,operator_konten_37
ENT-00655,PIC_UKE,TERVALIDASI,2025-02-07T01:27:11+07:00,pic_uke_37
ENT-00655,TERVALIDASI,PUBLISH,2025-02-21T09:35:48+07:00,operator_konten_37
ENT-00656,,DRAFT,2024-08-22T08:56:10+07:00,pengusul_64
ENT-00656,DRAFT,OPERATOR_KONTEN,2024-09-16T14:55:49+07:00,pengusul_64
ENT-00656,OPERATOR_KONTEN,PIC_UKE,2024-10-02T22:25:52+07:00,operator_konten_64
ENT-00656,PIC_UKE,TERVALIDASI,2024-11-12T05:31:30+07:00,pic_uke_64
ENT-00656,TERVALIDASI,PUBLISH,2024-11-21T16:06:13+07:00,operator_konten_64
ENT-00657,,DRAFT,2024-08-22T09:48:20+07:00,pengusul_68
ENT-00657,DRAFT,OPERATOR_KONTEN,2024-09-03T02:36:37+07:00,pengusul_68
ENT-00657,OPERATOR_KONTEN,PIC_UKE,2024-10-09T04:05:57+07:00,operator_konten_68
ENT-00657,PIC_UKE,TERVALIDASI,2024-10-19T09:27:45+07:00,pic_uke_68
ENT-00657,TERVALIDASI,PUBLISH,2024-12-07T04:10:14+07:00,operator_konten_68
ENT-00657,PUBLISH,UNPUBLISH,2025-02-27T15:03:14+07:00,admin_68
ENT-00658,,DRAFT,2024-08-22T09:53:21+07:00,pengusul_05
ENT-00658,DRAFT,OPERATOR_KONTEN,2024-09-26T10:52:45+07:00,pengusul_05
ENT-00658,OPERATOR_KONTEN,PIC_UKE,2024-10-14T17:22:12+07:00,operator_konten_05
ENT-00658,PIC_UKE,TERVALIDASI,2024-11-02T04:38:34+07:00,pic_uke_05
ENT-00658,TERVALIDASI,PUBLISH,2024-12-15T14:56:03+07:00,operator_konten_05
ENT-00659,,DRAFT,2024-08-22T13:01:51+07:00,pengusul_66
ENT-00659,DRAFT,OPERATOR_KONTEN,2025-02-19T09:23:29+07:00,pengusul_66
ENT-00659,OPERATOR_KONTEN,PIC_UKE,2026-10-05T12:59:37+07:00,operator_konten_66
ENT-00660,,DRAFT,2024-08-22T13:04:42+07:00,pengusul_39
ENT-00660,DRAFT,OPERATOR_KONTEN,2024-08-25T14:19:49+07:00,pengusul_39
ENT-00660,OPERATOR_KONTEN,PIC_UKE,2024-09-01T01:51:29+07:00,operator_konten_39
ENT-00660,PIC_UKE,TERVALIDASI,2024-09-02T10:47:56+07:00,pic_uke_39
ENT-00660,TERVALIDASI,PUBLISH,2024-09-10T15:11:55+07:00,operator_konten_39
ENT-00661,,DRAFT,2024-08-22T14:50:10+07:00,pengusul_01
ENT-00661,DRAFT,OPERATOR_KONTEN,2024-08-29T16:44:55+07:00,pengusul_01
ENT-00661,OPERATOR_KONTEN,PIC_UKE,2024-10-15T01:58:26+07:00,operator_konten_01
ENT-00661,PIC_UKE,TERVALIDASI,2024-10-17T22:40:41+07:00,pic_uke_01
ENT-00661,TERVALIDASI,PUBLISH,2024-10-25T08:57:13+07:00,operator_konten_01
ENT-00662,,DRAFT,2024-08-23T08:56:42+07:00,pengusul_23
ENT-00662,DRAFT,OPERATOR_KONTEN,2024-09-04T06:35:31+07:00,pengusul_23
ENT-00662,OPERATOR_KONTEN,PIC_UKE,2024-09-15T02:49:55+07:00,operator_konten_23
ENT-00662,PIC_UKE,TERVALIDASI,2024-09-15T14:24:09+07:00,pic_uke_23
ENT-00662,TERVALIDASI,PUBLISH,2024-11-11T08:52:58+07:00,operator_konten_23
ENT-00663,,DRAFT,2024-08-23T15:52:05+07:00,pengusul_60
ENT-00663,DRAFT,OPERATOR_KONTEN,2024-10-03T14:53:31+07:00,pengusul_60
ENT-00663,OPERATOR_KONTEN,PIC_UKE,2024-10-11T21:13:52+07:00,operator_konten_60
ENT-00663,PIC_UKE,TERVALIDASI,2024-10-29T13:02:34+07:00,pic_uke_60
ENT-00663,TERVALIDASI,PUBLISH,2024-11-14T12:16:09+07:00,operator_konten_60
ENT-00664,,DRAFT,2024-08-23T16:36:42+07:00,pengusul_18
ENT-00664,DRAFT,OPERATOR_KONTEN,2024-09-05T12:36:49+07:00,pengusul_18
ENT-00664,OPERATOR_KONTEN,PIC_UKE,2024-09-05T21:06:17+07:00,operator_konten_18
ENT-00664,PIC_UKE,TERVALIDASI,2024-09-27T00:37:13+07:00,pic_uke_18
ENT-00664,TERVALIDASI,PUBLISH,2024-10-28T15:51:53+07:00,operator_konten_18
ENT-00665,,DRAFT,2024-08-24T08:54:49+07:00,pengusul_28
ENT-00665,DRAFT,OPERATOR_KONTEN,2024-09-01T19:39:26+07:00,pengusul_28
ENT-00665,OPERATOR_KONTEN,PIC_UKE,2024-09-11T02:29:14+07:00,operator_konten_28
ENT-00665,PIC_UKE,TERVALIDASI,2024-09-26T17:09:24+07:00,pic_uke_28
ENT-00665,TERVALIDASI,PUBLISH,2024-10-02T06:17:48+07:00,operator_konten_28
ENT-00665,PUBLISH,UNPUBLISH,2024-10-05T13:03:58+07:00,admin_28
ENT-00666,,DRAFT,2024-08-24T12:07:41+07:00,pengusul_41
ENT-00666,DRAFT,OPERATOR_KONTEN,2024-08-25T21:31:36+07:00,pengusul_41
ENT-00666,OPERATOR_KONTEN,PIC_UKE,2024-09-06T19:35:48+07:00,operator_konten_41
ENT-00666,PIC_UKE,TERVALIDASI,2024-09-11T05:30:07+07:00,pic_uke_41
ENT-00666,TERVALIDASI,PUBLISH,2024-09-15T12:40:37+07:00,operator_konten_41
ENT-00667,,DRAFT,2024-08-26T11:13:05+07:00,pengusul_53
ENT-00667,DRAFT,OPERATOR_KONTEN,2025-04-30T07:24:32+07:00,pengusul_53
ENT-00667,OPERATOR_KONTEN,PIC_UKE,2026-10-06T12:06:13+07:00,operator_konten_53
ENT-00668,,DRAFT,2024-08-26T14:01:46+07:00,pengusul_49
ENT-00668,DRAFT,OPERATOR_KONTEN,2024-09-08T18:00:53+07:00,pengusul_49
ENT-00668,OPERATOR_KONTEN,PIC_UKE,2024-10-21T04:17:52+07:00,operator_konten_49
ENT-00668,PIC_UKE,TERVALIDASI,2024-11-07T00:11:49+07:00,pic_uke_49
ENT-00668,TERVALIDASI,PUBLISH,2025-02-05T13:19:03+07:00,operator_konten_49
ENT-00669,,DRAFT,2024-08-26T14:37:55+07:00,pengusul_38
ENT-00669,DRAFT,OPERATOR_KONTEN,2025-09-05T18:41:06+07:00,pengusul_38
ENT-00669,OPERATOR_KONTEN,PIC_UKE,2026-09-10T08:58:57+07:00,operator_konten_38
ENT-00670,,DRAFT,2024-08-27T13:41:09+07:00,pengusul_54
ENT-00670,DRAFT,OPERATOR_KONTEN,2024-09-10T04:34:21+07:00,pengusul_54
ENT-00670,OPERATOR_KONTEN,PIC_UKE,2024-09-28T20:53:49+07:00,operator_konten_54
ENT-00670,PIC_UKE,TERVALIDASI,2024-12-03T12:44:05+07:00,pic_uke_54
ENT-00670,TERVALIDASI,PUBLISH,2025-03-01T10:50:57+07:00,operator_konten_54
ENT-00671,,DRAFT,2024-08-28T15:19:01+07:00,pengusul_58
ENT-00671,DRAFT,OPERATOR_KONTEN,2025-01-16T04:20:59+07:00,pengusul_58
ENT-00671,OPERATOR_KONTEN,PIC_UKE,2025-03-21T22:32:28+07:00,operator_konten_58
ENT-00671,PIC_UKE,TERVALIDASI,2025-05-24T21:11:42+07:00,pic_uke_58
ENT-00671,TERVALIDASI,PUBLISH,2025-06-23T14:46:43+07:00,operator_konten_58
ENT-00672,,DRAFT,2024-08-28T15:43:02+07:00,pengusul_02
ENT-00672,DRAFT,OPERATOR_KONTEN,2024-12-16T04:40:10+07:00,pengusul_02
ENT-00672,OPERATOR_KONTEN,PIC_UKE,2026-09-30T12:29:59+07:00,operator_konten_02
ENT-00673,,DRAFT,2024-08-28T16:26:50+07:00,pengusul_32
ENT-00673,DRAFT,OPERATOR_KONTEN,2024-10-01T20:48:36+07:00,pengusul_32
ENT-00673,OPERATOR_KONTEN,PIC_UKE,2024-10-14T10:42:05+07:00,operator_konten_32
ENT-00673,PIC_UKE,TERVALIDASI,2024-10-19T18:19:12+07:00,pic_uke_32
ENT-00673,TERVALIDASI,PUBLISH,2024-10-25T10:53:03+07:00,operator_konten_32
ENT-00674,,DRAFT,2024-08-28T16:43:55+07:00,pengusul_42
ENT-00674,DRAFT,OPERATOR_KONTEN,2025-03-22T12:21:45+07:00,pengusul_42
ENT-00674,OPERATOR_KONTEN,PIC_UKE,2026-10-08T08:58:06+07:00,operator_konten_42
ENT-00675,,DRAFT,2024-08-29T11:33:27+07:00,pengusul_13
ENT-00675,DRAFT,OPERATOR_KONTEN,2024-09-21T23:37:25+07:00,pengusul_13
ENT-00675,OPERATOR_KONTEN,PIC_UKE,2024-10-03T15:15:54+07:00,operator_konten_13
ENT-00675,PIC_UKE,TERVALIDASI,2024-12-06T12:41:13+07:00,pic_uke_13
ENT-00675,TERVALIDASI,PUBLISH,2025-04-14T09:15:46+07:00,operator_konten_13
ENT-00676,,DRAFT,2024-08-29T11:52:37+07:00,pengusul_60
ENT-00676,DRAFT,OPERATOR_KONTEN,2024-09-16T05:29:26+07:00,pengusul_60
ENT-00676,OPERATOR_KONTEN,PIC_UKE,2024-09-16T23:03:01+07:00,operator_konten_60
ENT-00676,PIC_UKE,TERVALIDASI,2024-10-01T14:19:33+07:00,pic_uke_60
ENT-00676,TERVALIDASI,PUBLISH,2024-12-04T16:39:31+07:00,operator_konten_60
ENT-00677,,DRAFT,2024-08-29T12:24:03+07:00,pengusul_42
ENT-00677,DRAFT,OPERATOR_KONTEN,2024-11-25T17:25:00+07:00,pengusul_42
ENT-00677,OPERATOR_KONTEN,PIC_UKE,2025-01-06T21:22:25+07:00,operator_konten_42
ENT-00677,PIC_UKE,TERVALIDASI,2025-01-14T11:14:00+07:00,pic_uke_42
ENT-00677,TERVALIDASI,PUBLISH,2025-03-07T10:42:23+07:00,operator_konten_42
ENT-00678,,DRAFT,2024-08-30T13:30:44+07:00,pengusul_06
ENT-00678,DRAFT,OPERATOR_KONTEN,2026-07-30T04:29:04+07:00,pengusul_06
ENT-00678,OPERATOR_KONTEN,PIC_UKE,2026-09-22T13:36:04+07:00,operator_konten_06
ENT-00679,,DRAFT,2024-08-31T10:46:29+07:00,pengusul_36
ENT-00679,DRAFT,OPERATOR_KONTEN,2026-08-03T13:57:44+07:00,pengusul_36
ENT-00679,OPERATOR_KONTEN,PIC_UKE,2026-10-06T09:09:38+07:00,operator_konten_36
ENT-00680,,DRAFT,2024-08-31T12:00:05+07:00,pengusul_19
ENT-00680,DRAFT,OPERATOR_KONTEN,2024-09-06T18:39:52+07:00,pengusul_19
ENT-00680,OPERATOR_KONTEN,PIC_UKE,2024-11-10T17:06:47+07:00,operator_konten_19
ENT-00680,PIC_UKE,TERVALIDASI,2024-11-12T17:21:58+07:00,pic_uke_19
ENT-00680,TERVALIDASI,PUBLISH,2024-12-17T11:24:09+07:00,operator_konten_19
ENT-00681,,DRAFT,2024-09-01T10:28:56+07:00,pengusul_06
ENT-00681,DRAFT,OPERATOR_KONTEN,2024-10-01T18:31:56+07:00,pengusul_06
ENT-00681,OPERATOR_KONTEN,PIC_UKE,2024-10-13T08:28:35+07:00,operator_konten_06
ENT-00681,PIC_UKE,TERVALIDASI,2024-11-27T14:55:52+07:00,pic_uke_06
ENT-00681,TERVALIDASI,PUBLISH,2024-12-26T11:28:33+07:00,operator_konten_06
ENT-00682,,DRAFT,2024-09-01T11:53:58+07:00,pengusul_55
ENT-00682,DRAFT,OPERATOR_KONTEN,2026-04-21T04:57:42+07:00,pengusul_55
ENT-00682,OPERATOR_KONTEN,PIC_UKE,2026-10-08T08:16:54+07:00,operator_konten_55
ENT-00683,,DRAFT,2024-09-01T12:55:53+07:00,pengusul_28
ENT-00683,DRAFT,OPERATOR_KONTEN,2024-09-22T23:44:19+07:00,pengusul_28
ENT-00683,OPERATOR_KONTEN,PIC_UKE,2024-11-02T02:58:03+07:00,operator_konten_28
ENT-00683,PIC_UKE,TERVALIDASI,2024-12-17T15:14:50+07:00,pic_uke_28
ENT-00683,TERVALIDASI,PUBLISH,2025-06-26T13:21:57+07:00,operator_konten_28
ENT-00684,,DRAFT,2024-09-01T13:01:52+07:00,pengusul_09
ENT-00684,DRAFT,OPERATOR_KONTEN,2024-10-06T16:35:30+07:00,pengusul_09
ENT-00684,OPERATOR_KONTEN,PIC_UKE,2024-10-09T10:37:11+07:00,operator_konten_09
ENT-00684,PIC_UKE,TERVALIDASI,2024-11-02T16:46:11+07:00,pic_uke_09
ENT-00684,TERVALIDASI,PUBLISH,2024-11-08T13:45:43+07:00,operator_konten_09
ENT-00685,,DRAFT,2024-09-01T13:40:11+07:00,pengusul_60
ENT-00685,DRAFT,OPERATOR_KONTEN,2025-08-17T17:08:06+07:00,pengusul_60
ENT-00685,OPERATOR_KONTEN,DITOLAK_OPERATOR,2025-09-07T06:29:18+07:00,operator_konten_60
ENT-00685,DITOLAK_OPERATOR,DRAFT,2026-10-05T14:01:45+07:00,pengusul_60
ENT-00686,,DRAFT,2024-09-01T15:32:22+07:00,pengusul_46
ENT-00686,DRAFT,OPERATOR_KONTEN,2025-12-27T16:35:39+07:00,pengusul_46
ENT-00686,OPERATOR_KONTEN,PIC_UKE,2026-09-17T14:48:07+07:00,operator_konten_46
ENT-00687,,DRAFT,2024-09-02T09:22:43+07:00,pengusul_13
ENT-00687,DRAFT,OPERATOR_KONTEN,2026-01-30T13:34:04+07:00,pengusul_13
ENT-00687,OPERATOR_KONTEN,PIC_UKE,2026-09-28T15:46:48+07:00,operator_konten_13
ENT-00688,,DRAFT,2024-09-02T09:41:22+07:00,pengusul_52
ENT-00688,DRAFT,OPERATOR_KONTEN,2026-04-18T10:50:32+07:00,pengusul_52
ENT-00688,OPERATOR_KONTEN,PIC_UKE,2026-09-07T16:43:44+07:00,operator_konten_52
ENT-00689,,DRAFT,2024-09-02T11:23:19+07:00,pengusul_35
ENT-00689,DRAFT,OPERATOR_KONTEN,2025-11-03T18:29:31+07:00,pengusul_35
ENT-00689,OPERATOR_KONTEN,PIC_UKE,2026-10-01T08:52:14+07:00,operator_konten_35
ENT-00690,,DRAFT,2024-09-02T11:26:31+07:00,pengusul_57
ENT-00690,DRAFT,OPERATOR_KONTEN,2024-09-17T23:19:15+07:00,pengusul_57
ENT-00690,OPERATOR_KONTEN,PIC_UKE,2024-10-07T07:20:28+07:00,operator_konten_57
ENT-00690,PIC_UKE,TERVALIDASI,2024-10-16T08:58:04+07:00,pic_uke_57
ENT-00690,TERVALIDASI,PUBLISH,2024-10-27T14:27:50+07:00,operator_konten_57
ENT-00691,,DRAFT,2024-09-02T12:38:38+07:00,pengusul_67
ENT-00691,DRAFT,OPERATOR_KONTEN,2025-10-04T20:04:43+07:00,pengusul_67
ENT-00691,OPERATOR_KONTEN,PIC_UKE,2026-09-29T16:28:35+07:00,operator_konten_67
ENT-00692,,DRAFT,2024-09-02T15:15:25+07:00,pengusul_04
ENT-00692,DRAFT,OPERATOR_KONTEN,2024-09-28T19:17:35+07:00,pengusul_04
ENT-00692,OPERATOR_KONTEN,PIC_UKE,2024-09-30T04:37:59+07:00,operator_konten_04
ENT-00692,PIC_UKE,TERVALIDASI,2024-10-11T21:00:48+07:00,pic_uke_04
ENT-00692,TERVALIDASI,PUBLISH,2024-10-22T11:13:56+07:00,operator_konten_04
ENT-00693,,DRAFT,2024-09-02T15:47:29+07:00,pengusul_48
ENT-00693,DRAFT,OPERATOR_KONTEN,2024-09-07T14:10:01+07:00,pengusul_48
ENT-00693,OPERATOR_KONTEN,PIC_UKE,2024-10-16T03:38:22+07:00,operator_konten_48
ENT-00693,PIC_UKE,TERVALIDASI,2025-01-19T10:21:04+07:00,pic_uke_48
ENT-00693,TERVALIDASI,PUBLISH,2025-02-13T12:21:16+07:00,operator_konten_48
ENT-00694,,DRAFT,2024-09-03T09:07:55+07:00,pengusul_39
ENT-00694,DRAFT,OPERATOR_KONTEN,2024-09-05T23:29:55+07:00,pengusul_39
ENT-00694,OPERATOR_KONTEN,PIC_UKE,2024-09-10T03:57:59+07:00,operator_konten_39
ENT-00694,PIC_UKE,TERVALIDASI,2024-09-11T21:08:42+07:00,pic_uke_39
ENT-00694,TERVALIDASI,PUBLISH,2024-09-14T14:27:19+07:00,operator_konten_39
ENT-00695,,DRAFT,2024-09-03T11:11:41+07:00,pengusul_39
ENT-00695,DRAFT,OPERATOR_KONTEN,2025-04-06T12:11:58+07:00,pengusul_39
ENT-00695,OPERATOR_KONTEN,PIC_UKE,2026-09-25T12:29:59+07:00,operator_konten_39
ENT-00696,,DRAFT,2024-09-03T12:34:59+07:00,pengusul_23
ENT-00696,DRAFT,OPERATOR_KONTEN,2025-07-16T02:40:24+07:00,pengusul_23
ENT-00696,OPERATOR_KONTEN,PIC_UKE,2026-09-24T14:44:52+07:00,operator_konten_23
ENT-00697,,DRAFT,2024-09-03T13:22:00+07:00,pengusul_53
ENT-00697,DRAFT,OPERATOR_KONTEN,2024-11-02T02:52:53+07:00,pengusul_53
ENT-00697,OPERATOR_KONTEN,PIC_UKE,2024-11-05T22:16:48+07:00,operator_konten_53
ENT-00697,PIC_UKE,TERVALIDASI,2025-01-11T16:52:59+07:00,pic_uke_53
ENT-00697,TERVALIDASI,PUBLISH,2025-03-26T10:56:10+07:00,operator_konten_53
ENT-00698,,DRAFT,2024-09-03T13:49:55+07:00,pengusul_27
ENT-00698,DRAFT,OPERATOR_KONTEN,2026-02-18T06:01:40+07:00,pengusul_27
ENT-00698,OPERATOR_KONTEN,PIC_UKE,2026-09-25T12:10:36+07:00,operator_konten_27
ENT-00699,,DRAFT,2024-09-03T16:03:37+07:00,pengusul_16
ENT-00699,DRAFT,OPERATOR_KONTEN,2025-12-11T03:13:33+07:00,pengusul_16
ENT-00699,OPERATOR_KONTEN,PIC_UKE,2026-10-08T16:07:22+07:00,operator_konten_16
ENT-00700,,DRAFT,2024-09-04T09:29:58+07:00,pengusul_09
ENT-00700,DRAFT,OPERATOR_KONTEN,2025-08-10T04:33:50+07:00,pengusul_09
ENT-00700,OPERATOR_KONTEN,PIC_UKE,2026-10-07T13:26:38+07:00,operator_konten_09
ENT-00701,,DRAFT,2024-09-04T15:54:14+07:00,pengusul_05
ENT-00701,DRAFT,OPERATOR_KONTEN,2024-09-17T03:56:05+07:00,pengusul_05
ENT-00701,OPERATOR_KONTEN,PIC_UKE,2024-09-20T05:12:48+07:00,operator_konten_05
ENT-00701,PIC_UKE,TERVALIDASI,2025-01-18T09:15:55+07:00,pic_uke_05
ENT-00701,TERVALIDASI,PUBLISH,2025-02-06T14:32:18+07:00,operator_konten_05
ENT-00702,,DRAFT,2024-09-05T10:55:56+07:00,pengusul_05
ENT-00702,DRAFT,OPERATOR_KONTEN,2024-10-02T08:53:01+07:00,pengusul_05
ENT-00702,OPERATOR_KONTEN,PIC_UKE,2026-05-14T06:24:53+07:00,operator_konten_05
ENT-00702,PIC_UKE,TERVALIDASI,2026-10-07T10:05:52+07:00,pic_uke_05
ENT-00703,,DRAFT,2024-09-05T12:51:45+07:00,pengusul_53
ENT-00703,DRAFT,OPERATOR_KONTEN,2024-11-05T04:39:38+07:00,pengusul_53
ENT-00703,OPERATOR_KONTEN,PIC_UKE,2026-10-02T15:31:27+07:00,operator_konten_53
ENT-00704,,DRAFT,2024-09-05T16:09:35+07:00,pengusul_50
ENT-00704,DRAFT,OPERATOR_KONTEN,2026-06-06T08:24:56+07:00,pengusul_50
ENT-00704,OPERATOR_KONTEN,PIC_UKE,2026-08-14T08:26:15+07:00,operator_konten_50
ENT-00705,,DRAFT,2024-09-05T16:56:31+07:00,pengusul_53
ENT-00705,DRAFT,OPERATOR_KONTEN,2024-09-20T06:08:09+07:00,pengusul_53
ENT-00705,OPERATOR_KONTEN,PIC_UKE,2024-09-25T20:33:17+07:00,operator_konten_53
ENT-00705,PIC_UKE,TERVALIDASI,2024-10-04T18:40:30+07:00,pic_uke_53
ENT-00705,TERVALIDASI,PUBLISH,2024-11-13T10:41:33+07:00,operator_konten_53
ENT-00706,,DRAFT,2024-09-05T16:56:46+07:00,pengusul_46
ENT-00706,DRAFT,OPERATOR_KONTEN,2026-09-25T16:59:58+07:00,pengusul_46
ENT-00707,,DRAFT,2024-09-05T16:58:44+07:00,pengusul_66
ENT-00707,DRAFT,OPERATOR_KONTEN,2024-10-01T01:10:23+07:00,pengusul_66
ENT-00707,OPERATOR_KONTEN,DITOLAK_OPERATOR,2024-10-05T09:50:18+07:00,operator_konten_66
ENT-00708,,DRAFT,2024-09-06T11:21:44+07:00,pengusul_52
ENT-00708,DRAFT,OPERATOR_KONTEN,2024-12-21T05:22:27+07:00,pengusul_52
ENT-00708,OPERATOR_KONTEN,PIC_UKE,2026-10-02T14:57:51+07:00,operator_konten_52
ENT-00709,,DRAFT,2024-09-06T11:34:40+07:00,pengusul_20
ENT-00709,DRAFT,OPERATOR_KONTEN,2024-11-23T14:06:21+07:00,pengusul_20
ENT-00709,OPERATOR_KONTEN,PIC_UKE,2025-01-09T17:21:35+07:00,operator_konten_20
ENT-00709,PIC_UKE,TERVALIDASI,2025-01-25T22:44:13+07:00,pic_uke_20
ENT-00709,TERVALIDASI,PUBLISH,2025-03-04T14:45:38+07:00,operator_konten_20
ENT-00710,,DRAFT,2024-09-06T12:10:17+07:00,pengusul_27
ENT-00710,DRAFT,OPERATOR_KONTEN,2024-09-08T21:49:16+07:00,pengusul_27
ENT-00710,OPERATOR_KONTEN,PIC_UKE,2024-09-10T05:50:36+07:00,operator_konten_27
ENT-00710,PIC_UKE,TERVALIDASI,2024-09-20T15:16:19+07:00,pic_uke_27
ENT-00710,TERVALIDASI,PUBLISH,2024-09-26T10:08:41+07:00,operator_konten_27
ENT-00711,,DRAFT,2024-09-06T12:56:06+07:00,pengusul_04
ENT-00711,DRAFT,OPERATOR_KONTEN,2025-03-24T17:45:56+07:00,pengusul_04
ENT-00711,OPERATOR_KONTEN,PIC_UKE,2026-09-30T08:42:52+07:00,operator_konten_04
ENT-00712,,DRAFT,2024-09-06T16:35:55+07:00,pengusul_31
ENT-00712,DRAFT,OPERATOR_KONTEN,2026-03-24T07:54:56+07:00,pengusul_31
ENT-00712,OPERATOR_KONTEN,PIC_UKE,2026-08-31T13:43:48+07:00,operator_konten_31
ENT-00713,,DRAFT,2024-09-07T10:20:09+07:00,pengusul_41
ENT-00713,DRAFT,OPERATOR_KONTEN,2025-03-30T07:09:04+07:00,pengusul_41
ENT-00713,OPERATOR_KONTEN,PIC_UKE,2026-09-17T11:28:15+07:00,operator_konten_41
ENT-00714,,DRAFT,2024-09-07T14:06:56+07:00,pengusul_36
ENT-00714,DRAFT,OPERATOR_KONTEN,2024-10-29T17:37:34+07:00,pengusul_36
ENT-00714,OPERATOR_KONTEN,PIC_UKE,2024-11-16T17:18:19+07:00,operator_konten_36
ENT-00714,PIC_UKE,TERVALIDASI,2024-11-28T10:42:08+07:00,pic_uke_36
ENT-00714,TERVALIDASI,PUBLISH,2024-12-15T08:41:49+07:00,operator_konten_36
ENT-00715,,DRAFT,2024-09-07T15:34:14+07:00,pengusul_06
ENT-00715,DRAFT,OPERATOR_KONTEN,2026-06-18T20:44:28+07:00,pengusul_06
ENT-00715,OPERATOR_KONTEN,PIC_UKE,2026-10-07T09:37:47+07:00,operator_konten_06
ENT-00716,,DRAFT,2024-09-08T12:42:11+07:00,pengusul_13
ENT-00716,DRAFT,OPERATOR_KONTEN,2024-10-01T01:19:23+07:00,pengusul_13
ENT-00716,OPERATOR_KONTEN,PIC_UKE,2025-02-05T23:56:14+07:00,operator_konten_13
ENT-00716,PIC_UKE,TERVALIDASI,2025-05-09T11:23:58+07:00,pic_uke_13
ENT-00716,TERVALIDASI,PUBLISH,2025-06-21T13:13:23+07:00,operator_konten_13
ENT-00717,,DRAFT,2024-09-08T16:06:47+07:00,pengusul_27
ENT-00717,DRAFT,OPERATOR_KONTEN,2025-06-10T14:53:30+07:00,pengusul_27
ENT-00717,OPERATOR_KONTEN,PIC_UKE,2026-07-28T08:09:59+07:00,operator_konten_27
ENT-00718,,DRAFT,2024-09-08T16:07:40+07:00,pengusul_04
ENT-00718,DRAFT,OPERATOR_KONTEN,2024-11-29T09:38:44+07:00,pengusul_04
ENT-00718,OPERATOR_KONTEN,PIC_UKE,2026-09-25T11:46:33+07:00,operator_konten_04
ENT-00719,,DRAFT,2024-09-10T08:41:08+07:00,pengusul_42
ENT-00719,DRAFT,OPERATOR_KONTEN,2024-09-25T05:00:05+07:00,pengusul_42
ENT-00719,OPERATOR_KONTEN,PIC_UKE,2024-11-16T02:53:37+07:00,operator_konten_42
ENT-00719,PIC_UKE,TERVALIDASI,2024-11-22T05:46:22+07:00,pic_uke_42
ENT-00719,TERVALIDASI,PUBLISH,2025-02-20T13:09:04+07:00,operator_konten_42
ENT-00720,,DRAFT,2024-09-10T10:03:09+07:00,pengusul_69
ENT-00720,DRAFT,OPERATOR_KONTEN,2025-05-19T14:06:13+07:00,pengusul_69
ENT-00720,OPERATOR_KONTEN,PIC_UKE,2026-09-30T11:13:14+07:00,operator_konten_69
ENT-00721,,DRAFT,2024-09-10T11:20:10+07:00,pengusul_64
ENT-00721,DRAFT,OPERATOR_KONTEN,2026-03-29T11:16:42+07:00,pengusul_64
ENT-00721,OPERATOR_KONTEN,PIC_UKE,2026-09-29T15:09:33+07:00,operator_konten_64
ENT-00722,,DRAFT,2024-09-10T11:31:56+07:00,pengusul_43
ENT-00722,DRAFT,OPERATOR_KONTEN,2024-09-22T08:10:11+07:00,pengusul_43
ENT-00722,OPERATOR_KONTEN,PIC_UKE,2024-09-22T22:42:28+07:00,operator_konten_43
ENT-00722,PIC_UKE,TERVALIDASI,2024-09-27T07:19:06+07:00,pic_uke_43
ENT-00722,TERVALIDASI,PUBLISH,2024-09-28T14:39:19+07:00,operator_konten_43
ENT-00723,,DRAFT,2024-09-10T14:18:24+07:00,pengusul_04
ENT-00723,DRAFT,OPERATOR_KONTEN,2024-11-09T06:46:39+07:00,pengusul_04
ENT-00723,OPERATOR_KONTEN,PIC_UKE,2026-08-20T08:25:39+07:00,operator_konten_04
ENT-00724,,DRAFT,2024-09-10T15:06:40+07:00,pengusul_60
ENT-00724,DRAFT,OPERATOR_KONTEN,2025-11-17T04:59:08+07:00,pengusul_60
ENT-00724,OPERATOR_KONTEN,PIC_UKE,2026-09-25T14:13:53+07:00,operator_konten_60
ENT-00725,,DRAFT,2024-09-11T08:07:49+07:00,pengusul_42
ENT-00725,DRAFT,OPERATOR_KONTEN,2024-11-04T09:31:50+07:00,pengusul_42
ENT-00725,OPERATOR_KONTEN,PIC_UKE,2025-04-06T10:56:20+07:00,operator_konten_42
ENT-00725,PIC_UKE,TERVALIDASI,2025-04-18T00:29:24+07:00,pic_uke_42
ENT-00725,TERVALIDASI,PUBLISH,2025-04-24T14:14:09+07:00,operator_konten_42
ENT-00726,,DRAFT,2024-09-11T15:38:31+07:00,pengusul_16
ENT-00726,DRAFT,OPERATOR_KONTEN,2024-09-15T15:13:08+07:00,pengusul_16
ENT-00726,OPERATOR_KONTEN,PIC_UKE,2024-10-23T16:49:18+07:00,operator_konten_16
ENT-00726,PIC_UKE,TERVALIDASI,2024-10-31T03:55:19+07:00,pic_uke_16
ENT-00726,TERVALIDASI,PUBLISH,2024-11-04T11:39:16+07:00,operator_konten_16
ENT-00727,,DRAFT,2024-09-11T16:18:21+07:00,pengusul_17
ENT-00727,DRAFT,OPERATOR_KONTEN,2026-05-22T01:08:55+07:00,pengusul_17
ENT-00727,OPERATOR_KONTEN,DITOLAK_OPERATOR,2026-08-12T18:10:17+07:00,operator_konten_17
ENT-00727,DITOLAK_OPERATOR,DRAFT,2026-10-01T15:36:26+07:00,pengusul_17
ENT-00728,,DRAFT,2024-09-12T09:35:49+07:00,pengusul_27
ENT-00728,DRAFT,OPERATOR_KONTEN,2024-10-16T17:39:48+07:00,pengusul_27
ENT-00728,OPERATOR_KONTEN,PIC_UKE,2025-01-13T13:58:03+07:00,operator_konten_27
ENT-00728,PIC_UKE,TERVALIDASI,2025-05-13T13:28:01+07:00,pic_uke_27
ENT-00728,TERVALIDASI,PUBLISH,2025-05-28T13:06:30+07:00,operator_konten_27
ENT-00729,,DRAFT,2024-09-12T10:27:44+07:00,pengusul_49
ENT-00729,DRAFT,OPERATOR_KONTEN,2025-06-29T19:44:57+07:00,pengusul_49
ENT-00729,OPERATOR_KONTEN,DITOLAK_OPERATOR,2026-07-30T18:01:10+07:00,operator_konten_49
ENT-00729,DITOLAK_OPERATOR,DRAFT,2026-10-05T12:07:53+07:00,pengusul_49
ENT-00730,,DRAFT,2024-09-12T14:20:35+07:00,pengusul_05
ENT-00730,DRAFT,OPERATOR_KONTEN,2025-01-01T20:23:29+07:00,pengusul_05
ENT-00730,OPERATOR_KONTEN,PIC_UKE,2025-02-25T09:05:28+07:00,operator_konten_05
ENT-00730,PIC_UKE,TERVALIDASI,2025-03-02T02:04:59+07:00,pic_uke_05
ENT-00730,TERVALIDASI,PUBLISH,2025-03-15T10:50:56+07:00,operator_konten_05
ENT-00731,,DRAFT,2024-09-14T08:42:43+07:00,pengusul_63
ENT-00731,DRAFT,OPERATOR_KONTEN,2024-10-21T08:40:36+07:00,pengusul_63
ENT-00731,OPERATOR_KONTEN,PIC_UKE,2026-09-10T12:29:48+07:00,operator_konten_63
ENT-00732,,DRAFT,2024-09-14T11:21:18+07:00,pengusul_05
ENT-00732,DRAFT,OPERATOR_KONTEN,2025-05-08T19:30:49+07:00,pengusul_05
ENT-00732,OPERATOR_KONTEN,PIC_UKE,2025-05-14T14:59:54+07:00,operator_konten_05
ENT-00732,PIC_UKE,TERVALIDASI,2025-05-23T10:12:08+07:00,pic_uke_05
ENT-00732,TERVALIDASI,PUBLISH,2025-06-22T15:17:35+07:00,operator_konten_05
ENT-00733,,DRAFT,2024-09-14T14:26:56+07:00,pengusul_47
ENT-00733,DRAFT,OPERATOR_KONTEN,2026-05-28T20:01:58+07:00,pengusul_47
ENT-00733,OPERATOR_KONTEN,PIC_UKE,2026-10-08T13:21:03+07:00,operator_konten_47
ENT-00734,,DRAFT,2024-09-15T09:23:42+07:00,pengusul_44
ENT-00734,DRAFT,OPERATOR_KONTEN,2024-12-16T16:48:34+07:00,pengusul_44
ENT-00734,OPERATOR_KONTEN,PIC_UKE,2025-01-25T01:31:03+07:00,operator_konten_44
ENT-00734,PIC_UKE,TERVALIDASI,2025-02-10T10:04:57+07:00,pic_uke_44
ENT-00734,TERVALIDASI,PUBLISH,2025-03-03T11:40:31+07:00,operator_konten_44
ENT-00735,,DRAFT,2024-09-15T10:15:33+07:00,pengusul_57
ENT-00735,DRAFT,OPERATOR_KONTEN,2025-06-08T11:14:24+07:00,pengusul_57
ENT-00735,OPERATOR_KONTEN,PIC_UKE,2026-09-29T12:13:57+07:00,operator_konten_57
ENT-00736,,DRAFT,2024-09-15T11:06:01+07:00,pengusul_31
ENT-00736,DRAFT,OPERATOR_KONTEN,2025-02-16T11:05:04+07:00,pengusul_31
ENT-00736,OPERATOR_KONTEN,PIC_UKE,2026-10-01T12:28:50+07:00,operator_konten_31
ENT-00737,,DRAFT,2024-09-15T12:47:19+07:00,pengusul_42
ENT-00737,DRAFT,OPERATOR_KONTEN,2024-10-08T22:44:06+07:00,pengusul_42
ENT-00737,OPERATOR_KONTEN,PIC_UKE,2026-09-25T11:56:44+07:00,operator_konten_42
ENT-00738,,DRAFT,2024-09-16T15:47:46+07:00,pengusul_17
ENT-00738,DRAFT,OPERATOR_KONTEN,2024-11-12T15:07:40+07:00,pengusul_17
ENT-00738,OPERATOR_KONTEN,PIC_UKE,2025-03-01T02:54:58+07:00,operator_konten_17
ENT-00738,PIC_UKE,TERVALIDASI,2025-04-17T05:31:50+07:00,pic_uke_17
ENT-00738,TERVALIDASI,PUBLISH,2025-05-08T08:20:26+07:00,operator_konten_17
ENT-00739,,DRAFT,2024-09-16T16:52:29+07:00,pengusul_26
ENT-00739,DRAFT,OPERATOR_KONTEN,2024-10-27T14:57:52+07:00,pengusul_26
ENT-00739,OPERATOR_KONTEN,PIC_UKE,2024-12-20T20:00:23+07:00,operator_konten_26
ENT-00739,PIC_UKE,TERVALIDASI,2025-02-09T11:42:49+07:00,pic_uke_26
ENT-00739,TERVALIDASI,PUBLISH,2025-03-18T09:23:52+07:00,operator_konten_26
ENT-00740,,DRAFT,2024-09-17T15:22:01+07:00,pengusul_66
ENT-00740,DRAFT,OPERATOR_KONTEN,2025-02-19T19:29:02+07:00,pengusul_66
ENT-00740,OPERATOR_KONTEN,PIC_UKE,2026-10-08T16:35:24+07:00,operator_konten_66
ENT-00741,,DRAFT,2024-09-18T08:11:26+07:00,pengusul_53
ENT-00741,DRAFT,OPERATOR_KONTEN,2026-09-06T09:03:55+07:00,pengusul_53
ENT-00741,OPERATOR_KONTEN,PIC_UKE,2026-09-24T08:18:14+07:00,operator_konten_53
ENT-00742,,DRAFT,2024-09-18T10:42:09+07:00,pengusul_50
ENT-00742,DRAFT,OPERATOR_KONTEN,2024-11-08T13:26:24+07:00,pengusul_50
ENT-00742,OPERATOR_KONTEN,PIC_UKE,2024-11-09T10:26:08+07:00,operator_konten_50
ENT-00742,PIC_UKE,TERVALIDASI,2025-03-03T07:17:58+07:00,pic_uke_50
ENT-00742,TERVALIDASI,PUBLISH,2025-04-19T14:46:10+07:00,operator_konten_50
ENT-00743,,DRAFT,2024-09-18T12:55:03+07:00,pengusul_26
ENT-00743,DRAFT,OPERATOR_KONTEN,2025-07-21T07:45:04+07:00,pengusul_26
ENT-00743,OPERATOR_KONTEN,PIC_UKE,2026-09-29T11:10:15+07:00,operator_konten_26
ENT-00744,,DRAFT,2024-09-18T14:34:47+07:00,pengusul_41
ENT-00744,DRAFT,OPERATOR_KONTEN,2024-09-21T22:09:03+07:00,pengusul_41
ENT-00744,OPERATOR_KONTEN,PIC_UKE,2024-09-25T21:47:57+07:00,operator_konten_41
ENT-00744,PIC_UKE,TERVALIDASI,2024-10-02T01:55:23+07:00,pic_uke_41
ENT-00744,TERVALIDASI,PUBLISH,2024-10-09T12:06:20+07:00,operator_konten_41
ENT-00745,,DRAFT,2024-09-19T15:16:56+07:00,pengusul_54
ENT-00745,DRAFT,OPERATOR_KONTEN,2024-11-19T22:01:30+07:00,pengusul_54
ENT-00745,OPERATOR_KONTEN,PIC_UKE,2026-10-07T11:54:09+07:00,operator_konten_54
ENT-00746,,DRAFT,2024-09-19T15:26:37+07:00,pengusul_13
ENT-00746,DRAFT,OPERATOR_KONTEN,2024-10-07T04:25:19+07:00,pengusul_13
ENT-00746,OPERATOR_KONTEN,PIC_UKE,2024-10-30T06:01:20+07:00,operator_konten_13
ENT-00746,PIC_UKE,TERVALIDASI,2024-11-03T02:25:15+07:00,pic_uke_13
ENT-00746,TERVALIDASI,PUBLISH,2024-11-09T09:38:34+07:00,operator_konten_13
ENT-00747,,DRAFT,2024-09-20T12:03:25+07:00,pengusul_36
ENT-00747,DRAFT,OPERATOR_KONTEN,2024-11-23T16:26:06+07:00,pengusul_36
ENT-00747,OPERATOR_KONTEN,PIC_UKE,2025-03-02T16:12:54+07:00,operator_konten_36
ENT-00747,PIC_UKE,TERVALIDASI,2025-03-10T16:50:34+07:00,pic_uke_36
ENT-00747,TERVALIDASI,PUBLISH,2025-04-22T10:04:45+07:00,operator_konten_36
ENT-00748,,DRAFT,2024-09-20T13:15:07+07:00,pengusul_41
ENT-00748,DRAFT,OPERATOR_KONTEN,2026-04-12T11:20:47+07:00,pengusul_41
ENT-00748,OPERATOR_KONTEN,PIC_UKE,2026-09-24T13:55:50+07:00,operator_konten_41
ENT-00749,,DRAFT,2024-09-20T14:26:13+07:00,pengusul_32
ENT-00749,DRAFT,OPERATOR_KONTEN,2024-09-29T00:22:48+07:00,pengusul_32
ENT-00749,OPERATOR_KONTEN,PIC_UKE,2024-12-11T09:35:07+07:00,operator_konten_32
ENT-00749,PIC_UKE,TERVALIDASI,2025-03-26T17:31:01+07:00,pic_uke_32
ENT-00749,TERVALIDASI,PUBLISH,2025-05-22T16:54:09+07:00,operator_konten_32
ENT-00750,,DRAFT,2024-09-21T10:16:43+07:00,pengusul_49
ENT-00750,DRAFT,OPERATOR_KONTEN,2025-05-30T17:32:21+07:00,pengusul_49
ENT-00750,OPERATOR_KONTEN,PIC_UKE,2026-09-03T08:03:38+07:00,operator_konten_49
ENT-00751,,DRAFT,2024-09-21T11:10:06+07:00,pengusul_27
ENT-00751,DRAFT,OPERATOR_KONTEN,2026-03-07T21:24:04+07:00,pengusul_27
ENT-00751,OPERATOR_KONTEN,PIC_UKE,2026-09-09T13:02:06+07:00,operator_konten_27
ENT-00752,,DRAFT,2024-09-21T12:07:54+07:00,pengusul_60
ENT-00752,DRAFT,OPERATOR_KONTEN,2024-11-16T15:12:25+07:00,pengusul_60
ENT-00752,OPERATOR_KONTEN,PIC_UKE,2024-11-27T18:46:57+07:00,operator_konten_60
ENT-00752,PIC_UKE,TERVALIDASI,2024-12-22T18:09:45+07:00,pic_uke_60
ENT-00752,TERVALIDASI,PUBLISH,2025-01-19T13:43:03+07:00,operator_konten_60
ENT-00753,,DRAFT,2024-09-22T14:46:36+07:00,pengusul_46
ENT-00753,DRAFT,OPERATOR_KONTEN,2024-11-28T20:07:36+07:00,pengusul_46
ENT-00753,OPERATOR_KONTEN,PIC_UKE,2024-12-05T04:24:35+07:00,operator_konten_46
ENT-00753,PIC_UKE,TERVALIDASI,2024-12-22T22:07:27+07:00,pic_uke_46
ENT-00753,TERVALIDASI,PUBLISH,2024-12-29T14:02:52+07:00,operator_konten_46
ENT-00754,,DRAFT,2024-09-22T14:55:11+07:00,pengusul_51
ENT-00754,DRAFT,OPERATOR_KONTEN,2026-07-01T18:54:48+07:00,pengusul_51
ENT-00754,OPERATOR_KONTEN,PIC_UKE,2026-10-07T14:03:19+07:00,operator_konten_51
ENT-00755,,DRAFT,2024-09-22T15:26:34+07:00,pengusul_57
ENT-00755,DRAFT,OPERATOR_KONTEN,2024-10-29T08:45:32+07:00,pengusul_57
ENT-00755,OPERATOR_KONTEN,PIC_UKE,2024-12-14T08:37:15+07:00,operator_konten_57
ENT-00755,PIC_UKE,TERVALIDASI,2024-12-27T18:59:49+07:00,pic_uke_57
ENT-00755,TERVALIDASI,PUBLISH,2025-02-19T22:38:51+07:00,operator_konten_57
ENT-00755,PUBLISH,UNPUBLISH,2025-03-06T08:21:01+07:00,admin_57
ENT-00756,,DRAFT,2024-09-22T16:20:32+07:00,pengusul_25
ENT-00756,DRAFT,OPERATOR_KONTEN,2024-09-23T01:45:12+07:00,pengusul_25
ENT-00756,OPERATOR_KONTEN,PIC_UKE,2024-09-23T21:12:31+07:00,operator_konten_25
ENT-00756,PIC_UKE,TERVALIDASI,2024-09-25T22:23:05+07:00,pic_uke_25
ENT-00756,TERVALIDASI,PUBLISH,2024-09-26T10:25:35+07:00,operator_konten_25
ENT-00757,,DRAFT,2024-09-23T16:09:59+07:00,pengusul_22
ENT-00757,DRAFT,OPERATOR_KONTEN,2024-10-21T08:30:51+07:00,pengusul_22
ENT-00757,OPERATOR_KONTEN,PIC_UKE,2024-11-06T01:22:04+07:00,operator_konten_22
ENT-00757,PIC_UKE,TERVALIDASI,2025-04-20T21:10:55+07:00,pic_uke_22
ENT-00757,TERVALIDASI,PUBLISH,2025-06-05T13:18:45+07:00,operator_konten_22
ENT-00758,,DRAFT,2024-09-24T09:11:08+07:00,pengusul_55
ENT-00758,DRAFT,OPERATOR_KONTEN,2024-10-01T05:54:18+07:00,pengusul_55
ENT-00758,OPERATOR_KONTEN,PIC_UKE,2024-10-10T12:51:27+07:00,operator_konten_55
ENT-00758,PIC_UKE,TERVALIDASI,2024-12-17T08:50:54+07:00,pic_uke_55
ENT-00758,TERVALIDASI,PUBLISH,2025-01-04T16:46:57+07:00,operator_konten_55
ENT-00759,,DRAFT,2024-09-24T11:07:59+07:00,pengusul_48
ENT-00759,DRAFT,OPERATOR_KONTEN,2025-05-27T18:09:29+07:00,pengusul_48
ENT-00759,OPERATOR_KONTEN,PIC_UKE,2026-09-09T14:40:39+07:00,operator_konten_48
ENT-00760,,DRAFT,2024-09-24T14:02:25+07:00,pengusul_11
ENT-00760,DRAFT,OPERATOR_KONTEN,2024-10-16T11:27:41+07:00,pengusul_11
ENT-00760,OPERATOR_KONTEN,PIC_UKE,2024-11-06T06:17:58+07:00,operator_konten_11
ENT-00760,PIC_UKE,TERVALIDASI,2024-11-29T10:29:44+07:00,pic_uke_11
ENT-00760,TERVALIDASI,PUBLISH,2025-02-17T16:02:11+07:00,operator_konten_11
ENT-00761,,DRAFT,2024-09-25T09:14:31+07:00,pengusul_29
ENT-00761,DRAFT,OPERATOR_KONTEN,2026-06-22T09:40:47+07:00,pengusul_29
ENT-00761,OPERATOR_KONTEN,PIC_UKE,2026-10-01T12:52:58+07:00,operator_konten_29
ENT-00762,,DRAFT,2024-09-25T11:43:22+07:00,pengusul_07
ENT-00762,DRAFT,OPERATOR_KONTEN,2026-02-08T18:33:08+07:00,pengusul_07
ENT-00762,OPERATOR_KONTEN,PIC_UKE,2026-04-04T22:44:50+07:00,operator_konten_07
ENT-00762,PIC_UKE,TERVALIDASI,2026-10-02T08:56:46+07:00,pic_uke_07
ENT-00763,,DRAFT,2024-09-25T13:51:06+07:00,pengusul_30
ENT-00763,DRAFT,OPERATOR_KONTEN,2024-12-04T01:35:36+07:00,pengusul_30
ENT-00763,OPERATOR_KONTEN,PIC_UKE,2026-10-08T16:01:55+07:00,operator_konten_30
ENT-00764,,DRAFT,2024-09-25T14:23:33+07:00,pengusul_31
ENT-00764,DRAFT,OPERATOR_KONTEN,2024-09-30T20:18:11+07:00,pengusul_31
ENT-00764,OPERATOR_KONTEN,PIC_UKE,2024-10-01T04:28:00+07:00,operator_konten_31
ENT-00764,PIC_UKE,TERVALIDASI,2024-11-25T02:48:41+07:00,pic_uke_31
ENT-00764,TERVALIDASI,PUBLISH,2025-01-23T09:39:14+07:00,operator_konten_31
ENT-00765,,DRAFT,2024-09-25T16:34:39+07:00,pengusul_17
ENT-00765,DRAFT,OPERATOR_KONTEN,2025-01-23T13:10:05+07:00,pengusul_17
ENT-00765,OPERATOR_KONTEN,PIC_UKE,2025-03-04T03:20:16+07:00,operator_konten_17
ENT-00765,PIC_UKE,TERVALIDASI,2025-03-13T10:52:15+07:00,pic_uke_17
ENT-00765,TERVALIDASI,PUBLISH,2025-04-02T15:21:19+07:00,operator_konten_17
ENT-00766,,DRAFT,2024-09-26T08:40:23+07:00,pengusul_06
ENT-00766,DRAFT,OPERATOR_KONTEN,2024-10-05T05:53:56+07:00,pengusul_06
ENT-00766,OPERATOR_KONTEN,PIC_UKE,2024-11-15T10:11:09+07:00,operator_konten_06
ENT-00766,PIC_UKE,TERVALIDASI,2024-12-15T21:05:10+07:00,pic_uke_06
ENT-00766,TERVALIDASI,PUBLISH,2025-07-07T08:13:35+07:00,operator_konten_06
ENT-00767,,DRAFT,2024-09-26T09:54:14+07:00,pengusul_68
ENT-00767,DRAFT,OPERATOR_KONTEN,2025-08-20T11:47:06+07:00,pengusul_68
ENT-00767,OPERATOR_KONTEN,PIC_UKE,2026-09-15T10:33:55+07:00,operator_konten_68
ENT-00768,,DRAFT,2024-09-26T13:39:43+07:00,pengusul_67
ENT-00768,DRAFT,OPERATOR_KONTEN,2026-07-17T03:12:38+07:00,pengusul_67
ENT-00768,OPERATOR_KONTEN,PIC_UKE,2026-08-26T13:34:42+07:00,operator_konten_67
ENT-00769,,DRAFT,2024-09-26T15:23:22+07:00,pengusul_53
ENT-00769,DRAFT,OPERATOR_KONTEN,2024-10-01T17:10:43+07:00,pengusul_53
ENT-00769,OPERATOR_KONTEN,PIC_UKE,2024-10-09T10:36:07+07:00,operator_konten_53
ENT-00769,PIC_UKE,TERVALIDASI,2024-10-10T01:20:12+07:00,pic_uke_53
ENT-00769,TERVALIDASI,PUBLISH,2024-11-23T09:52:29+07:00,operator_konten_53
ENT-00770,,DRAFT,2024-09-26T16:23:39+07:00,pengusul_16
ENT-00770,DRAFT,OPERATOR_KONTEN,2024-11-02T19:15:11+07:00,pengusul_16
ENT-00770,OPERATOR_KONTEN,PIC_UKE,2024-11-27T07:56:03+07:00,operator_konten_16
ENT-00770,PIC_UKE,TERVALIDASI,2025-02-08T23:03:25+07:00,pic_uke_16
ENT-00770,TERVALIDASI,PUBLISH,2025-07-15T10:53:35+07:00,operator_konten_16
ENT-00771,,DRAFT,2024-09-27T08:19:19+07:00,pengusul_67
ENT-00771,DRAFT,OPERATOR_KONTEN,2025-03-16T17:14:19+07:00,pengusul_67
ENT-00771,OPERATOR_KONTEN,PIC_UKE,2026-09-22T10:44:39+07:00,operator_konten_67
ENT-00772,,DRAFT,2024-09-27T08:19:44+07:00,pengusul_61
ENT-00772,DRAFT,OPERATOR_KONTEN,2025-03-26T04:11:08+07:00,pengusul_61
ENT-00772,OPERATOR_KONTEN,PIC_UKE,2026-09-21T14:19:57+07:00,operator_konten_61
ENT-00773,,DRAFT,2024-09-28T09:17:24+07:00,pengusul_37
ENT-00773,DRAFT,OPERATOR_KONTEN,2026-02-03T16:14:48+07:00,pengusul_37
ENT-00773,OPERATOR_KONTEN,PIC_UKE,2026-09-10T08:10:17+07:00,operator_konten_37
ENT-00774,,DRAFT,2024-09-28T15:45:19+07:00,pengusul_04
ENT-00774,DRAFT,OPERATOR_KONTEN,2024-11-12T23:09:37+07:00,pengusul_04
ENT-00774,OPERATOR_KONTEN,PIC_UKE,2025-01-20T12:59:40+07:00,operator_konten_04
ENT-00774,PIC_UKE,TERVALIDASI,2025-01-24T15:39:31+07:00,pic_uke_04
ENT-00774,TERVALIDASI,PUBLISH,2025-06-24T11:25:09+07:00,operator_konten_04
ENT-00775,,DRAFT,2024-09-29T10:56:49+07:00,pengusul_47
ENT-00775,DRAFT,OPERATOR_KONTEN,2024-10-03T00:21:21+07:00,pengusul_47
ENT-00775,OPERATOR_KONTEN,DITOLAK_OPERATOR,2024-11-09T12:51:33+07:00,operator_konten_47
ENT-00776,,DRAFT,2024-09-29T13:45:11+07:00,pengusul_61
ENT-00776,DRAFT,OPERATOR_KONTEN,2025-01-08T01:10:49+07:00,pengusul_61
ENT-00776,OPERATOR_KONTEN,PIC_UKE,2025-02-09T04:13:07+07:00,operator_konten_61
ENT-00776,PIC_UKE,TERVALIDASI,2025-03-23T02:31:46+07:00,pic_uke_61
ENT-00776,TERVALIDASI,PUBLISH,2025-07-13T14:54:57+07:00,operator_konten_61
ENT-00777,,DRAFT,2024-09-29T13:54:50+07:00,pengusul_45
ENT-00777,DRAFT,OPERATOR_KONTEN,2025-01-24T02:11:58+07:00,pengusul_45
ENT-00777,OPERATOR_KONTEN,PIC_UKE,2026-10-07T11:35:30+07:00,operator_konten_45
ENT-00778,,DRAFT,2024-09-29T14:22:45+07:00,pengusul_04
ENT-00778,DRAFT,OPERATOR_KONTEN,2026-03-23T21:02:34+07:00,pengusul_04
ENT-00778,OPERATOR_KONTEN,PIC_UKE,2026-09-01T11:11:07+07:00,operator_konten_04
ENT-00779,,DRAFT,2024-09-30T08:52:21+07:00,pengusul_41
ENT-00779,DRAFT,OPERATOR_KONTEN,2024-11-02T01:59:02+07:00,pengusul_41
ENT-00779,OPERATOR_KONTEN,PIC_UKE,2024-12-04T05:40:00+07:00,operator_konten_41
ENT-00779,PIC_UKE,TERVALIDASI,2024-12-30T04:20:21+07:00,pic_uke_41
ENT-00779,TERVALIDASI,PUBLISH,2025-03-20T12:22:51+07:00,operator_konten_41
ENT-00780,,DRAFT,2024-09-30T09:02:54+07:00,pengusul_22
ENT-00780,DRAFT,OPERATOR_KONTEN,2024-10-06T16:37:22+07:00,pengusul_22
ENT-00780,OPERATOR_KONTEN,PIC_UKE,2024-10-09T10:27:21+07:00,operator_konten_22
ENT-00780,PIC_UKE,TERVALIDASI,2024-10-26T20:14:16+07:00,pic_uke_22
ENT-00780,TERVALIDASI,PUBLISH,2024-11-16T08:50:20+07:00,operator_konten_22
ENT-00781,,DRAFT,2024-09-30T10:02:54+07:00,pengusul_50
ENT-00781,DRAFT,OPERATOR_KONTEN,2026-01-19T15:27:31+07:00,pengusul_50
ENT-00781,OPERATOR_KONTEN,PIC_UKE,2026-09-14T16:54:47+07:00,operator_konten_50
ENT-00782,,DRAFT,2024-09-30T10:19:34+07:00,pengusul_24
ENT-00782,DRAFT,OPERATOR_KONTEN,2024-11-17T01:05:45+07:00,pengusul_24
ENT-00782,OPERATOR_KONTEN,PIC_UKE,2026-09-10T15:46:30+07:00,operator_konten_24
ENT-00783,,DRAFT,2024-09-30T10:19:52+07:00,pengusul_45
ENT-00783,DRAFT,OPERATOR_KONTEN,2026-10-06T13:58:04+07:00,pengusul_45
ENT-00784,,DRAFT,2024-09-30T12:46:45+07:00,pengusul_39
ENT-00784,DRAFT,OPERATOR_KONTEN,2025-11-11T19:02:55+07:00,pengusul_39
ENT-00784,OPERATOR_KONTEN,PIC_UKE,2026-09-14T08:55:47+07:00,operator_konten_39
ENT-00785,,DRAFT,2024-09-30T14:43:40+07:00,pengusul_07
ENT-00785,DRAFT,OPERATOR_KONTEN,2024-10-14T18:03:29+07:00,pengusul_07
ENT-00785,OPERATOR_KONTEN,PIC_UKE,2024-10-18T00:47:01+07:00,operator_konten_07
ENT-00785,PIC_UKE,TERVALIDASI,2024-11-20T22:16:39+07:00,pic_uke_07
ENT-00785,TERVALIDASI,PUBLISH,2024-11-29T15:45:39+07:00,operator_konten_07
ENT-00786,,DRAFT,2024-09-30T16:35:53+07:00,pengusul_54
ENT-00786,DRAFT,OPERATOR_KONTEN,2025-03-10T11:54:51+07:00,pengusul_54
ENT-00786,OPERATOR_KONTEN,DITOLAK_OPERATOR,2025-09-22T15:40:00+07:00,operator_konten_54
ENT-00786,DITOLAK_OPERATOR,DRAFT,2026-10-08T13:42:02+07:00,pengusul_54
ENT-00787,,DRAFT,2024-10-01T09:22:34+07:00,pengusul_67
ENT-00787,DRAFT,OPERATOR_KONTEN,2025-12-05T07:07:49+07:00,pengusul_67
ENT-00787,OPERATOR_KONTEN,PIC_UKE,2026-09-24T11:16:56+07:00,operator_konten_67
ENT-00788,,DRAFT,2024-10-01T11:33:32+07:00,pengusul_32
ENT-00788,DRAFT,OPERATOR_KONTEN,2024-11-21T11:07:16+07:00,pengusul_32
ENT-00788,OPERATOR_KONTEN,PIC_UKE,2026-09-03T11:39:32+07:00,operator_konten_32
ENT-00789,,DRAFT,2024-10-02T08:03:52+07:00,pengusul_43
ENT-00789,DRAFT,OPERATOR_KONTEN,2024-10-09T10:33:39+07:00,pengusul_43
ENT-00789,OPERATOR_KONTEN,PIC_UKE,2024-11-27T00:22:47+07:00,operator_konten_43
ENT-00789,PIC_UKE,TERVALIDASI,2025-01-02T07:46:04+07:00,pic_uke_43
ENT-00789,TERVALIDASI,PUBLISH,2025-01-12T10:27:58+07:00,operator_konten_43
ENT-00789,PUBLISH,UNPUBLISH,2025-02-14T16:19:05+07:00,admin_43
ENT-00790,,DRAFT,2024-10-02T10:02:55+07:00,pengusul_25
ENT-00790,DRAFT,OPERATOR_KONTEN,2024-10-16T00:34:48+07:00,pengusul_25
ENT-00790,OPERATOR_KONTEN,PIC_UKE,2024-11-22T03:06:11+07:00,operator_konten_25
ENT-00790,PIC_UKE,TERVALIDASI,2025-01-02T17:23:08+07:00,pic_uke_25
ENT-00790,TERVALIDASI,PUBLISH,2025-04-25T09:44:49+07:00,operator_konten_25
ENT-00791,,DRAFT,2024-10-02T14:17:19+07:00,pengusul_12
ENT-00791,DRAFT,OPERATOR_KONTEN,2024-10-27T10:41:52+07:00,pengusul_12
ENT-00791,OPERATOR_KONTEN,PIC_UKE,2024-11-24T10:59:17+07:00,operator_konten_12
ENT-00791,PIC_UKE,TERVALIDASI,2024-11-26T16:53:22+07:00,pic_uke_12
ENT-00791,TERVALIDASI,PUBLISH,2025-01-08T13:11:09+07:00,operator_konten_12
ENT-00792,,DRAFT,2024-10-03T08:05:26+07:00,pengusul_17
ENT-00792,DRAFT,OPERATOR_KONTEN,2024-10-21T10:43:57+07:00,pengusul_17
ENT-00792,OPERATOR_KONTEN,PIC_UKE,2024-11-08T15:54:35+07:00,operator_konten_17
ENT-00792,PIC_UKE,TERVALIDASI,2025-05-02T10:22:22+07:00,pic_uke_17
ENT-00792,TERVALIDASI,PUBLISH,2025-06-19T13:10:12+07:00,operator_konten_17
ENT-00793,,DRAFT,2024-10-03T09:47:23+07:00,pengusul_04
ENT-00793,DRAFT,OPERATOR_KONTEN,2024-10-12T01:54:33+07:00,pengusul_04
ENT-00793,OPERATOR_KONTEN,PIC_UKE,2024-10-14T21:26:40+07:00,operator_konten_04
ENT-00793,PIC_UKE,TERVALIDASI,2024-10-17T13:00:24+07:00,pic_uke_04
ENT-00793,TERVALIDASI,PUBLISH,2024-10-20T16:42:14+07:00,operator_konten_04
ENT-00794,,DRAFT,2024-10-03T10:22:41+07:00,pengusul_06
ENT-00794,DRAFT,OPERATOR_KONTEN,2024-12-06T13:18:05+07:00,pengusul_06
ENT-00794,OPERATOR_KONTEN,PIC_UKE,2025-01-03T15:30:25+07:00,operator_konten_06
ENT-00794,PIC_UKE,TERVALIDASI,2025-02-28T11:09:21+07:00,pic_uke_06
ENT-00794,TERVALIDASI,PUBLISH,2025-03-22T13:28:17+07:00,operator_konten_06
ENT-00795,,DRAFT,2024-10-03T10:35:24+07:00,pengusul_60
ENT-00795,DRAFT,OPERATOR_KONTEN,2026-04-14T04:05:12+07:00,pengusul_60
ENT-00795,OPERATOR_KONTEN,PIC_UKE,2026-10-01T11:06:50+07:00,operator_konten_60
ENT-00796,,DRAFT,2024-10-03T13:31:43+07:00,pengusul_42
ENT-00796,DRAFT,OPERATOR_KONTEN,2024-12-09T00:05:17+07:00,pengusul_42
ENT-00796,OPERATOR_KONTEN,PIC_UKE,2025-02-16T05:23:39+07:00,operator_konten_42
ENT-00796,PIC_UKE,TERVALIDASI,2025-03-30T13:05:57+07:00,pic_uke_42
ENT-00796,TERVALIDASI,PUBLISH,2025-04-29T08:46:49+07:00,operator_konten_42
ENT-00797,,DRAFT,2024-10-03T14:22:08+07:00,pengusul_47
ENT-00797,DRAFT,OPERATOR_KONTEN,2024-11-13T13:06:09+07:00,pengusul_47
ENT-00797,OPERATOR_KONTEN,PIC_UKE,2025-04-10T12:16:05+07:00,operator_konten_47
ENT-00797,PIC_UKE,TERVALIDASI,2025-04-17T23:27:14+07:00,pic_uke_47
ENT-00797,TERVALIDASI,PUBLISH,2025-06-03T11:30:52+07:00,operator_konten_47
ENT-00798,,DRAFT,2024-10-03T15:25:52+07:00,pengusul_60
ENT-00798,DRAFT,OPERATOR_KONTEN,2025-01-11T10:42:41+07:00,pengusul_60
ENT-00798,OPERATOR_KONTEN,PIC_UKE,2025-03-08T23:24:52+07:00,operator_konten_60
ENT-00798,PIC_UKE,TERVALIDASI,2025-04-01T13:44:08+07:00,pic_uke_60
ENT-00798,TERVALIDASI,PUBLISH,2025-06-13T13:02:41+07:00,operator_konten_60
ENT-00799,,DRAFT,2024-10-04T09:32:56+07:00,pengusul_02
ENT-00799,DRAFT,OPERATOR_KONTEN,2024-11-05T15:57:01+07:00,pengusul_02
ENT-00799,OPERATOR_KONTEN,PIC_UKE,2025-02-01T19:27:10+07:00,operator_konten_02
ENT-00799,PIC_UKE,TERVALIDASI,2025-03-02T10:52:34+07:00,pic_uke_02
ENT-00799,TERVALIDASI,PUBLISH,2025-05-18T11:03:32+07:00,operator_konten_02
ENT-00800,,DRAFT,2024-10-04T13:02:15+07:00,pengusul_17
ENT-00800,DRAFT,OPERATOR_KONTEN,2024-10-30T08:50:41+07:00,pengusul_17
ENT-00800,OPERATOR_KONTEN,PIC_UKE,2025-01-02T17:29:11+07:00,operator_konten_17
ENT-00800,PIC_UKE,TERVALIDASI,2025-01-07T14:11:04+07:00,pic_uke_17
ENT-00800,TERVALIDASI,PUBLISH,2025-04-15T10:45:09+07:00,operator_konten_17
ENT-00801,,DRAFT,2024-10-04T13:08:15+07:00,pengusul_09
ENT-00801,DRAFT,OPERATOR_KONTEN,2025-04-04T22:27:09+07:00,pengusul_09
ENT-00801,OPERATOR_KONTEN,PIC_UKE,2026-10-08T14:48:22+07:00,operator_konten_09
ENT-00802,,DRAFT,2024-10-04T14:59:36+07:00,pengusul_62
ENT-00802,DRAFT,OPERATOR_KONTEN,2026-03-10T03:56:24+07:00,pengusul_62
ENT-00802,OPERATOR_KONTEN,PIC_UKE,2026-09-22T09:36:55+07:00,operator_konten_62
ENT-00803,,DRAFT,2024-10-04T15:36:08+07:00,pengusul_47
ENT-00803,DRAFT,OPERATOR_KONTEN,2025-08-15T17:41:46+07:00,pengusul_47
ENT-00803,OPERATOR_KONTEN,DITOLAK_OPERATOR,2025-09-28T19:14:20+07:00,operator_konten_47
ENT-00803,DITOLAK_OPERATOR,DRAFT,2026-10-08T08:51:13+07:00,pengusul_47
ENT-00804,,DRAFT,2024-10-04T15:50:47+07:00,pengusul_62
ENT-00804,DRAFT,OPERATOR_KONTEN,2024-11-15T05:15:26+07:00,pengusul_62
ENT-00804,OPERATOR_KONTEN,PIC_UKE,2025-06-02T10:38:55+07:00,operator_konten_62
ENT-00804,PIC_UKE,TERVALIDASI,2025-06-26T17:35:09+07:00,pic_uke_62
ENT-00804,TERVALIDASI,PUBLISH,2025-07-28T08:16:53+07:00,operator_konten_62
ENT-00805,,DRAFT,2024-10-05T11:19:57+07:00,pengusul_23
ENT-00805,DRAFT,OPERATOR_KONTEN,2024-10-16T02:19:45+07:00,pengusul_23
ENT-00805,OPERATOR_KONTEN,PIC_UKE,2024-10-16T15:16:16+07:00,operator_konten_23
ENT-00805,PIC_UKE,TERVALIDASI,2024-10-26T07:27:53+07:00,pic_uke_23
ENT-00805,TERVALIDASI,PUBLISH,2024-12-24T09:43:13+07:00,operator_konten_23
ENT-00806,,DRAFT,2024-10-05T12:27:06+07:00,pengusul_29
ENT-00806,DRAFT,OPERATOR_KONTEN,2024-11-14T19:04:53+07:00,pengusul_29
ENT-00806,OPERATOR_KONTEN,PIC_UKE,2024-12-02T12:06:53+07:00,operator_konten_29
ENT-00806,PIC_UKE,TERVALIDASI,2024-12-14T17:55:51+07:00,pic_uke_29
ENT-00806,TERVALIDASI,PUBLISH,2025-01-27T11:30:24+07:00,operator_konten_29
ENT-00807,,DRAFT,2024-10-05T12:40:12+07:00,pengusul_03
ENT-00807,DRAFT,OPERATOR_KONTEN,2024-11-07T23:39:47+07:00,pengusul_03
ENT-00807,OPERATOR_KONTEN,PIC_UKE,2025-01-24T12:12:48+07:00,operator_konten_03
ENT-00807,PIC_UKE,TERVALIDASI,2025-02-13T21:26:00+07:00,pic_uke_03
ENT-00807,TERVALIDASI,PUBLISH,2025-02-19T10:14:34+07:00,operator_konten_03
ENT-00808,,DRAFT,2024-10-05T14:57:59+07:00,pengusul_42
ENT-00808,DRAFT,OPERATOR_KONTEN,2026-10-05T14:31:10+07:00,pengusul_42
ENT-00809,,DRAFT,2024-10-05T15:29:52+07:00,pengusul_22
ENT-00809,DRAFT,OPERATOR_KONTEN,2024-11-23T05:37:50+07:00,pengusul_22
ENT-00809,OPERATOR_KONTEN,PIC_UKE,2024-12-21T13:10:57+07:00,operator_konten_22
ENT-00809,PIC_UKE,TERVALIDASI,2025-02-02T19:27:56+07:00,pic_uke_22
ENT-00809,TERVALIDASI,PUBLISH,2025-06-23T13:00:29+07:00,operator_konten_22
ENT-00810,,DRAFT,2024-10-06T11:59:41+07:00,pengusul_35
ENT-00810,DRAFT,OPERATOR_KONTEN,2024-12-17T19:25:28+07:00,pengusul_35
ENT-00810,OPERATOR_KONTEN,PIC_UKE,2026-09-28T12:29:29+07:00,operator_konten_35
ENT-00811,,DRAFT,2024-10-06T13:17:02+07:00,pengusul_23
ENT-00811,DRAFT,OPERATOR_KONTEN,2024-10-17T09:15:18+07:00,pengusul_23
ENT-00811,OPERATOR_KONTEN,PIC_UKE,2024-10-28T07:37:54+07:00,operator_konten_23
ENT-00811,PIC_UKE,TERVALIDASI,2024-11-26T01:49:53+07:00,pic_uke_23
ENT-00811,TERVALIDASI,PUBLISH,2025-01-08T11:53:44+07:00,operator_konten_23
ENT-00812,,DRAFT,2024-10-07T10:30:19+07:00,pengusul_55
ENT-00812,DRAFT,OPERATOR_KONTEN,2025-02-01T02:41:12+07:00,pengusul_55
ENT-00812,OPERATOR_KONTEN,PIC_UKE,2025-04-26T20:17:43+07:00,operator_konten_55
ENT-00812,PIC_UKE,TERVALIDASI,2025-06-30T12:15:09+07:00,pic_uke_55
ENT-00812,TERVALIDASI,PUBLISH,2025-07-23T15:33:18+07:00,operator_konten_55
ENT-00813,,DRAFT,2024-10-07T11:38:54+07:00,pengusul_36
ENT-00813,DRAFT,OPERATOR_KONTEN,2026-02-09T18:53:53+07:00,pengusul_36
ENT-00813,OPERATOR_KONTEN,PIC_UKE,2026-09-30T10:43:47+07:00,operator_konten_36
ENT-00814,,DRAFT,2024-10-07T14:49:32+07:00,pengusul_36
ENT-00814,DRAFT,OPERATOR_KONTEN,2024-10-26T02:17:14+07:00,pengusul_36
ENT-00814,OPERATOR_KONTEN,PIC_UKE,2024-12-31T00:41:43+07:00,operator_konten_36
ENT-00814,PIC_UKE,TERVALIDASI,2025-01-13T23:12:17+07:00,pic_uke_36
ENT-00814,TERVALIDASI,PUBLISH,2025-02-19T05:30:31+07:00,operator_konten_36
ENT-00814,PUBLISH,UNPUBLISH,2025-07-09T08:08:20+07:00,admin_36
ENT-00815,,DRAFT,2024-10-07T15:12:22+07:00,pengusul_05
ENT-00815,DRAFT,OPERATOR_KONTEN,2025-04-22T12:17:18+07:00,pengusul_05
ENT-00815,OPERATOR_KONTEN,PIC_UKE,2025-06-18T00:26:45+07:00,operator_konten_05
ENT-00815,PIC_UKE,TERVALIDASI,2025-06-27T06:51:32+07:00,pic_uke_05
ENT-00815,TERVALIDASI,PUBLISH,2025-07-18T16:25:35+07:00,operator_konten_05
ENT-00816,,DRAFT,2024-10-07T16:00:50+07:00,pengusul_18
ENT-00816,DRAFT,OPERATOR_KONTEN,2024-10-24T03:37:13+07:00,pengusul_18
ENT-00816,OPERATOR_KONTEN,PIC_UKE,2024-11-01T09:19:41+07:00,operator_konten_18
ENT-00816,PIC_UKE,TERVALIDASI,2024-12-12T19:36:46+07:00,pic_uke_18
ENT-00816,TERVALIDASI,PUBLISH,2025-01-15T12:52:39+07:00,operator_konten_18
ENT-00817,,DRAFT,2024-10-07T16:05:38+07:00,pengusul_42
ENT-00817,DRAFT,OPERATOR_KONTEN,2024-11-02T21:53:54+07:00,pengusul_42
ENT-00817,OPERATOR_KONTEN,PIC_UKE,2024-11-24T12:31:30+07:00,operator_konten_42
ENT-00817,PIC_UKE,TERVALIDASI,2024-11-25T09:51:25+07:00,pic_uke_42
ENT-00817,TERVALIDASI,PUBLISH,2024-11-30T16:34:05+07:00,operator_konten_42
ENT-00818,,DRAFT,2024-10-08T09:23:48+07:00,pengusul_57
ENT-00818,DRAFT,OPERATOR_KONTEN,2024-11-05T00:17:44+07:00,pengusul_57
ENT-00818,OPERATOR_KONTEN,PIC_UKE,2025-01-19T13:45:38+07:00,operator_konten_57
ENT-00818,PIC_UKE,TERVALIDASI,2025-01-30T02:21:36+07:00,pic_uke_57
ENT-00818,TERVALIDASI,PUBLISH,2025-02-02T15:48:43+07:00,operator_konten_57
ENT-00819,,DRAFT,2024-10-09T09:35:12+07:00,pengusul_12
ENT-00819,DRAFT,OPERATOR_KONTEN,2024-11-07T13:06:28+07:00,pengusul_12
ENT-00819,OPERATOR_KONTEN,PIC_UKE,2024-11-12T08:51:13+07:00,operator_konten_12
ENT-00819,PIC_UKE,TERVALIDASI,2024-12-01T12:35:22+07:00,pic_uke_12
ENT-00819,TERVALIDASI,PUBLISH,2024-12-10T09:05:51+07:00,operator_konten_12
ENT-00820,,DRAFT,2024-10-09T11:54:26+07:00,pengusul_06
ENT-00820,DRAFT,OPERATOR_KONTEN,2024-11-17T20:18:19+07:00,pengusul_06
ENT-00820,OPERATOR_KONTEN,PIC_UKE,2024-11-22T03:08:17+07:00,operator_konten_06
ENT-00820,PIC_UKE,TERVALIDASI,2024-11-23T13:45:03+07:00,pic_uke_06
ENT-00820,TERVALIDASI,PUBLISH,2025-01-18T11:04:15+07:00,operator_konten_06
ENT-00821,,DRAFT,2024-10-09T13:17:14+07:00,pengusul_60
ENT-00821,DRAFT,OPERATOR_KONTEN,2025-09-13T22:40:10+07:00,pengusul_60
ENT-00821,OPERATOR_KONTEN,PIC_UKE,2026-09-18T12:58:21+07:00,operator_konten_60
ENT-00822,,DRAFT,2024-10-09T16:43:20+07:00,pengusul_59
ENT-00822,DRAFT,OPERATOR_KONTEN,2025-11-05T00:52:56+07:00,pengusul_59
ENT-00822,OPERATOR_KONTEN,PIC_UKE,2026-04-27T08:02:22+07:00,operator_konten_59
ENT-00822,PIC_UKE,TERVALIDASI,2026-10-06T15:15:44+07:00,pic_uke_59
ENT-00823,,DRAFT,2024-10-10T13:29:11+07:00,pengusul_07
ENT-00823,DRAFT,OPERATOR_KONTEN,2024-10-28T03:21:03+07:00,pengusul_07
ENT-00823,OPERATOR_KONTEN,PIC_UKE,2024-11-04T21:46:01+07:00,operator_konten_07
ENT-00823,PIC_UKE,TERVALIDASI,2024-11-28T21:20:19+07:00,pic_uke_07
ENT-00823,TERVALIDASI,PUBLISH,2024-12-15T15:53:30+07:00,operator_konten_07
ENT-00824,,DRAFT,2024-10-11T09:49:38+07:00,pengusul_05
ENT-00824,DRAFT,OPERATOR_KONTEN,2025-03-06T17:32:18+07:00,pengusul_05
ENT-00824,OPERATOR_KONTEN,PIC_UKE,2026-09-15T10:55:23+07:00,operator_konten_05
ENT-00825,,DRAFT,2024-10-11T10:37:42+07:00,pengusul_07
ENT-00825,DRAFT,OPERATOR_KONTEN,2025-05-17T13:41:53+07:00,pengusul_07
ENT-00825,OPERATOR_KONTEN,PIC_UKE,2025-05-27T04:16:14+07:00,operator_konten_07
ENT-00825,PIC_UKE,TERVALIDASI,2025-07-15T04:20:47+07:00,pic_uke_07
ENT-00825,TERVALIDASI,PUBLISH,2025-07-23T09:41:37+07:00,operator_konten_07
ENT-00826,,DRAFT,2024-10-11T11:06:26+07:00,pengusul_11
ENT-00826,DRAFT,OPERATOR_KONTEN,2025-02-10T08:37:39+07:00,pengusul_11
ENT-00826,OPERATOR_KONTEN,PIC_UKE,2025-04-16T13:44:43+07:00,operator_konten_11
ENT-00826,PIC_UKE,TERVALIDASI,2025-04-18T20:29:23+07:00,pic_uke_11
ENT-00826,TERVALIDASI,PUBLISH,2025-04-24T13:39:28+07:00,operator_konten_11
ENT-00827,,DRAFT,2024-10-11T11:17:27+07:00,pengusul_07
ENT-00827,DRAFT,OPERATOR_KONTEN,2025-01-20T02:06:48+07:00,pengusul_07
ENT-00827,OPERATOR_KONTEN,PIC_UKE,2026-10-07T09:55:13+07:00,operator_konten_07
ENT-00828,,DRAFT,2024-10-11T13:44:43+07:00,pengusul_64
ENT-00828,DRAFT,OPERATOR_KONTEN,2024-10-29T10:53:08+07:00,pengusul_64
ENT-00828,OPERATOR_KONTEN,PIC_UKE,2024-11-18T23:37:40+07:00,operator_konten_64
ENT-00828,PIC_UKE,TERVALIDASI,2024-12-22T21:47:25+07:00,pic_uke_64
ENT-00828,TERVALIDASI,PUBLISH,2025-02-24T16:55:39+07:00,operator_konten_64
ENT-00829,,DRAFT,2024-10-11T13:49:52+07:00,pengusul_52
ENT-00829,DRAFT,OPERATOR_KONTEN,2024-10-24T20:55:20+07:00,pengusul_52
ENT-00829,OPERATOR_KONTEN,PIC_UKE,2024-11-29T17:54:12+07:00,operator_konten_52
ENT-00829,PIC_UKE,TERVALIDASI,2024-12-28T07:15:07+07:00,pic_uke_52
ENT-00829,TERVALIDASI,PUBLISH,2025-03-12T14:31:09+07:00,operator_konten_52
ENT-00830,,DRAFT,2024-10-13T08:02:33+07:00,pengusul_04
ENT-00830,DRAFT,OPERATOR_KONTEN,2026-07-16T23:36:39+07:00,pengusul_04
ENT-00830,OPERATOR_KONTEN,PIC_UKE,2026-09-28T12:22:19+07:00,operator_konten_04
ENT-00831,,DRAFT,2024-10-13T08:44:05+07:00,pengusul_56
ENT-00831,DRAFT,OPERATOR_KONTEN,2024-10-16T10:27:43+07:00,pengusul_56
ENT-00831,OPERATOR_KONTEN,PIC_UKE,2024-10-21T07:30:01+07:00,operator_konten_56
ENT-00831,PIC_UKE,TERVALIDASI,2024-11-26T00:59:40+07:00,pic_uke_56
ENT-00831,TERVALIDASI,PUBLISH,2024-12-31T08:09:16+07:00,operator_konten_56
ENT-00832,,DRAFT,2024-10-13T14:58:10+07:00,pengusul_48
ENT-00832,DRAFT,OPERATOR_KONTEN,2025-01-08T19:25:14+07:00,pengusul_48
ENT-00832,OPERATOR_KONTEN,PIC_UKE,2026-08-28T09:36:27+07:00,operator_konten_48
ENT-00833,,DRAFT,2024-10-13T15:43:53+07:00,pengusul_06
ENT-00833,DRAFT,OPERATOR_KONTEN,2026-03-24T22:21:57+07:00,pengusul_06
ENT-00833,OPERATOR_KONTEN,PIC_UKE,2026-08-04T11:43:05+07:00,operator_konten_06
ENT-00834,,DRAFT,2024-10-13T16:45:55+07:00,pengusul_36
ENT-00834,DRAFT,OPERATOR_KONTEN,2024-12-16T19:36:35+07:00,pengusul_36
ENT-00834,OPERATOR_KONTEN,PIC_UKE,2024-12-28T11:20:35+07:00,operator_konten_36
ENT-00834,PIC_UKE,TERVALIDASI,2025-01-05T14:52:28+07:00,pic_uke_36
ENT-00834,TERVALIDASI,PUBLISH,2025-02-06T10:55:08+07:00,operator_konten_36
ENT-00835,,DRAFT,2024-10-14T14:11:53+07:00,pengusul_05
ENT-00835,DRAFT,OPERATOR_KONTEN,2024-10-30T10:55:15+07:00,pengusul_05
ENT-00835,OPERATOR_KONTEN,PIC_UKE,2025-01-10T05:17:31+07:00,operator_konten_05
ENT-00835,PIC_UKE,TERVALIDASI,2025-02-10T17:35:20+07:00,pic_uke_05
ENT-00835,TERVALIDASI,PUBLISH,2025-03-20T10:18:43+07:00,operator_konten_05
ENT-00836,,DRAFT,2024-10-15T08:12:13+07:00,pengusul_66
ENT-00836,DRAFT,OPERATOR_KONTEN,2025-09-26T18:15:09+07:00,pengusul_66
ENT-00836,OPERATOR_KONTEN,PIC_UKE,2026-08-24T15:43:27+07:00,operator_konten_66
ENT-00837,,DRAFT,2024-10-15T08:44:55+07:00,pengusul_05
ENT-00837,DRAFT,OPERATOR_KONTEN,2024-11-21T14:03:37+07:00,pengusul_05
ENT-00837,OPERATOR_KONTEN,DITOLAK_OPERATOR,2024-11-27T14:08:46+07:00,operator_konten_05
ENT-00838,,DRAFT,2024-10-15T10:53:32+07:00,pengusul_03
ENT-00838,DRAFT,OPERATOR_KONTEN,2024-11-21T03:23:07+07:00,pengusul_03
ENT-00838,OPERATOR_KONTEN,PIC_UKE,2025-01-01T11:34:44+07:00,operator_konten_03
ENT-00838,PIC_UKE,TERVALIDASI,2025-01-18T02:44:17+07:00,pic_uke_03
ENT-00838,TERVALIDASI,PUBLISH,2025-01-27T16:35:58+07:00,operator_konten_03
ENT-00839,,DRAFT,2024-10-15T14:07:36+07:00,pengusul_02
ENT-00839,DRAFT,OPERATOR_KONTEN,2024-11-23T14:48:41+07:00,pengusul_02
ENT-00839,OPERATOR_KONTEN,PIC_UKE,2025-02-04T11:25:48+07:00,operator_konten_02
ENT-00839,PIC_UKE,TERVALIDASI,2025-07-14T12:13:09+07:00,pic_uke_02
ENT-00839,TERVALIDASI,PUBLISH,2025-07-26T16:15:18+07:00,operator_konten_02
ENT-00840,,DRAFT,2024-10-15T15:18:18+07:00,pengusul_02
ENT-00840,DRAFT,OPERATOR_KONTEN,2024-10-26T23:11:02+07:00,pengusul_02
ENT-00840,OPERATOR_KONTEN,PIC_UKE,2024-11-23T17:38:41+07:00,operator_konten_02
ENT-00840,PIC_UKE,TERVALIDASI,2025-07-18T02:51:04+07:00,pic_uke_02
ENT-00840,TERVALIDASI,PUBLISH,2025-07-26T13:38:52+07:00,operator_konten_02
ENT-00841,,DRAFT,2024-10-16T09:15:24+07:00,pengusul_53
ENT-00841,DRAFT,OPERATOR_KONTEN,2024-11-04T07:14:05+07:00,pengusul_53
ENT-00841,OPERATOR_KONTEN,PIC_UKE,2024-11-22T21:53:47+07:00,operator_konten_53
ENT-00841,PIC_UKE,TERVALIDASI,2025-01-02T18:44:24+07:00,pic_uke_53
ENT-00841,TERVALIDASI,PUBLISH,2025-01-20T14:55:20+07:00,operator_konten_53
ENT-00842,,DRAFT,2024-10-16T10:35:35+07:00,pengusul_32
ENT-00842,DRAFT,OPERATOR_KONTEN,2024-10-22T22:26:02+07:00,pengusul_32
ENT-00842,OPERATOR_KONTEN,PIC_UKE,2024-11-24T10:23:27+07:00,operator_konten_32
ENT-00842,PIC_UKE,TERVALIDASI,2024-11-28T09:35:52+07:00,pic_uke_32
ENT-00842,TERVALIDASI,PUBLISH,2024-12-04T13:46:37+07:00,operator_konten_32
ENT-00843,,DRAFT,2024-10-16T15:16:37+07:00,pengusul_57
ENT-00843,DRAFT,OPERATOR_KONTEN,2025-10-22T12:19:19+07:00,pengusul_57
ENT-00843,OPERATOR_KONTEN,PIC_UKE,2026-09-14T14:54:58+07:00,operator_konten_57
ENT-00844,,DRAFT,2024-10-16T16:51:45+07:00,pengusul_28
ENT-00844,DRAFT,OPERATOR_KONTEN,2024-11-08T19:39:13+07:00,pengusul_28
ENT-00844,OPERATOR_KONTEN,PIC_UKE,2024-12-10T16:15:18+07:00,operator_konten_28
ENT-00844,PIC_UKE,TERVALIDASI,2025-04-27T03:40:11+07:00,pic_uke_28
ENT-00844,TERVALIDASI,PUBLISH,2025-05-31T11:43:18+07:00,operator_konten_28
ENT-00845,,DRAFT,2024-10-17T09:11:55+07:00,pengusul_64
ENT-00845,DRAFT,OPERATOR_KONTEN,2024-12-17T13:41:57+07:00,pengusul_64
ENT-00845,OPERATOR_KONTEN,PIC_UKE,2024-12-24T02:18:13+07:00,operator_konten_64
ENT-00845,PIC_UKE,TERVALIDASI,2025-02-25T22:22:22+07:00,pic_uke_64
ENT-00845,TERVALIDASI,PUBLISH,2025-05-08T10:52:30+07:00,operator_konten_64
ENT-00846,,DRAFT,2024-10-17T15:52:58+07:00,pengusul_31
ENT-00846,DRAFT,OPERATOR_KONTEN,2025-01-01T23:17:35+07:00,pengusul_31
ENT-00846,OPERATOR_KONTEN,PIC_UKE,2025-03-09T06:09:50+07:00,operator_konten_31
ENT-00846,PIC_UKE,TERVALIDASI,2025-03-09T09:50:05+07:00,pic_uke_31
ENT-00846,TERVALIDASI,PUBLISH,2025-03-14T11:07:09+07:00,operator_konten_31
ENT-00847,,DRAFT,2024-10-18T09:54:03+07:00,pengusul_02
ENT-00847,DRAFT,OPERATOR_KONTEN,2024-12-01T13:26:48+07:00,pengusul_02
ENT-00847,OPERATOR_KONTEN,PIC_UKE,2025-03-01T08:47:16+07:00,operator_konten_02
ENT-00847,PIC_UKE,TERVALIDASI,2025-04-11T00:18:36+07:00,pic_uke_02
ENT-00847,TERVALIDASI,PUBLISH,2025-07-18T08:36:41+07:00,operator_konten_02
ENT-00848,,DRAFT,2024-10-18T15:06:59+07:00,pengusul_16
ENT-00848,DRAFT,OPERATOR_KONTEN,2024-11-08T20:40:32+07:00,pengusul_16
ENT-00848,OPERATOR_KONTEN,PIC_UKE,2024-11-15T07:43:51+07:00,operator_konten_16
ENT-00848,PIC_UKE,TERVALIDASI,2024-12-02T18:28:10+07:00,pic_uke_16
ENT-00848,TERVALIDASI,PUBLISH,2024-12-19T13:17:25+07:00,operator_konten_16
ENT-00849,,DRAFT,2024-10-19T08:40:28+07:00,pengusul_37
ENT-00849,DRAFT,OPERATOR_KONTEN,2026-09-25T14:38:17+07:00,pengusul_37
ENT-00850,,DRAFT,2024-10-19T16:00:15+07:00,pengusul_41
ENT-00850,DRAFT,OPERATOR_KONTEN,2024-11-29T04:14:54+07:00,pengusul_41
ENT-00850,OPERATOR_KONTEN,PIC_UKE,2024-12-08T07:43:47+07:00,operator_konten_41
ENT-00850,PIC_UKE,TERVALIDASI,2025-01-06T10:22:47+07:00,pic_uke_41
ENT-00850,TERVALIDASI,PUBLISH,2025-02-09T09:11:27+07:00,operator_konten_41
ENT-00851,,DRAFT,2024-10-20T09:12:59+07:00,pengusul_55
ENT-00851,DRAFT,OPERATOR_KONTEN,2026-01-02T15:29:36+07:00,pengusul_55
ENT-00851,OPERATOR_KONTEN,PIC_UKE,2026-09-28T10:36:03+07:00,operator_konten_55
ENT-00852,,DRAFT,2024-10-20T13:58:57+07:00,pengusul_51
ENT-00852,DRAFT,OPERATOR_KONTEN,2024-11-26T07:50:23+07:00,pengusul_51
ENT-00852,OPERATOR_KONTEN,PIC_UKE,2025-01-23T08:10:28+07:00,operator_konten_51
ENT-00852,PIC_UKE,TERVALIDASI,2025-02-09T18:52:10+07:00,pic_uke_51
ENT-00852,TERVALIDASI,PUBLISH,2025-04-01T10:06:23+07:00,operator_konten_51
ENT-00853,,DRAFT,2024-10-20T14:33:49+07:00,pengusul_30
ENT-00853,DRAFT,OPERATOR_KONTEN,2024-10-24T15:04:58+07:00,pengusul_30
ENT-00853,OPERATOR_KONTEN,PIC_UKE,2024-10-28T22:25:01+07:00,operator_konten_30
ENT-00853,PIC_UKE,TERVALIDASI,2024-11-27T17:40:37+07:00,pic_uke_30
ENT-00853,TERVALIDASI,PUBLISH,2024-12-08T14:45:37+07:00,operator_konten_30
ENT-00854,,DRAFT,2024-10-20T15:38:21+07:00,pengusul_45
ENT-00854,DRAFT,OPERATOR_KONTEN,2024-11-25T18:29:41+07:00,pengusul_45
ENT-00854,OPERATOR_KONTEN,PIC_UKE,2024-11-28T23:39:25+07:00,operator_konten_45
ENT-00854,PIC_UKE,TERVALIDASI,2024-12-07T01:12:32+07:00,pic_uke_45
ENT-00854,TERVALIDASI,PUBLISH,2024-12-21T14:21:05+07:00,operator_konten_45
ENT-00855,,DRAFT,2024-10-20T16:32:04+07:00,pengusul_06
ENT-00855,DRAFT,OPERATOR_KONTEN,2024-12-14T14:59:27+07:00,pengusul_06
ENT-00855,OPERATOR_KONTEN,PIC_UKE,2025-01-08T03:02:45+07:00,operator_konten_06
ENT-00855,PIC_UKE,TERVALIDASI,2025-04-04T04:25:45+07:00,pic_uke_06
ENT-00855,TERVALIDASI,PUBLISH,2025-04-27T10:54:20+07:00,operator_konten_06
ENT-00856,,DRAFT,2024-10-21T09:38:14+07:00,pengusul_31
ENT-00856,DRAFT,OPERATOR_KONTEN,2025-03-06T00:25:19+07:00,pengusul_31
ENT-00856,OPERATOR_KONTEN,PIC_UKE,2026-10-01T13:32:36+07:00,operator_konten_31
ENT-00857,,DRAFT,2024-10-21T09:48:02+07:00,pengusul_17
ENT-00857,DRAFT,OPERATOR_KONTEN,2024-10-22T06:09:36+07:00,pengusul_17
ENT-00857,OPERATOR_KONTEN,PIC_UKE,2024-10-26T01:20:30+07:00,operator_konten_17
ENT-00857,PIC_UKE,TERVALIDASI,2024-11-11T19:50:15+07:00,pic_uke_17
ENT-00857,TERVALIDASI,PUBLISH,2024-11-26T11:59:12+07:00,operator_konten_17
ENT-00858,,DRAFT,2024-10-21T10:00:33+07:00,pengusul_69
ENT-00858,DRAFT,OPERATOR_KONTEN,2024-11-20T05:28:18+07:00,pengusul_69
ENT-00858,OPERATOR_KONTEN,PIC_UKE,2026-08-31T11:44:00+07:00,operator_konten_69
ENT-00859,,DRAFT,2024-10-21T11:59:22+07:00,pengusul_57
ENT-00859,DRAFT,OPERATOR_KONTEN,2024-12-28T07:25:15+07:00,pengusul_57
ENT-00859,OPERATOR_KONTEN,PIC_UKE,2026-09-28T12:22:23+07:00,operator_konten_57
ENT-00860,,DRAFT,2024-10-22T09:17:29+07:00,pengusul_01
ENT-00860,DRAFT,OPERATOR_KONTEN,2024-11-07T04:38:30+07:00,pengusul_01
ENT-00860,OPERATOR_KONTEN,PIC_UKE,2024-11-15T08:51:07+07:00,operator_konten_01
ENT-00860,PIC_UKE,TERVALIDASI,2024-12-13T23:35:49+07:00,pic_uke_01
ENT-00860,TERVALIDASI,PUBLISH,2024-12-25T08:38:08+07:00,operator_konten_01
ENT-00861,,DRAFT,2024-10-22T10:30:17+07:00,pengusul_11
ENT-00861,DRAFT,OPERATOR_KONTEN,2025-03-23T12:37:50+07:00,pengusul_11
ENT-00861,OPERATOR_KONTEN,PIC_UKE,2025-04-02T19:24:42+07:00,operator_konten_11
ENT-00861,PIC_UKE,TERVALIDASI,2025-04-07T22:54:37+07:00,pic_uke_11
ENT-00861,TERVALIDASI,PUBLISH,2025-05-22T13:01:07+07:00,operator_konten_11
ENT-00862,,DRAFT,2024-10-22T11:16:38+07:00,pengusul_09
ENT-00862,DRAFT,OPERATOR_KONTEN,2024-11-13T19:03:47+07:00,pengusul_09
ENT-00862,OPERATOR_KONTEN,PIC_UKE,2024-12-20T00:46:39+07:00,operator_konten_09
ENT-00862,PIC_UKE,TERVALIDASI,2025-01-30T17:50:56+07:00,pic_uke_09
ENT-00862,TERVALIDASI,PUBLISH,2025-08-01T14:49:51+07:00,operator_konten_09
ENT-00863,,DRAFT,2024-10-22T16:48:38+07:00,pengusul_06
ENT-00863,DRAFT,OPERATOR_KONTEN,2025-04-21T04:59:18+07:00,pengusul_06
ENT-00863,OPERATOR_KONTEN,PIC_UKE,2026-10-07T13:41:41+07:00,operator_konten_06
ENT-00864,,DRAFT,2024-10-23T10:20:10+07:00,pengusul_58
ENT-00864,DRAFT,OPERATOR_KONTEN,2024-11-19T01:54:54+07:00,pengusul_58
ENT-00864,OPERATOR_KONTEN,PIC_UKE,2024-12-07T04:01:52+07:00,operator_konten_58
ENT-00864,PIC_UKE,TERVALIDASI,2025-01-01T00:24:29+07:00,pic_uke_58
ENT-00864,TERVALIDASI,PUBLISH,2025-02-15T08:48:38+07:00,operator_konten_58
ENT-00865,,DRAFT,2024-10-23T10:22:52+07:00,pengusul_15
ENT-00865,DRAFT,OPERATOR_KONTEN,2024-11-19T13:17:03+07:00,pengusul_15
ENT-00865,OPERATOR_KONTEN,PIC_UKE,2026-09-24T15:16:59+07:00,operator_konten_15
ENT-00866,,DRAFT,2024-10-23T15:59:29+07:00,pengusul_46
ENT-00866,DRAFT,OPERATOR_KONTEN,2026-05-29T18:06:53+07:00,pengusul_46
ENT-00866,OPERATOR_KONTEN,PIC_UKE,2026-09-17T09:33:37+07:00,operator_konten_46
ENT-00867,,DRAFT,2024-10-24T12:34:56+07:00,pengusul_00
ENT-00867,DRAFT,OPERATOR_KONTEN,2024-11-11T19:34:54+07:00,pengusul_00
ENT-00867,OPERATOR_KONTEN,PIC_UKE,2024-12-23T07:01:21+07:00,operator_konten_00
ENT-00867,PIC_UKE,TERVALIDASI,2025-01-25T06:26:18+07:00,pic_uke_00
ENT-00867,TERVALIDASI,PUBLISH,2025-03-05T15:37:30+07:00,operator_konten_00
ENT-00868,,DRAFT,2024-10-24T12:49:34+07:00,pengusul_45
ENT-00868,DRAFT,OPERATOR_KONTEN,2025-10-30T22:36:31+07:00,pengusul_45
ENT-00868,OPERATOR_KONTEN,PIC_UKE,2026-10-05T08:23:55+07:00,operator_konten_45
ENT-00869,,DRAFT,2024-10-24T16:34:44+07:00,pengusul_15
ENT-00869,DRAFT,OPERATOR_KONTEN,2024-12-16T22:13:38+07:00,pengusul_15
ENT-00869,OPERATOR_KONTEN,PIC_UKE,2025-01-11T14:10:01+07:00,operator_konten_15
ENT-00869,PIC_UKE,TERVALIDASI,2025-02-23T05:10:44+07:00,pic_uke_15
ENT-00869,TERVALIDASI,PUBLISH,2025-03-20T14:37:35+07:00,operator_konten_15
ENT-00870,,DRAFT,2024-10-24T16:49:51+07:00,pengusul_23
ENT-00870,DRAFT,OPERATOR_KONTEN,2025-01-06T20:43:30+07:00,pengusul_23
ENT-00870,OPERATOR_KONTEN,PIC_UKE,2025-02-21T03:03:23+07:00,operator_konten_23
ENT-00870,PIC_UKE,TERVALIDASI,2025-02-25T07:08:24+07:00,pic_uke_23
ENT-00870,TERVALIDASI,PUBLISH,2025-03-25T10:43:40+07:00,operator_konten_23
ENT-00871,,DRAFT,2024-10-25T13:50:33+07:00,pengusul_46
ENT-00871,DRAFT,OPERATOR_KONTEN,2026-05-25T17:05:19+07:00,pengusul_46
ENT-00871,OPERATOR_KONTEN,PIC_UKE,2026-08-07T10:04:18+07:00,operator_konten_46
ENT-00872,,DRAFT,2024-10-26T09:23:30+07:00,pengusul_06
ENT-00872,DRAFT,OPERATOR_KONTEN,2024-11-04T00:20:43+07:00,pengusul_06
ENT-00872,OPERATOR_KONTEN,PIC_UKE,2025-04-19T14:23:49+07:00,operator_konten_06
ENT-00872,PIC_UKE,TERVALIDASI,2025-05-19T11:43:26+07:00,pic_uke_06
ENT-00872,TERVALIDASI,PUBLISH,2025-05-25T08:34:36+07:00,operator_konten_06
ENT-00873,,DRAFT,2024-10-26T09:52:51+07:00,pengusul_30
ENT-00873,DRAFT,OPERATOR_KONTEN,2024-12-03T01:27:11+07:00,pengusul_30
ENT-00873,OPERATOR_KONTEN,PIC_UKE,2025-02-09T02:53:48+07:00,operator_konten_30
ENT-00873,PIC_UKE,TERVALIDASI,2025-02-11T00:56:59+07:00,pic_uke_30
ENT-00873,TERVALIDASI,PUBLISH,2025-02-26T08:03:26+07:00,operator_konten_30
ENT-00874,,DRAFT,2024-10-26T10:18:16+07:00,pengusul_66
ENT-00874,DRAFT,OPERATOR_KONTEN,2024-12-22T13:53:48+07:00,pengusul_66
ENT-00874,OPERATOR_KONTEN,PIC_UKE,2026-09-16T11:49:12+07:00,operator_konten_66
ENT-00875,,DRAFT,2024-10-26T12:06:24+07:00,pengusul_10
ENT-00875,DRAFT,OPERATOR_KONTEN,2024-11-02T09:35:08+07:00,pengusul_10
ENT-00875,OPERATOR_KONTEN,PIC_UKE,2024-11-06T07:07:05+07:00,operator_konten_10
ENT-00875,PIC_UKE,TERVALIDASI,2024-11-08T21:05:35+07:00,pic_uke_10
ENT-00875,TERVALIDASI,PUBLISH,2024-11-16T13:55:19+07:00,operator_konten_10
ENT-00876,,DRAFT,2024-10-27T11:12:47+07:00,pengusul_00
ENT-00876,DRAFT,OPERATOR_KONTEN,2024-11-05T05:08:56+07:00,pengusul_00
ENT-00876,OPERATOR_KONTEN,PIC_UKE,2024-11-06T07:13:53+07:00,operator_konten_00
ENT-00876,PIC_UKE,TERVALIDASI,2024-11-15T15:12:12+07:00,pic_uke_00
ENT-00876,TERVALIDASI,PUBLISH,2024-11-18T12:20:29+07:00,operator_konten_00
ENT-00877,,DRAFT,2024-10-27T14:24:17+07:00,pengusul_06
ENT-00877,DRAFT,OPERATOR_KONTEN,2024-12-10T23:13:24+07:00,pengusul_06
ENT-00877,OPERATOR_KONTEN,PIC_UKE,2025-03-27T23:24:08+07:00,operator_konten_06
ENT-00877,PIC_UKE,TERVALIDASI,2025-04-07T02:25:38+07:00,pic_uke_06
ENT-00877,TERVALIDASI,PUBLISH,2025-08-07T10:43:58+07:00,operator_konten_06
ENT-00878,,DRAFT,2024-10-27T14:44:55+07:00,pengusul_04
ENT-00878,DRAFT,OPERATOR_KONTEN,2024-11-12T05:20:23+07:00,pengusul_04
ENT-00878,OPERATOR_KONTEN,PIC_UKE,2024-11-26T00:27:22+07:00,operator_konten_04
ENT-00878,PIC_UKE,TERVALIDASI,2024-11-29T03:45:22+07:00,pic_uke_04
ENT-00878,TERVALIDASI,PUBLISH,2024-12-29T11:29:50+07:00,operator_konten_04
ENT-00879,,DRAFT,2024-10-27T16:19:33+07:00,pengusul_15
ENT-00879,DRAFT,OPERATOR_KONTEN,2025-05-23T10:54:06+07:00,pengusul_15
ENT-00879,OPERATOR_KONTEN,PIC_UKE,2025-07-15T10:36:29+07:00,operator_konten_15
ENT-00879,PIC_UKE,TERVALIDASI,2025-07-26T05:07:37+07:00,pic_uke_15
ENT-00879,TERVALIDASI,PUBLISH,2025-08-15T16:07:25+07:00,operator_konten_15
ENT-00880,,DRAFT,2024-10-27T16:37:22+07:00,pengusul_42
ENT-00880,DRAFT,OPERATOR_KONTEN,2024-11-18T04:55:37+07:00,pengusul_42
ENT-00880,OPERATOR_KONTEN,PIC_UKE,2024-12-10T18:30:55+07:00,operator_konten_42
ENT-00880,PIC_UKE,TERVALIDASI,2025-01-22T17:49:26+07:00,pic_uke_42
ENT-00880,TERVALIDASI,PUBLISH,2025-04-05T08:15:55+07:00,operator_konten_42
ENT-00881,,DRAFT,2024-10-28T12:38:27+07:00,pengusul_04
ENT-00881,DRAFT,OPERATOR_KONTEN,2024-11-01T01:06:12+07:00,pengusul_04
ENT-00881,OPERATOR_KONTEN,PIC_UKE,2024-11-04T20:25:32+07:00,operator_konten_04
ENT-00881,PIC_UKE,TERVALIDASI,2024-11-08T22:28:55+07:00,pic_uke_04
ENT-00881,TERVALIDASI,PUBLISH,2024-11-10T10:06:06+07:00,operator_konten_04
ENT-00882,,DRAFT,2024-10-28T15:14:03+07:00,pengusul_06
ENT-00882,DRAFT,OPERATOR_KONTEN,2024-11-17T15:08:11+07:00,pengusul_06
ENT-00882,OPERATOR_KONTEN,DITOLAK_OPERATOR,2025-12-14T18:14:11+07:00,operator_konten_06
ENT-00882,DITOLAK_OPERATOR,DRAFT,2026-10-08T09:06:28+07:00,pengusul_06
ENT-00883,,DRAFT,2024-10-28T15:21:09+07:00,pengusul_05
ENT-00883,DRAFT,OPERATOR_KONTEN,2024-11-23T04:52:26+07:00,pengusul_05
ENT-00883,OPERATOR_KONTEN,PIC_UKE,2026-09-30T16:41:13+07:00,operator_konten_05
ENT-00884,,DRAFT,2024-10-29T11:13:02+07:00,pengusul_02
ENT-00884,DRAFT,OPERATOR_KONTEN,2025-01-11T12:53:12+07:00,pengusul_02
ENT-00884,OPERATOR_KONTEN,PIC_UKE,2025-01-21T19:31:04+07:00,operator_konten_02
ENT-00884,PIC_UKE,TERVALIDASI,2025-01-30T08:58:27+07:00,pic_uke_02
ENT-00884,TERVALIDASI,PUBLISH,2025-02-07T08:00:47+07:00,operator_konten_02
ENT-00885,,DRAFT,2024-10-29T11:32:03+07:00,pengusul_62
ENT-00885,DRAFT,OPERATOR_KONTEN,2025-02-15T09:11:21+07:00,pengusul_62
ENT-00885,OPERATOR_KONTEN,PIC_UKE,2025-03-25T13:53:36+07:00,operator_konten_62
ENT-00885,PIC_UKE,TERVALIDASI,2025-04-20T11:45:41+07:00,pic_uke_62
ENT-00885,TERVALIDASI,PUBLISH,2025-07-15T10:38:54+07:00,operator_konten_62
ENT-00886,,DRAFT,2024-10-29T12:21:59+07:00,pengusul_06
ENT-00886,DRAFT,OPERATOR_KONTEN,2026-08-17T02:50:30+07:00,pengusul_06
ENT-00886,OPERATOR_KONTEN,PIC_UKE,2026-10-01T09:40:55+07:00,operator_konten_06
ENT-00887,,DRAFT,2024-10-29T13:02:19+07:00,pengusul_34
ENT-00887,DRAFT,OPERATOR_KONTEN,2024-11-05T02:25:09+07:00,pengusul_34
ENT-00887,OPERATOR_KONTEN,PIC_UKE,2025-04-09T05:23:07+07:00,operator_konten_34
ENT-00887,PIC_UKE,TERVALIDASI,2025-04-20T10:48:33+07:00,pic_uke_34
ENT-00887,TERVALIDASI,PUBLISH,2025-06-10T15:49:16+07:00,operator_konten_34
ENT-00888,,DRAFT,2024-10-29T16:33:36+07:00,pengusul_48
ENT-00888,DRAFT,OPERATOR_KONTEN,2025-02-04T13:31:38+07:00,pengusul_48
ENT-00888,OPERATOR_KONTEN,DITOLAK_OPERATOR,2025-06-12T05:01:31+07:00,operator_konten_48
ENT-00888,DITOLAK_OPERATOR,DRAFT,2026-10-08T12:26:17+07:00,pengusul_48
ENT-00889,,DRAFT,2024-10-30T11:11:02+07:00,pengusul_19
ENT-00889,DRAFT,OPERATOR_KONTEN,2025-11-22T13:12:45+07:00,pengusul_19
ENT-00889,OPERATOR_KONTEN,PIC_UKE,2026-09-30T12:26:14+07:00,operator_konten_19
ENT-00890,,DRAFT,2024-10-31T15:00:21+07:00,pengusul_24
ENT-00890,DRAFT,OPERATOR_KONTEN,2024-11-26T19:41:21+07:00,pengusul_24
ENT-00890,OPERATOR_KONTEN,PIC_UKE,2025-04-17T07:09:52+07:00,operator_konten_24
ENT-00890,PIC_UKE,TERVALIDASI,2025-05-12T03:57:50+07:00,pic_uke_24
ENT-00890,TERVALIDASI,PUBLISH,2025-08-24T15:22:04+07:00,operator_konten_24
ENT-00891,,DRAFT,2024-11-01T12:14:35+07:00,pengusul_07
ENT-00891,DRAFT,OPERATOR_KONTEN,2025-01-26T12:45:57+07:00,pengusul_07
ENT-00891,OPERATOR_KONTEN,PIC_UKE,2025-03-15T09:26:02+07:00,operator_konten_07
ENT-00891,PIC_UKE,TERVALIDASI,2025-04-27T10:59:35+07:00,pic_uke_07
ENT-00891,TERVALIDASI,PUBLISH,2025-07-25T14:55:33+07:00,operator_konten_07
ENT-00892,,DRAFT,2024-11-01T16:28:21+07:00,pengusul_06
ENT-00892,DRAFT,OPERATOR_KONTEN,2025-05-31T08:47:25+07:00,pengusul_06
ENT-00892,OPERATOR_KONTEN,DITOLAK_OPERATOR,2026-02-14T07:05:27+07:00,operator_konten_06
ENT-00892,DITOLAK_OPERATOR,DRAFT,2026-10-06T15:37:48+07:00,pengusul_06
ENT-00893,,DRAFT,2024-11-02T08:21:07+07:00,pengusul_06
ENT-00893,DRAFT,OPERATOR_KONTEN,2024-11-07T23:05:20+07:00,pengusul_06
ENT-00893,OPERATOR_KONTEN,PIC_UKE,2024-11-18T11:39:13+07:00,operator_konten_06
ENT-00893,PIC_UKE,TERVALIDASI,2024-11-22T15:12:45+07:00,pic_uke_06
ENT-00893,TERVALIDASI,PUBLISH,2025-01-22T12:35:07+07:00,operator_konten_06
ENT-00894,,DRAFT,2024-11-02T09:06:47+07:00,pengusul_19
ENT-00894,DRAFT,OPERATOR_KONTEN,2026-05-03T07:20:26+07:00,pengusul_19
ENT-00894,OPERATOR_KONTEN,PIC_UKE,2026-09-28T13:25:20+07:00,operator_konten_19
ENT-00895,,DRAFT,2024-11-02T10:01:20+07:00,pengusul_52
ENT-00895,DRAFT,OPERATOR_KONTEN,2025-01-02T12:33:34+07:00,pengusul_52
ENT-00895,OPERATOR_KONTEN,PIC_UKE,2026-09-29T09:17:10+07:00,operator_konten_52
ENT-00896,,DRAFT,2024-11-02T10:24:48+07:00,pengusul_24
ENT-00896,DRAFT,OPERATOR_KONTEN,2025-02-15T17:59:26+07:00,pengusul_24
ENT-00896,OPERATOR_KONTEN,PIC_UKE,2025-03-14T21:01:09+07:00,operator_konten_24
ENT-00896,PIC_UKE,TERVALIDASI,2025-03-20T14:28:28+07:00,pic_uke_24
ENT-00896,TERVALIDASI,PUBLISH,2025-08-22T16:01:45+07:00,operator_konten_24
ENT-00897,,DRAFT,2024-11-02T11:07:04+07:00,pengusul_55
ENT-00897,DRAFT,OPERATOR_KONTEN,2025-01-01T16:17:22+07:00,pengusul_55
ENT-00897,OPERATOR_KONTEN,PIC_UKE,2025-01-06T13:39:07+07:00,operator_konten_55
ENT-00897,PIC_UKE,TERVALIDASI,2025-01-17T00:59:50+07:00,pic_uke_55
ENT-00897,TERVALIDASI,PUBLISH,2025-02-01T16:27:16+07:00,operator_konten_55
ENT-00898,,DRAFT,2024-11-02T15:33:13+07:00,pengusul_58
ENT-00898,DRAFT,OPERATOR_KONTEN,2025-01-14T16:59:25+07:00,pengusul_58
ENT-00898,OPERATOR_KONTEN,PIC_UKE,2025-01-18T16:20:22+07:00,operator_konten_58
ENT-00898,PIC_UKE,TERVALIDASI,2025-01-29T07:13:32+07:00,pic_uke_58
ENT-00898,TERVALIDASI,PUBLISH,2025-03-07T16:42:23+07:00,operator_konten_58
ENT-00899,,DRAFT,2024-11-03T10:24:28+07:00,pengusul_17
ENT-00899,DRAFT,OPERATOR_KONTEN,2024-11-23T22:43:36+07:00,pengusul_17
ENT-00899,OPERATOR_KONTEN,PIC_UKE,2024-12-21T22:42:01+07:00,operator_konten_17
ENT-00899,PIC_UKE,TERVALIDASI,2025-03-14T09:19:46+07:00,pic_uke_17
ENT-00899,TERVALIDASI,PUBLISH,2025-03-23T08:15:15+07:00,operator_konten_17
ENT-00900,,DRAFT,2024-11-03T13:40:44+07:00,pengusul_33
ENT-00900,DRAFT,OPERATOR_KONTEN,2025-03-21T09:13:24+07:00,pengusul_33
ENT-00900,OPERATOR_KONTEN,PIC_UKE,2025-03-24T18:12:58+07:00,operator_konten_33
ENT-00900,PIC_UKE,TERVALIDASI,2025-04-07T18:22:57+07:00,pic_uke_33
ENT-00900,TERVALIDASI,PUBLISH,2025-08-19T15:41:43+07:00,operator_konten_33
ENT-00901,,DRAFT,2024-11-03T15:01:19+07:00,pengusul_07
ENT-00901,DRAFT,OPERATOR_KONTEN,2024-11-07T21:20:55+07:00,pengusul_07
ENT-00901,OPERATOR_KONTEN,PIC_UKE,2024-11-09T05:09:55+07:00,operator_konten_07
ENT-00901,PIC_UKE,TERVALIDASI,2025-01-22T00:23:42+07:00,pic_uke_07
ENT-00901,TERVALIDASI,PUBLISH,2025-02-17T08:13:15+07:00,operator_konten_07
ENT-00902,,DRAFT,2024-11-04T09:16:31+07:00,pengusul_13
ENT-00902,DRAFT,OPERATOR_KONTEN,2024-11-19T22:04:00+07:00,pengusul_13
ENT-00902,OPERATOR_KONTEN,PIC_UKE,2025-04-25T06:36:09+07:00,operator_konten_13
ENT-00902,PIC_UKE,TERVALIDASI,2025-05-29T06:28:21+07:00,pic_uke_13
ENT-00902,TERVALIDASI,PUBLISH,2025-06-26T16:21:58+07:00,operator_konten_13
ENT-00903,,DRAFT,2024-11-04T10:08:01+07:00,pengusul_54
ENT-00903,DRAFT,OPERATOR_KONTEN,2024-11-23T11:17:24+07:00,pengusul_54
ENT-00903,OPERATOR_KONTEN,PIC_UKE,2026-09-07T15:38:22+07:00,operator_konten_54
ENT-00904,,DRAFT,2024-11-04T12:13:18+07:00,pengusul_51
ENT-00904,DRAFT,OPERATOR_KONTEN,2025-07-25T21:12:01+07:00,pengusul_51
ENT-00904,OPERATOR_KONTEN,PIC_UKE,2026-10-08T09:50:33+07:00,operator_konten_51
ENT-00905,,DRAFT,2024-11-05T14:40:45+07:00,pengusul_17
ENT-00905,DRAFT,OPERATOR_KONTEN,2026-10-08T11:21:05+07:00,pengusul_17
ENT-00906,,DRAFT,2024-11-06T09:20:11+07:00,pengusul_39
ENT-00906,DRAFT,OPERATOR_KONTEN,2024-12-01T15:21:45+07:00,pengusul_39
ENT-00906,OPERATOR_KONTEN,PIC_UKE,2024-12-09T01:19:52+07:00,operator_konten_39
ENT-00906,PIC_UKE,TERVALIDASI,2025-03-04T01:19:01+07:00,pic_uke_39
ENT-00906,TERVALIDASI,PUBLISH,2025-05-07T09:18:03+07:00,operator_konten_39
ENT-00907,,DRAFT,2024-11-06T12:16:29+07:00,pengusul_42
ENT-00907,DRAFT,OPERATOR_KONTEN,2024-11-13T08:40:56+07:00,pengusul_42
ENT-00907,OPERATOR_KONTEN,PIC_UKE,2024-12-07T14:04:50+07:00,operator_konten_42
ENT-00907,PIC_UKE,TERVALIDASI,2024-12-12T13:34:32+07:00,pic_uke_42
ENT-00907,TERVALIDASI,PUBLISH,2025-01-02T15:43:09+07:00,operator_konten_42
ENT-00908,,DRAFT,2024-11-06T13:36:52+07:00,pengusul_03
ENT-00908,DRAFT,OPERATOR_KONTEN,2025-07-04T20:45:57+07:00,pengusul_03
ENT-00908,OPERATOR_KONTEN,PIC_UKE,2026-09-24T09:10:25+07:00,operator_konten_03
ENT-00909,,DRAFT,2024-11-06T13:40:35+07:00,pengusul_49
ENT-00909,DRAFT,OPERATOR_KONTEN,2024-11-11T04:00:12+07:00,pengusul_49
ENT-00909,OPERATOR_KONTEN,PIC_UKE,2024-11-23T04:01:20+07:00,operator_konten_49
ENT-00909,PIC_UKE,DITOLAK_PIC,2024-12-04T13:54:45+07:00,pic_uke_49
ENT-00910,,DRAFT,2024-11-07T09:08:35+07:00,pengusul_69
ENT-00910,DRAFT,OPERATOR_KONTEN,2024-11-11T07:23:55+07:00,pengusul_69
ENT-00910,OPERATOR_KONTEN,PIC_UKE,2024-11-18T00:34:27+07:00,operator_konten_69
ENT-00910,PIC_UKE,TERVALIDASI,2024-12-03T19:51:02+07:00,pic_uke_69
ENT-00910,TERVALIDASI,PUBLISH,2025-01-20T16:28:33+07:00,operator_konten_69
ENT-00911,,DRAFT,2024-11-07T10:51:48+07:00,pengusul_16
ENT-00911,DRAFT,OPERATOR_KONTEN,2025-04-17T14:31:23+07:00,pengusul_16
ENT-00911,OPERATOR_KONTEN,PIC_UKE,2026-08-27T16:56:57+07:00,operator_konten_16
ENT-00912,,DRAFT,2024-11-07T12:06:52+07:00,pengusul_64
ENT-00912,DRAFT,OPERATOR_KONTEN,2026-03-09T02:15:08+07:00,pengusul_64
ENT-00912,OPERATOR_KONTEN,PIC_UKE,2026-09-21T08:10:56+07:00,operator_konten_64
ENT-00913,,DRAFT,2024-11-08T09:54:19+07:00,pengusul_29
ENT-00913,DRAFT,OPERATOR_KONTEN,2024-11-12T05:31:04+07:00,pengusul_29
ENT-00913,OPERATOR_KONTEN,PIC_UKE,2024-11-29T01:48:15+07:00,operator_konten_29
ENT-00913,PIC_UKE,TERVALIDASI,2024-12-05T06:22:51+07:00,pic_uke_29
ENT-00913,TERVALIDASI,PUBLISH,2024-12-10T10:48:32+07:00,operator_konten_29
ENT-00914,,DRAFT,2024-11-08T11:31:08+07:00,pengusul_17
ENT-00914,DRAFT,OPERATOR_KONTEN,2026-02-13T12:07:30+07:00,pengusul_17
ENT-00914,OPERATOR_KONTEN,PIC_UKE,2026-09-25T12:59:26+07:00,operator_konten_17
ENT-00915,,DRAFT,2024-11-08T12:11:07+07:00,pengusul_58
ENT-00915,DRAFT,OPERATOR_KONTEN,2025-01-24T19:23:16+07:00,pengusul_58
ENT-00915,OPERATOR_KONTEN,PIC_UKE,2025-02-10T05:34:06+07:00,operator_konten_58
ENT-00915,PIC_UKE,TERVALIDASI,2025-03-22T08:28:47+07:00,pic_uke_58
ENT-00915,TERVALIDASI,PUBLISH,2025-04-26T16:55:03+07:00,operator_konten_58
ENT-00916,,DRAFT,2024-11-08T12:50:37+07:00,pengusul_19
ENT-00916,DRAFT,OPERATOR_KONTEN,2025-05-24T07:51:34+07:00,pengusul_19
ENT-00916,OPERATOR_KONTEN,PIC_UKE,2026-09-30T13:12:20+07:00,operator_konten_19
ENT-00917,,DRAFT,2024-11-09T16:17:37+07:00,pengusul_53
ENT-00917,DRAFT,OPERATOR_KONTEN,2024-11-12T08:24:34+07:00,pengusul_53
ENT-00917,OPERATOR_KONTEN,PIC_UKE,2024-12-12T11:26:45+07:00,operator_konten_53
ENT-00917,PIC_UKE,TERVALIDASI,2025-01-04T20:00:16+07:00,pic_uke_53
ENT-00917,TERVALIDASI,PUBLISH,2025-02-11T11:49:21+07:00,operator_konten_53
ENT-00918,,DRAFT,2024-11-10T10:27:05+07:00,pengusul_57
ENT-00918,DRAFT,OPERATOR_KONTEN,2024-11-28T16:00:30+07:00,pengusul_57
ENT-00918,OPERATOR_KONTEN,DITOLAK_OPERATOR,2025-08-02T17:16:30+07:00,operator_konten_57
ENT-00918,DITOLAK_OPERATOR,DRAFT,2026-09-25T09:22:04+07:00,pengusul_57
ENT-00919,,DRAFT,2024-11-10T12:45:23+07:00,pengusul_53
ENT-00919,DRAFT,OPERATOR_KONTEN,2024-11-21T12:31:40+07:00,pengusul_53
ENT-00919,OPERATOR_KONTEN,PIC_UKE,2024-12-11T08:58:58+07:00,operator_konten_53
ENT-00919,PIC_UKE,TERVALIDASI,2025-03-15T04:53:16+07:00,pic_uke_53
ENT-00919,TERVALIDASI,PUBLISH,2025-03-29T11:31:04+07:00,operator_konten_53
ENT-00920,,DRAFT,2024-11-10T15:52:44+07:00,pengusul_06
ENT-00920,DRAFT,OPERATOR_KONTEN,2024-11-19T11:58:40+07:00,pengusul_06
ENT-00920,OPERATOR_KONTEN,PIC_UKE,2024-12-26T05:42:47+07:00,operator_konten_06
ENT-00920,PIC_UKE,TERVALIDASI,2025-01-11T11:33:38+07:00,pic_uke_06
ENT-00920,TERVALIDASI,PUBLISH,2025-02-07T14:31:02+07:00,operator_konten_06
ENT-00921,,DRAFT,2024-11-12T08:17:43+07:00,pengusul_25
ENT-00921,DRAFT,OPERATOR_KONTEN,2025-05-21T09:57:59+07:00,pengusul_25
ENT-00921,OPERATOR_KONTEN,PIC_UKE,2026-10-06T08:18:03+07:00,operator_konten_25
ENT-00922,,DRAFT,2024-11-12T12:01:49+07:00,pengusul_17
ENT-00922,DRAFT,OPERATOR_KONTEN,2025-02-07T21:14:42+07:00,pengusul_17
ENT-00922,OPERATOR_KONTEN,DITOLAK_OPERATOR,2026-04-05T09:58:30+07:00,operator_konten_17
ENT-00922,DITOLAK_OPERATOR,DRAFT,2026-10-08T13:24:04+07:00,pengusul_17
ENT-00923,,DRAFT,2024-11-12T12:43:18+07:00,pengusul_47
ENT-00923,DRAFT,OPERATOR_KONTEN,2025-05-29T20:50:46+07:00,pengusul_47
ENT-00923,OPERATOR_KONTEN,PIC_UKE,2026-09-25T16:17:49+07:00,operator_konten_47
ENT-00924,,DRAFT,2024-11-12T13:19:52+07:00,pengusul_43
ENT-00924,DRAFT,OPERATOR_KONTEN,2024-11-26T18:32:22+07:00,pengusul_43
ENT-00924,OPERATOR_KONTEN,PIC_UKE,2024-12-28T22:16:14+07:00,operator_konten_43
ENT-00924,PIC_UKE,TERVALIDASI,2025-02-09T06:54:07+07:00,pic_uke_43
ENT-00924,TERVALIDASI,PUBLISH,2025-06-20T11:50:06+07:00,operator_konten_43
ENT-00925,,DRAFT,2024-11-12T16:07:01+07:00,pengusul_24
ENT-00925,DRAFT,OPERATOR_KONTEN,2025-12-07T16:49:18+07:00,pengusul_24
ENT-00925,OPERATOR_KONTEN,PIC_UKE,2026-08-27T14:37:38+07:00,operator_konten_24
ENT-00926,,DRAFT,2024-11-13T10:52:06+07:00,pengusul_51
ENT-00926,DRAFT,OPERATOR_KONTEN,2024-11-22T03:48:30+07:00,pengusul_51
ENT-00926,OPERATOR_KONTEN,PIC_UKE,2024-12-30T12:46:15+07:00,operator_konten_51
ENT-00926,PIC_UKE,TERVALIDASI,2025-01-03T00:48:34+07:00,pic_uke_51
ENT-00926,TERVALIDASI,PUBLISH,2025-01-13T10:47:40+07:00,operator_konten_51
ENT-00927,,DRAFT,2024-11-13T13:15:02+07:00,pengusul_11
ENT-00927,DRAFT,OPERATOR_KONTEN,2026-01-06T12:24:50+07:00,pengusul_11
ENT-00927,OPERATOR_KONTEN,PIC_UKE,2026-09-15T15:12:35+07:00,operator_konten_11
ENT-00928,,DRAFT,2024-11-13T14:11:04+07:00,pengusul_30
ENT-00928,DRAFT,OPERATOR_KONTEN,2026-02-20T11:29:00+07:00,pengusul_30
ENT-00928,OPERATOR_KONTEN,PIC_UKE,2026-09-18T09:56:55+07:00,operator_konten_30
ENT-00929,,DRAFT,2024-11-13T14:57:15+07:00,pengusul_47
ENT-00929,DRAFT,OPERATOR_KONTEN,2026-07-29T14:15:59+07:00,pengusul_47
ENT-00929,OPERATOR_KONTEN,PIC_UKE,2026-09-14T17:51:09+07:00,operator_konten_47
ENT-00929,PIC_UKE,TERVALIDASI,2026-10-06T11:58:52+07:00,pic_uke_47
ENT-00930,,DRAFT,2024-11-14T08:45:53+07:00,pengusul_16
ENT-00930,DRAFT,OPERATOR_KONTEN,2024-11-23T19:15:45+07:00,pengusul_16
ENT-00930,OPERATOR_KONTEN,PIC_UKE,2024-11-29T22:32:35+07:00,operator_konten_16
ENT-00930,PIC_UKE,TERVALIDASI,2024-12-09T07:14:59+07:00,pic_uke_16
ENT-00930,TERVALIDASI,PUBLISH,2024-12-14T11:44:19+07:00,operator_konten_16
ENT-00931,,DRAFT,2024-11-14T09:28:26+07:00,pengusul_44
ENT-00931,DRAFT,OPERATOR_KONTEN,2025-05-07T13:34:57+07:00,pengusul_44
ENT-00931,OPERATOR_KONTEN,PIC_UKE,2026-09-29T12:43:04+07:00,operator_konten_44
ENT-00932,,DRAFT,2024-11-14T11:45:55+07:00,pengusul_39
ENT-00932,DRAFT,OPERATOR_KONTEN,2024-11-15T05:12:57+07:00,pengusul_39
ENT-00932,OPERATOR_KONTEN,PIC_UKE,2024-11-15T12:07:52+07:00,operator_konten_39
ENT-00932,PIC_UKE,TERVALIDASI,2024-11-28T08:18:09+07:00,pic_uke_39
ENT-00932,TERVALIDASI,PUBLISH,2024-11-30T13:18:20+07:00,operator_konten_39
ENT-00933,,DRAFT,2024-11-14T15:20:25+07:00,pengusul_06
ENT-00933,DRAFT,OPERATOR_KONTEN,2026-10-01T16:31:21+07:00,pengusul_06
ENT-00934,,DRAFT,2024-11-14T16:06:23+07:00,pengusul_28
ENT-00934,DRAFT,OPERATOR_KONTEN,2025-07-02T00:38:51+07:00,pengusul_28
ENT-00934,OPERATOR_KONTEN,PIC_UKE,2026-10-07T10:17:14+07:00,operator_konten_28
ENT-00935,,DRAFT,2024-11-14T16:57:44+07:00,pengusul_39
ENT-00935,DRAFT,OPERATOR_KONTEN,2025-01-24T13:20:08+07:00,pengusul_39
ENT-00935,OPERATOR_KONTEN,PIC_UKE,2025-01-31T19:29:04+07:00,operator_konten_39
ENT-00935,PIC_UKE,TERVALIDASI,2025-04-23T00:04:08+07:00,pic_uke_39
ENT-00935,TERVALIDASI,PUBLISH,2025-04-28T16:34:22+07:00,operator_konten_39
ENT-00936,,DRAFT,2024-11-15T09:20:58+07:00,pengusul_36
ENT-00936,DRAFT,OPERATOR_KONTEN,2025-02-24T19:58:32+07:00,pengusul_36
ENT-00936,OPERATOR_KONTEN,PIC_UKE,2025-05-25T01:32:47+07:00,operator_konten_36
ENT-00936,PIC_UKE,TERVALIDASI,2025-06-03T18:56:37+07:00,pic_uke_36
ENT-00936,TERVALIDASI,PUBLISH,2025-07-02T16:51:13+07:00,operator_konten_36
ENT-00937,,DRAFT,2024-11-15T09:42:29+07:00,pengusul_05
ENT-00937,DRAFT,OPERATOR_KONTEN,2025-09-17T13:14:08+07:00,pengusul_05
ENT-00937,OPERATOR_KONTEN,PIC_UKE,2026-09-15T08:30:22+07:00,operator_konten_05
ENT-00938,,DRAFT,2024-11-16T08:09:05+07:00,pengusul_09
ENT-00938,DRAFT,OPERATOR_KONTEN,2026-01-24T21:31:14+07:00,pengusul_09
ENT-00938,OPERATOR_KONTEN,PIC_UKE,2026-10-07T13:26:57+07:00,operator_konten_09
ENT-00939,,DRAFT,2024-11-16T09:37:59+07:00,pengusul_14
ENT-00939,DRAFT,OPERATOR_KONTEN,2025-01-18T05:07:04+07:00,pengusul_14
ENT-00939,OPERATOR_KONTEN,PIC_UKE,2025-02-06T11:15:23+07:00,operator_konten_14
ENT-00939,PIC_UKE,TERVALIDASI,2025-07-19T01:47:46+07:00,pic_uke_14
ENT-00939,TERVALIDASI,PUBLISH,2025-07-29T16:17:51+07:00,operator_konten_14
ENT-00940,,DRAFT,2024-11-17T08:17:23+07:00,pengusul_36
ENT-00940,DRAFT,OPERATOR_KONTEN,2024-12-01T17:09:06+07:00,pengusul_36
ENT-00940,OPERATOR_KONTEN,PIC_UKE,2026-09-23T13:47:26+07:00,operator_konten_36
ENT-00941,,DRAFT,2024-11-17T08:35:43+07:00,pengusul_18
ENT-00941,DRAFT,OPERATOR_KONTEN,2024-11-29T17:07:55+07:00,pengusul_18
ENT-00941,OPERATOR_KONTEN,PIC_UKE,2025-01-09T14:45:46+07:00,operator_konten_18
ENT-00941,PIC_UKE,TERVALIDASI,2025-03-15T11:45:04+07:00,pic_uke_18
ENT-00941,TERVALIDASI,PUBLISH,2025-05-21T14:26:17+07:00,operator_konten_18
ENT-00942,,DRAFT,2024-11-17T13:00:14+07:00,pengusul_05
ENT-00942,DRAFT,OPERATOR_KONTEN,2025-04-23T06:37:08+07:00,pengusul_05
ENT-00942,OPERATOR_KONTEN,PIC_UKE,2025-05-15T01:23:45+07:00,operator_konten_05
ENT-00942,PIC_UKE,TERVALIDASI,2025-07-13T03:35:49+07:00,pic_uke_05
ENT-00942,TERVALIDASI,PUBLISH,2025-08-29T16:11:08+07:00,operator_konten_05
ENT-00943,,DRAFT,2024-11-17T14:04:09+07:00,pengusul_46
ENT-00943,DRAFT,OPERATOR_KONTEN,2025-09-05T00:36:18+07:00,pengusul_46
ENT-00943,OPERATOR_KONTEN,PIC_UKE,2026-09-15T14:44:32+07:00,operator_konten_46
ENT-00944,,DRAFT,2024-11-17T15:57:50+07:00,pengusul_25
ENT-00944,DRAFT,OPERATOR_KONTEN,2025-04-17T20:04:33+07:00,pengusul_25
ENT-00944,OPERATOR_KONTEN,PIC_UKE,2026-08-22T05:44:24+07:00,operator_konten_25
ENT-00944,PIC_UKE,TERVALIDASI,2026-10-01T08:38:51+07:00,pic_uke_25
ENT-00945,,DRAFT,2024-11-18T11:42:45+07:00,pengusul_27
ENT-00945,DRAFT,OPERATOR_KONTEN,2024-11-24T08:40:12+07:00,pengusul_27
ENT-00945,OPERATOR_KONTEN,PIC_UKE,2024-11-26T08:23:53+07:00,operator_konten_27
ENT-00945,PIC_UKE,TERVALIDASI,2024-11-29T00:37:05+07:00,pic_uke_27
ENT-00945,TERVALIDASI,PUBLISH,2024-11-30T10:26:15+07:00,operator_konten_27
ENT-00946,,DRAFT,2024-11-18T14:04:07+07:00,pengusul_11
ENT-00946,DRAFT,OPERATOR_KONTEN,2026-05-30T03:58:02+07:00,pengusul_11
ENT-00946,OPERATOR_KONTEN,PIC_UKE,2026-09-29T11:01:33+07:00,operator_konten_11
ENT-00947,,DRAFT,2024-11-19T11:36:39+07:00,pengusul_52
ENT-00947,DRAFT,OPERATOR_KONTEN,2025-02-25T02:21:16+07:00,pengusul_52
ENT-00947,OPERATOR_KONTEN,PIC_UKE,2025-02-27T06:08:28+07:00,operator_konten_52
ENT-00947,PIC_UKE,TERVALIDASI,2025-03-29T17:03:45+07:00,pic_uke_52
ENT-00947,TERVALIDASI,PUBLISH,2025-07-01T09:16:14+07:00,operator_konten_52
ENT-00948,,DRAFT,2024-11-19T11:57:38+07:00,pengusul_67
ENT-00948,DRAFT,OPERATOR_KONTEN,2026-07-14T02:03:17+07:00,pengusul_67
ENT-00948,OPERATOR_KONTEN,PIC_UKE,2026-09-14T10:26:06+07:00,operator_konten_67
ENT-00949,,DRAFT,2024-11-19T13:51:48+07:00,pengusul_31
ENT-00949,DRAFT,OPERATOR_KONTEN,2024-11-25T00:09:43+07:00,pengusul_31
ENT-00949,OPERATOR_KONTEN,PIC_UKE,2025-01-17T13:28:05+07:00,operator_konten_31
ENT-00949,PIC_UKE,TERVALIDASI,2025-02-07T02:01:21+07:00,pic_uke_31
ENT-00949,TERVALIDASI,PUBLISH,2025-03-30T10:11:23+07:00,operator_konten_31
ENT-00950,,DRAFT,2024-11-20T11:39:56+07:00,pengusul_29
ENT-00950,DRAFT,OPERATOR_KONTEN,2025-03-11T23:54:13+07:00,pengusul_29
ENT-00950,OPERATOR_KONTEN,PIC_UKE,2026-10-01T10:07:00+07:00,operator_konten_29
ENT-00951,,DRAFT,2024-11-20T16:33:26+07:00,pengusul_45
ENT-00951,DRAFT,OPERATOR_KONTEN,2025-08-25T12:51:50+07:00,pengusul_45
ENT-00951,OPERATOR_KONTEN,PIC_UKE,2026-09-29T12:17:59+07:00,operator_konten_45
ENT-00952,,DRAFT,2024-11-21T08:04:31+07:00,pengusul_07
ENT-00952,DRAFT,OPERATOR_KONTEN,2025-03-09T13:54:38+07:00,pengusul_07
ENT-00952,OPERATOR_KONTEN,PIC_UKE,2025-03-18T08:41:38+07:00,operator_konten_07
ENT-00952,PIC_UKE,TERVALIDASI,2025-06-01T06:38:47+07:00,pic_uke_07
ENT-00952,TERVALIDASI,PUBLISH,2025-06-07T11:33:35+07:00,operator_konten_07
ENT-00953,,DRAFT,2024-11-21T11:40:36+07:00,pengusul_60
ENT-00953,DRAFT,OPERATOR_KONTEN,2024-11-30T11:00:28+07:00,pengusul_60
ENT-00953,OPERATOR_KONTEN,PIC_UKE,2024-12-01T12:26:27+07:00,operator_konten_60
ENT-00953,PIC_UKE,TERVALIDASI,2024-12-15T12:29:42+07:00,pic_uke_60
ENT-00953,TERVALIDASI,PUBLISH,2025-03-25T14:10:11+07:00,operator_konten_60
ENT-00954,,DRAFT,2024-11-21T14:31:00+07:00,pengusul_13
ENT-00954,DRAFT,OPERATOR_KONTEN,2024-12-06T01:20:26+07:00,pengusul_13
ENT-00954,OPERATOR_KONTEN,PIC_UKE,2024-12-06T09:46:38+07:00,operator_konten_13
ENT-00954,PIC_UKE,TERVALIDASI,2024-12-13T13:42:54+07:00,pic_uke_13
ENT-00954,TERVALIDASI,PUBLISH,2024-12-26T16:51:24+07:00,operator_konten_13
ENT-00955,,DRAFT,2024-11-23T09:05:01+07:00,pengusul_01
ENT-00955,DRAFT,OPERATOR_KONTEN,2025-01-07T23:09:18+07:00,pengusul_01
ENT-00955,OPERATOR_KONTEN,PIC_UKE,2025-02-19T13:18:15+07:00,operator_konten_01
ENT-00955,PIC_UKE,TERVALIDASI,2025-04-09T01:35:03+07:00,pic_uke_01
ENT-00955,TERVALIDASI,PUBLISH,2025-09-17T14:53:56+07:00,operator_konten_01
ENT-00956,,DRAFT,2024-11-23T10:09:19+07:00,pengusul_05
ENT-00956,DRAFT,OPERATOR_KONTEN,2024-12-13T10:16:42+07:00,pengusul_05
ENT-00956,OPERATOR_KONTEN,PIC_UKE,2024-12-28T07:12:42+07:00,operator_konten_05
ENT-00956,PIC_UKE,TERVALIDASI,2025-01-27T23:11:25+07:00,pic_uke_05
ENT-00956,TERVALIDASI,PUBLISH,2025-02-26T08:08:32+07:00,operator_konten_05
ENT-00956,PUBLISH,UNPUBLISH,2025-08-11T09:46:35+07:00,admin_05
ENT-00957,,DRAFT,2024-11-23T11:49:25+07:00,pengusul_40
ENT-00957,DRAFT,OPERATOR_KONTEN,2025-02-26T03:22:54+07:00,pengusul_40
ENT-00957,OPERATOR_KONTEN,PIC_UKE,2025-03-07T02:47:10+07:00,operator_konten_40
ENT-00957,PIC_UKE,TERVALIDASI,2025-03-11T09:03:50+07:00,pic_uke_40
ENT-00957,TERVALIDASI,PUBLISH,2025-04-12T11:52:49+07:00,operator_konten_40
ENT-00958,,DRAFT,2024-11-24T09:34:32+07:00,pengusul_30
ENT-00958,DRAFT,OPERATOR_KONTEN,2026-09-05T23:09:52+07:00,pengusul_30
ENT-00958,OPERATOR_KONTEN,PIC_UKE,2026-10-05T16:06:56+07:00,operator_konten_30
ENT-00959,,DRAFT,2024-11-24T13:58:36+07:00,pengusul_58
ENT-00959,DRAFT,OPERATOR_KONTEN,2025-12-05T04:02:31+07:00,pengusul_58
ENT-00959,OPERATOR_KONTEN,PIC_UKE,2026-08-21T08:17:06+07:00,operator_konten_58
ENT-00960,,DRAFT,2024-11-24T15:48:28+07:00,pengusul_01
ENT-00960,DRAFT,OPERATOR_KONTEN,2026-10-05T12:18:56+07:00,pengusul_01
ENT-00961,,DRAFT,2024-11-25T11:46:48+07:00,pengusul_47
ENT-00961,DRAFT,OPERATOR_KONTEN,2024-12-26T00:36:42+07:00,pengusul_47
ENT-00961,OPERATOR_KONTEN,PIC_UKE,2025-01-09T22:41:31+07:00,operator_konten_47
ENT-00961,PIC_UKE,TERVALIDASI,2025-01-14T10:44:27+07:00,pic_uke_47
ENT-00961,TERVALIDASI,PUBLISH,2025-02-06T15:26:34+07:00,operator_konten_47
ENT-00962,,DRAFT,2024-11-25T12:54:19+07:00,pengusul_55
ENT-00962,DRAFT,OPERATOR_KONTEN,2024-12-11T09:26:07+07:00,pengusul_55
ENT-00962,OPERATOR_KONTEN,PIC_UKE,2024-12-27T23:31:26+07:00,operator_konten_55
ENT-00962,PIC_UKE,TERVALIDASI,2024-12-31T10:49:59+07:00,pic_uke_55
ENT-00962,TERVALIDASI,PUBLISH,2025-01-05T10:16:40+07:00,operator_konten_55
ENT-00963,,DRAFT,2024-11-25T14:09:50+07:00,pengusul_67
ENT-00963,DRAFT,OPERATOR_KONTEN,2024-12-15T18:57:51+07:00,pengusul_67
ENT-00963,OPERATOR_KONTEN,PIC_UKE,2024-12-21T21:38:58+07:00,operator_konten_67
ENT-00963,PIC_UKE,TERVALIDASI,2025-01-14T03:22:38+07:00,pic_uke_67
ENT-00963,TERVALIDASI,PUBLISH,2025-02-21T13:25:38+07:00,operator_konten_67
ENT-00964,,DRAFT,2024-11-25T15:05:24+07:00,pengusul_66
ENT-00964,DRAFT,OPERATOR_KONTEN,2024-12-04T11:05:33+07:00,pengusul_66
ENT-00964,OPERATOR_KONTEN,PIC_UKE,2024-12-31T22:20:05+07:00,operator_konten_66
ENT-00964,PIC_UKE,TERVALIDASI,2025-01-01T01:06:19+07:00,pic_uke_66
ENT-00964,TERVALIDASI,PUBLISH,2025-01-28T14:12:50+07:00,operator_konten_66
ENT-00965,,DRAFT,2024-11-25T15:36:44+07:00,pengusul_09
ENT-00965,DRAFT,OPERATOR_KONTEN,2025-05-08T23:56:21+07:00,pengusul_09
ENT-00965,OPERATOR_KONTEN,PIC_UKE,2025-06-02T18:05:28+07:00,operator_konten_09
ENT-00965,PIC_UKE,TERVALIDASI,2025-08-17T20:04:52+07:00,pic_uke_09
ENT-00965,TERVALIDASI,PUBLISH,2025-08-29T12:01:01+07:00,operator_konten_09
ENT-00966,,DRAFT,2024-11-26T08:22:42+07:00,pengusul_48
ENT-00966,DRAFT,OPERATOR_KONTEN,2025-06-02T11:36:42+07:00,pengusul_48
ENT-00966,OPERATOR_KONTEN,PIC_UKE,2026-10-06T16:17:40+07:00,operator_konten_48
ENT-00967,,DRAFT,2024-11-26T15:01:30+07:00,pengusul_38
ENT-00967,DRAFT,OPERATOR_KONTEN,2025-08-27T11:40:15+07:00,pengusul_38
ENT-00967,OPERATOR_KONTEN,PIC_UKE,2026-09-09T15:43:21+07:00,operator_konten_38
ENT-00968,,DRAFT,2024-11-26T15:35:47+07:00,pengusul_12
ENT-00968,DRAFT,OPERATOR_KONTEN,2024-12-20T17:45:12+07:00,pengusul_12
ENT-00968,OPERATOR_KONTEN,PIC_UKE,2025-01-04T17:33:23+07:00,operator_konten_12
ENT-00968,PIC_UKE,TERVALIDASI,2025-01-25T04:30:06+07:00,pic_uke_12
ENT-00968,TERVALIDASI,PUBLISH,2025-02-03T12:17:09+07:00,operator_konten_12
ENT-00969,,DRAFT,2024-11-27T10:01:55+07:00,pengusul_13
ENT-00969,DRAFT,OPERATOR_KONTEN,2025-10-30T06:29:21+07:00,pengusul_13
ENT-00969,OPERATOR_KONTEN,PIC_UKE,2026-09-10T15:40:58+07:00,operator_konten_13
ENT-00970,,DRAFT,2024-11-27T10:06:41+07:00,pengusul_66
ENT-00970,DRAFT,OPERATOR_KONTEN,2026-07-26T12:34:17+07:00,pengusul_66
ENT-00970,OPERATOR_KONTEN,PIC_UKE,2026-10-07T13:49:30+07:00,operator_konten_66
ENT-00971,,DRAFT,2024-11-27T11:02:31+07:00,pengusul_01
ENT-00971,DRAFT,OPERATOR_KONTEN,2025-02-08T21:01:31+07:00,pengusul_01
ENT-00971,OPERATOR_KONTEN,PIC_UKE,2026-10-08T13:58:07+07:00,operator_konten_01
ENT-00972,,DRAFT,2024-11-27T15:23:18+07:00,pengusul_47
ENT-00972,DRAFT,OPERATOR_KONTEN,2024-12-02T12:50:12+07:00,pengusul_47
ENT-00972,OPERATOR_KONTEN,PIC_UKE,2024-12-11T22:33:36+07:00,operator_konten_47
ENT-00972,PIC_UKE,TERVALIDASI,2024-12-28T01:02:55+07:00,pic_uke_47
ENT-00972,TERVALIDASI,PUBLISH,2025-01-05T08:17:29+07:00,operator_konten_47
ENT-00973,,DRAFT,2024-11-27T15:37:18+07:00,pengusul_39
ENT-00973,DRAFT,OPERATOR_KONTEN,2024-12-30T23:33:55+07:00,pengusul_39
ENT-00973,OPERATOR_KONTEN,PIC_UKE,2025-01-03T20:17:11+07:00,operator_konten_39
ENT-00973,PIC_UKE,TERVALIDASI,2025-01-24T20:35:22+07:00,pic_uke_39
ENT-00973,TERVALIDASI,PUBLISH,2025-02-20T10:36:46+07:00,operator_konten_39
ENT-00974,,DRAFT,2024-11-27T16:20:50+07:00,pengusul_13
ENT-00974,DRAFT,OPERATOR_KONTEN,2026-05-06T22:56:02+07:00,pengusul_13
ENT-00974,OPERATOR_KONTEN,PIC_UKE,2026-09-07T08:28:47+07:00,operator_konten_13
ENT-00975,,DRAFT,2024-11-28T11:14:48+07:00,pengusul_33
ENT-00975,DRAFT,OPERATOR_KONTEN,2024-11-29T18:17:34+07:00,pengusul_33
ENT-00975,OPERATOR_KONTEN,PIC_UKE,2024-12-01T02:49:44+07:00,operator_konten_33
ENT-00975,PIC_UKE,TERVALIDASI,2024-12-02T07:35:55+07:00,pic_uke_33
ENT-00975,TERVALIDASI,PUBLISH,2024-12-03T11:03:10+07:00,operator_konten_33
ENT-00976,,DRAFT,2024-11-28T16:24:30+07:00,pengusul_52
ENT-00976,DRAFT,OPERATOR_KONTEN,2025-02-05T21:10:45+07:00,pengusul_52
ENT-00976,OPERATOR_KONTEN,PIC_UKE,2025-03-19T13:03:27+07:00,operator_konten_52
ENT-00976,PIC_UKE,TERVALIDASI,2025-04-26T02:36:54+07:00,pic_uke_52
ENT-00976,TERVALIDASI,PUBLISH,2025-08-18T14:24:22+07:00,operator_konten_52
ENT-00977,,DRAFT,2024-11-29T14:11:40+07:00,pengusul_35
ENT-00977,DRAFT,OPERATOR_KONTEN,2025-02-18T14:42:04+07:00,pengusul_35
ENT-00977,OPERATOR_KONTEN,PIC_UKE,2025-04-23T18:37:29+07:00,operator_konten_35
ENT-00977,PIC_UKE,TERVALIDASI,2025-06-20T01:32:06+07:00,pic_uke_35
ENT-00977,TERVALIDASI,PUBLISH,2025-06-26T15:02:07+07:00,operator_konten_35
ENT-00978,,DRAFT,2024-11-29T14:48:05+07:00,pengusul_52
ENT-00978,DRAFT,OPERATOR_KONTEN,2024-12-07T13:40:19+07:00,pengusul_52
ENT-00978,OPERATOR_KONTEN,PIC_UKE,2025-02-07T01:22:16+07:00,operator_konten_52
ENT-00978,PIC_UKE,TERVALIDASI,2025-02-21T09:29:58+07:00,pic_uke_52
ENT-00978,TERVALIDASI,PUBLISH,2025-03-01T14:11:51+07:00,operator_konten_52
ENT-00979,,DRAFT,2024-11-29T14:51:34+07:00,pengusul_04
ENT-00979,DRAFT,OPERATOR_KONTEN,2024-12-20T23:47:39+07:00,pengusul_04
ENT-00979,OPERATOR_KONTEN,PIC_UKE,2025-01-10T15:57:46+07:00,operator_konten_04
ENT-00979,PIC_UKE,TERVALIDASI,2025-02-07T13:44:02+07:00,pic_uke_04
ENT-00979,TERVALIDASI,PUBLISH,2025-02-27T09:59:01+07:00,operator_konten_04
ENT-00980,,DRAFT,2024-11-30T11:39:20+07:00,pengusul_07
ENT-00980,DRAFT,OPERATOR_KONTEN,2024-12-22T01:59:00+07:00,pengusul_07
ENT-00980,OPERATOR_KONTEN,PIC_UKE,2025-06-14T02:42:15+07:00,operator_konten_07
ENT-00980,PIC_UKE,TERVALIDASI,2025-07-28T02:22:34+07:00,pic_uke_07
ENT-00980,TERVALIDASI,PUBLISH,2025-08-22T08:14:46+07:00,operator_konten_07
ENT-00981,,DRAFT,2024-11-30T16:12:36+07:00,pengusul_50
ENT-00981,DRAFT,OPERATOR_KONTEN,2025-02-21T00:35:00+07:00,pengusul_50
ENT-00981,OPERATOR_KONTEN,PIC_UKE,2025-03-01T10:55:58+07:00,operator_konten_50
ENT-00981,PIC_UKE,TERVALIDASI,2025-04-16T20:36:28+07:00,pic_uke_50
ENT-00981,TERVALIDASI,PUBLISH,2025-05-02T09:15:29+07:00,operator_konten_50
ENT-00982,,DRAFT,2024-11-30T16:53:37+07:00,pengusul_43
ENT-00982,DRAFT,OPERATOR_KONTEN,2026-07-22T08:55:56+07:00,pengusul_43
ENT-00982,OPERATOR_KONTEN,PIC_UKE,2026-09-28T12:13:43+07:00,operator_konten_43
ENT-00983,,DRAFT,2024-12-01T08:31:39+07:00,pengusul_31
ENT-00983,DRAFT,OPERATOR_KONTEN,2024-12-01T13:43:55+07:00,pengusul_31
ENT-00983,OPERATOR_KONTEN,PIC_UKE,2024-12-02T13:14:30+07:00,operator_konten_31
ENT-00983,PIC_UKE,DITOLAK_PIC,2024-12-02T15:08:20+07:00,pic_uke_31
ENT-00984,,DRAFT,2024-12-01T09:40:36+07:00,pengusul_05
ENT-00984,DRAFT,OPERATOR_KONTEN,2025-04-17T03:16:23+07:00,pengusul_05
ENT-00984,OPERATOR_KONTEN,PIC_UKE,2026-09-16T10:24:30+07:00,operator_konten_05
ENT-00985,,DRAFT,2024-12-01T11:06:32+07:00,pengusul_15
ENT-00985,DRAFT,OPERATOR_KONTEN,2025-01-22T02:57:15+07:00,pengusul_15
ENT-00985,OPERATOR_KONTEN,PIC_UKE,2025-03-18T00:24:15+07:00,operator_konten_15
ENT-00985,PIC_UKE,TERVALIDASI,2025-03-18T01:41:39+07:00,pic_uke_15
ENT-00985,TERVALIDASI,PUBLISH,2025-05-04T10:14:37+07:00,operator_konten_15
ENT-00986,,DRAFT,2024-12-01T13:38:29+07:00,pengusul_05
ENT-00986,DRAFT,OPERATOR_KONTEN,2025-01-21T13:53:37+07:00,pengusul_05
ENT-00986,OPERATOR_KONTEN,PIC_UKE,2025-01-23T21:17:25+07:00,operator_konten_05
ENT-00986,PIC_UKE,TERVALIDASI,2025-04-10T07:20:35+07:00,pic_uke_05
ENT-00986,TERVALIDASI,PUBLISH,2025-05-15T09:46:56+07:00,operator_konten_05
ENT-00987,,DRAFT,2024-12-01T16:48:58+07:00,pengusul_58
ENT-00987,DRAFT,OPERATOR_KONTEN,2024-12-16T17:26:22+07:00,pengusul_58
ENT-00987,OPERATOR_KONTEN,PIC_UKE,2024-12-26T01:17:33+07:00,operator_konten_58
ENT-00987,PIC_UKE,TERVALIDASI,2025-01-20T08:45:06+07:00,pic_uke_58
ENT-00987,TERVALIDASI,PUBLISH,2025-01-23T11:36:28+07:00,operator_konten_58
ENT-00988,,DRAFT,2024-12-02T11:08:02+07:00,pengusul_06
ENT-00988,DRAFT,OPERATOR_KONTEN,2025-02-19T04:44:50+07:00,pengusul_06
ENT-00988,OPERATOR_KONTEN,PIC_UKE,2025-05-14T00:01:06+07:00,operator_konten_06
ENT-00988,PIC_UKE,TERVALIDASI,2025-06-07T01:25:41+07:00,pic_uke_06
ENT-00988,TERVALIDASI,PUBLISH,2025-08-20T08:50:56+07:00,operator_konten_06
ENT-00989,,DRAFT,2024-12-02T14:21:55+07:00,pengusul_40
ENT-00989,DRAFT,OPERATOR_KONTEN,2024-12-22T17:30:34+07:00,pengusul_40
ENT-00989,OPERATOR_KONTEN,PIC_UKE,2025-02-13T08:58:06+07:00,operator_konten_40
ENT-00989,PIC_UKE,TERVALIDASI,2025-05-15T21:01:38+07:00,pic_uke_40
ENT-00989,TERVALIDASI,PUBLISH,2025-07-19T12:04:15+07:00,operator_konten_40
ENT-00990,,DRAFT,2024-12-02T16:56:31+07:00,pengusul_06
ENT-00990,DRAFT,OPERATOR_KONTEN,2026-02-08T18:35:58+07:00,pengusul_06
ENT-00990,OPERATOR_KONTEN,PIC_UKE,2026-09-14T13:32:19+07:00,operator_konten_06
ENT-00991,,DRAFT,2024-12-03T08:01:23+07:00,pengusul_26
ENT-00991,DRAFT,OPERATOR_KONTEN,2025-06-29T07:13:51+07:00,pengusul_26
ENT-00991,OPERATOR_KONTEN,PIC_UKE,2026-08-05T15:29:03+07:00,operator_konten_26
ENT-00992,,DRAFT,2024-12-03T10:10:41+07:00,pengusul_52
ENT-00992,DRAFT,OPERATOR_KONTEN,2025-09-25T05:06:19+07:00,pengusul_52
ENT-00992,OPERATOR_KONTEN,PIC_UKE,2026-10-02T08:54:14+07:00,operator_konten_52
ENT-00993,,DRAFT,2024-12-03T13:33:42+07:00,pengusul_42
ENT-00993,DRAFT,OPERATOR_KONTEN,2025-01-07T20:32:22+07:00,pengusul_42
ENT-00993,OPERATOR_KONTEN,PIC_UKE,2026-09-28T08:46:36+07:00,operator_konten_42
ENT-00994,,DRAFT,2024-12-03T14:58:30+07:00,pengusul_00
ENT-00994,DRAFT,OPERATOR_KONTEN,2024-12-30T13:11:33+07:00,pengusul_00
ENT-00994,OPERATOR_KONTEN,PIC_UKE,2025-06-11T04:30:16+07:00,operator_konten_00
ENT-00994,PIC_UKE,TERVALIDASI,2025-07-05T22:18:20+07:00,pic_uke_00
ENT-00994,TERVALIDASI,PUBLISH,2025-08-10T09:04:58+07:00,operator_konten_00
ENT-00995,,DRAFT,2024-12-04T09:45:59+07:00,pengusul_11
ENT-00995,DRAFT,OPERATOR_KONTEN,2024-12-05T13:16:21+07:00,pengusul_11
ENT-00995,OPERATOR_KONTEN,DITOLAK_OPERATOR,2024-12-24T11:38:44+07:00,operator_konten_11
ENT-00996,,DRAFT,2024-12-04T14:16:53+07:00,pengusul_57
ENT-00996,DRAFT,OPERATOR_KONTEN,2025-01-05T03:52:28+07:00,pengusul_57
ENT-00996,OPERATOR_KONTEN,PIC_UKE,2025-02-10T17:03:28+07:00,operator_konten_57
ENT-00996,PIC_UKE,TERVALIDASI,2025-03-27T11:39:15+07:00,pic_uke_57
ENT-00996,TERVALIDASI,PUBLISH,2025-05-03T09:22:49+07:00,operator_konten_57
ENT-00997,,DRAFT,2024-12-04T14:46:36+07:00,pengusul_05
ENT-00997,DRAFT,OPERATOR_KONTEN,2024-12-12T11:44:04+07:00,pengusul_05
ENT-00997,OPERATOR_KONTEN,PIC_UKE,2024-12-24T01:57:55+07:00,operator_konten_05
ENT-00997,PIC_UKE,TERVALIDASI,2024-12-27T23:39:24+07:00,pic_uke_05
ENT-00997,TERVALIDASI,PUBLISH,2025-01-12T09:42:20+07:00,operator_konten_05
ENT-00998,,DRAFT,2024-12-04T15:48:59+07:00,pengusul_18
ENT-00998,DRAFT,OPERATOR_KONTEN,2025-05-07T15:55:36+07:00,pengusul_18
ENT-00998,OPERATOR_KONTEN,PIC_UKE,2025-05-22T07:10:55+07:00,operator_konten_18
ENT-00998,PIC_UKE,TERVALIDASI,2025-06-02T11:27:32+07:00,pic_uke_18
ENT-00998,TERVALIDASI,PUBLISH,2025-06-26T15:43:30+07:00,operator_konten_18
ENT-00999,,DRAFT,2024-12-05T09:33:15+07:00,pengusul_60
ENT-00999,DRAFT,OPERATOR_KONTEN,2025-01-24T15:52:01+07:00,pengusul_60
ENT-00999,OPERATOR_KONTEN,PIC_UKE,2025-02-07T04:13:28+07:00,operator_konten_60
ENT-00999,PIC_UKE,TERVALIDASI,2025-03-24T00:25:03+07:00,pic_uke_60
ENT-00999,TERVALIDASI,PUBLISH,2025-06-29T08:14:39+07:00,operator_konten_60
ENT-01000,,DRAFT,2024-12-05T11:03:51+07:00,pengusul_47
ENT-01000,DRAFT,OPERATOR_KONTEN,2024-12-13T15:54:38+07:00,pengusul_47
ENT-01000,OPERATOR_KONTEN,PIC_UKE,2024-12-19T14:30:14+07:00,operator_konten_47
ENT-01000,PIC_UKE,TERVALIDASI,2024-12-25T16:58:28+07:00,pic_uke_47
ENT-01000,TERVALIDASI,PUBLISH,2024-12-27T15:04:30+07:00,operator_konten_47
ENT-01001,,DRAFT,2024-12-05T11:33:49+07:00,pengusul_36
ENT-01001,DRAFT,OPERATOR_KONTEN,2024-12-14T18:21:28+07:00,pengusul_36
ENT-01001,OPERATOR_KONTEN,PIC_UKE,2024-12-22T19:13:39+07:00,operator_konten_36
ENT-01001,PIC_UKE,TERVALIDASI,2025-07-15T21:12:56+07:00,pic_uke_36
ENT-01001,TERVALIDASI,PUBLISH,2025-08-29T13:40:51+07:00,operator_konten_36
ENT-01002,,DRAFT,2024-12-05T12:21:59+07:00,pengusul_05
ENT-01002,DRAFT,OPERATOR_KONTEN,2025-02-28T10:56:48+07:00,pengusul_05
ENT-01002,OPERATOR_KONTEN,DITOLAK_OPERATOR,2026-05-18T09:59:35+07:00,operator_konten_05
ENT-01002,DITOLAK_OPERATOR,DRAFT,2026-10-07T11:45:41+07:00,pengusul_05
ENT-01003,,DRAFT,2024-12-06T15:22:39+07:00,pengusul_69
ENT-01003,DRAFT,OPERATOR_KONTEN,2024-12-09T10:00:20+07:00,pengusul_69
ENT-01003,OPERATOR_KONTEN,PIC_UKE,2024-12-17T02:05:30+07:00,operator_konten_69
ENT-01003,PIC_UKE,TERVALIDASI,2024-12-21T22:00:30+07:00,pic_uke_69
ENT-01003,TERVALIDASI,PUBLISH,2024-12-25T15:01:31+07:00,operator_konten_69
ENT-01004,,DRAFT,2024-12-06T16:42:10+07:00,pengusul_21
ENT-01004,DRAFT,OPERATOR_KONTEN,2025-02-12T03:02:11+07:00,pengusul_21
ENT-01004,OPERATOR_KONTEN,PIC_UKE,2025-02-26T03:12:27+07:00,operator_konten_21
ENT-01004,PIC_UKE,TERVALIDASI,2025-03-06T12:02:35+07:00,pic_uke_21
ENT-01004,TERVALIDASI,PUBLISH,2025-04-01T13:44:24+07:00,operator_konten_21
ENT-01005,,DRAFT,2024-12-07T08:19:13+07:00,pengusul_17
ENT-01005,DRAFT,OPERATOR_KONTEN,2025-09-27T10:41:20+07:00,pengusul_17
ENT-01005,OPERATOR_KONTEN,PIC_UKE,2026-09-21T07:14:08+07:00,operator_konten_17
ENT-01005,PIC_UKE,TERVALIDASI,2026-10-05T13:40:41+07:00,pic_uke_17
ENT-01006,,DRAFT,2024-12-07T08:55:45+07:00,pengusul_34
ENT-01006,DRAFT,OPERATOR_KONTEN,2024-12-29T12:00:49+07:00,pengusul_34
ENT-01006,OPERATOR_KONTEN,PIC_UKE,2024-12-30T11:44:30+07:00,operator_konten_34
ENT-01006,PIC_UKE,TERVALIDASI,2025-01-15T08:59:15+07:00,pic_uke_34
ENT-01006,TERVALIDASI,PUBLISH,2025-01-19T14:52:47+07:00,operator_konten_34
ENT-01007,,DRAFT,2024-12-07T11:04:56+07:00,pengusul_16
ENT-01007,DRAFT,OPERATOR_KONTEN,2025-01-30T04:05:49+07:00,pengusul_16
ENT-01007,OPERATOR_KONTEN,PIC_UKE,2025-04-23T21:56:35+07:00,operator_konten_16
ENT-01007,PIC_UKE,TERVALIDASI,2025-05-24T18:51:22+07:00,pic_uke_16
ENT-01007,TERVALIDASI,PUBLISH,2025-10-03T16:34:34+07:00,operator_konten_16
ENT-01008,,DRAFT,2024-12-07T16:53:30+07:00,pengusul_33
ENT-01008,DRAFT,OPERATOR_KONTEN,2024-12-10T07:54:16+07:00,pengusul_33
ENT-01008,OPERATOR_KONTEN,PIC_UKE,2024-12-12T21:14:10+07:00,operator_konten_33
ENT-01008,PIC_UKE,TERVALIDASI,2024-12-20T01:41:32+07:00,pic_uke_33
ENT-01008,TERVALIDASI,PUBLISH,2024-12-28T12:48:47+07:00,operator_konten_33
ENT-01009,,DRAFT,2024-12-08T10:51:40+07:00,pengusul_51
ENT-01009,DRAFT,OPERATOR_KONTEN,2024-12-28T21:16:45+07:00,pengusul_51
ENT-01009,OPERATOR_KONTEN,PIC_UKE,2025-01-07T18:01:05+07:00,operator_konten_51
ENT-01009,PIC_UKE,TERVALIDASI,2025-01-25T18:06:19+07:00,pic_uke_51
ENT-01009,TERVALIDASI,PUBLISH,2025-02-15T09:02:13+07:00,operator_konten_51
ENT-01010,,DRAFT,2024-12-08T11:35:40+07:00,pengusul_20
ENT-01010,DRAFT,OPERATOR_KONTEN,2026-02-17T20:30:26+07:00,pengusul_20
ENT-01010,OPERATOR_KONTEN,PIC_UKE,2026-10-06T16:07:53+07:00,operator_konten_20
ENT-01011,,DRAFT,2024-12-08T13:17:25+07:00,pengusul_07
ENT-01011,DRAFT,OPERATOR_KONTEN,2024-12-20T17:45:00+07:00,pengusul_07
ENT-01011,OPERATOR_KONTEN,PIC_UKE,2025-01-03T14:05:35+07:00,operator_konten_07
ENT-01011,PIC_UKE,TERVALIDASI,2025-03-13T14:58:14+07:00,pic_uke_07
ENT-01011,TERVALIDASI,PUBLISH,2025-04-26T15:21:30+07:00,operator_konten_07
ENT-01012,,DRAFT,2024-12-08T14:43:42+07:00,pengusul_52
ENT-01012,DRAFT,OPERATOR_KONTEN,2024-12-26T19:32:36+07:00,pengusul_52
ENT-01012,OPERATOR_KONTEN,PIC_UKE,2024-12-31T10:29:52+07:00,operator_konten_52
ENT-01012,PIC_UKE,TERVALIDASI,2025-01-04T07:45:06+07:00,pic_uke_52
ENT-01012,TERVALIDASI,PUBLISH,2025-01-14T14:53:50+07:00,operator_konten_52
ENT-01013,,DRAFT,2024-12-08T14:58:16+07:00,pengusul_53
ENT-01013,DRAFT,OPERATOR_KONTEN,2025-06-03T22:03:34+07:00,pengusul_53
ENT-01013,OPERATOR_KONTEN,PIC_UKE,2026-09-21T09:06:05+07:00,operator_konten_53
ENT-01014,,DRAFT,2024-12-08T15:24:42+07:00,pengusul_30
ENT-01014,DRAFT,OPERATOR_KONTEN,2024-12-16T04:49:24+07:00,pengusul_30
ENT-01014,OPERATOR_KONTEN,PIC_UKE,2025-04-13T21:24:53+07:00,operator_konten_30
ENT-01014,PIC_UKE,TERVALIDASI,2025-04-14T03:52:28+07:00,pic_uke_30
ENT-01014,TERVALIDASI,PUBLISH,2025-04-28T15:15:03+07:00,operator_konten_30
ENT-01015,,DRAFT,2024-12-09T11:02:26+07:00,pengusul_51
ENT-01015,DRAFT,OPERATOR_KONTEN,2024-12-14T13:58:53+07:00,pengusul_51
ENT-01015,OPERATOR_KONTEN,PIC_UKE,2025-01-15T01:37:19+07:00,operator_konten_51
ENT-01015,PIC_UKE,TERVALIDASI,2025-03-16T11:56:48+07:00,pic_uke_51
ENT-01015,TERVALIDASI,PUBLISH,2025-04-14T09:08:54+07:00,operator_konten_51
ENT-01016,,DRAFT,2024-12-09T14:41:40+07:00,pengusul_13
ENT-01016,DRAFT,OPERATOR_KONTEN,2025-04-09T06:26:33+07:00,pengusul_13
ENT-01016,OPERATOR_KONTEN,PIC_UKE,2025-07-15T04:55:59+07:00,operator_konten_13
ENT-01016,PIC_UKE,TERVALIDASI,2025-07-27T04:27:20+07:00,pic_uke_13
ENT-01016,TERVALIDASI,PUBLISH,2025-08-02T10:05:23+07:00,operator_konten_13
ENT-01017,,DRAFT,2024-12-10T09:02:55+07:00,pengusul_53
ENT-01017,DRAFT,OPERATOR_KONTEN,2025-01-08T09:28:50+07:00,pengusul_53
ENT-01017,OPERATOR_KONTEN,PIC_UKE,2025-01-20T18:10:31+07:00,operator_konten_53
ENT-01017,PIC_UKE,TERVALIDASI,2025-01-30T00:42:53+07:00,pic_uke_53
ENT-01017,TERVALIDASI,PUBLISH,2025-04-02T08:39:50+07:00,operator_konten_53
ENT-01018,,DRAFT,2024-12-10T10:28:07+07:00,pengusul_30
ENT-01018,DRAFT,OPERATOR_KONTEN,2026-02-04T06:23:52+07:00,pengusul_30
ENT-01018,OPERATOR_KONTEN,PIC_UKE,2026-09-28T09:19:46+07:00,operator_konten_30
ENT-01019,,DRAFT,2024-12-10T10:36:38+07:00,pengusul_30
ENT-01019,DRAFT,OPERATOR_KONTEN,2025-08-08T08:28:24+07:00,pengusul_30
ENT-01019,OPERATOR_KONTEN,PIC_UKE,2026-10-07T14:12:39+07:00,operator_konten_30
ENT-01020,,DRAFT,2024-12-10T11:51:52+07:00,pengusul_36
ENT-01020,DRAFT,OPERATOR_KONTEN,2025-12-05T23:52:08+07:00,pengusul_36
ENT-01020,OPERATOR_KONTEN,PIC_UKE,2026-09-25T12:10:28+07:00,operator_konten_36
ENT-01021,,DRAFT,2024-12-10T13:10:56+07:00,pengusul_42
ENT-01021,DRAFT,OPERATOR_KONTEN,2025-01-29T05:40:10+07:00,pengusul_42
ENT-01021,OPERATOR_KONTEN,PIC_UKE,2025-03-13T21:39:10+07:00,operator_konten_42
ENT-01021,PIC_UKE,TERVALIDASI,2025-03-15T14:49:32+07:00,pic_uke_42
ENT-01021,TERVALIDASI,PUBLISH,2025-03-19T16:12:08+07:00,operator_konten_42
ENT-01022,,DRAFT,2024-12-10T13:29:11+07:00,pengusul_47
ENT-01022,DRAFT,OPERATOR_KONTEN,2026-08-18T09:27:09+07:00,pengusul_47
ENT-01022,OPERATOR_KONTEN,PIC_UKE,2026-10-05T13:14:45+07:00,operator_konten_47
ENT-01023,,DRAFT,2024-12-11T10:05:24+07:00,pengusul_26
ENT-01023,DRAFT,OPERATOR_KONTEN,2025-05-30T01:10:49+07:00,pengusul_26
ENT-01023,OPERATOR_KONTEN,PIC_UKE,2026-09-23T09:53:53+07:00,operator_konten_26
ENT-01024,,DRAFT,2024-12-11T12:06:21+07:00,pengusul_64
ENT-01024,DRAFT,OPERATOR_KONTEN,2025-03-03T04:25:27+07:00,pengusul_64
ENT-01024,OPERATOR_KONTEN,PIC_UKE,2025-03-18T02:36:41+07:00,operator_konten_64
ENT-01024,PIC_UKE,TERVALIDASI,2025-04-04T11:38:44+07:00,pic_uke_64
ENT-01024,TERVALIDASI,PUBLISH,2025-07-18T10:49:38+07:00,operator_konten_64
ENT-01025,,DRAFT,2024-12-11T13:55:24+07:00,pengusul_48
ENT-01025,DRAFT,OPERATOR_KONTEN,2025-02-01T13:08:07+07:00,pengusul_48
ENT-01025,OPERATOR_KONTEN,PIC_UKE,2026-09-25T10:29:57+07:00,operator_konten_48
ENT-01026,,DRAFT,2024-12-12T08:06:45+07:00,pengusul_42
ENT-01026,DRAFT,OPERATOR_KONTEN,2026-08-23T15:46:48+07:00,pengusul_42
ENT-01026,OPERATOR_KONTEN,PIC_UKE,2026-09-24T11:44:07+07:00,operator_konten_42
ENT-01027,,DRAFT,2024-12-12T08:25:43+07:00,pengusul_44
ENT-01027,DRAFT,OPERATOR_KONTEN,2026-06-03T02:16:04+07:00,pengusul_44
ENT-01027,OPERATOR_KONTEN,PIC_UKE,2026-08-18T10:35:49+07:00,operator_konten_44
ENT-01028,,DRAFT,2024-12-12T11:43:10+07:00,pengusul_48
ENT-01028,DRAFT,OPERATOR_KONTEN,2026-01-25T19:38:38+07:00,pengusul_48
ENT-01028,OPERATOR_KONTEN,PIC_UKE,2026-09-09T15:00:40+07:00,operator_konten_48
ENT-01029,,DRAFT,2024-12-12T13:27:30+07:00,pengusul_37
ENT-01029,DRAFT,OPERATOR_KONTEN,2025-02-21T17:48:41+07:00,pengusul_37
ENT-01029,OPERATOR_KONTEN,DITOLAK_OPERATOR,2025-07-07T15:15:52+07:00,operator_konten_37
ENT-01030,,DRAFT,2024-12-13T09:00:48+07:00,pengusul_62
ENT-01030,DRAFT,OPERATOR_KONTEN,2025-03-12T05:53:54+07:00,pengusul_62
ENT-01030,OPERATOR_KONTEN,PIC_UKE,2026-09-24T12:19:33+07:00,operator_konten_62
ENT-01031,,DRAFT,2024-12-13T11:29:21+07:00,pengusul_16
ENT-01031,DRAFT,OPERATOR_KONTEN,2025-01-11T17:43:11+07:00,pengusul_16
ENT-01031,OPERATOR_KONTEN,PIC_UKE,2025-01-29T03:46:32+07:00,operator_konten_16
ENT-01031,PIC_UKE,TERVALIDASI,2025-04-07T10:20:21+07:00,pic_uke_16
ENT-01031,TERVALIDASI,PUBLISH,2025-08-15T13:21:43+07:00,operator_konten_16
ENT-01032,,DRAFT,2024-12-13T13:08:25+07:00,pengusul_18
ENT-01032,DRAFT,OPERATOR_KONTEN,2024-12-18T12:44:49+07:00,pengusul_18
ENT-01032,OPERATOR_KONTEN,PIC_UKE,2024-12-23T02:54:41+07:00,operator_konten_18
ENT-01032,PIC_UKE,TERVALIDASI,2025-01-06T23:17:15+07:00,pic_uke_18
ENT-01032,TERVALIDASI,PUBLISH,2025-01-08T12:14:55+07:00,operator_konten_18
ENT-01033,,DRAFT,2024-12-14T12:27:55+07:00,pengusul_20
ENT-01033,DRAFT,OPERATOR_KONTEN,2024-12-22T02:00:20+07:00,pengusul_20
ENT-01033,OPERATOR_KONTEN,PIC_UKE,2025-01-29T02:50:07+07:00,operator_konten_20
ENT-01033,PIC_UKE,TERVALIDASI,2025-02-14T17:53:11+07:00,pic_uke_20
ENT-01033,TERVALIDASI,PUBLISH,2025-03-22T11:14:58+07:00,operator_konten_20
ENT-01034,,DRAFT,2024-12-14T15:22:04+07:00,pengusul_48
ENT-01034,DRAFT,OPERATOR_KONTEN,2024-12-22T23:59:55+07:00,pengusul_48
ENT-01034,OPERATOR_KONTEN,PIC_UKE,2025-01-09T05:58:06+07:00,operator_konten_48
ENT-01034,PIC_UKE,TERVALIDASI,2025-03-17T14:28:00+07:00,pic_uke_48
ENT-01034,TERVALIDASI,PUBLISH,2025-04-13T14:50:06+07:00,operator_konten_48
ENT-01035,,DRAFT,2024-12-14T15:35:08+07:00,pengusul_13
ENT-01035,DRAFT,OPERATOR_KONTEN,2026-10-02T09:01:25+07:00,pengusul_13
ENT-01036,,DRAFT,2024-12-15T16:07:02+07:00,pengusul_60
ENT-01036,DRAFT,OPERATOR_KONTEN,2025-01-07T02:34:44+07:00,pengusul_60
ENT-01036,OPERATOR_KONTEN,PIC_UKE,2025-03-01T05:41:12+07:00,operator_konten_60
ENT-01036,PIC_UKE,TERVALIDASI,2025-03-28T11:43:41+07:00,pic_uke_60
ENT-01036,TERVALIDASI,PUBLISH,2025-05-01T13:40:49+07:00,operator_konten_60
ENT-01037,,DRAFT,2024-12-16T08:57:09+07:00,pengusul_52
ENT-01037,DRAFT,OPERATOR_KONTEN,2024-12-20T23:04:55+07:00,pengusul_52
ENT-01037,OPERATOR_KONTEN,PIC_UKE,2025-01-11T18:13:18+07:00,operator_konten_52
ENT-01037,PIC_UKE,TERVALIDASI,2025-06-13T15:50:21+07:00,pic_uke_52
ENT-01037,TERVALIDASI,PUBLISH,2025-06-25T14:43:12+07:00,operator_konten_52
ENT-01038,,DRAFT,2024-12-16T09:19:03+07:00,pengusul_46
ENT-01038,DRAFT,OPERATOR_KONTEN,2026-08-15T10:45:18+07:00,pengusul_46
ENT-01038,OPERATOR_KONTEN,PIC_UKE,2026-08-28T14:14:37+07:00,operator_konten_46
ENT-01039,,DRAFT,2024-12-16T12:54:50+07:00,pengusul_19
ENT-01039,DRAFT,OPERATOR_KONTEN,2025-01-30T01:29:21+07:00,pengusul_19
ENT-01039,OPERATOR_KONTEN,PIC_UKE,2025-02-18T20:40:51+07:00,operator_konten_19
ENT-01039,PIC_UKE,TERVALIDASI,2025-02-22T09:19:18+07:00,pic_uke_19
ENT-01039,TERVALIDASI,PUBLISH,2025-04-20T12:28:46+07:00,operator_konten_19
ENT-01040,,DRAFT,2024-12-17T10:24:30+07:00,pengusul_22
ENT-01040,DRAFT,OPERATOR_KONTEN,2025-01-13T17:06:15+07:00,pengusul_22
ENT-01040,OPERATOR_KONTEN,PIC_UKE,2025-04-25T15:25:39+07:00,operator_konten_22
ENT-01040,PIC_UKE,TERVALIDASI,2025-05-16T05:06:10+07:00,pic_uke_22
ENT-01040,TERVALIDASI,PUBLISH,2025-06-03T10:04:32+07:00,operator_konten_22
ENT-01041,,DRAFT,2024-12-17T12:36:27+07:00,pengusul_49
ENT-01041,DRAFT,OPERATOR_KONTEN,2025-03-17T05:47:46+07:00,pengusul_49
ENT-01041,OPERATOR_KONTEN,PIC_UKE,2025-09-16T06:23:42+07:00,operator_konten_49
ENT-01041,PIC_UKE,TERVALIDASI,2026-09-30T10:28:30+07:00,pic_uke_49
ENT-01042,,DRAFT,2024-12-17T12:41:45+07:00,pengusul_06
ENT-01042,DRAFT,OPERATOR_KONTEN,2025-11-22T20:37:45+07:00,pengusul_06
ENT-01042,OPERATOR_KONTEN,DITOLAK_OPERATOR,2026-03-26T17:50:00+07:00,operator_konten_06
ENT-01042,DITOLAK_OPERATOR,DRAFT,2026-10-07T12:05:15+07:00,pengusul_06
ENT-01043,,DRAFT,2024-12-17T14:23:31+07:00,pengusul_13
ENT-01043,DRAFT,OPERATOR_KONTEN,2025-11-24T00:36:22+07:00,pengusul_13
ENT-01043,OPERATOR_KONTEN,PIC_UKE,2026-09-15T12:01:37+07:00,operator_konten_13
ENT-01044,,DRAFT,2024-12-18T11:20:48+07:00,pengusul_40
ENT-01044,DRAFT,OPERATOR_KONTEN,2025-05-27T05:40:00+07:00,pengusul_40
ENT-01044,OPERATOR_KONTEN,PIC_UKE,2026-09-30T12:16:06+07:00,operator_konten_40
ENT-01045,,DRAFT,2024-12-18T13:26:08+07:00,pengusul_11
ENT-01045,DRAFT,OPERATOR_KONTEN,2025-01-04T21:06:59+07:00,pengusul_11
ENT-01045,OPERATOR_KONTEN,PIC_UKE,2025-04-13T17:19:32+07:00,operator_konten_11
ENT-01045,PIC_UKE,TERVALIDASI,2025-07-04T07:44:55+07:00,pic_uke_11
ENT-01045,TERVALIDASI,PUBLISH,2025-07-28T12:33:06+07:00,operator_konten_11
ENT-01046,,DRAFT,2024-12-18T13:26:19+07:00,pengusul_42
ENT-01046,DRAFT,OPERATOR_KONTEN,2025-08-14T18:40:48+07:00,pengusul_42
ENT-01046,OPERATOR_KONTEN,PIC_UKE,2026-10-08T10:59:19+07:00,operator_konten_42
ENT-01047,,DRAFT,2024-12-18T14:40:29+07:00,pengusul_07
ENT-01047,DRAFT,OPERATOR_KONTEN,2025-03-06T22:14:56+07:00,pengusul_07
ENT-01047,OPERATOR_KONTEN,PIC_UKE,2025-03-26T04:46:44+07:00,operator_konten_07
ENT-01047,PIC_UKE,TERVALIDASI,2025-08-02T17:33:10+07:00,pic_uke_07
ENT-01047,TERVALIDASI,PUBLISH,2025-09-10T11:05:30+07:00,operator_konten_07
ENT-01048,,DRAFT,2024-12-18T15:36:15+07:00,pengusul_65
ENT-01048,DRAFT,OPERATOR_KONTEN,2025-01-26T05:51:29+07:00,pengusul_65
ENT-01048,OPERATOR_KONTEN,DITOLAK_OPERATOR,2026-04-13T08:46:37+07:00,operator_konten_65
ENT-01048,DITOLAK_OPERATOR,DRAFT,2026-10-05T15:49:32+07:00,pengusul_65
ENT-01049,,DRAFT,2024-12-18T15:49:07+07:00,pengusul_04
ENT-01049,DRAFT,OPERATOR_KONTEN,2026-06-19T05:21:46+07:00,pengusul_04
ENT-01049,OPERATOR_KONTEN,PIC_UKE,2026-09-11T11:57:13+07:00,operator_konten_04
ENT-01050,,DRAFT,2024-12-19T08:14:22+07:00,pengusul_22
ENT-01050,DRAFT,OPERATOR_KONTEN,2024-12-26T23:16:26+07:00,pengusul_22
ENT-01050,OPERATOR_KONTEN,PIC_UKE,2025-01-16T04:17:07+07:00,operator_konten_22
ENT-01050,PIC_UKE,TERVALIDASI,2025-01-28T16:46:42+07:00,pic_uke_22
ENT-01050,TERVALIDASI,PUBLISH,2025-02-02T11:02:50+07:00,operator_konten_22
ENT-01051,,DRAFT,2024-12-19T14:07:41+07:00,pengusul_15
ENT-01051,DRAFT,OPERATOR_KONTEN,2025-01-10T04:47:40+07:00,pengusul_15
ENT-01051,OPERATOR_KONTEN,PIC_UKE,2025-02-10T17:18:31+07:00,operator_konten_15
ENT-01051,PIC_UKE,TERVALIDASI,2025-05-02T11:57:58+07:00,pic_uke_15
ENT-01051,TERVALIDASI,PUBLISH,2025-08-08T09:05:53+07:00,operator_konten_15
ENT-01052,,DRAFT,2024-12-19T15:28:01+07:00,pengusul_04
ENT-01052,DRAFT,OPERATOR_KONTEN,2026-07-23T18:50:10+07:00,pengusul_04
ENT-01052,OPERATOR_KONTEN,PIC_UKE,2026-09-30T16:03:49+07:00,operator_konten_04
ENT-01053,,DRAFT,2024-12-19T16:18:58+07:00,pengusul_31
ENT-01053,DRAFT,OPERATOR_KONTEN,2024-12-20T08:21:02+07:00,pengusul_31
ENT-01053,OPERATOR_KONTEN,PIC_UKE,2025-01-01T04:24:53+07:00,operator_konten_31
ENT-01053,PIC_UKE,TERVALIDASI,2025-01-02T19:50:25+07:00,pic_uke_31
ENT-01053,TERVALIDASI,PUBLISH,2025-01-16T14:14:24+07:00,operator_konten_31
ENT-01054,,DRAFT,2024-12-20T12:48:46+07:00,pengusul_40
ENT-01054,DRAFT,OPERATOR_KONTEN,2025-01-31T05:31:44+07:00,pengusul_40
ENT-01054,OPERATOR_KONTEN,PIC_UKE,2025-03-23T16:14:50+07:00,operator_konten_40
ENT-01054,PIC_UKE,TERVALIDASI,2025-05-09T19:39:54+07:00,pic_uke_40
ENT-01054,TERVALIDASI,PUBLISH,2025-05-20T12:52:31+07:00,operator_konten_40
ENT-01055,,DRAFT,2024-12-20T13:35:56+07:00,pengusul_13
ENT-01055,DRAFT,OPERATOR_KONTEN,2025-04-02T17:38:38+07:00,pengusul_13
ENT-01055,OPERATOR_KONTEN,PIC_UKE,2025-04-06T03:24:53+07:00,operator_konten_13
ENT-01055,PIC_UKE,TERVALIDASI,2025-05-05T02:53:01+07:00,pic_uke_13
ENT-01055,TERVALIDASI,PUBLISH,2025-07-13T14:25:48+07:00,operator_konten_13
ENT-01056,,DRAFT,2024-12-20T13:51:58+07:00,pengusul_13
ENT-01056,DRAFT,OPERATOR_KONTEN,2026-02-09T03:35:21+07:00,pengusul_13
ENT-01056,OPERATOR_KONTEN,PIC_UKE,2026-09-23T08:52:03+07:00,operator_konten_13
ENT-01057,,DRAFT,2024-12-20T14:37:55+07:00,pengusul_53
ENT-01057,DRAFT,OPERATOR_KONTEN,2025-02-03T04:04:14+07:00,pengusul_53
ENT-01057,OPERATOR_KONTEN,PIC_UKE,2025-02-04T12:05:35+07:00,operator_konten_53
ENT-01057,PIC_UKE,TERVALIDASI,2025-02-26T23:17:28+07:00,pic_uke_53
ENT-01057,TERVALIDASI,PUBLISH,2025-03-01T10:57:00+07:00,operator_konten_53
ENT-01058,,DRAFT,2024-12-20T16:37:16+07:00,pengusul_00
ENT-01058,DRAFT,OPERATOR_KONTEN,2024-12-26T11:07:01+07:00,pengusul_00
ENT-01058,OPERATOR_KONTEN,PIC_UKE,2025-02-19T14:43:30+07:00,operator_konten_00
ENT-01058,PIC_UKE,TERVALIDASI,2025-03-22T15:04:43+07:00,pic_uke_00
ENT-01058,TERVALIDASI,PUBLISH,2025-06-01T14:47:24+07:00,operator_konten_00
ENT-01059,,DRAFT,2024-12-20T16:52:45+07:00,pengusul_43
ENT-01059,DRAFT,OPERATOR_KONTEN,2025-02-04T14:23:21+07:00,pengusul_43
ENT-01059,OPERATOR_KONTEN,PIC_UKE,2025-04-25T21:05:52+07:00,operator_konten_43
ENT-01059,PIC_UKE,TERVALIDASI,2025-05-22T05:28:09+07:00,pic_uke_43
ENT-01059,TERVALIDASI,PUBLISH,2025-07-11T11:31:22+07:00,operator_konten_43
ENT-01060,,DRAFT,2024-12-21T15:00:47+07:00,pengusul_11
ENT-01060,DRAFT,OPERATOR_KONTEN,2025-08-22T05:39:45+07:00,pengusul_11
ENT-01060,OPERATOR_KONTEN,DITOLAK_OPERATOR,2026-06-28T09:45:50+07:00,operator_konten_11
ENT-01060,DITOLAK_OPERATOR,DRAFT,2026-10-06T08:07:42+07:00,pengusul_11
ENT-01061,,DRAFT,2024-12-21T15:23:00+07:00,pengusul_54
ENT-01061,DRAFT,OPERATOR_KONTEN,2025-02-14T18:02:30+07:00,pengusul_54
ENT-01061,OPERATOR_KONTEN,PIC_UKE,2025-12-24T06:35:23+07:00,operator_konten_54
ENT-01061,PIC_UKE,TERVALIDASI,2026-10-07T16:10:48+07:00,pic_uke_54
ENT-01062,,DRAFT,2024-12-22T15:09:49+07:00,pengusul_10
ENT-01062,DRAFT,OPERATOR_KONTEN,2025-02-03T00:04:26+07:00,pengusul_10
ENT-01062,OPERATOR_KONTEN,PIC_UKE,2025-05-04T18:10:32+07:00,operator_konten_10
ENT-01062,PIC_UKE,TERVALIDASI,2025-07-16T23:15:00+07:00,pic_uke_10
ENT-01062,TERVALIDASI,PUBLISH,2025-08-14T10:56:54+07:00,operator_konten_10
ENT-01063,,DRAFT,2024-12-23T09:10:29+07:00,pengusul_13
ENT-01063,DRAFT,OPERATOR_KONTEN,2025-07-09T21:46:54+07:00,pengusul_13
ENT-01063,OPERATOR_KONTEN,PIC_UKE,2026-09-28T15:33:32+07:00,operator_konten_13
ENT-01064,,DRAFT,2024-12-23T11:12:48+07:00,pengusul_57
ENT-01064,DRAFT,OPERATOR_KONTEN,2024-12-24T03:04:33+07:00,pengusul_57
ENT-01064,OPERATOR_KONTEN,PIC_UKE,2024-12-31T15:40:02+07:00,operator_konten_57
ENT-01064,PIC_UKE,TERVALIDASI,2024-12-31T15:58:24+07:00,pic_uke_57
ENT-01064,TERVALIDASI,PUBLISH,2025-01-21T16:12:11+07:00,operator_konten_57
ENT-01065,,DRAFT,2024-12-23T13:25:18+07:00,pengusul_26
ENT-01065,DRAFT,OPERATOR_KONTEN,2025-03-17T15:25:33+07:00,pengusul_26
ENT-01065,OPERATOR_KONTEN,DITOLAK_OPERATOR,2025-06-27T15:28:12+07:00,operator_konten_26
ENT-01066,,DRAFT,2024-12-23T15:59:49+07:00,pengusul_07
ENT-01066,DRAFT,OPERATOR_KONTEN,2025-03-09T06:11:16+07:00,pengusul_07
ENT-01066,OPERATOR_KONTEN,PIC_UKE,2025-05-23T00:33:48+07:00,operator_konten_07
ENT-01066,PIC_UKE,TERVALIDASI,2025-05-31T14:59:55+07:00,pic_uke_07
ENT-01066,TERVALIDASI,PUBLISH,2025-09-03T14:12:03+07:00,operator_konten_07
ENT-01067,,DRAFT,2024-12-23T16:17:05+07:00,pengusul_35
ENT-01067,DRAFT,OPERATOR_KONTEN,2025-10-17T09:15:48+07:00,pengusul_35
ENT-01067,OPERATOR_KONTEN,PIC_UKE,2026-08-07T11:45:59+07:00,operator_konten_35
ENT-01068,,DRAFT,2024-12-24T15:31:54+07:00,pengusul_40
ENT-01068,DRAFT,OPERATOR_KONTEN,2025-03-03T14:26:47+07:00,pengusul_40
ENT-01068,OPERATOR_KONTEN,PIC_UKE,2025-03-20T08:02:18+07:00,operator_konten_40
ENT-01068,PIC_UKE,TERVALIDASI,2025-06-11T16:20:24+07:00,pic_uke_40
ENT-01068,TERVALIDASI,PUBLISH,2025-06-21T14:38:43+07:00,operator_konten_40
ENT-01069,,DRAFT,2024-12-25T11:19:10+07:00,pengusul_64
ENT-01069,DRAFT,OPERATOR_KONTEN,2024-12-31T12:28:48+07:00,pengusul_64
ENT-01069,OPERATOR_KONTEN,PIC_UKE,2025-03-13T03:30:02+07:00,operator_konten_64
ENT-01069,PIC_UKE,TERVALIDASI,2025-05-05T05:58:00+07:00,pic_uke_64
ENT-01069,TERVALIDASI,PUBLISH,2025-06-09T12:58:19+07:00,operator_konten_64
ENT-01070,,DRAFT,2024-12-25T14:15:39+07:00,pengusul_12
ENT-01070,DRAFT,OPERATOR_KONTEN,2025-07-29T07:38:06+07:00,pengusul_12
ENT-01070,OPERATOR_KONTEN,PIC_UKE,2026-10-05T11:13:23+07:00,operator_konten_12
ENT-01071,,DRAFT,2024-12-25T15:44:48+07:00,pengusul_37
ENT-01071,DRAFT,OPERATOR_KONTEN,2025-01-06T17:17:48+07:00,pengusul_37
ENT-01071,OPERATOR_KONTEN,PIC_UKE,2025-01-21T15:55:54+07:00,operator_konten_37
ENT-01071,PIC_UKE,TERVALIDASI,2025-01-23T06:53:44+07:00,pic_uke_37
ENT-01071,TERVALIDASI,PUBLISH,2025-02-11T08:09:49+07:00,operator_konten_37
ENT-01072,,DRAFT,2024-12-26T09:30:05+07:00,pengusul_42
ENT-01072,DRAFT,OPERATOR_KONTEN,2024-12-27T23:00:49+07:00,pengusul_42
ENT-01072,OPERATOR_KONTEN,PIC_UKE,2024-12-28T07:18:38+07:00,operator_konten_42
ENT-01072,PIC_UKE,TERVALIDASI,2024-12-30T00:38:37+07:00,pic_uke_42
ENT-01072,TERVALIDASI,PUBLISH,2024-12-30T10:23:51+07:00,operator_konten_42
ENT-01073,,DRAFT,2024-12-26T11:57:59+07:00,pengusul_64
ENT-01073,DRAFT,OPERATOR_KONTEN,2025-04-04T06:31:08+07:00,pengusul_64
ENT-01073,OPERATOR_KONTEN,PIC_UKE,2025-04-04T07:05:42+07:00,operator_konten_64
ENT-01073,PIC_UKE,TERVALIDASI,2025-06-11T18:08:33+07:00,pic_uke_64
ENT-01073,TERVALIDASI,PUBLISH,2025-07-22T14:44:23+07:00,operator_konten_64
ENT-01074,,DRAFT,2024-12-26T13:28:58+07:00,pengusul_47
ENT-01074,DRAFT,OPERATOR_KONTEN,2026-08-29T06:05:47+07:00,pengusul_47
ENT-01074,OPERATOR_KONTEN,PIC_UKE,2026-10-07T09:42:52+07:00,operator_konten_47
ENT-01075,,DRAFT,2024-12-27T08:51:12+07:00,pengusul_32
ENT-01075,DRAFT,OPERATOR_KONTEN,2025-02-11T06:59:07+07:00,pengusul_32
ENT-01075,OPERATOR_KONTEN,PIC_UKE,2025-03-28T23:47:48+07:00,operator_konten_32
ENT-01075,PIC_UKE,TERVALIDASI,2025-09-14T14:54:41+07:00,pic_uke_32
ENT-01075,TERVALIDASI,PUBLISH,2025-09-28T09:39:43+07:00,operator_konten_32
ENT-01076,,DRAFT,2024-12-27T10:17:45+07:00,pengusul_51
ENT-01076,DRAFT,OPERATOR_KONTEN,2025-01-02T09:17:34+07:00,pengusul_51
ENT-01076,OPERATOR_KONTEN,PIC_UKE,2025-01-27T12:39:46+07:00,operator_konten_51
ENT-01076,PIC_UKE,TERVALIDASI,2025-02-08T07:20:26+07:00,pic_uke_51
ENT-01076,TERVALIDASI,PUBLISH,2025-09-02T15:23:55+07:00,operator_konten_51
ENT-01077,,DRAFT,2024-12-27T13:41:13+07:00,pengusul_07
ENT-01077,DRAFT,OPERATOR_KONTEN,2025-03-18T05:00:55+07:00,pengusul_07
ENT-01077,OPERATOR_KONTEN,PIC_UKE,2025-03-22T10:54:12+07:00,operator_konten_07
ENT-01077,PIC_UKE,TERVALIDASI,2025-05-03T19:34:02+07:00,pic_uke_07
ENT-01077,TERVALIDASI,PUBLISH,2025-08-02T14:35:58+07:00,operator_konten_07
ENT-01078,,DRAFT,2024-12-27T14:26:00+07:00,pengusul_41
ENT-01078,DRAFT,OPERATOR_KONTEN,2026-03-14T07:15:38+07:00,pengusul_41
ENT-01078,OPERATOR_KONTEN,PIC_UKE,2026-10-02T13:10:14+07:00,operator_konten_41
ENT-01079,,DRAFT,2024-12-27T15:47:21+07:00,pengusul_60
ENT-01079,DRAFT,OPERATOR_KONTEN,2025-01-26T13:14:11+07:00,pengusul_60
ENT-01079,OPERATOR_KONTEN,PIC_UKE,2025-02-09T08:17:31+07:00,operator_konten_60
ENT-01079,PIC_UKE,TERVALIDASI,2025-02-18T01:26:43+07:00,pic_uke_60
ENT-01079,TERVALIDASI,PUBLISH,2025-03-29T11:19:48+07:00,operator_konten_60
ENT-01080,,DRAFT,2024-12-27T16:01:30+07:00,pengusul_36
ENT-01080,DRAFT,OPERATOR_KONTEN,2026-04-21T07:12:34+07:00,pengusul_36
ENT-01080,OPERATOR_KONTEN,PIC_UKE,2026-07-29T15:28:49+07:00,operator_konten_36
ENT-01081,,DRAFT,2024-12-27T16:49:17+07:00,pengusul_45
ENT-01081,DRAFT,OPERATOR_KONTEN,2025-01-18T06:58:40+07:00,pengusul_45
ENT-01081,OPERATOR_KONTEN,PIC_UKE,2025-01-21T06:19:28+07:00,operator_konten_45
ENT-01081,PIC_UKE,TERVALIDASI,2025-02-25T09:00:29+07:00,pic_uke_45
ENT-01081,TERVALIDASI,PUBLISH,2025-04-03T09:01:08+07:00,operator_konten_45
ENT-01081,PUBLISH,UNPUBLISH,2025-07-05T09:50:19+07:00,admin_45
ENT-01082,,DRAFT,2024-12-28T12:59:10+07:00,pengusul_05
ENT-01082,DRAFT,OPERATOR_KONTEN,2025-05-10T23:50:53+07:00,pengusul_05
ENT-01082,OPERATOR_KONTEN,PIC_UKE,2026-09-18T15:45:24+07:00,operator_konten_05
ENT-01083,,DRAFT,2024-12-29T12:15:24+07:00,pengusul_06
ENT-01083,DRAFT,OPERATOR_KONTEN,2026-07-15T02:12:44+07:00,pengusul_06
ENT-01083,OPERATOR_KONTEN,PIC_UKE,2026-10-06T16:13:58+07:00,operator_konten_06
ENT-01084,,DRAFT,2024-12-30T16:59:37+07:00,pengusul_05
ENT-01084,DRAFT,OPERATOR_KONTEN,2025-01-07T02:53:04+07:00,pengusul_05
ENT-01084,OPERATOR_KONTEN,PIC_UKE,2025-02-03T18:51:38+07:00,operator_konten_05
ENT-01084,PIC_UKE,TERVALIDASI,2025-02-08T13:32:07+07:00,pic_uke_05
ENT-01084,TERVALIDASI,PUBLISH,2025-05-28T11:53:06+07:00,operator_konten_05
ENT-01085,,DRAFT,2024-12-31T11:35:04+07:00,pengusul_17
ENT-01085,DRAFT,OPERATOR_KONTEN,2026-03-20T20:07:02+07:00,pengusul_17
ENT-01085,OPERATOR_KONTEN,PIC_UKE,2026-10-08T15:44:04+07:00,operator_konten_17
ENT-01086,,DRAFT,2024-12-31T14:31:00+07:00,pengusul_07
ENT-01086,DRAFT,OPERATOR_KONTEN,2025-03-21T12:31:59+07:00,pengusul_07
ENT-01086,OPERATOR_KONTEN,PIC_UKE,2025-03-29T20:35:17+07:00,operator_konten_07
ENT-01086,PIC_UKE,TERVALIDASI,2025-04-22T20:24:49+07:00,pic_uke_07
ENT-01086,TERVALIDASI,PUBLISH,2025-07-13T08:16:06+07:00,operator_konten_07
ENT-01087,,DRAFT,2025-01-01T08:42:33+07:00,pengusul_06
ENT-01087,DRAFT,OPERATOR_KONTEN,2025-05-14T16:05:25+07:00,pengusul_06
ENT-01087,OPERATOR_KONTEN,PIC_UKE,2026-09-24T11:28:08+07:00,operator_konten_06
ENT-01088,,DRAFT,2025-01-01T11:18:47+07:00,pengusul_06
ENT-01088,DRAFT,OPERATOR_KONTEN,2025-10-17T20:12:11+07:00,pengusul_06
ENT-01088,OPERATOR_KONTEN,PIC_UKE,2026-10-08T10:38:14+07:00,operator_konten_06
ENT-01089,,DRAFT,2025-01-01T13:46:51+07:00,pengusul_45
ENT-01089,DRAFT,OPERATOR_KONTEN,2025-04-29T02:15:24+07:00,pengusul_45
ENT-01089,OPERATOR_KONTEN,PIC_UKE,2025-05-07T09:22:00+07:00,operator_konten_45
ENT-01089,PIC_UKE,TERVALIDASI,2025-07-29T17:22:47+07:00,pic_uke_45
ENT-01089,TERVALIDASI,PUBLISH,2025-08-29T13:47:53+07:00,operator_konten_45
ENT-01090,,DRAFT,2025-01-01T14:10:27+07:00,pengusul_05
ENT-01090,DRAFT,OPERATOR_KONTEN,2025-01-04T05:36:54+07:00,pengusul_05
ENT-01090,OPERATOR_KONTEN,PIC_UKE,2025-01-13T03:05:30+07:00,operator_konten_05
ENT-01090,PIC_UKE,TERVALIDASI,2025-02-03T09:57:21+07:00,pic_uke_05
ENT-01090,TERVALIDASI,PUBLISH,2025-02-14T11:32:41+07:00,operator_konten_05
ENT-01091,,DRAFT,2025-01-01T14:52:42+07:00,pengusul_52
ENT-01091,DRAFT,OPERATOR_KONTEN,2025-03-08T16:37:46+07:00,pengusul_52
ENT-01091,OPERATOR_KONTEN,PIC_UKE,2025-03-20T10:41:17+07:00,operator_konten_52
ENT-01091,PIC_UKE,TERVALIDASI,2025-05-09T07:47:01+07:00,pic_uke_52
ENT-01091,TERVALIDASI,PUBLISH,2025-06-05T10:40:44+07:00,operator_konten_52
ENT-01092,,DRAFT,2025-01-01T15:43:37+07:00,pengusul_31
ENT-01092,DRAFT,OPERATOR_KONTEN,2025-01-10T18:21:04+07:00,pengusul_31
ENT-01092,OPERATOR_KONTEN,PIC_UKE,2025-02-20T17:53:40+07:00,operator_konten_31
ENT-01092,PIC_UKE,TERVALIDASI,2025-03-23T00:57:38+07:00,pic_uke_31
ENT-01092,TERVALIDASI,PUBLISH,2025-04-16T08:44:59+07:00,operator_konten_31
ENT-01093,,DRAFT,2025-01-02T12:04:13+07:00,pengusul_17
ENT-01093,DRAFT,OPERATOR_KONTEN,2025-01-20T03:29:27+07:00,pengusul_17
ENT-01093,OPERATOR_KONTEN,PIC_UKE,2025-04-09T01:40:52+07:00,operator_konten_17
ENT-01093,PIC_UKE,TERVALIDASI,2025-04-22T02:24:35+07:00,pic_uke_17
ENT-01093,TERVALIDASI,PUBLISH,2025-05-18T11:02:19+07:00,operator_konten_17
ENT-01094,,DRAFT,2025-01-02T12:05:49+07:00,pengusul_04
ENT-01094,DRAFT,OPERATOR_KONTEN,2025-01-18T14:58:48+07:00,pengusul_04
ENT-01094,OPERATOR_KONTEN,PIC_UKE,2025-02-02T05:49:03+07:00,operator_konten_04
ENT-01094,PIC_UKE,TERVALIDASI,2025-02-05T07:31:15+07:00,pic_uke_04
ENT-01094,TERVALIDASI,PUBLISH,2025-02-10T08:47:17+07:00,operator_konten_04
ENT-01095,,DRAFT,2025-01-03T11:37:12+07:00,pengusul_41
ENT-01095,DRAFT,OPERATOR_KONTEN,2025-01-11T16:13:22+07:00,pengusul_41
ENT-01095,OPERATOR_KONTEN,PIC_UKE,2025-01-12T08:14:36+07:00,operator_konten_41
ENT-01095,PIC_UKE,TERVALIDASI,2025-01-18T06:23:50+07:00,pic_uke_41
ENT-01095,TERVALIDASI,PUBLISH,2025-01-22T09:07:18+07:00,operator_konten_41
ENT-01096,,DRAFT,2025-01-03T13:37:00+07:00,pengusul_22
ENT-01096,DRAFT,OPERATOR_KONTEN,2025-02-21T10:04:01+07:00,pengusul_22
ENT-01096,OPERATOR_KONTEN,PIC_UKE,2025-03-08T01:28:37+07:00,operator_konten_22
ENT-01096,PIC_UKE,TERVALIDASI,2025-03-14T02:58:26+07:00,pic_uke_22
ENT-01096,TERVALIDASI,PUBLISH,2025-03-29T09:31:37+07:00,operator_konten_22
ENT-01097,,DRAFT,2025-01-03T16:34:06+07:00,pengusul_68
ENT-01097,DRAFT,OPERATOR_KONTEN,2026-02-07T13:17:08+07:00,pengusul_68
ENT-01097,OPERATOR_KONTEN,PIC_UKE,2026-09-21T14:23:50+07:00,operator_konten_68
ENT-01098,,DRAFT,2025-01-04T13:59:07+07:00,pengusul_60
ENT-01098,DRAFT,OPERATOR_KONTEN,2025-02-04T21:30:52+07:00,pengusul_60
ENT-01098,OPERATOR_KONTEN,PIC_UKE,2025-03-14T18:49:54+07:00,operator_konten_60
ENT-01098,PIC_UKE,TERVALIDASI,2025-03-31T19:18:19+07:00,pic_uke_60
ENT-01098,TERVALIDASI,PUBLISH,2025-06-23T10:36:29+07:00,operator_konten_60
ENT-01099,,DRAFT,2025-01-05T09:28:09+07:00,pengusul_64
ENT-01099,DRAFT,OPERATOR_KONTEN,2025-02-01T13:58:38+07:00,pengusul_64
ENT-01099,OPERATOR_KONTEN,PIC_UKE,2025-03-28T08:59:43+07:00,operator_konten_64
ENT-01099,PIC_UKE,TERVALIDASI,2025-06-11T05:06:44+07:00,pic_uke_64
ENT-01099,TERVALIDASI,PUBLISH,2025-07-05T14:42:29+07:00,operator_konten_64
ENT-01100,,DRAFT,2025-01-05T10:43:47+07:00,pengusul_52
ENT-01100,DRAFT,OPERATOR_KONTEN,2025-01-17T19:51:24+07:00,pengusul_52
ENT-01100,OPERATOR_KONTEN,PIC_UKE,2025-01-19T08:22:13+07:00,operator_konten_52
ENT-01100,PIC_UKE,TERVALIDASI,2025-02-23T13:20:08+07:00,pic_uke_52
ENT-01100,TERVALIDASI,PUBLISH,2025-03-30T09:55:31+07:00,operator_konten_52
ENT-01101,,DRAFT,2025-01-05T12:01:16+07:00,pengusul_48
ENT-01101,DRAFT,OPERATOR_KONTEN,2025-09-09T04:40:58+07:00,pengusul_48
ENT-01101,OPERATOR_KONTEN,DITOLAK_OPERATOR,2026-07-22T07:44:58+07:00,operator_konten_48
ENT-01101,DITOLAK_OPERATOR,DRAFT,2026-10-02T12:08:22+07:00,pengusul_48
ENT-01102,,DRAFT,2025-01-05T14:45:52+07:00,pengusul_60
ENT-01102,DRAFT,OPERATOR_KONTEN,2025-01-16T19:22:29+07:00,pengusul_60
ENT-01102,OPERATOR_KONTEN,PIC_UKE,2025-03-23T09:09:48+07:00,operator_konten_60
ENT-01102,PIC_UKE,TERVALIDASI,2025-03-24T10:23:34+07:00,pic_uke_60
ENT-01102,TERVALIDASI,PUBLISH,2025-04-25T13:47:15+07:00,operator_konten_60
ENT-01103,,DRAFT,2025-01-06T13:37:22+07:00,pengusul_09
ENT-01103,DRAFT,OPERATOR_KONTEN,2026-08-29T07:17:12+07:00,pengusul_09
ENT-01103,OPERATOR_KONTEN,PIC_UKE,2026-09-11T14:20:34+07:00,operator_konten_09
ENT-01104,,DRAFT,2025-01-06T14:19:43+07:00,pengusul_04
ENT-01104,DRAFT,OPERATOR_KONTEN,2026-08-04T18:01:24+07:00,pengusul_04
ENT-01104,OPERATOR_KONTEN,PIC_UKE,2026-09-17T11:10:50+07:00,operator_konten_04
ENT-01105,,DRAFT,2025-01-06T16:51:46+07:00,pengusul_61
ENT-01105,DRAFT,OPERATOR_KONTEN,2025-04-11T02:34:05+07:00,pengusul_61
ENT-01105,OPERATOR_KONTEN,PIC_UKE,2026-09-18T13:28:46+07:00,operator_konten_61
ENT-01106,,DRAFT,2025-01-07T11:52:33+07:00,pengusul_27
ENT-01106,DRAFT,OPERATOR_KONTEN,2025-05-03T02:03:13+07:00,pengusul_27
ENT-01106,OPERATOR_KONTEN,PIC_UKE,2026-09-24T16:45:54+07:00,operator_konten_27
ENT-01107,,DRAFT,2025-01-07T16:35:54+07:00,pengusul_32
ENT-01107,DRAFT,OPERATOR_KONTEN,2025-01-21T20:06:51+07:00,pengusul_32
ENT-01107,OPERATOR_KONTEN,PIC_UKE,2025-02-14T09:26:16+07:00,operator_konten_32
ENT-01107,PIC_UKE,TERVALIDASI,2025-03-18T17:11:12+07:00,pic_uke_32
ENT-01107,TERVALIDASI,PUBLISH,2025-03-27T16:02:12+07:00,operator_konten_32
ENT-01108,,DRAFT,2025-01-08T08:07:03+07:00,pengusul_16
ENT-01108,DRAFT,OPERATOR_KONTEN,2025-02-05T10:50:22+07:00,pengusul_16
ENT-01108,OPERATOR_KONTEN,PIC_UKE,2025-08-16T17:12:54+07:00,operator_konten_16
ENT-01108,PIC_UKE,TERVALIDASI,2025-09-02T11:04:01+07:00,pic_uke_16
ENT-01108,TERVALIDASI,PUBLISH,2025-09-30T13:08:06+07:00,operator_konten_16
ENT-01109,,DRAFT,2025-01-08T10:35:25+07:00,pengusul_06
ENT-01109,DRAFT,OPERATOR_KONTEN,2025-01-31T22:30:42+07:00,pengusul_06
ENT-01109,OPERATOR_KONTEN,PIC_UKE,2025-03-19T04:04:47+07:00,operator_konten_06
ENT-01109,PIC_UKE,TERVALIDASI,2025-04-26T04:45:51+07:00,pic_uke_06
ENT-01109,TERVALIDASI,PUBLISH,2025-05-23T16:45:42+07:00,operator_konten_06
ENT-01110,,DRAFT,2025-01-08T11:03:43+07:00,pengusul_39
ENT-01110,DRAFT,OPERATOR_KONTEN,2025-05-27T00:29:05+07:00,pengusul_39
ENT-01110,OPERATOR_KONTEN,PIC_UKE,2025-09-12T15:16:21+07:00,operator_konten_39
ENT-01110,PIC_UKE,TERVALIDASI,2025-09-20T20:36:20+07:00,pic_uke_39
ENT-01110,TERVALIDASI,PUBLISH,2025-10-13T08:14:34+07:00,operator_konten_39
ENT-01111,,DRAFT,2025-01-08T12:56:48+07:00,pengusul_50
ENT-01111,DRAFT,OPERATOR_KONTEN,2025-02-04T11:14:50+07:00,pengusul_50
ENT-01111,OPERATOR_KONTEN,PIC_UKE,2025-02-13T03:44:01+07:00,operator_konten_50
ENT-01111,PIC_UKE,TERVALIDASI,2025-04-05T16:06:39+07:00,pic_uke_50
ENT-01111,TERVALIDASI,PUBLISH,2025-09-26T14:02:36+07:00,operator_konten_50
ENT-01112,,DRAFT,2025-01-08T13:14:44+07:00,pengusul_06
ENT-01112,DRAFT,OPERATOR_KONTEN,2025-03-26T15:54:49+07:00,pengusul_06
ENT-01112,OPERATOR_KONTEN,PIC_UKE,2025-03-29T07:40:25+07:00,operator_konten_06
ENT-01112,PIC_UKE,TERVALIDASI,2025-04-01T10:04:52+07:00,pic_uke_06
ENT-01112,TERVALIDASI,PUBLISH,2025-05-22T09:19:50+07:00,operator_konten_06
ENT-01113,,DRAFT,2025-01-08T16:02:09+07:00,pengusul_29
ENT-01113,DRAFT,OPERATOR_KONTEN,2025-06-26T15:15:10+07:00,pengusul_29
ENT-01113,OPERATOR_KONTEN,PIC_UKE,2026-09-10T08:21:10+07:00,operator_konten_29
ENT-01114,,DRAFT,2025-01-09T10:03:22+07:00,pengusul_23
ENT-01114,DRAFT,OPERATOR_KONTEN,2026-04-04T10:47:09+07:00,pengusul_23
ENT-01114,OPERATOR_KONTEN,PIC_UKE,2026-09-23T10:03:21+07:00,operator_konten_23
ENT-01115,,DRAFT,2025-01-09T12:14:53+07:00,pengusul_41
ENT-01115,DRAFT,OPERATOR_KONTEN,2025-04-12T22:38:28+07:00,pengusul_41
ENT-01115,OPERATOR_KONTEN,PIC_UKE,2025-05-06T21:25:41+07:00,operator_konten_41
ENT-01115,PIC_UKE,TERVALIDASI,2025-06-05T20:17:29+07:00,pic_uke_41
ENT-01115,TERVALIDASI,PUBLISH,2025-07-30T12:22:47+07:00,operator_konten_41
ENT-01116,,DRAFT,2025-01-09T14:38:37+07:00,pengusul_38
ENT-01116,DRAFT,OPERATOR_KONTEN,2025-01-23T21:27:54+07:00,pengusul_38
ENT-01116,OPERATOR_KONTEN,PIC_UKE,2025-03-15T04:19:41+07:00,operator_konten_38
ENT-01116,PIC_UKE,TERVALIDASI,2025-04-08T23:04:20+07:00,pic_uke_38
ENT-01116,TERVALIDASI,PUBLISH,2025-07-02T14:34:18+07:00,operator_konten_38
ENT-01117,,DRAFT,2025-01-10T08:06:08+07:00,pengusul_19
ENT-01117,DRAFT,OPERATOR_KONTEN,2025-05-08T16:25:52+07:00,pengusul_19
ENT-01117,OPERATOR_KONTEN,PIC_UKE,2025-08-04T01:45:16+07:00,operator_konten_19
ENT-01117,PIC_UKE,TERVALIDASI,2025-09-06T19:13:58+07:00,pic_uke_19
ENT-01117,TERVALIDASI,PUBLISH,2025-09-27T08:17:47+07:00,operator_konten_19
ENT-01118,,DRAFT,2025-01-10T08:50:09+07:00,pengusul_55
ENT-01118,DRAFT,OPERATOR_KONTEN,2025-02-09T01:46:17+07:00,pengusul_55
ENT-01118,OPERATOR_KONTEN,PIC_UKE,2025-06-15T13:50:11+07:00,operator_konten_55
ENT-01118,PIC_UKE,TERVALIDASI,2025-07-13T17:24:16+07:00,pic_uke_55
ENT-01118,TERVALIDASI,PUBLISH,2025-08-06T08:52:31+07:00,operator_konten_55
ENT-01119,,DRAFT,2025-01-10T10:27:31+07:00,pengusul_07
ENT-01119,DRAFT,OPERATOR_KONTEN,2026-02-19T03:01:33+07:00,pengusul_07
ENT-01119,OPERATOR_KONTEN,PIC_UKE,2026-05-05T15:14:26+07:00,operator_konten_07
ENT-01119,PIC_UKE,TERVALIDASI,2026-10-08T14:34:28+07:00,pic_uke_07
ENT-01120,,DRAFT,2025-01-10T11:44:41+07:00,pengusul_54
ENT-01120,DRAFT,OPERATOR_KONTEN,2025-01-29T18:12:27+07:00,pengusul_54
ENT-01120,OPERATOR_KONTEN,PIC_UKE,2025-02-02T21:21:35+07:00,operator_konten_54
ENT-01120,PIC_UKE,TERVALIDASI,2025-02-25T10:50:45+07:00,pic_uke_54
ENT-01120,TERVALIDASI,PUBLISH,2025-04-18T14:13:09+07:00,operator_konten_54
ENT-01121,,DRAFT,2025-01-11T10:23:49+07:00,pengusul_67
ENT-01121,DRAFT,OPERATOR_KONTEN,2025-07-27T23:22:34+07:00,pengusul_67
ENT-01121,OPERATOR_KONTEN,PIC_UKE,2026-08-14T11:49:20+07:00,operator_konten_67
ENT-01122,,DRAFT,2025-01-11T10:30:36+07:00,pengusul_05
ENT-01122,DRAFT,OPERATOR_KONTEN,2025-02-05T03:06:55+07:00,pengusul_05
ENT-01122,OPERATOR_KONTEN,PIC_UKE,2026-09-28T15:16:28+07:00,operator_konten_05
ENT-01123,,DRAFT,2025-01-11T11:05:02+07:00,pengusul_46
ENT-01123,DRAFT,OPERATOR_KONTEN,2026-06-08T19:44:27+07:00,pengusul_46
ENT-01123,OPERATOR_KONTEN,PIC_UKE,2026-09-23T11:00:07+07:00,operator_konten_46
ENT-01124,,DRAFT,2025-01-13T10:18:39+07:00,pengusul_49
ENT-01124,DRAFT,OPERATOR_KONTEN,2025-02-06T22:30:15+07:00,pengusul_49
ENT-01124,OPERATOR_KONTEN,PIC_UKE,2025-03-29T00:11:23+07:00,operator_konten_49
ENT-01124,PIC_UKE,TERVALIDASI,2025-04-25T15:15:51+07:00,pic_uke_49
ENT-01124,TERVALIDASI,PUBLISH,2025-05-19T10:42:24+07:00,operator_konten_49
ENT-01125,,DRAFT,2025-01-13T16:03:39+07:00,pengusul_06
ENT-01125,DRAFT,OPERATOR_KONTEN,2025-02-26T08:04:45+07:00,pengusul_06
ENT-01125,OPERATOR_KONTEN,PIC_UKE,2025-05-20T09:41:43+07:00,operator_konten_06
ENT-01125,PIC_UKE,TERVALIDASI,2025-08-01T02:40:21+07:00,pic_uke_06
ENT-01125,TERVALIDASI,PUBLISH,2025-10-02T13:21:47+07:00,operator_konten_06
ENT-01126,,DRAFT,2025-01-13T16:29:27+07:00,pengusul_50
ENT-01126,DRAFT,OPERATOR_KONTEN,2025-01-13T21:30:47+07:00,pengusul_50
ENT-01126,OPERATOR_KONTEN,PIC_UKE,2025-01-14T12:11:04+07:00,operator_konten_50
ENT-01126,PIC_UKE,TERVALIDASI,2025-01-14T19:11:03+07:00,pic_uke_50
ENT-01126,TERVALIDASI,PUBLISH,2025-01-16T09:12:17+07:00,operator_konten_50
ENT-01127,,DRAFT,2025-01-14T08:53:25+07:00,pengusul_65
ENT-01127,DRAFT,OPERATOR_KONTEN,2026-10-02T13:41:09+07:00,pengusul_65
ENT-01128,,DRAFT,2025-01-14T10:36:03+07:00,pengusul_19
ENT-01128,DRAFT,OPERATOR_KONTEN,2025-02-25T08:29:07+07:00,pengusul_19
ENT-01128,OPERATOR_KONTEN,PIC_UKE,2025-05-22T12:59:19+07:00,operator_konten_19
ENT-01128,PIC_UKE,TERVALIDASI,2025-06-02T00:47:55+07:00,pic_uke_19
ENT-01128,TERVALIDASI,PUBLISH,2025-07-19T16:15:12+07:00,operator_konten_19
ENT-01129,,DRAFT,2025-01-14T11:02:17+07:00,pengusul_65
ENT-01129,DRAFT,OPERATOR_KONTEN,2025-02-02T07:30:31+07:00,pengusul_65
ENT-01129,OPERATOR_KONTEN,PIC_UKE,2025-02-18T01:40:13+07:00,operator_konten_65
ENT-01129,PIC_UKE,TERVALIDASI,2025-07-24T18:32:26+07:00,pic_uke_65
ENT-01129,TERVALIDASI,PUBLISH,2025-11-06T10:04:47+07:00,operator_konten_65
ENT-01130,,DRAFT,2025-01-14T11:18:32+07:00,pengusul_40
ENT-01130,DRAFT,OPERATOR_KONTEN,2025-01-19T08:45:42+07:00,pengusul_40
ENT-01130,OPERATOR_KONTEN,PIC_UKE,2025-02-03T12:35:46+07:00,operator_konten_40
ENT-01130,PIC_UKE,TERVALIDASI,2025-02-04T14:36:40+07:00,pic_uke_40
ENT-01130,TERVALIDASI,PUBLISH,2025-02-11T10:06:32+07:00,operator_konten_40
ENT-01131,,DRAFT,2025-01-14T12:18:33+07:00,pengusul_44
ENT-01131,DRAFT,OPERATOR_KONTEN,2026-01-22T04:52:50+07:00,pengusul_44
ENT-01131,OPERATOR_KONTEN,PIC_UKE,2026-10-07T10:55:46+07:00,operator_konten_44
ENT-01132,,DRAFT,2025-01-14T14:34:14+07:00,pengusul_30
ENT-01132,DRAFT,OPERATOR_KONTEN,2025-01-29T16:47:58+07:00,pengusul_30
ENT-01132,OPERATOR_KONTEN,PIC_UKE,2025-03-26T20:03:09+07:00,operator_konten_30
ENT-01132,PIC_UKE,TERVALIDASI,2025-04-06T09:50:36+07:00,pic_uke_30
ENT-01132,TERVALIDASI,PUBLISH,2025-05-10T10:48:12+07:00,operator_konten_30
ENT-01133,,DRAFT,2025-01-14T14:49:23+07:00,pengusul_57
ENT-01133,DRAFT,OPERATOR_KONTEN,2025-04-14T03:21:34+07:00,pengusul_57
ENT-01133,OPERATOR_KONTEN,PIC_UKE,2025-05-02T18:28:26+07:00,operator_konten_57
ENT-01133,PIC_UKE,TERVALIDASI,2025-06-03T06:47:03+07:00,pic_uke_57
ENT-01133,TERVALIDASI,PUBLISH,2025-07-23T08:51:29+07:00,operator_konten_57
ENT-01134,,DRAFT,2025-01-15T13:06:37+07:00,pengusul_51
ENT-01134,DRAFT,OPERATOR_KONTEN,2025-04-22T14:51:14+07:00,pengusul_51
ENT-01134,OPERATOR_KONTEN,PIC_UKE,2025-04-29T01:07:41+07:00,operator_konten_51
ENT-01134,PIC_UKE,TERVALIDASI,2025-06-13T04:55:29+07:00,pic_uke_51
ENT-01134,TERVALIDASI,PUBLISH,2025-08-20T08:23:10+07:00,operator_konten_51
ENT-01135,,DRAFT,2025-01-15T14:15:01+07:00,pengusul_02
ENT-01135,DRAFT,OPERATOR_KONTEN,2026-10-07T15:04:12+07:00,pengusul_02
ENT-01136,,DRAFT,2025-01-15T15:30:00+07:00,pengusul_05
ENT-01136,DRAFT,OPERATOR_KONTEN,2025-02-18T14:02:12+07:00,pengusul_05
ENT-01136,OPERATOR_KONTEN,PIC_UKE,2025-06-08T16:13:46+07:00,operator_konten_05
ENT-01136,PIC_UKE,TERVALIDASI,2025-06-19T16:05:53+07:00,pic_uke_05
ENT-01136,TERVALIDASI,PUBLISH,2025-07-05T13:10:00+07:00,operator_konten_05
ENT-01137,,DRAFT,2025-01-15T16:58:38+07:00,pengusul_65
ENT-01137,DRAFT,OPERATOR_KONTEN,2025-04-01T09:02:40+07:00,pengusul_65
ENT-01137,OPERATOR_KONTEN,PIC_UKE,2025-05-03T23:43:46+07:00,operator_konten_65
ENT-01137,PIC_UKE,TERVALIDASI,2025-06-22T14:11:43+07:00,pic_uke_65
ENT-01137,TERVALIDASI,PUBLISH,2025-06-30T10:55:10+07:00,operator_konten_65
ENT-01138,,DRAFT,2025-01-16T09:25:16+07:00,pengusul_04
ENT-01138,DRAFT,OPERATOR_KONTEN,2025-01-30T18:23:39+07:00,pengusul_04
ENT-01138,OPERATOR_KONTEN,PIC_UKE,2025-05-16T11:18:40+07:00,operator_konten_04
ENT-01138,PIC_UKE,TERVALIDASI,2025-06-23T03:30:14+07:00,pic_uke_04
ENT-01138,TERVALIDASI,PUBLISH,2025-07-30T08:24:33+07:00,operator_konten_04
ENT-01139,,DRAFT,2025-01-16T09:25:20+07:00,pengusul_30
ENT-01139,DRAFT,OPERATOR_KONTEN,2025-01-27T09:46:23+07:00,pengusul_30
ENT-01139,OPERATOR_KONTEN,PIC_UKE,2025-02-14T05:00:36+07:00,operator_konten_30
ENT-01139,PIC_UKE,TERVALIDASI,2025-04-01T04:30:07+07:00,pic_uke_30
ENT-01139,TERVALIDASI,PUBLISH,2025-04-06T09:24:36+07:00,operator_konten_30
ENT-01140,,DRAFT,2025-01-16T10:52:29+07:00,pengusul_28
ENT-01140,DRAFT,OPERATOR_KONTEN,2025-05-07T13:35:31+07:00,pengusul_28
ENT-01140,OPERATOR_KONTEN,PIC_UKE,2025-07-05T12:54:39+07:00,operator_konten_28
ENT-01140,PIC_UKE,TERVALIDASI,2025-07-21T12:20:32+07:00,pic_uke_28
ENT-01140,TERVALIDASI,PUBLISH,2025-08-06T11:43:39+07:00,operator_konten_28
ENT-01141,,DRAFT,2025-01-16T11:56:09+07:00,pengusul_17
ENT-01141,DRAFT,OPERATOR_KONTEN,2025-03-30T18:03:32+07:00,pengusul_17
ENT-01141,OPERATOR_KONTEN,PIC_UKE,2025-06-03T03:50:35+07:00,operator_konten_17
ENT-01141,PIC_UKE,TERVALIDASI,2025-06-06T12:07:28+07:00,pic_uke_17
ENT-01141,TERVALIDASI,PUBLISH,2025-07-07T16:36:12+07:00,operator_konten_17
ENT-01142,,DRAFT,2025-01-16T12:40:04+07:00,pengusul_07
ENT-01142,DRAFT,OPERATOR_KONTEN,2025-01-29T08:21:01+07:00,pengusul_07
ENT-01142,OPERATOR_KONTEN,PIC_UKE,2025-02-03T08:23:49+07:00,operator_konten_07
ENT-01142,PIC_UKE,TERVALIDASI,2025-02-17T12:33:49+07:00,pic_uke_07
ENT-01142,TERVALIDASI,PUBLISH,2025-02-28T09:10:53+07:00,operator_konten_07
ENT-01143,,DRAFT,2025-01-17T08:54:10+07:00,pengusul_52
ENT-01143,DRAFT,OPERATOR_KONTEN,2025-06-18T17:41:39+07:00,pengusul_52
ENT-01143,OPERATOR_KONTEN,PIC_UKE,2026-10-05T09:14:34+07:00,operator_konten_52
ENT-01144,,DRAFT,2025-01-17T12:20:03+07:00,pengusul_05
ENT-01144,DRAFT,OPERATOR_KONTEN,2025-02-22T00:16:41+07:00,pengusul_05
ENT-01144,OPERATOR_KONTEN,PIC_UKE,2025-08-01T04:33:30+07:00,operator_konten_05
ENT-01144,PIC_UKE,TERVALIDASI,2025-08-20T15:21:04+07:00,pic_uke_05
ENT-01144,TERVALIDASI,PUBLISH,2025-09-08T14:31:24+07:00,operator_konten_05
ENT-01145,,DRAFT,2025-01-18T08:25:44+07:00,pengusul_16
ENT-01145,DRAFT,OPERATOR_KONTEN,2025-02-03T19:10:08+07:00,pengusul_16
ENT-01145,OPERATOR_KONTEN,PIC_UKE,2025-03-31T16:03:08+07:00,operator_konten_16
ENT-01145,PIC_UKE,TERVALIDASI,2025-08-25T09:46:04+07:00,pic_uke_16
ENT-01145,TERVALIDASI,PUBLISH,2025-09-30T13:58:53+07:00,operator_konten_16
ENT-01146,,DRAFT,2025-01-18T10:59:49+07:00,pengusul_27
ENT-01146,DRAFT,OPERATOR_KONTEN,2025-03-07T01:27:37+07:00,pengusul_27
ENT-01146,OPERATOR_KONTEN,PIC_UKE,2025-04-15T03:45:05+07:00,operator_konten_27
ENT-01146,PIC_UKE,TERVALIDASI,2025-04-28T13:26:28+07:00,pic_uke_27
ENT-01146,TERVALIDASI,PUBLISH,2025-05-27T00:11:48+07:00,operator_konten_27
ENT-01146,PUBLISH,UNPUBLISH,2025-10-03T13:48:40+07:00,admin_27
ENT-01147,,DRAFT,2025-01-18T13:35:57+07:00,pengusul_42
ENT-01147,DRAFT,OPERATOR_KONTEN,2025-03-01T18:12:03+07:00,pengusul_42
ENT-01147,OPERATOR_KONTEN,PIC_UKE,2026-10-05T12:57:07+07:00,operator_konten_42
ENT-01148,,DRAFT,2025-01-18T16:36:45+07:00,pengusul_01
ENT-01148,DRAFT,OPERATOR_KONTEN,2025-01-30T04:47:51+07:00,pengusul_01
ENT-01148,OPERATOR_KONTEN,PIC_UKE,2025-02-11T22:23:12+07:00,operator_konten_01
ENT-01148,PIC_UKE,TERVALIDASI,2025-05-03T13:47:27+07:00,pic_uke_01
ENT-01148,TERVALIDASI,PUBLISH,2025-05-15T16:25:11+07:00,operator_konten_01
ENT-01149,,DRAFT,2025-01-19T11:06:21+07:00,pengusul_24
ENT-01149,DRAFT,OPERATOR_KONTEN,2025-05-05T21:51:48+07:00,pengusul_24
ENT-01149,OPERATOR_KONTEN,PIC_UKE,2026-10-07T08:00:21+07:00,operator_konten_24
ENT-01150,,DRAFT,2025-01-19T12:17:27+07:00,pengusul_35
ENT-01150,DRAFT,OPERATOR_KONTEN,2025-02-02T08:30:34+07:00,pengusul_35
ENT-01150,OPERATOR_KONTEN,PIC_UKE,2025-02-27T21:56:54+07:00,operator_konten_35
ENT-01150,PIC_UKE,TERVALIDASI,2025-05-10T07:58:26+07:00,pic_uke_35
ENT-01150,TERVALIDASI,PUBLISH,2025-06-29T11:26:27+07:00,operator_konten_35
ENT-01151,,DRAFT,2025-01-19T16:40:36+07:00,pengusul_57
ENT-01151,DRAFT,OPERATOR_KONTEN,2025-01-27T05:02:07+07:00,pengusul_57
ENT-01151,OPERATOR_KONTEN,PIC_UKE,2025-02-17T04:33:39+07:00,operator_konten_57
ENT-01151,PIC_UKE,TERVALIDASI,2025-03-01T12:03:59+07:00,pic_uke_57
ENT-01151,TERVALIDASI,PUBLISH,2025-03-10T10:20:00+07:00,operator_konten_57
ENT-01152,,DRAFT,2025-01-20T10:54:14+07:00,pengusul_05
ENT-01152,DRAFT,OPERATOR_KONTEN,2025-05-06T22:01:30+07:00,pengusul_05
ENT-01152,OPERATOR_KONTEN,PIC_UKE,2026-09-29T11:01:50+07:00,operator_konten_05
ENT-01153,,DRAFT,2025-01-20T12:41:13+07:00,pengusul_13
ENT-01153,DRAFT,OPERATOR_KONTEN,2026-05-07T21:52:30+07:00,pengusul_13
ENT-01153,OPERATOR_KONTEN,PIC_UKE,2026-09-30T09:27:24+07:00,operator_konten_13
ENT-01154,,DRAFT,2025-01-21T08:46:31+07:00,pengusul_06
ENT-01154,DRAFT,OPERATOR_KONTEN,2025-07-01T10:01:14+07:00,pengusul_06
ENT-01154,OPERATOR_KONTEN,PIC_UKE,2026-09-24T15:03:10+07:00,operator_konten_06
ENT-01155,,DRAFT,2025-01-21T13:21:41+07:00,pengusul_06
ENT-01155,DRAFT,OPERATOR_KONTEN,2025-01-30T03:57:25+07:00,pengusul_06
ENT-01155,OPERATOR_KONTEN,PIC_UKE,2025-02-16T12:17:34+07:00,operator_konten_06
ENT-01155,PIC_UKE,TERVALIDASI,2025-02-22T03:17:17+07:00,pic_uke_06
ENT-01155,TERVALIDASI,PUBLISH,2025-03-07T14:02:04+07:00,operator_konten_06
ENT-01156,,DRAFT,2025-01-21T16:49:06+07:00,pengusul_17
ENT-01156,DRAFT,OPERATOR_KONTEN,2025-02-22T03:27:58+07:00,pengusul_17
ENT-01156,OPERATOR_KONTEN,PIC_UKE,2025-02-23T22:54:16+07:00,operator_konten_17
ENT-01156,PIC_UKE,TERVALIDASI,2025-02-25T21:31:58+07:00,pic_uke_17
ENT-01156,TERVALIDASI,PUBLISH,2025-04-12T09:14:13+07:00,operator_konten_17
ENT-01157,,DRAFT,2025-01-22T11:26:20+07:00,pengusul_20
ENT-01157,DRAFT,OPERATOR_KONTEN,2025-01-28T08:39:27+07:00,pengusul_20
ENT-01157,OPERATOR_KONTEN,PIC_UKE,2025-05-17T16:16:27+07:00,operator_konten_20
ENT-01157,PIC_UKE,TERVALIDASI,2025-06-21T13:37:38+07:00,pic_uke_20
ENT-01157,TERVALIDASI,PUBLISH,2025-06-28T16:03:27+07:00,operator_konten_20
ENT-01158,,DRAFT,2025-01-22T12:06:34+07:00,pengusul_05
ENT-01158,DRAFT,OPERATOR_KONTEN,2025-02-03T17:21:41+07:00,pengusul_05
ENT-01158,OPERATOR_KONTEN,PIC_UKE,2025-02-05T09:31:56+07:00,operator_konten_05
ENT-01158,PIC_UKE,TERVALIDASI,2025-02-07T08:27:26+07:00,pic_uke_05
ENT-01158,TERVALIDASI,PUBLISH,2025-03-06T13:03:43+07:00,operator_konten_05
ENT-01159,,DRAFT,2025-01-22T12:38:22+07:00,pengusul_22
ENT-01159,DRAFT,OPERATOR_KONTEN,2025-01-25T01:57:17+07:00,pengusul_22
ENT-01159,OPERATOR_KONTEN,PIC_UKE,2025-02-03T19:17:06+07:00,operator_konten_22
ENT-01159,PIC_UKE,TERVALIDASI,2025-02-17T13:53:02+07:00,pic_uke_22
ENT-01159,TERVALIDASI,PUBLISH,2025-03-12T14:38:14+07:00,operator_konten_22
ENT-01160,,DRAFT,2025-01-22T15:40:03+07:00,pengusul_22
ENT-01160,DRAFT,OPERATOR_KONTEN,2025-01-28T12:47:41+07:00,pengusul_22
ENT-01160,OPERATOR_KONTEN,PIC_UKE,2025-01-29T00:38:36+07:00,operator_konten_22
ENT-01160,PIC_UKE,TERVALIDASI,2025-02-18T05:45:08+07:00,pic_uke_22
ENT-01160,TERVALIDASI,PUBLISH,2025-02-25T04:25:01+07:00,operator_konten_22
ENT-01160,PUBLISH,UNPUBLISH,2025-02-27T11:47:17+07:00,admin_22
ENT-01161,,DRAFT,2025-01-23T10:15:54+07:00,pengusul_22
ENT-01161,DRAFT,OPERATOR_KONTEN,2025-02-07T13:48:47+07:00,pengusul_22
ENT-01161,OPERATOR_KONTEN,PIC_UKE,2025-04-16T15:21:03+07:00,operator_konten_22
ENT-01161,PIC_UKE,TERVALIDASI,2025-04-29T18:20:06+07:00,pic_uke_22
ENT-01161,TERVALIDASI,PUBLISH,2025-05-31T10:22:11+07:00,operator_konten_22
ENT-01162,,DRAFT,2025-01-23T11:39:18+07:00,pengusul_09
ENT-01162,DRAFT,OPERATOR_KONTEN,2026-03-15T00:55:40+07:00,pengusul_09
ENT-01162,OPERATOR_KONTEN,PIC_UKE,2026-10-07T09:46:24+07:00,operator_konten_09
ENT-01163,,DRAFT,2025-01-23T11:58:34+07:00,pengusul_20
ENT-01163,DRAFT,OPERATOR_KONTEN,2025-02-05T00:08:57+07:00,pengusul_20
ENT-01163,OPERATOR_KONTEN,PIC_UKE,2025-03-19T03:19:59+07:00,operator_konten_20
ENT-01163,PIC_UKE,TERVALIDASI,2025-03-20T02:43:45+07:00,pic_uke_20
ENT-01163,TERVALIDASI,PUBLISH,2025-03-31T09:43:36+07:00,operator_konten_20
ENT-01164,,DRAFT,2025-01-23T15:49:55+07:00,pengusul_63
ENT-01164,DRAFT,OPERATOR_KONTEN,2026-04-11T05:38:37+07:00,pengusul_63
ENT-01164,OPERATOR_KONTEN,DITOLAK_OPERATOR,2026-08-27T02:20:51+07:00,operator_konten_63
ENT-01164,DITOLAK_OPERATOR,DRAFT,2026-10-01T15:15:15+07:00,pengusul_63
ENT-01165,,DRAFT,2025-01-23T16:04:26+07:00,pengusul_38
ENT-01165,DRAFT,OPERATOR_KONTEN,2025-02-10T08:57:37+07:00,pengusul_38
ENT-01165,OPERATOR_KONTEN,PIC_UKE,2025-02-19T11:08:53+07:00,operator_konten_38
ENT-01165,PIC_UKE,TERVALIDASI,2025-03-01T12:53:20+07:00,pic_uke_38
ENT-01165,TERVALIDASI,PUBLISH,2025-03-31T10:06:38+07:00,operator_konten_38
ENT-01166,,DRAFT,2025-01-23T16:22:07+07:00,pengusul_33
ENT-01166,DRAFT,OPERATOR_KONTEN,2025-02-06T12:37:18+07:00,pengusul_33
ENT-01166,OPERATOR_KONTEN,PIC_UKE,2025-06-07T22:37:52+07:00,operator_konten_33
ENT-01166,PIC_UKE,TERVALIDASI,2025-07-14T04:28:01+07:00,pic_uke_33
ENT-01166,TERVALIDASI,PUBLISH,2025-09-24T16:00:45+07:00,operator_konten_33
ENT-01167,,DRAFT,2025-01-24T11:12:47+07:00,pengusul_46
ENT-01167,DRAFT,OPERATOR_KONTEN,2025-05-21T15:35:19+07:00,pengusul_46
ENT-01167,OPERATOR_KONTEN,PIC_UKE,2025-05-29T08:58:10+07:00,operator_konten_46
ENT-01167,PIC_UKE,TERVALIDASI,2025-06-17T10:26:36+07:00,pic_uke_46
ENT-01167,TERVALIDASI,PUBLISH,2025-11-17T11:47:54+07:00,operator_konten_46
ENT-01168,,DRAFT,2025-01-24T11:41:41+07:00,pengusul_68
ENT-01168,DRAFT,OPERATOR_KONTEN,2026-05-10T00:05:18+07:00,pengusul_68
ENT-01168,OPERATOR_KONTEN,PIC_UKE,2026-09-21T09:37:50+07:00,operator_konten_68
ENT-01169,,DRAFT,2025-01-25T08:05:19+07:00,pengusul_06
ENT-01169,DRAFT,OPERATOR_KONTEN,2025-03-21T15:03:37+07:00,pengusul_06
ENT-01169,OPERATOR_KONTEN,PIC_UKE,2026-09-29T12:34:30+07:00,operator_konten_06
ENT-01170,,DRAFT,2025-01-25T10:06:20+07:00,pengusul_16
ENT-01170,DRAFT,OPERATOR_KONTEN,2025-02-18T02:18:14+07:00,pengusul_16
ENT-01170,OPERATOR_KONTEN,PIC_UKE,2025-03-04T21:03:15+07:00,operator_konten_16
ENT-01170,PIC_UKE,TERVALIDASI,2025-03-11T13:43:54+07:00,pic_uke_16
ENT-01170,TERVALIDASI,PUBLISH,2025-03-16T14:59:11+07:00,operator_konten_16
ENT-01171,,DRAFT,2025-01-25T11:06:24+07:00,pengusul_04
ENT-01171,DRAFT,OPERATOR_KONTEN,2026-09-30T08:35:02+07:00,pengusul_04
ENT-01172,,DRAFT,2025-01-25T15:14:59+07:00,pengusul_59
ENT-01172,DRAFT,OPERATOR_KONTEN,2025-12-21T18:56:20+07:00,pengusul_59
ENT-01172,OPERATOR_KONTEN,PIC_UKE,2026-08-31T12:49:54+07:00,operator_konten_59
ENT-01173,,DRAFT,2025-01-25T15:34:50+07:00,pengusul_61
ENT-01173,DRAFT,OPERATOR_KONTEN,2025-10-17T13:34:13+07:00,pengusul_61
ENT-01173,OPERATOR_KONTEN,PIC_UKE,2026-09-23T14:17:16+07:00,operator_konten_61
ENT-01174,,DRAFT,2025-01-25T16:25:39+07:00,pengusul_09
ENT-01174,DRAFT,OPERATOR_KONTEN,2025-03-11T05:04:44+07:00,pengusul_09
ENT-01174,OPERATOR_KONTEN,DITOLAK_OPERATOR,2025-10-10T13:52:41+07:00,operator_konten_09
ENT-01175,,DRAFT,2025-01-26T08:08:04+07:00,pengusul_20
ENT-01175,DRAFT,OPERATOR_KONTEN,2025-02-25T13:27:33+07:00,pengusul_20
ENT-01175,OPERATOR_KONTEN,PIC_UKE,2025-03-07T09:12:46+07:00,operator_konten_20
ENT-01175,PIC_UKE,TERVALIDASI,2025-04-17T02:15:06+07:00,pic_uke_20
ENT-01175,TERVALIDASI,PUBLISH,2025-08-13T16:14:49+07:00,operator_konten_20
ENT-01176,,DRAFT,2025-01-26T08:22:28+07:00,pengusul_35
ENT-01176,DRAFT,OPERATOR_KONTEN,2025-08-21T02:59:42+07:00,pengusul_35
ENT-01176,OPERATOR_KONTEN,DITOLAK_OPERATOR,2026-05-14T14:46:20+07:00,operator_konten_35
ENT-01176,DITOLAK_OPERATOR,DRAFT,2026-10-01T11:03:54+07:00,pengusul_35
ENT-01177,,DRAFT,2025-01-26T08:59:43+07:00,pengusul_55
ENT-01177,DRAFT,OPERATOR_KONTEN,2025-05-27T09:49:19+07:00,pengusul_55
ENT-01177,OPERATOR_KONTEN,PIC_UKE,2026-09-17T08:02:29+07:00,operator_konten_55
ENT-01178,,DRAFT,2025-01-26T11:32:49+07:00,pengusul_14
ENT-01178,DRAFT,OPERATOR_KONTEN,2025-05-24T04:38:27+07:00,pengusul_14
ENT-01178,OPERATOR_KONTEN,PIC_UKE,2025-06-10T10:52:46+07:00,operator_konten_14
ENT-01178,PIC_UKE,TERVALIDASI,2025-07-03T03:21:21+07:00,pic_uke_14
ENT-01178,TERVALIDASI,PUBLISH,2025-09-08T08:58:26+07:00,operator_konten_14
ENT-01179,,DRAFT,2025-01-26T14:01:07+07:00,pengusul_06
ENT-01179,DRAFT,OPERATOR_KONTEN,2025-01-29T15:44:31+07:00,pengusul_06
ENT-01179,OPERATOR_KONTEN,PIC_UKE,2025-02-01T02:11:28+07:00,operator_konten_06
ENT-01179,PIC_UKE,TERVALIDASI,2025-02-01T15:11:26+07:00,pic_uke_06
ENT-01179,TERVALIDASI,PUBLISH,2025-02-02T16:28:15+07:00,operator_konten_06
ENT-01180,,DRAFT,2025-01-26T15:32:50+07:00,pengusul_19
ENT-01180,DRAFT,OPERATOR_KONTEN,2025-02-09T13:32:46+07:00,pengusul_19
ENT-01180,OPERATOR_KONTEN,PIC_UKE,2025-03-21T04:20:16+07:00,operator_konten_19
ENT-01180,PIC_UKE,TERVALIDASI,2025-04-06T01:27:03+07:00,pic_uke_19
ENT-01180,TERVALIDASI,PUBLISH,2025-07-28T09:30:04+07:00,operator_konten_19
ENT-01181,,DRAFT,2025-01-27T09:31:34+07:00,pengusul_60
ENT-01181,DRAFT,OPERATOR_KONTEN,2026-07-02T10:54:23+07:00,pengusul_60
ENT-01181,OPERATOR_KONTEN,PIC_UKE,2026-09-29T10:29:20+07:00,operator_konten_60
ENT-01182,,DRAFT,2025-01-28T13:20:04+07:00,pengusul_09
ENT-01182,DRAFT,OPERATOR_KONTEN,2025-04-20T05:16:12+07:00,pengusul_09
ENT-01182,OPERATOR_KONTEN,PIC_UKE,2025-07-24T09:11:19+07:00,operator_konten_09
ENT-01182,PIC_UKE,TERVALIDASI,2025-08-01T07:04:16+07:00,pic_uke_09
ENT-01182,TERVALIDASI,PUBLISH,2025-08-25T12:38:35+07:00,operator_konten_09
ENT-01183,,DRAFT,2025-01-28T13:49:06+07:00,pengusul_33
ENT-01183,DRAFT,OPERATOR_KONTEN,2025-04-24T04:45:28+07:00,pengusul_33
ENT-01183,OPERATOR_KONTEN,PIC_UKE,2026-10-06T09:58:56+07:00,operator_konten_33
ENT-01184,,DRAFT,2025-01-28T14:44:31+07:00,pengusul_53
ENT-01184,DRAFT,OPERATOR_KONTEN,2025-02-15T15:05:06+07:00,pengusul_53
ENT-01184,OPERATOR_KONTEN,PIC_UKE,2025-04-20T10:18:20+07:00,operator_konten_53
ENT-01184,PIC_UKE,TERVALIDASI,2025-05-01T11:37:40+07:00,pic_uke_53
ENT-01184,TERVALIDASI,PUBLISH,2025-05-25T09:44:23+07:00,operator_konten_53
ENT-01185,,DRAFT,2025-01-29T08:48:42+07:00,pengusul_29
ENT-01185,DRAFT,OPERATOR_KONTEN,2025-03-27T03:46:39+07:00,pengusul_29
ENT-01185,OPERATOR_KONTEN,PIC_UKE,2025-06-19T02:38:44+07:00,operator_konten_29
ENT-01185,PIC_UKE,TERVALIDASI,2025-08-01T17:09:21+07:00,pic_uke_29
ENT-01185,TERVALIDASI,PUBLISH,2025-08-14T11:21:26+07:00,operator_konten_29
ENT-01186,,DRAFT,2025-01-29T12:59:31+07:00,pengusul_06
ENT-01186,DRAFT,OPERATOR_KONTEN,2025-05-26T23:58:46+07:00,pengusul_06
ENT-01186,OPERATOR_KONTEN,PIC_UKE,2026-10-07T14:26:18+07:00,operator_konten_06
ENT-01187,,DRAFT,2025-01-29T14:00:08+07:00,pengusul_12
ENT-01187,DRAFT,OPERATOR_KONTEN,2025-02-01T09:55:00+07:00,pengusul_12
ENT-01187,OPERATOR_KONTEN,PIC_UKE,2025-02-08T11:01:30+07:00,operator_konten_12
ENT-01187,PIC_UKE,TERVALIDASI,2025-03-19T12:11:29+07:00,pic_uke_12
ENT-01187,TERVALIDASI,PUBLISH,2025-04-05T12:19:22+07:00,operator_konten_12
ENT-01188,,DRAFT,2025-01-29T14:48:55+07:00,pengusul_48
ENT-01188,DRAFT,OPERATOR_KONTEN,2025-04-05T16:40:50+07:00,pengusul_48
ENT-01188,OPERATOR_KONTEN,PIC_UKE,2026-09-01T09:30:46+07:00,operator_konten_48
ENT-01189,,DRAFT,2025-01-29T14:52:14+07:00,pengusul_50
ENT-01189,DRAFT,OPERATOR_KONTEN,2025-12-05T13:41:09+07:00,pengusul_50
ENT-01189,OPERATOR_KONTEN,PIC_UKE,2026-09-21T08:46:07+07:00,operator_konten_50
ENT-01190,,DRAFT,2025-01-31T10:28:50+07:00,pengusul_64
ENT-01190,DRAFT,OPERATOR_KONTEN,2026-09-29T12:59:26+07:00,pengusul_64
ENT-01191,,DRAFT,2025-01-31T14:27:00+07:00,pengusul_06
ENT-01191,DRAFT,OPERATOR_KONTEN,2025-02-07T16:16:21+07:00,pengusul_06
ENT-01191,OPERATOR_KONTEN,PIC_UKE,2025-02-27T08:09:14+07:00,operator_konten_06
ENT-01191,PIC_UKE,TERVALIDASI,2025-04-19T18:46:54+07:00,pic_uke_06
ENT-01191,TERVALIDASI,PUBLISH,2025-04-29T10:38:30+07:00,operator_konten_06
ENT-01192,,DRAFT,2025-01-31T16:46:42+07:00,pengusul_46
ENT-01192,DRAFT,OPERATOR_KONTEN,2025-02-03T00:32:51+07:00,pengusul_46
ENT-01192,OPERATOR_KONTEN,PIC_UKE,2025-02-04T04:44:20+07:00,operator_konten_46
ENT-01192,PIC_UKE,TERVALIDASI,2025-02-07T08:36:46+07:00,pic_uke_46
ENT-01192,TERVALIDASI,PUBLISH,2025-02-16T16:52:32+07:00,operator_konten_46
ENT-01193,,DRAFT,2025-02-01T10:28:46+07:00,pengusul_00
ENT-01193,DRAFT,OPERATOR_KONTEN,2025-02-17T01:35:03+07:00,pengusul_00
ENT-01193,OPERATOR_KONTEN,PIC_UKE,2025-03-13T09:51:30+07:00,operator_konten_00
ENT-01193,PIC_UKE,TERVALIDASI,2025-05-14T07:52:58+07:00,pic_uke_00
ENT-01193,TERVALIDASI,PUBLISH,2025-06-02T10:39:04+07:00,operator_konten_00
ENT-01194,,DRAFT,2025-02-01T12:36:59+07:00,pengusul_29
ENT-01194,DRAFT,OPERATOR_KONTEN,2025-02-08T11:17:43+07:00,pengusul_29
ENT-01194,OPERATOR_KONTEN,PIC_UKE,2025-04-28T09:44:17+07:00,operator_konten_29
ENT-01194,PIC_UKE,TERVALIDASI,2025-06-23T22:54:34+07:00,pic_uke_29
ENT-01194,TERVALIDASI,PUBLISH,2025-09-02T09:37:14+07:00,operator_konten_29
ENT-01195,,DRAFT,2025-02-02T08:17:42+07:00,pengusul_18
ENT-01195,DRAFT,OPERATOR_KONTEN,2025-02-23T03:26:56+07:00,pengusul_18
ENT-01195,OPERATOR_KONTEN,PIC_UKE,2025-04-27T05:56:14+07:00,operator_konten_18
ENT-01195,PIC_UKE,TERVALIDASI,2025-05-01T14:27:37+07:00,pic_uke_18
ENT-01195,TERVALIDASI,PUBLISH,2025-06-04T13:15:35+07:00,operator_konten_18
ENT-01196,,DRAFT,2025-02-02T15:11:22+07:00,pengusul_63
ENT-01196,DRAFT,OPERATOR_KONTEN,2025-03-17T06:17:13+07:00,pengusul_63
ENT-01196,OPERATOR_KONTEN,PIC_UKE,2025-07-07T13:18:01+07:00,operator_konten_63
ENT-01196,PIC_UKE,TERVALIDASI,2025-07-11T02:16:06+07:00,pic_uke_63
ENT-01196,TERVALIDASI,PUBLISH,2025-10-09T13:57:37+07:00,operator_konten_63
ENT-01197,,DRAFT,2025-02-03T11:58:19+07:00,pengusul_29
ENT-01197,DRAFT,OPERATOR_KONTEN,2025-05-28T07:24:30+07:00,pengusul_29
ENT-01197,OPERATOR_KONTEN,PIC_UKE,2026-09-11T11:18:42+07:00,operator_konten_29
ENT-01198,,DRAFT,2025-02-03T13:45:25+07:00,pengusul_07
ENT-01198,DRAFT,OPERATOR_KONTEN,2025-02-25T22:09:13+07:00,pengusul_07
ENT-01198,OPERATOR_KONTEN,PIC_UKE,2025-02-26T15:41:08+07:00,operator_konten_07
ENT-01198,PIC_UKE,TERVALIDASI,2025-03-08T03:03:12+07:00,pic_uke_07
ENT-01198,TERVALIDASI,PUBLISH,2025-03-22T15:20:09+07:00,operator_konten_07
ENT-01199,,DRAFT,2025-02-03T16:59:45+07:00,pengusul_31
ENT-01199,DRAFT,OPERATOR_KONTEN,2025-02-08T06:37:57+07:00,pengusul_31
ENT-01199,OPERATOR_KONTEN,PIC_UKE,2025-02-08T14:31:45+07:00,operator_konten_31
ENT-01199,PIC_UKE,TERVALIDASI,2025-02-18T02:31:14+07:00,pic_uke_31
ENT-01199,TERVALIDASI,PUBLISH,2025-04-20T09:25:18+07:00,operator_konten_31
ENT-01200,,DRAFT,2025-02-04T10:40:42+07:00,pengusul_16
ENT-01200,DRAFT,OPERATOR_KONTEN,2025-12-15T16:56:19+07:00,pengusul_16
ENT-01200,OPERATOR_KONTEN,PIC_UKE,2026-09-24T13:38:19+07:00,operator_konten_16
ENT-01201,,DRAFT,2025-02-05T08:56:27+07:00,pengusul_63
ENT-01201,DRAFT,OPERATOR_KONTEN,2025-02-28T12:31:24+07:00,pengusul_63
ENT-01201,OPERATOR_KONTEN,PIC_UKE,2025-03-10T19:21:22+07:00,operator_konten_63
ENT-01201,PIC_UKE,TERVALIDASI,2025-03-20T13:21:25+07:00,pic_uke_63
ENT-01201,TERVALIDASI,PUBLISH,2025-03-22T10:07:08+07:00,operator_konten_63
ENT-01202,,DRAFT,2025-02-05T13:03:43+07:00,pengusul_06
ENT-01202,DRAFT,OPERATOR_KONTEN,2025-03-19T14:51:49+07:00,pengusul_06
ENT-01202,OPERATOR_KONTEN,PIC_UKE,2025-06-30T15:08:54+07:00,operator_konten_06
ENT-01202,PIC_UKE,TERVALIDASI,2025-08-22T23:55:35+07:00,pic_uke_06
ENT-01202,TERVALIDASI,PUBLISH,2025-08-31T09:41:15+07:00,operator_konten_06
ENT-01203,,DRAFT,2025-02-05T13:25:23+07:00,pengusul_20
ENT-01203,DRAFT,OPERATOR_KONTEN,2025-03-31T03:30:04+07:00,pengusul_20
ENT-01203,OPERATOR_KONTEN,PIC_UKE,2025-06-26T13:07:10+07:00,operator_konten_20
ENT-01203,PIC_UKE,TERVALIDASI,2025-08-08T03:54:30+07:00,pic_uke_20
ENT-01203,TERVALIDASI,PUBLISH,2025-11-05T09:29:17+07:00,operator_konten_20
ENT-01204,,DRAFT,2025-02-05T16:48:55+07:00,pengusul_67
ENT-01204,DRAFT,OPERATOR_KONTEN,2025-03-22T15:12:51+07:00,pengusul_67
ENT-01204,OPERATOR_KONTEN,PIC_UKE,2025-05-06T04:17:13+07:00,operator_konten_67
ENT-01204,PIC_UKE,TERVALIDASI,2025-05-11T17:37:29+07:00,pic_uke_67
ENT-01204,TERVALIDASI,PUBLISH,2025-05-30T09:57:32+07:00,operator_konten_67
ENT-01205,,DRAFT,2025-02-06T09:22:27+07:00,pengusul_52
ENT-01205,DRAFT,OPERATOR_KONTEN,2025-02-15T15:21:21+07:00,pengusul_52
ENT-01205,OPERATOR_KONTEN,PIC_UKE,2025-02-21T11:22:28+07:00,operator_konten_52
ENT-01205,PIC_UKE,TERVALIDASI,2025-02-27T07:47:41+07:00,pic_uke_52
ENT-01205,TERVALIDASI,PUBLISH,2025-04-19T11:18:13+07:00,operator_konten_52
ENT-01206,,DRAFT,2025-02-06T09:37:40+07:00,pengusul_22
ENT-01206,DRAFT,OPERATOR_KONTEN,2025-02-10T02:52:13+07:00,pengusul_22
ENT-01206,OPERATOR_KONTEN,PIC_UKE,2025-02-12T19:46:44+07:00,operator_konten_22
ENT-01206,PIC_UKE,TERVALIDASI,2025-02-14T09:51:46+07:00,pic_uke_22
ENT-01206,TERVALIDASI,PUBLISH,2025-02-16T09:07:11+07:00,operator_konten_22
ENT-01207,,DRAFT,2025-02-06T10:07:35+07:00,pengusul_37
ENT-01207,DRAFT,OPERATOR_KONTEN,2025-03-06T14:08:35+07:00,pengusul_37
ENT-01207,OPERATOR_KONTEN,PIC_UKE,2025-04-26T14:21:09+07:00,operator_konten_37
ENT-01207,PIC_UKE,TERVALIDASI,2025-06-08T02:28:58+07:00,pic_uke_37
ENT-01207,TERVALIDASI,PUBLISH,2025-06-12T17:43:19+07:00,operator_konten_37
ENT-01207,PUBLISH,UNPUBLISH,2025-09-22T15:08:25+07:00,admin_37
ENT-01208,,DRAFT,2025-02-07T09:41:39+07:00,pengusul_17
ENT-01208,DRAFT,OPERATOR_KONTEN,2025-03-06T17:04:20+07:00,pengusul_17
ENT-01208,OPERATOR_KONTEN,PIC_UKE,2025-03-15T06:25:44+07:00,operator_konten_17
ENT-01208,PIC_UKE,TERVALIDASI,2025-06-29T09:02:03+07:00,pic_uke_17
ENT-01208,TERVALIDASI,PUBLISH,2025-07-13T13:38:37+07:00,operator_konten_17
ENT-01209,,DRAFT,2025-02-07T11:25:40+07:00,pengusul_64
ENT-01209,DRAFT,OPERATOR_KONTEN,2025-03-22T14:18:12+07:00,pengusul_64
ENT-01209,OPERATOR_KONTEN,PIC_UKE,2025-04-11T05:43:39+07:00,operator_konten_64
ENT-01209,PIC_UKE,TERVALIDASI,2025-06-24T05:51:12+07:00,pic_uke_64
ENT-01209,TERVALIDASI,PUBLISH,2025-10-08T10:56:17+07:00,operator_konten_64
ENT-01210,,DRAFT,2025-02-07T11:50:52+07:00,pengusul_66
ENT-01210,DRAFT,OPERATOR_KONTEN,2026-08-19T18:03:52+07:00,pengusul_66
ENT-01210,OPERATOR_KONTEN,PIC_UKE,2026-10-05T10:21:24+07:00,operator_konten_66
ENT-01211,,DRAFT,2025-02-07T12:44:28+07:00,pengusul_06
ENT-01211,DRAFT,OPERATOR_KONTEN,2026-04-02T02:39:08+07:00,pengusul_06
ENT-01211,OPERATOR_KONTEN,DITOLAK_OPERATOR,2026-09-19T07:25:57+07:00,operator_konten_06
ENT-01211,DITOLAK_OPERATOR,DRAFT,2026-10-02T08:50:57+07:00,pengusul_06
ENT-01212,,DRAFT,2025-02-08T08:18:21+07:00,pengusul_17
ENT-01212,DRAFT,OPERATOR_KONTEN,2025-03-18T20:26:12+07:00,pengusul_17
ENT-01212,OPERATOR_KONTEN,PIC_UKE,2026-10-07T10:03:03+07:00,operator_konten_17
ENT-01213,,DRAFT,2025-02-08T09:28:48+07:00,pengusul_11
ENT-01213,DRAFT,OPERATOR_KONTEN,2025-02-24T18:04:53+07:00,pengusul_11
ENT-01213,OPERATOR_KONTEN,PIC_UKE,2025-05-19T19:51:16+07:00,operator_konten_11
ENT-01213,PIC_UKE,TERVALIDASI,2025-09-24T14:44:20+07:00,pic_uke_11
ENT-01213,TERVALIDASI,PUBLISH,2025-10-09T08:51:04+07:00,operator_konten_11
ENT-01214,,DRAFT,2025-02-08T10:05:51+07:00,pengusul_49
ENT-01214,DRAFT,OPERATOR_KONTEN,2025-03-14T21:21:41+07:00,pengusul_49
ENT-01214,OPERATOR_KONTEN,PIC_UKE,2025-03-19T20:26:45+07:00,operator_konten_49
ENT-01214,PIC_UKE,TERVALIDASI,2025-05-08T08:43:24+07:00,pic_uke_49
ENT-01214,TERVALIDASI,PUBLISH,2025-06-15T10:17:59+07:00,operator_konten_49
ENT-01215,,DRAFT,2025-02-08T13:11:31+07:00,pengusul_06
ENT-01215,DRAFT,OPERATOR_KONTEN,2025-02-11T12:50:32+07:00,pengusul_06
ENT-01215,OPERATOR_KONTEN,PIC_UKE,2025-02-25T20:18:33+07:00,operator_konten_06
ENT-01215,PIC_UKE,TERVALIDASI,2025-03-13T08:47:31+07:00,pic_uke_06
ENT-01215,TERVALIDASI,PUBLISH,2025-04-02T10:55:44+07:00,operator_konten_06
ENT-01216,,DRAFT,2025-02-09T10:43:18+07:00,pengusul_59
ENT-01216,DRAFT,OPERATOR_KONTEN,2025-05-08T13:00:37+07:00,pengusul_59
ENT-01216,OPERATOR_KONTEN,DITOLAK_OPERATOR,2025-05-24T05:45:37+07:00,operator_konten_59
ENT-01216,DITOLAK_OPERATOR,DRAFT,2026-10-06T14:15:04+07:00,pengusul_59
ENT-01217,,DRAFT,2025-02-09T13:18:58+07:00,pengusul_03
ENT-01217,DRAFT,OPERATOR_KONTEN,2025-02-12T09:40:09+07:00,pengusul_03
ENT-01217,OPERATOR_KONTEN,PIC_UKE,2025-03-08T23:22:27+07:00,operator_konten_03
ENT-01217,PIC_UKE,TERVALIDASI,2025-03-13T03:59:28+07:00,pic_uke_03
ENT-01217,TERVALIDASI,PUBLISH,2025-03-23T08:09:04+07:00,operator_konten_03
ENT-01217,PUBLISH,UNPUBLISH,2025-03-24T14:04:32+07:00,admin_03
ENT-01218,,DRAFT,2025-02-10T09:58:31+07:00,pengusul_52
ENT-01218,DRAFT,OPERATOR_KONTEN,2025-11-29T01:03:45+07:00,pengusul_52
ENT-01218,OPERATOR_KONTEN,PIC_UKE,2026-03-03T02:44:20+07:00,operator_konten_52
ENT-01218,PIC_UKE,TERVALIDASI,2026-10-08T08:08:26+07:00,pic_uke_52
ENT-01219,,DRAFT,2025-02-10T12:40:56+07:00,pengusul_37
ENT-01219,DRAFT,OPERATOR_KONTEN,2025-03-05T22:19:41+07:00,pengusul_37
ENT-01219,OPERATOR_KONTEN,PIC_UKE,2025-05-10T13:36:47+07:00,operator_konten_37
ENT-01219,PIC_UKE,TERVALIDASI,2025-07-04T01:31:32+07:00,pic_uke_37
ENT-01219,TERVALIDASI,PUBLISH,2025-08-21T13:50:01+07:00,operator_konten_37
ENT-01220,,DRAFT,2025-02-10T13:09:07+07:00,pengusul_45
ENT-01220,DRAFT,OPERATOR_KONTEN,2026-04-03T03:46:04+07:00,pengusul_45
ENT-01220,OPERATOR_KONTEN,PIC_UKE,2026-08-21T15:32:36+07:00,operator_konten_45
ENT-01221,,DRAFT,2025-02-10T14:17:34+07:00,pengusul_48
ENT-01221,DRAFT,OPERATOR_KONTEN,2025-06-11T07:08:04+07:00,pengusul_48
ENT-01221,OPERATOR_KONTEN,PIC_UKE,2025-07-05T01:50:35+07:00,operator_konten_48
ENT-01221,PIC_UKE,TERVALIDASI,2025-09-19T19:11:47+07:00,pic_uke_48
ENT-01221,TERVALIDASI,PUBLISH,2025-10-09T08:03:02+07:00,operator_konten_48
ENT-01222,,DRAFT,2025-02-10T14:40:33+07:00,pengusul_59
ENT-01222,DRAFT,OPERATOR_KONTEN,2025-02-24T05:25:01+07:00,pengusul_59
ENT-01222,OPERATOR_KONTEN,PIC_UKE,2025-03-11T01:51:33+07:00,operator_konten_59
ENT-01222,PIC_UKE,TERVALIDASI,2025-03-12T14:05:37+07:00,pic_uke_59
ENT-01222,TERVALIDASI,PUBLISH,2025-03-22T13:54:04+07:00,operator_konten_59
ENT-01223,,DRAFT,2025-02-10T16:17:43+07:00,pengusul_61
ENT-01223,DRAFT,OPERATOR_KONTEN,2026-05-07T07:40:41+07:00,pengusul_61
ENT-01223,OPERATOR_KONTEN,PIC_UKE,2026-08-26T15:48:31+07:00,operator_konten_61
ENT-01224,,DRAFT,2025-02-11T09:54:26+07:00,pengusul_41
ENT-01224,DRAFT,OPERATOR_KONTEN,2025-02-16T03:19:46+07:00,pengusul_41
ENT-01224,OPERATOR_KONTEN,PIC_UKE,2025-03-25T10:49:42+07:00,operator_konten_41
ENT-01224,PIC_UKE,TERVALIDASI,2025-05-30T09:49:50+07:00,pic_uke_41
ENT-01224,TERVALIDASI,PUBLISH,2025-09-18T13:07:49+07:00,operator_konten_41
ENT-01225,,DRAFT,2025-02-11T12:26:24+07:00,pengusul_16
ENT-01225,DRAFT,OPERATOR_KONTEN,2025-02-13T02:30:02+07:00,pengusul_16
ENT-01225,OPERATOR_KONTEN,PIC_UKE,2025-02-14T11:21:11+07:00,operator_konten_16
ENT-01225,PIC_UKE,TERVALIDASI,2025-02-16T21:13:48+07:00,pic_uke_16
ENT-01225,TERVALIDASI,PUBLISH,2025-02-21T08:32:26+07:00,operator_konten_16
ENT-01226,,DRAFT,2025-02-11T15:00:18+07:00,pengusul_13
ENT-01226,DRAFT,OPERATOR_KONTEN,2025-07-02T10:26:50+07:00,pengusul_13
ENT-01226,OPERATOR_KONTEN,PIC_UKE,2025-07-31T17:45:55+07:00,operator_konten_13
ENT-01226,PIC_UKE,TERVALIDASI,2025-11-07T17:23:34+07:00,pic_uke_13
ENT-01226,TERVALIDASI,PUBLISH,2025-11-23T13:00:26+07:00,operator_konten_13
ENT-01227,,DRAFT,2025-02-11T15:53:16+07:00,pengusul_63
ENT-01227,DRAFT,OPERATOR_KONTEN,2026-07-30T22:11:51+07:00,pengusul_63
ENT-01227,OPERATOR_KONTEN,PIC_UKE,2026-09-09T08:20:59+07:00,operator_konten_63
ENT-01228,,DRAFT,2025-02-11T16:38:24+07:00,pengusul_44
ENT-01228,DRAFT,OPERATOR_KONTEN,2025-02-20T00:41:32+07:00,pengusul_44
ENT-01228,OPERATOR_KONTEN,PIC_UKE,2025-04-25T10:47:30+07:00,operator_konten_44
ENT-01228,PIC_UKE,TERVALIDASI,2025-05-28T08:37:58+07:00,pic_uke_44
ENT-01228,TERVALIDASI,PUBLISH,2025-06-12T13:28:09+07:00,operator_konten_44
ENT-01229,,DRAFT,2025-02-12T11:00:05+07:00,pengusul_17
ENT-01229,DRAFT,OPERATOR_KONTEN,2025-08-10T20:01:38+07:00,pengusul_17
ENT-01229,OPERATOR_KONTEN,DITOLAK_OPERATOR,2025-09-18T11:27:23+07:00,operator_konten_17
ENT-01229,DITOLAK_OPERATOR,DRAFT,2026-10-01T12:33:10+07:00,pengusul_17
ENT-01230,,DRAFT,2025-02-12T12:06:40+07:00,pengusul_37
ENT-01230,DRAFT,OPERATOR_KONTEN,2025-07-21T01:55:32+07:00,pengusul_37
ENT-01230,OPERATOR_KONTEN,PIC_UKE,2026-09-18T16:15:53+07:00,operator_konten_37
ENT-01231,,DRAFT,2025-02-13T10:51:21+07:00,pengusul_28
ENT-01231,DRAFT,OPERATOR_KONTEN,2025-10-12T16:19:42+07:00,pengusul_28
ENT-01231,OPERATOR_KONTEN,PIC_UKE,2026-09-28T15:22:02+07:00,operator_konten_28
ENT-01232,,DRAFT,2025-02-13T13:19:23+07:00,pengusul_36
ENT-01232,DRAFT,OPERATOR_KONTEN,2025-06-16T23:28:11+07:00,pengusul_36
ENT-01232,OPERATOR_KONTEN,PIC_UKE,2026-10-06T13:23:18+07:00,operator_konten_36
ENT-01233,,DRAFT,2025-02-13T14:46:55+07:00,pengusul_25
ENT-01233,DRAFT,OPERATOR_KONTEN,2025-03-08T09:28:48+07:00,pengusul_25
ENT-01233,OPERATOR_KONTEN,PIC_UKE,2025-03-22T09:30:18+07:00,operator_konten_25
ENT-01233,PIC_UKE,TERVALIDASI,2025-04-08T18:46:04+07:00,pic_uke_25
ENT-01233,TERVALIDASI,PUBLISH,2025-05-16T08:33:17+07:00,operator_konten_25
ENT-01234,,DRAFT,2025-02-13T15:42:33+07:00,pengusul_59
ENT-01234,DRAFT,OPERATOR_KONTEN,2025-02-22T01:11:36+07:00,pengusul_59
ENT-01234,OPERATOR_KONTEN,PIC_UKE,2025-02-24T13:55:12+07:00,operator_konten_59
ENT-01234,PIC_UKE,TERVALIDASI,2025-02-27T01:09:20+07:00,pic_uke_59
ENT-01234,TERVALIDASI,PUBLISH,2025-03-01T16:46:18+07:00,operator_konten_59
ENT-01235,,DRAFT,2025-02-13T16:48:07+07:00,pengusul_00
ENT-01235,DRAFT,OPERATOR_KONTEN,2025-03-29T05:05:42+07:00,pengusul_00
ENT-01235,OPERATOR_KONTEN,PIC_UKE,2025-05-11T21:54:46+07:00,operator_konten_00
ENT-01235,PIC_UKE,TERVALIDASI,2025-05-13T19:53:35+07:00,pic_uke_00
ENT-01235,TERVALIDASI,PUBLISH,2025-07-14T16:04:25+07:00,operator_konten_00
ENT-01236,,DRAFT,2025-02-14T09:36:14+07:00,pengusul_67
ENT-01236,DRAFT,OPERATOR_KONTEN,2025-02-21T15:36:16+07:00,pengusul_67
ENT-01236,OPERATOR_KONTEN,PIC_UKE,2025-02-25T15:46:12+07:00,operator_konten_67
ENT-01236,PIC_UKE,TERVALIDASI,2025-03-01T02:12:26+07:00,pic_uke_67
ENT-01236,TERVALIDASI,PUBLISH,2025-03-03T08:26:52+07:00,operator_konten_67
ENT-01237,,DRAFT,2025-02-14T10:54:02+07:00,pengusul_00
ENT-01237,DRAFT,OPERATOR_KONTEN,2025-03-10T00:40:17+07:00,pengusul_00
ENT-01237,OPERATOR_KONTEN,PIC_UKE,2025-04-14T01:07:11+07:00,operator_konten_00
ENT-01237,PIC_UKE,TERVALIDASI,2025-07-23T19:36:44+07:00,pic_uke_00
ENT-01237,TERVALIDASI,PUBLISH,2025-09-15T11:43:57+07:00,operator_konten_00
ENT-01238,,DRAFT,2025-02-14T13:30:50+07:00,pengusul_19
ENT-01238,DRAFT,OPERATOR_KONTEN,2025-03-22T06:18:32+07:00,pengusul_19
ENT-01238,OPERATOR_KONTEN,PIC_UKE,2025-07-17T20:11:04+07:00,operator_konten_19
ENT-01238,PIC_UKE,TERVALIDASI,2025-08-26T20:37:05+07:00,pic_uke_19
ENT-01238,TERVALIDASI,PUBLISH,2025-11-29T11:39:31+07:00,operator_konten_19
ENT-01239,,DRAFT,2025-02-14T13:32:30+07:00,pengusul_42
ENT-01239,DRAFT,OPERATOR_KONTEN,2025-03-30T19:43:54+07:00,pengusul_42
ENT-01239,OPERATOR_KONTEN,PIC_UKE,2025-04-30T23:48:44+07:00,operator_konten_42
ENT-01239,PIC_UKE,TERVALIDASI,2025-05-01T12:50:05+07:00,pic_uke_42
ENT-01239,TERVALIDASI,PUBLISH,2025-05-25T10:51:03+07:00,operator_konten_42
ENT-01240,,DRAFT,2025-02-14T14:40:12+07:00,pengusul_70
ENT-01240,DRAFT,OPERATOR_KONTEN,2025-03-07T08:51:13+07:00,pengusul_70
ENT-01240,OPERATOR_KONTEN,PIC_UKE,2025-03-10T18:10:25+07:00,operator_konten_70
ENT-01240,PIC_UKE,TERVALIDASI,2025-03-17T11:30:20+07:00,pic_uke_70
ENT-01240,TERVALIDASI,PUBLISH,2025-04-06T12:04:24+07:00,operator_konten_70
ENT-01241,,DRAFT,2025-02-14T14:45:07+07:00,pengusul_28
ENT-01241,DRAFT,OPERATOR_KONTEN,2025-03-08T12:01:48+07:00,pengusul_28
ENT-01241,OPERATOR_KONTEN,PIC_UKE,2025-03-08T15:41:43+07:00,operator_konten_28
ENT-01241,PIC_UKE,TERVALIDASI,2025-03-16T13:24:05+07:00,pic_uke_28
ENT-01241,TERVALIDASI,PUBLISH,2025-03-18T12:41:40+07:00,operator_konten_28
ENT-01242,,DRAFT,2025-02-14T16:17:23+07:00,pengusul_64
ENT-01242,DRAFT,OPERATOR_KONTEN,2025-05-24T05:38:43+07:00,pengusul_64
ENT-01242,OPERATOR_KONTEN,PIC_UKE,2025-07-13T21:21:41+07:00,operator_konten_64
ENT-01242,PIC_UKE,TERVALIDASI,2025-08-14T17:00:30+07:00,pic_uke_64
ENT-01242,TERVALIDASI,PUBLISH,2025-09-05T09:57:53+07:00,operator_konten_64
ENT-01243,,DRAFT,2025-02-15T09:50:05+07:00,pengusul_37
ENT-01243,DRAFT,OPERATOR_KONTEN,2026-04-24T06:37:10+07:00,pengusul_37
ENT-01243,OPERATOR_KONTEN,PIC_UKE,2026-09-29T12:19:24+07:00,operator_konten_37
ENT-01244,,DRAFT,2025-02-15T14:18:36+07:00,pengusul_46
ENT-01244,DRAFT,OPERATOR_KONTEN,2025-03-08T20:12:47+07:00,pengusul_46
ENT-01244,OPERATOR_KONTEN,PIC_UKE,2025-03-25T11:23:12+07:00,operator_konten_46
ENT-01244,PIC_UKE,TERVALIDASI,2026-09-23T13:24:35+07:00,pic_uke_46
ENT-01245,,DRAFT,2025-02-16T09:30:00+07:00,pengusul_39
ENT-01245,DRAFT,OPERATOR_KONTEN,2025-02-27T00:27:03+07:00,pengusul_39
ENT-01245,OPERATOR_KONTEN,PIC_UKE,2025-05-20T03:58:30+07:00,operator_konten_39
ENT-01245,PIC_UKE,TERVALIDASI,2025-08-01T01:18:23+07:00,pic_uke_39
ENT-01245,TERVALIDASI,PUBLISH,2025-09-02T15:30:46+07:00,operator_konten_39
ENT-01246,,DRAFT,2025-02-16T10:01:21+07:00,pengusul_05
ENT-01246,DRAFT,OPERATOR_KONTEN,2025-03-26T05:57:09+07:00,pengusul_05
ENT-01246,OPERATOR_KONTEN,PIC_UKE,2025-06-01T22:51:11+07:00,operator_konten_05
ENT-01246,PIC_UKE,TERVALIDASI,2025-10-03T09:59:58+07:00,pic_uke_05
ENT-01246,TERVALIDASI,PUBLISH,2025-11-28T16:46:02+07:00,operator_konten_05
ENT-01247,,DRAFT,2025-02-16T10:11:46+07:00,pengusul_47
ENT-01247,DRAFT,OPERATOR_KONTEN,2025-03-05T05:07:04+07:00,pengusul_47
ENT-01247,OPERATOR_KONTEN,PIC_UKE,2026-10-01T10:02:34+07:00,operator_konten_47
ENT-01248,,DRAFT,2025-02-16T10:54:37+07:00,pengusul_07
ENT-01248,DRAFT,OPERATOR_KONTEN,2025-05-09T17:38:42+07:00,pengusul_07
ENT-01248,OPERATOR_KONTEN,PIC_UKE,2025-05-11T22:39:29+07:00,operator_konten_07
ENT-01248,PIC_UKE,TERVALIDASI,2025-06-12T10:14:33+07:00,pic_uke_07
ENT-01248,TERVALIDASI,PUBLISH,2025-09-27T09:20:46+07:00,operator_konten_07
ENT-01249,,DRAFT,2025-02-16T14:43:30+07:00,pengusul_58
ENT-01249,DRAFT,OPERATOR_KONTEN,2025-04-18T06:42:55+07:00,pengusul_58
ENT-01249,OPERATOR_KONTEN,PIC_UKE,2025-07-20T07:16:09+07:00,operator_konten_58
ENT-01249,PIC_UKE,TERVALIDASI,2025-10-08T20:27:19+07:00,pic_uke_58
ENT-01249,TERVALIDASI,PUBLISH,2025-10-28T09:45:55+07:00,operator_konten_58
ENT-01250,,DRAFT,2025-02-16T15:32:04+07:00,pengusul_43
ENT-01250,DRAFT,OPERATOR_KONTEN,2025-05-30T06:29:42+07:00,pengusul_43
ENT-01250,OPERATOR_KONTEN,DITOLAK_OPERATOR,2025-09-03T23:51:57+07:00,operator_konten_43
ENT-01250,DITOLAK_OPERATOR,DRAFT,2026-10-07T13:15:47+07:00,pengusul_43
ENT-01251,,DRAFT,2025-02-16T16:29:08+07:00,pengusul_02
ENT-01251,DRAFT,OPERATOR_KONTEN,2025-05-10T09:05:46+07:00,pengusul_02
ENT-01251,OPERATOR_KONTEN,PIC_UKE,2026-09-24T12:42:45+07:00,operator_konten_02
ENT-01252,,DRAFT,2025-02-17T08:05:39+07:00,pengusul_28
ENT-01252,DRAFT,OPERATOR_KONTEN,2025-11-07T17:50:41+07:00,pengusul_28
ENT-01252,OPERATOR_KONTEN,DITOLAK_OPERATOR,2026-07-10T02:07:41+07:00,operator_konten_28
ENT-01252,DITOLAK_OPERATOR,DRAFT,2026-10-05T11:46:35+07:00,pengusul_28
ENT-01253,,DRAFT,2025-02-17T09:01:17+07:00,pengusul_45
ENT-01253,DRAFT,OPERATOR_KONTEN,2025-07-17T13:06:19+07:00,pengusul_45
ENT-01253,OPERATOR_KONTEN,PIC_UKE,2025-08-01T15:17:45+07:00,operator_konten_45
ENT-01253,PIC_UKE,TERVALIDASI,2025-09-13T19:46:39+07:00,pic_uke_45
ENT-01253,TERVALIDASI,PUBLISH,2025-09-27T08:13:29+07:00,operator_konten_45
ENT-01254,,DRAFT,2025-02-17T10:30:59+07:00,pengusul_36
ENT-01254,DRAFT,OPERATOR_KONTEN,2025-03-03T11:21:16+07:00,pengusul_36
ENT-01254,OPERATOR_KONTEN,PIC_UKE,2025-03-04T01:24:56+07:00,operator_konten_36
ENT-01254,PIC_UKE,TERVALIDASI,2025-03-08T03:45:43+07:00,pic_uke_36
ENT-01254,TERVALIDASI,PUBLISH,2025-03-14T11:41:12+07:00,operator_konten_36
ENT-01255,,DRAFT,2025-02-17T12:47:37+07:00,pengusul_63
ENT-01255,DRAFT,OPERATOR_KONTEN,2025-06-25T10:43:03+07:00,pengusul_63
ENT-01255,OPERATOR_KONTEN,PIC_UKE,2026-09-10T12:11:03+07:00,operator_konten_63
ENT-01256,,DRAFT,2025-02-17T14:54:39+07:00,pengusul_65
ENT-01256,DRAFT,OPERATOR_KONTEN,2025-03-17T04:23:29+07:00,pengusul_65
ENT-01256,OPERATOR_KONTEN,PIC_UKE,2025-03-18T18:41:10+07:00,operator_konten_65
ENT-01256,PIC_UKE,TERVALIDASI,2025-03-24T22:03:55+07:00,pic_uke_65
ENT-01256,TERVALIDASI,PUBLISH,2025-04-03T08:05:45+07:00,operator_konten_65
ENT-01257,,DRAFT,2025-02-17T15:55:38+07:00,pengusul_05
ENT-01257,DRAFT,OPERATOR_KONTEN,2025-04-26T21:34:59+07:00,pengusul_05
ENT-01257,OPERATOR_KONTEN,PIC_UKE,2025-07-14T10:21:43+07:00,operator_konten_05
ENT-01257,PIC_UKE,TERVALIDASI,2025-08-02T00:09:13+07:00,pic_uke_05
ENT-01257,TERVALIDASI,PUBLISH,2025-09-07T14:52:54+07:00,operator_konten_05
ENT-01258,,DRAFT,2025-02-18T08:47:44+07:00,pengusul_05
ENT-01258,DRAFT,OPERATOR_KONTEN,2025-02-20T10:34:09+07:00,pengusul_05
ENT-01258,OPERATOR_KONTEN,PIC_UKE,2025-03-05T05:28:30+07:00,operator_konten_05
ENT-01258,PIC_UKE,TERVALIDASI,2025-05-05T09:58:06+07:00,pic_uke_05
ENT-01258,TERVALIDASI,PUBLISH,2025-05-19T08:16:40+07:00,operator_konten_05
ENT-01259,,DRAFT,2025-02-18T09:06:31+07:00,pengusul_01
ENT-01259,DRAFT,OPERATOR_KONTEN,2025-03-04T10:24:44+07:00,pengusul_01
ENT-01259,OPERATOR_KONTEN,PIC_UKE,2025-03-18T22:17:56+07:00,operator_konten_01
ENT-01259,PIC_UKE,TERVALIDASI,2025-04-11T15:57:05+07:00,pic_uke_01
ENT-01259,TERVALIDASI,PUBLISH,2025-05-08T08:29:24+07:00,operator_konten_01
ENT-01260,,DRAFT,2025-02-18T10:04:47+07:00,pengusul_66
ENT-01260,DRAFT,OPERATOR_KONTEN,2026-07-03T05:16:25+07:00,pengusul_66
ENT-01260,OPERATOR_KONTEN,PIC_UKE,2026-10-07T08:22:00+07:00,operator_konten_66
ENT-01261,,DRAFT,2025-02-19T15:15:36+07:00,pengusul_62
ENT-01261,DRAFT,OPERATOR_KONTEN,2025-02-22T05:58:28+07:00,pengusul_62
ENT-01261,OPERATOR_KONTEN,PIC_UKE,2025-03-01T21:38:29+07:00,operator_konten_62
ENT-01261,PIC_UKE,TERVALIDASI,2025-03-03T15:15:20+07:00,pic_uke_62
ENT-01261,TERVALIDASI,PUBLISH,2025-05-08T08:32:40+07:00,operator_konten_62
ENT-01262,,DRAFT,2025-02-19T15:25:28+07:00,pengusul_42
ENT-01262,DRAFT,OPERATOR_KONTEN,2025-05-06T17:52:41+07:00,pengusul_42
ENT-01262,OPERATOR_KONTEN,PIC_UKE,2025-08-04T03:50:00+07:00,operator_konten_42
ENT-01262,PIC_UKE,TERVALIDASI,2025-08-14T23:27:09+07:00,pic_uke_42
ENT-01262,TERVALIDASI,PUBLISH,2025-10-31T10:26:19+07:00,operator_konten_42
ENT-01263,,DRAFT,2025-02-19T16:34:22+07:00,pengusul_66
ENT-01263,DRAFT,OPERATOR_KONTEN,2025-07-14T18:36:52+07:00,pengusul_66
ENT-01263,OPERATOR_KONTEN,PIC_UKE,2026-09-25T08:36:03+07:00,operator_konten_66
ENT-01264,,DRAFT,2025-02-20T10:51:42+07:00,pengusul_00
ENT-01264,DRAFT,OPERATOR_KONTEN,2025-03-21T10:08:28+07:00,pengusul_00
ENT-01264,OPERATOR_KONTEN,PIC_UKE,2025-04-09T03:09:39+07:00,operator_konten_00
ENT-01264,PIC_UKE,TERVALIDASI,2025-04-21T07:17:54+07:00,pic_uke_00
ENT-01264,TERVALIDASI,PUBLISH,2025-05-21T08:13:33+07:00,operator_konten_00
ENT-01265,,DRAFT,2025-02-20T12:46:06+07:00,pengusul_67
ENT-01265,DRAFT,OPERATOR_KONTEN,2025-03-24T13:27:30+07:00,pengusul_67
ENT-01265,OPERATOR_KONTEN,PIC_UKE,2025-05-01T19:52:44+07:00,operator_konten_67
ENT-01265,PIC_UKE,TERVALIDASI,2025-08-03T18:02:33+07:00,pic_uke_67
ENT-01265,TERVALIDASI,PUBLISH,2025-12-08T10:32:01+07:00,operator_konten_67
ENT-01266,,DRAFT,2025-02-20T15:39:13+07:00,pengusul_50
ENT-01266,DRAFT,OPERATOR_KONTEN,2025-02-22T03:09:24+07:00,pengusul_50
ENT-01266,OPERATOR_KONTEN,PIC_UKE,2025-02-26T17:30:21+07:00,operator_konten_50
ENT-01266,PIC_UKE,TERVALIDASI,2025-03-17T18:17:21+07:00,pic_uke_50
ENT-01266,TERVALIDASI,PUBLISH,2025-04-05T13:10:10+07:00,operator_konten_50
ENT-01267,,DRAFT,2025-02-20T16:16:59+07:00,pengusul_57
ENT-01267,DRAFT,OPERATOR_KONTEN,2025-03-22T17:11:47+07:00,pengusul_57
ENT-01267,OPERATOR_KONTEN,PIC_UKE,2025-07-19T23:41:03+07:00,operator_konten_57
ENT-01267,PIC_UKE,TERVALIDASI,2025-09-06T04:51:22+07:00,pic_uke_57
ENT-01267,TERVALIDASI,PUBLISH,2025-10-13T09:57:25+07:00,operator_konten_57
ENT-01268,,DRAFT,2025-02-21T08:36:17+07:00,pengusul_30
ENT-01268,DRAFT,OPERATOR_KONTEN,2025-09-19T21:36:52+07:00,pengusul_30
ENT-01268,OPERATOR_KONTEN,DITOLAK_OPERATOR,2026-06-23T19:54:46+07:00,operator_konten_30
ENT-01268,DITOLAK_OPERATOR,DRAFT,2026-09-24T14:13:13+07:00,pengusul_30
ENT-01269,,DRAFT,2025-02-21T09:07:08+07:00,pengusul_63
ENT-01269,DRAFT,OPERATOR_KONTEN,2025-02-24T07:50:18+07:00,pengusul_63
ENT-01269,OPERATOR_KONTEN,PIC_UKE,2025-06-13T14:03:17+07:00,operator_konten_63
ENT-01269,PIC_UKE,TERVALIDASI,2025-06-18T13:37:36+07:00,pic_uke_63
ENT-01269,TERVALIDASI,PUBLISH,2025-07-08T11:02:37+07:00,operator_konten_63
ENT-01270,,DRAFT,2025-02-21T09:29:06+07:00,pengusul_68
ENT-01270,DRAFT,OPERATOR_KONTEN,2025-04-21T17:50:21+07:00,pengusul_68
ENT-01270,OPERATOR_KONTEN,PIC_UKE,2025-07-26T00:51:29+07:00,operator_konten_68
ENT-01270,PIC_UKE,TERVALIDASI,2025-09-08T05:26:39+07:00,pic_uke_68
ENT-01270,TERVALIDASI,PUBLISH,2025-09-24T08:25:44+07:00,operator_konten_68
ENT-01271,,DRAFT,2025-02-21T13:02:41+07:00,pengusul_64
ENT-01271,DRAFT,OPERATOR_KONTEN,2025-03-27T16:07:46+07:00,pengusul_64
ENT-01271,OPERATOR_KONTEN,PIC_UKE,2025-04-01T22:41:36+07:00,operator_konten_64
ENT-01271,PIC_UKE,TERVALIDASI,2025-06-01T18:30:34+07:00,pic_uke_64
ENT-01271,TERVALIDASI,PUBLISH,2025-07-14T10:40:14+07:00,operator_konten_64
ENT-01272,,DRAFT,2025-02-21T13:46:14+07:00,pengusul_00
ENT-01272,DRAFT,OPERATOR_KONTEN,2025-04-07T03:56:11+07:00,pengusul_00
ENT-01272,OPERATOR_KONTEN,PIC_UKE,2025-04-11T01:40:39+07:00,operator_konten_00
ENT-01272,PIC_UKE,TERVALIDASI,2025-04-28T08:12:57+07:00,pic_uke_00
ENT-01272,TERVALIDASI,PUBLISH,2025-05-19T08:58:57+07:00,operator_konten_00
ENT-01273,,DRAFT,2025-02-21T13:53:57+07:00,pengusul_06
ENT-01273,DRAFT,OPERATOR_KONTEN,2025-03-07T13:09:03+07:00,pengusul_06
ENT-01273,OPERATOR_KONTEN,PIC_UKE,2025-03-15T10:48:46+07:00,operator_konten_06
ENT-01273,PIC_UKE,TERVALIDASI,2025-06-25T21:57:54+07:00,pic_uke_06
ENT-01273,TERVALIDASI,PUBLISH,2025-07-16T14:09:42+07:00,operator_konten_06
ENT-01274,,DRAFT,2025-02-21T14:36:08+07:00,pengusul_16
ENT-01274,DRAFT,OPERATOR_KONTEN,2025-03-23T03:08:01+07:00,pengusul_16
ENT-01274,OPERATOR_KONTEN,PIC_UKE,2025-05-31T23:23:47+07:00,operator_konten_16
ENT-01274,PIC_UKE,TERVALIDASI,2025-07-13T14:50:18+07:00,pic_uke_16
ENT-01274,TERVALIDASI,PUBLISH,2025-09-06T10:15:32+07:00,operator_konten_16
ENT-01275,,DRAFT,2025-02-22T12:05:19+07:00,pengusul_59
ENT-01275,DRAFT,OPERATOR_KONTEN,2025-03-18T02:08:22+07:00,pengusul_59
ENT-01275,OPERATOR_KONTEN,PIC_UKE,2025-04-04T14:09:13+07:00,operator_konten_59
ENT-01275,PIC_UKE,TERVALIDASI,2025-04-07T22:47:12+07:00,pic_uke_59
ENT-01275,TERVALIDASI,PUBLISH,2025-04-18T16:14:16+07:00,operator_konten_59
ENT-01276,,DRAFT,2025-02-23T08:33:45+07:00,pengusul_60
ENT-01276,DRAFT,OPERATOR_KONTEN,2026-01-31T12:24:51+07:00,pengusul_60
ENT-01276,OPERATOR_KONTEN,PIC_UKE,2026-10-08T16:59:28+07:00,operator_konten_60
ENT-01277,,DRAFT,2025-02-23T09:58:08+07:00,pengusul_58
ENT-01277,DRAFT,OPERATOR_KONTEN,2025-06-07T22:23:18+07:00,pengusul_58
ENT-01277,OPERATOR_KONTEN,PIC_UKE,2025-07-30T04:51:37+07:00,operator_konten_58
ENT-01277,PIC_UKE,TERVALIDASI,2025-08-22T03:29:44+07:00,pic_uke_58
ENT-01277,TERVALIDASI,PUBLISH,2025-10-05T14:14:54+07:00,operator_konten_58
ENT-01278,,DRAFT,2025-02-23T11:55:14+07:00,pengusul_30
ENT-01278,DRAFT,OPERATOR_KONTEN,2025-04-24T12:48:26+07:00,pengusul_30
ENT-01278,OPERATOR_KONTEN,PIC_UKE,2025-05-19T10:33:49+07:00,operator_konten_30
ENT-01278,PIC_UKE,TERVALIDASI,2025-05-27T04:54:22+07:00,pic_uke_30
ENT-01278,TERVALIDASI,PUBLISH,2025-07-02T00:53:07+07:00,operator_konten_30
ENT-01278,PUBLISH,UNPUBLISH,2025-10-04T15:06:53+07:00,admin_30
ENT-01279,,DRAFT,2025-02-23T15:45:41+07:00,pengusul_55
ENT-01279,DRAFT,OPERATOR_KONTEN,2025-05-13T18:38:23+07:00,pengusul_55
ENT-01279,OPERATOR_KONTEN,PIC_UKE,2025-06-05T19:11:15+07:00,operator_konten_55
ENT-01279,PIC_UKE,DITOLAK_PIC,2025-07-15T10:24:08+07:00,pic_uke_55
ENT-01280,,DRAFT,2025-02-23T16:10:54+07:00,pengusul_37
ENT-01280,DRAFT,OPERATOR_KONTEN,2025-03-02T10:43:15+07:00,pengusul_37
ENT-01280,OPERATOR_KONTEN,PIC_UKE,2025-03-10T04:18:25+07:00,operator_konten_37
ENT-01280,PIC_UKE,TERVALIDASI,2025-03-17T11:52:08+07:00,pic_uke_37
ENT-01280,TERVALIDASI,PUBLISH,2025-03-21T13:11:56+07:00,operator_konten_37
ENT-01281,,DRAFT,2025-02-24T09:13:53+07:00,pengusul_64
ENT-01281,DRAFT,OPERATOR_KONTEN,2026-02-09T21:55:08+07:00,pengusul_64
ENT-01281,OPERATOR_KONTEN,PIC_UKE,2026-09-28T15:18:57+07:00,operator_konten_64
ENT-01282,,DRAFT,2025-02-24T12:42:18+07:00,pengusul_18
ENT-01282,DRAFT,OPERATOR_KONTEN,2025-08-04T08:41:50+07:00,pengusul_18
ENT-01282,OPERATOR_KONTEN,PIC_UKE,2026-09-08T13:05:25+07:00,operator_konten_18
ENT-01283,,DRAFT,2025-02-24T14:26:58+07:00,pengusul_04
ENT-01283,DRAFT,OPERATOR_KONTEN,2025-06-13T17:43:12+07:00,pengusul_04
ENT-01283,OPERATOR_KONTEN,PIC_UKE,2026-09-30T08:11:52+07:00,operator_konten_04
ENT-01284,,DRAFT,2025-02-24T15:33:16+07:00,pengusul_04
ENT-01284,DRAFT,OPERATOR_KONTEN,2025-02-27T10:01:29+07:00,pengusul_04
ENT-01284,OPERATOR_KONTEN,PIC_UKE,2025-02-27T11:07:13+07:00,operator_konten_04
ENT-01284,PIC_UKE,TERVALIDASI,2025-03-03T20:35:23+07:00,pic_uke_04
ENT-01284,TERVALIDASI,PUBLISH,2025-03-07T08:36:20+07:00,operator_konten_04
ENT-01285,,DRAFT,2025-02-25T09:22:26+07:00,pengusul_25
ENT-01285,DRAFT,OPERATOR_KONTEN,2026-04-22T19:51:42+07:00,pengusul_25
ENT-01285,OPERATOR_KONTEN,DITOLAK_OPERATOR,2026-09-15T05:25:56+07:00,operator_konten_25
ENT-01285,DITOLAK_OPERATOR,DRAFT,2026-10-05T15:11:09+07:00,pengusul_25
ENT-01286,,DRAFT,2025-02-25T10:54:09+07:00,pengusul_57
ENT-01286,DRAFT,OPERATOR_KONTEN,2026-09-23T09:00:34+07:00,pengusul_57
ENT-01287,,DRAFT,2025-02-25T12:38:10+07:00,pengusul_55
ENT-01287,DRAFT,OPERATOR_KONTEN,2025-02-28T01:03:30+07:00,pengusul_55
ENT-01287,OPERATOR_KONTEN,PIC_UKE,2025-05-04T19:07:02+07:00,operator_konten_55
ENT-01287,PIC_UKE,TERVALIDASI,2025-05-11T01:38:23+07:00,pic_uke_55
ENT-01287,TERVALIDASI,PUBLISH,2025-05-21T13:52:03+07:00,operator_konten_55
ENT-01288,,DRAFT,2025-02-26T10:45:03+07:00,pengusul_26
ENT-01288,DRAFT,OPERATOR_KONTEN,2025-06-26T04:58:48+07:00,pengusul_26
ENT-01288,OPERATOR_KONTEN,PIC_UKE,2026-09-16T08:27:15+07:00,operator_konten_26
ENT-01289,,DRAFT,2025-02-26T12:50:09+07:00,pengusul_21
ENT-01289,DRAFT,OPERATOR_KONTEN,2026-02-20T02:10:06+07:00,pengusul_21
ENT-01289,OPERATOR_KONTEN,PIC_UKE,2026-10-05T10:47:43+07:00,operator_konten_21
ENT-01290,,DRAFT,2025-02-26T14:14:58+07:00,pengusul_48
ENT-01290,DRAFT,OPERATOR_KONTEN,2025-03-14T00:50:03+07:00,pengusul_48
ENT-01290,OPERATOR_KONTEN,PIC_UKE,2025-11-07T07:22:32+07:00,operator_konten_48
ENT-01290,PIC_UKE,TERVALIDASI,2025-11-17T12:11:42+07:00,pic_uke_48
ENT-01290,TERVALIDASI,PUBLISH,2025-11-27T14:46:31+07:00,operator_konten_48
ENT-01291,,DRAFT,2025-02-27T09:19:27+07:00,pengusul_55
ENT-01291,DRAFT,OPERATOR_KONTEN,2025-03-07T10:30:14+07:00,pengusul_55
ENT-01291,OPERATOR_KONTEN,PIC_UKE,2025-04-22T20:15:47+07:00,operator_konten_55
ENT-01291,PIC_UKE,TERVALIDASI,2025-08-02T13:38:46+07:00,pic_uke_55
ENT-01291,TERVALIDASI,PUBLISH,2025-09-18T13:52:20+07:00,operator_konten_55
ENT-01292,,DRAFT,2025-02-27T12:57:19+07:00,pengusul_58
ENT-01292,DRAFT,OPERATOR_KONTEN,2025-05-12T14:56:20+07:00,pengusul_58
ENT-01292,OPERATOR_KONTEN,PIC_UKE,2025-08-01T11:41:38+07:00,operator_konten_58
ENT-01292,PIC_UKE,TERVALIDASI,2025-10-19T12:56:17+07:00,pic_uke_58
ENT-01292,TERVALIDASI,PUBLISH,2025-12-02T13:42:03+07:00,operator_konten_58
ENT-01293,,DRAFT,2025-02-27T14:27:59+07:00,pengusul_24
ENT-01293,DRAFT,OPERATOR_KONTEN,2025-03-09T04:48:41+07:00,pengusul_24
ENT-01293,OPERATOR_KONTEN,PIC_UKE,2025-03-10T06:16:27+07:00,operator_konten_24
ENT-01293,PIC_UKE,TERVALIDASI,2025-03-24T02:09:52+07:00,pic_uke_24
ENT-01293,TERVALIDASI,PUBLISH,2025-06-08T09:22:58+07:00,operator_konten_24
ENT-01294,,DRAFT,2025-02-27T15:21:03+07:00,pengusul_15
ENT-01294,DRAFT,OPERATOR_KONTEN,2025-03-16T08:23:54+07:00,pengusul_15
ENT-01294,OPERATOR_KONTEN,PIC_UKE,2025-07-02T21:11:45+07:00,operator_konten_15
ENT-01294,PIC_UKE,TERVALIDASI,2025-09-18T11:06:43+07:00,pic_uke_15
ENT-01294,TERVALIDASI,PUBLISH,2025-10-30T14:30:11+07:00,operator_konten_15
ENT-01295,,DRAFT,2025-02-27T16:43:04+07:00,pengusul_18
ENT-01295,DRAFT,OPERATOR_KONTEN,2025-04-22T11:27:24+07:00,pengusul_18
ENT-01295,OPERATOR_KONTEN,PIC_UKE,2025-08-27T08:33:21+07:00,operator_konten_18
ENT-01295,PIC_UKE,TERVALIDASI,2025-09-07T00:46:23+07:00,pic_uke_18
ENT-01295,TERVALIDASI,PUBLISH,2025-11-27T08:17:27+07:00,operator_konten_18
ENT-01296,,DRAFT,2025-02-28T08:43:34+07:00,pengusul_25
ENT-01296,DRAFT,OPERATOR_KONTEN,2025-04-25T07:10:31+07:00,pengusul_25
ENT-01296,OPERATOR_KONTEN,PIC_UKE,2025-07-07T00:52:00+07:00,operator_konten_25
ENT-01296,PIC_UKE,TERVALIDASI,2025-07-08T02:45:00+07:00,pic_uke_25
ENT-01296,TERVALIDASI,PUBLISH,2025-07-26T08:47:44+07:00,operator_konten_25
ENT-01297,,DRAFT,2025-02-28T09:59:37+07:00,pengusul_51
ENT-01297,DRAFT,OPERATOR_KONTEN,2026-10-07T13:34:38+07:00,pengusul_51
ENT-01298,,DRAFT,2025-02-28T15:53:28+07:00,pengusul_06
ENT-01298,DRAFT,OPERATOR_KONTEN,2025-07-02T20:40:25+07:00,pengusul_06
ENT-01298,OPERATOR_KONTEN,PIC_UKE,2025-09-27T07:16:37+07:00,operator_konten_06
ENT-01298,PIC_UKE,TERVALIDASI,2025-10-02T11:39:26+07:00,pic_uke_06
ENT-01298,TERVALIDASI,PUBLISH,2025-11-12T13:15:34+07:00,operator_konten_06
ENT-01299,,DRAFT,2025-03-01T10:33:42+07:00,pengusul_24
ENT-01299,DRAFT,OPERATOR_KONTEN,2025-04-06T13:48:01+07:00,pengusul_24
ENT-01299,OPERATOR_KONTEN,PIC_UKE,2025-07-15T08:52:01+07:00,operator_konten_24
ENT-01299,PIC_UKE,TERVALIDASI,2025-07-24T15:07:53+07:00,pic_uke_24
ENT-01299,TERVALIDASI,PUBLISH,2025-10-10T09:58:31+07:00,operator_konten_24
ENT-01300,,DRAFT,2025-03-01T15:51:24+07:00,pengusul_42
ENT-01300,DRAFT,OPERATOR_KONTEN,2025-04-27T11:32:49+07:00,pengusul_42
ENT-01300,OPERATOR_KONTEN,PIC_UKE,2025-06-05T04:23:20+07:00,operator_konten_42
ENT-01300,PIC_UKE,TERVALIDASI,2025-07-26T21:37:40+07:00,pic_uke_42
ENT-01300,TERVALIDASI,PUBLISH,2025-11-08T11:37:54+07:00,operator_konten_42
ENT-01301,,DRAFT,2025-03-02T13:05:45+07:00,pengusul_60
ENT-01301,DRAFT,OPERATOR_KONTEN,2025-03-02T21:47:48+07:00,pengusul_60
ENT-01301,OPERATOR_KONTEN,PIC_UKE,2025-03-03T12:37:57+07:00,operator_konten_60
ENT-01301,PIC_UKE,TERVALIDASI,2025-03-05T08:33:17+07:00,pic_uke_60
ENT-01301,TERVALIDASI,PUBLISH,2025-03-05T15:25:09+07:00,operator_konten_60
ENT-01302,,DRAFT,2025-03-02T14:43:00+07:00,pengusul_34
ENT-01302,DRAFT,OPERATOR_KONTEN,2025-04-07T20:18:03+07:00,pengusul_34
ENT-01302,OPERATOR_KONTEN,PIC_UKE,2025-04-18T07:38:01+07:00,operator_konten_34
ENT-01302,PIC_UKE,TERVALIDASI,2025-04-20T06:07:24+07:00,pic_uke_34
ENT-01302,TERVALIDASI,PUBLISH,2025-06-02T09:43:50+07:00,operator_konten_34
ENT-01303,,DRAFT,2025-03-03T11:10:01+07:00,pengusul_17
ENT-01303,DRAFT,OPERATOR_KONTEN,2025-03-13T09:01:23+07:00,pengusul_17
ENT-01303,OPERATOR_KONTEN,PIC_UKE,2025-04-02T11:54:04+07:00,operator_konten_17
ENT-01303,PIC_UKE,TERVALIDASI,2025-04-03T21:48:26+07:00,pic_uke_17
ENT-01303,TERVALIDASI,PUBLISH,2025-04-10T10:45:33+07:00,operator_konten_17
ENT-01304,,DRAFT,2025-03-03T12:57:21+07:00,pengusul_05
ENT-01304,DRAFT,OPERATOR_KONTEN,2025-04-07T14:39:42+07:00,pengusul_05
ENT-01304,OPERATOR_KONTEN,PIC_UKE,2025-04-11T19:56:03+07:00,operator_konten_05
ENT-01304,PIC_UKE,TERVALIDASI,2025-07-06T08:15:43+07:00,pic_uke_05
ENT-01304,TERVALIDASI,PUBLISH,2025-07-13T08:50:20+07:00,operator_konten_05
ENT-01305,,DRAFT,2025-03-05T11:11:22+07:00,pengusul_56
ENT-01305,DRAFT,OPERATOR_KONTEN,2026-07-24T12:10:48+07:00,pengusul_56
ENT-01305,OPERATOR_KONTEN,PIC_UKE,2026-09-30T13:29:33+07:00,operator_konten_56
ENT-01306,,DRAFT,2025-03-05T12:15:40+07:00,pengusul_58
ENT-01306,DRAFT,OPERATOR_KONTEN,2025-03-20T18:28:32+07:00,pengusul_58
ENT-01306,OPERATOR_KONTEN,PIC_UKE,2026-09-29T09:16:11+07:00,operator_konten_58
ENT-01307,,DRAFT,2025-03-05T14:29:25+07:00,pengusul_26
ENT-01307,DRAFT,OPERATOR_KONTEN,2025-03-18T07:12:18+07:00,pengusul_26
ENT-01307,OPERATOR_KONTEN,PIC_UKE,2025-03-18T12:43:49+07:00,operator_konten_26
ENT-01307,PIC_UKE,TERVALIDASI,2025-04-01T05:12:19+07:00,pic_uke_26
ENT-01307,TERVALIDASI,PUBLISH,2025-04-02T13:57:26+07:00,operator_konten_26
ENT-01308,,DRAFT,2025-03-05T14:44:01+07:00,pengusul_19
ENT-01308,DRAFT,OPERATOR_KONTEN,2025-07-19T21:03:44+07:00,pengusul_19
ENT-01308,OPERATOR_KONTEN,PIC_UKE,2025-11-17T15:25:03+07:00,operator_konten_19
ENT-01308,PIC_UKE,TERVALIDASI,2026-10-06T09:50:04+07:00,pic_uke_19
ENT-01309,,DRAFT,2025-03-05T16:32:50+07:00,pengusul_39
ENT-01309,DRAFT,OPERATOR_KONTEN,2025-03-09T19:28:45+07:00,pengusul_39
ENT-01309,OPERATOR_KONTEN,PIC_UKE,2025-05-22T08:43:48+07:00,operator_konten_39
ENT-01309,PIC_UKE,TERVALIDASI,2025-05-24T20:59:07+07:00,pic_uke_39
ENT-01309,TERVALIDASI,PUBLISH,2025-08-12T14:19:22+07:00,operator_konten_39
ENT-01310,,DRAFT,2025-03-06T09:28:45+07:00,pengusul_60
ENT-01310,DRAFT,OPERATOR_KONTEN,2025-06-30T19:23:32+07:00,pengusul_60
ENT-01310,OPERATOR_KONTEN,PIC_UKE,2026-10-08T09:10:23+07:00,operator_konten_60
ENT-01311,,DRAFT,2025-03-06T11:39:36+07:00,pengusul_05
ENT-01311,DRAFT,OPERATOR_KONTEN,2025-05-19T19:46:23+07:00,pengusul_05
ENT-01311,OPERATOR_KONTEN,PIC_UKE,2026-09-28T14:49:47+07:00,operator_konten_05
ENT-01312,,DRAFT,2025-03-06T13:38:13+07:00,pengusul_29
ENT-01312,DRAFT,OPERATOR_KONTEN,2025-06-04T18:50:06+07:00,pengusul_29
ENT-01312,OPERATOR_KONTEN,DITOLAK_OPERATOR,2026-03-18T08:53:29+07:00,operator_konten_29
ENT-01312,DITOLAK_OPERATOR,DRAFT,2026-10-01T08:02:41+07:00,pengusul_29
ENT-01313,,DRAFT,2025-03-07T15:51:18+07:00,pengusul_61
ENT-01313,DRAFT,OPERATOR_KONTEN,2025-04-04T19:24:06+07:00,pengusul_61
ENT-01313,OPERATOR_KONTEN,PIC_UKE,2025-04-28T00:07:30+07:00,operator_konten_61
ENT-01313,PIC_UKE,TERVALIDASI,2025-06-21T11:19:06+07:00,pic_uke_61
ENT-01313,TERVALIDASI,PUBLISH,2025-07-17T13:42:26+07:00,operator_konten_61
ENT-01314,,DRAFT,2025-03-08T10:18:19+07:00,pengusul_59
ENT-01314,DRAFT,OPERATOR_KONTEN,2025-03-21T00:57:07+07:00,pengusul_59
ENT-01314,OPERATOR_KONTEN,PIC_UKE,2025-05-10T11:23:57+07:00,operator_konten_59
ENT-01314,PIC_UKE,TERVALIDASI,2025-08-02T07:54:56+07:00,pic_uke_59
ENT-01314,TERVALIDASI,PUBLISH,2025-10-06T11:36:34+07:00,operator_konten_59
ENT-01315,,DRAFT,2025-03-08T10:27:35+07:00,pengusul_55
ENT-01315,DRAFT,OPERATOR_KONTEN,2026-08-23T22:44:05+07:00,pengusul_55
ENT-01315,OPERATOR_KONTEN,PIC_UKE,2026-09-28T11:07:35+07:00,operator_konten_55
ENT-01316,,DRAFT,2025-03-08T11:15:31+07:00,pengusul_29
ENT-01316,DRAFT,OPERATOR_KONTEN,2025-03-28T20:43:59+07:00,pengusul_29
ENT-01316,OPERATOR_KONTEN,PIC_UKE,2025-04-15T19:32:20+07:00,operator_konten_29
ENT-01316,PIC_UKE,TERVALIDASI,2025-04-26T00:33:13+07:00,pic_uke_29
ENT-01316,TERVALIDASI,PUBLISH,2025-04-30T10:40:55+07:00,operator_konten_29
ENT-01317,,DRAFT,2025-03-09T09:45:41+07:00,pengusul_43
ENT-01317,DRAFT,OPERATOR_KONTEN,2025-04-26T14:17:00+07:00,pengusul_43
ENT-01317,OPERATOR_KONTEN,PIC_UKE,2025-04-30T07:05:17+07:00,operator_konten_43
ENT-01317,PIC_UKE,TERVALIDASI,2025-11-02T03:11:44+07:00,pic_uke_43
ENT-01317,TERVALIDASI,PUBLISH,2025-12-03T09:55:03+07:00,operator_konten_43
ENT-01318,,DRAFT,2025-03-09T11:31:03+07:00,pengusul_57
ENT-01318,DRAFT,OPERATOR_KONTEN,2025-03-28T05:34:08+07:00,pengusul_57
ENT-01318,OPERATOR_KONTEN,PIC_UKE,2026-08-31T08:33:24+07:00,operator_konten_57
ENT-01319,,DRAFT,2025-03-09T14:57:54+07:00,pengusul_07
ENT-01319,DRAFT,OPERATOR_KONTEN,2025-03-12T20:57:49+07:00,pengusul_07
ENT-01319,OPERATOR_KONTEN,PIC_UKE,2025-03-26T00:48:33+07:00,operator_konten_07
ENT-01319,PIC_UKE,TERVALIDASI,2025-07-03T11:22:46+07:00,pic_uke_07
ENT-01319,TERVALIDASI,PUBLISH,2025-07-19T08:19:12+07:00,operator_konten_07
ENT-01320,,DRAFT,2025-03-10T09:30:06+07:00,pengusul_70
ENT-01320,DRAFT,OPERATOR_KONTEN,2025-03-17T13:20:03+07:00,pengusul_70
ENT-01320,OPERATOR_KONTEN,DITOLAK_OPERATOR,2025-04-17T12:08:30+07:00,operator_konten_70
ENT-01321,,DRAFT,2025-03-10T10:11:18+07:00,pengusul_54
ENT-01321,DRAFT,OPERATOR_KONTEN,2025-10-17T16:16:52+07:00,pengusul_54
ENT-01321,OPERATOR_KONTEN,PIC_UKE,2026-10-06T13:46:51+07:00,operator_konten_54
ENT-01322,,DRAFT,2025-03-10T12:54:00+07:00,pengusul_21
ENT-01322,DRAFT,OPERATOR_KONTEN,2025-04-18T02:16:32+07:00,pengusul_21
ENT-01322,OPERATOR_KONTEN,PIC_UKE,2025-05-29T03:17:59+07:00,operator_konten_21
ENT-01322,PIC_UKE,TERVALIDASI,2025-10-13T21:06:03+07:00,pic_uke_21
ENT-01322,TERVALIDASI,PUBLISH,2025-12-02T10:59:20+07:00,operator_konten_21
ENT-01323,,DRAFT,2025-03-10T14:55:29+07:00,pengusul_16
ENT-01323,DRAFT,OPERATOR_KONTEN,2025-04-10T17:05:09+07:00,pengusul_16
ENT-01323,OPERATOR_KONTEN,PIC_UKE,2025-04-10T21:57:01+07:00,operator_konten_16
ENT-01323,PIC_UKE,TERVALIDASI,2025-05-05T09:47:57+07:00,pic_uke_16
ENT-01323,TERVALIDASI,PUBLISH,2025-06-10T15:16:08+07:00,operator_konten_16
ENT-01324,,DRAFT,2025-03-11T09:06:02+07:00,pengusul_58
ENT-01324,DRAFT,OPERATOR_KONTEN,2026-02-16T21:15:01+07:00,pengusul_58
ENT-01324,OPERATOR_KONTEN,PIC_UKE,2026-09-10T16:30:38+07:00,operator_konten_58
ENT-01325,,DRAFT,2025-03-11T12:17:36+07:00,pengusul_45
ENT-01325,DRAFT,OPERATOR_KONTEN,2025-04-08T13:17:51+07:00,pengusul_45
ENT-01325,OPERATOR_KONTEN,PIC_UKE,2025-04-28T05:39:16+07:00,operator_konten_45
ENT-01325,PIC_UKE,TERVALIDASI,2025-05-20T01:56:04+07:00,pic_uke_45
ENT-01325,TERVALIDASI,PUBLISH,2025-05-23T10:59:36+07:00,operator_konten_45
ENT-01326,,DRAFT,2025-03-11T14:29:14+07:00,pengusul_39
ENT-01326,DRAFT,OPERATOR_KONTEN,2026-08-07T16:42:42+07:00,pengusul_39
ENT-01326,OPERATOR_KONTEN,PIC_UKE,2026-09-11T12:22:13+07:00,operator_konten_39
ENT-01327,,DRAFT,2025-03-12T10:49:11+07:00,pengusul_36
ENT-01327,DRAFT,OPERATOR_KONTEN,2025-03-30T07:52:15+07:00,pengusul_36
ENT-01327,OPERATOR_KONTEN,PIC_UKE,2025-06-02T20:25:48+07:00,operator_konten_36
ENT-01327,PIC_UKE,TERVALIDASI,2025-08-04T23:56:32+07:00,pic_uke_36
ENT-01327,TERVALIDASI,PUBLISH,2025-09-10T09:09:43+07:00,operator_konten_36
ENT-01328,,DRAFT,2025-03-12T12:48:55+07:00,pengusul_48
ENT-01328,DRAFT,OPERATOR_KONTEN,2025-11-21T00:17:47+07:00,pengusul_48
ENT-01328,OPERATOR_KONTEN,PIC_UKE,2026-09-18T11:21:01+07:00,operator_konten_48
ENT-01329,,DRAFT,2025-03-12T13:59:38+07:00,pengusul_22
ENT-01329,DRAFT,OPERATOR_KONTEN,2025-08-20T10:59:36+07:00,pengusul_22
ENT-01329,OPERATOR_KONTEN,PIC_UKE,2025-09-18T23:16:48+07:00,operator_konten_22
ENT-01329,PIC_UKE,TERVALIDASI,2025-10-24T16:31:43+07:00,pic_uke_22
ENT-01329,TERVALIDASI,PUBLISH,2025-11-17T11:01:06+07:00,operator_konten_22
ENT-01330,,DRAFT,2025-03-14T09:08:28+07:00,pengusul_24
ENT-01330,DRAFT,OPERATOR_KONTEN,2025-04-27T03:47:06+07:00,pengusul_24
ENT-01330,OPERATOR_KONTEN,PIC_UKE,2025-07-04T13:33:30+07:00,operator_konten_24
ENT-01330,PIC_UKE,TERVALIDASI,2025-09-02T11:26:44+07:00,pic_uke_24
ENT-01330,TERVALIDASI,PUBLISH,2025-09-08T14:41:52+07:00,operator_konten_24
ENT-01331,,DRAFT,2025-03-14T09:23:49+07:00,pengusul_37
ENT-01331,DRAFT,OPERATOR_KONTEN,2025-05-06T09:06:40+07:00,pengusul_37
ENT-01331,OPERATOR_KONTEN,PIC_UKE,2025-05-23T08:37:40+07:00,operator_konten_37
ENT-01331,PIC_UKE,TERVALIDASI,2025-09-09T20:15:31+07:00,pic_uke_37
ENT-01331,TERVALIDASI,PUBLISH,2025-09-21T15:39:10+07:00,operator_konten_37
ENT-01332,,DRAFT,2025-03-14T13:27:58+07:00,pengusul_05
ENT-01332,DRAFT,OPERATOR_KONTEN,2025-03-18T23:22:00+07:00,pengusul_05
ENT-01332,OPERATOR_KONTEN,PIC_UKE,2025-04-11T03:29:57+07:00,operator_konten_05
ENT-01332,PIC_UKE,TERVALIDASI,2025-04-20T12:58:22+07:00,pic_uke_05
ENT-01332,TERVALIDASI,PUBLISH,2025-05-11T10:10:11+07:00,operator_konten_05
ENT-01333,,DRAFT,2025-03-14T13:55:14+07:00,pengusul_59
ENT-01333,DRAFT,OPERATOR_KONTEN,2025-11-25T21:58:12+07:00,pengusul_59
ENT-01333,OPERATOR_KONTEN,DITOLAK_OPERATOR,2026-03-25T08:30:21+07:00,operator_konten_59
ENT-01333,DITOLAK_OPERATOR,DRAFT,2026-10-08T09:56:25+07:00,pengusul_59
ENT-01334,,DRAFT,2025-03-15T09:25:05+07:00,pengusul_43
ENT-01334,DRAFT,OPERATOR_KONTEN,2025-04-14T23:07:41+07:00,pengusul_43
ENT-01334,OPERATOR_KONTEN,PIC_UKE,2025-06-14T11:27:01+07:00,operator_konten_43
ENT-01334,PIC_UKE,TERVALIDASI,2025-07-04T16:40:24+07:00,pic_uke_43
ENT-01334,TERVALIDASI,PUBLISH,2025-09-11T12:32:43+07:00,operator_konten_43
ENT-01335,,DRAFT,2025-03-15T09:28:22+07:00,pengusul_04
ENT-01335,DRAFT,OPERATOR_KONTEN,2025-04-07T14:58:04+07:00,pengusul_04
ENT-01335,OPERATOR_KONTEN,PIC_UKE,2025-04-10T18:40:02+07:00,operator_konten_04
ENT-01335,PIC_UKE,TERVALIDASI,2025-08-03T01:04:56+07:00,pic_uke_04
ENT-01335,TERVALIDASI,PUBLISH,2025-08-28T16:00:24+07:00,operator_konten_04
ENT-01336,,DRAFT,2025-03-15T10:06:23+07:00,pengusul_07
ENT-01336,DRAFT,OPERATOR_KONTEN,2025-03-16T05:03:07+07:00,pengusul_07
ENT-01336,OPERATOR_KONTEN,PIC_UKE,2025-03-18T22:56:09+07:00,operator_konten_07
ENT-01336,PIC_UKE,TERVALIDASI,2025-03-30T22:07:30+07:00,pic_uke_07
ENT-01336,TERVALIDASI,PUBLISH,2025-04-02T09:25:58+07:00,operator_konten_07
ENT-01337,,DRAFT,2025-03-15T10:16:04+07:00,pengusul_33
ENT-01337,DRAFT,OPERATOR_KONTEN,2025-09-30T13:51:55+07:00,pengusul_33
ENT-01337,OPERATOR_KONTEN,PIC_UKE,2026-10-06T16:44:46+07:00,operator_konten_33
ENT-01338,,DRAFT,2025-03-15T12:24:36+07:00,pengusul_17
ENT-01338,DRAFT,OPERATOR_KONTEN,2025-10-10T02:28:00+07:00,pengusul_17
ENT-01338,OPERATOR_KONTEN,PIC_UKE,2026-09-30T11:44:47+07:00,operator_konten_17
ENT-01339,,DRAFT,2025-03-15T13:10:00+07:00,pengusul_42
ENT-01339,DRAFT,OPERATOR_KONTEN,2025-03-21T09:47:23+07:00,pengusul_42
ENT-01339,OPERATOR_KONTEN,PIC_UKE,2025-03-29T21:02:54+07:00,operator_konten_42
ENT-01339,PIC_UKE,TERVALIDASI,2025-04-16T20:15:07+07:00,pic_uke_42
ENT-01339,TERVALIDASI,PUBLISH,2025-04-27T14:34:40+07:00,operator_konten_42
ENT-01340,,DRAFT,2025-03-16T08:02:25+07:00,pengusul_13
ENT-01340,DRAFT,OPERATOR_KONTEN,2025-12-10T22:43:33+07:00,pengusul_13
ENT-01340,OPERATOR_KONTEN,PIC_UKE,2026-08-24T14:51:51+07:00,operator_konten_13
ENT-01341,,DRAFT,2025-03-16T09:32:36+07:00,pengusul_23
ENT-01341,DRAFT,OPERATOR_KONTEN,2025-04-07T22:46:26+07:00,pengusul_23
ENT-01341,OPERATOR_KONTEN,PIC_UKE,2025-10-13T12:14:56+07:00,operator_konten_23
ENT-01341,PIC_UKE,TERVALIDASI,2025-10-29T02:54:58+07:00,pic_uke_23
ENT-01341,TERVALIDASI,PUBLISH,2025-12-02T13:08:48+07:00,operator_konten_23
ENT-01342,,DRAFT,2025-03-16T11:08:33+07:00,pengusul_28
ENT-01342,DRAFT,OPERATOR_KONTEN,2025-06-12T03:48:00+07:00,pengusul_28
ENT-01342,OPERATOR_KONTEN,PIC_UKE,2025-08-04T00:19:09+07:00,operator_konten_28
ENT-01342,PIC_UKE,TERVALIDASI,2025-09-05T17:00:43+07:00,pic_uke_28
ENT-01342,TERVALIDASI,PUBLISH,2025-10-14T10:45:42+07:00,operator_konten_28
ENT-01343,,DRAFT,2025-03-16T15:47:47+07:00,pengusul_64
ENT-01343,DRAFT,OPERATOR_KONTEN,2025-09-30T03:52:03+07:00,pengusul_64
ENT-01343,OPERATOR_KONTEN,PIC_UKE,2026-09-29T10:22:13+07:00,operator_konten_64
ENT-01344,,DRAFT,2025-03-16T16:23:42+07:00,pengusul_10
ENT-01344,DRAFT,OPERATOR_KONTEN,2025-04-15T20:21:55+07:00,pengusul_10
ENT-01344,OPERATOR_KONTEN,PIC_UKE,2026-01-10T04:36:53+07:00,operator_konten_10
ENT-01344,PIC_UKE,TERVALIDASI,2026-10-07T09:52:02+07:00,pic_uke_10
ENT-01345,,DRAFT,2025-03-18T09:37:00+07:00,pengusul_07
ENT-01345,DRAFT,OPERATOR_KONTEN,2025-06-05T20:39:04+07:00,pengusul_07
ENT-01345,OPERATOR_KONTEN,PIC_UKE,2025-06-06T21:43:12+07:00,operator_konten_07
ENT-01345,PIC_UKE,TERVALIDASI,2025-07-26T22:08:50+07:00,pic_uke_07
ENT-01345,TERVALIDASI,PUBLISH,2025-08-18T15:06:35+07:00,operator_konten_07
ENT-01346,,DRAFT,2025-03-18T12:58:15+07:00,pengusul_17
ENT-01346,DRAFT,OPERATOR_KONTEN,2025-05-13T13:53:27+07:00,pengusul_17
ENT-01346,OPERATOR_KONTEN,PIC_UKE,2026-09-28T15:04:52+07:00,operator_konten_17
ENT-01347,,DRAFT,2025-03-18T14:45:15+07:00,pengusul_29
ENT-01347,DRAFT,OPERATOR_KONTEN,2025-12-13T14:18:00+07:00,pengusul_29
ENT-01347,OPERATOR_KONTEN,PIC_UKE,2026-09-07T08:03:38+07:00,operator_konten_29
ENT-01348,,DRAFT,2025-03-18T15:00:14+07:00,pengusul_15
ENT-01348,DRAFT,OPERATOR_KONTEN,2025-08-11T02:35:33+07:00,pengusul_15
ENT-01348,OPERATOR_KONTEN,PIC_UKE,2025-09-10T06:31:28+07:00,operator_konten_15
ENT-01348,PIC_UKE,TERVALIDASI,2025-10-06T02:26:20+07:00,pic_uke_15
ENT-01348,TERVALIDASI,PUBLISH,2025-12-17T13:29:56+07:00,operator_konten_15
ENT-01349,,DRAFT,2025-03-19T10:44:20+07:00,pengusul_32
ENT-01349,DRAFT,OPERATOR_KONTEN,2025-08-07T11:54:49+07:00,pengusul_32
ENT-01349,OPERATOR_KONTEN,PIC_UKE,2026-10-08T11:52:22+07:00,operator_konten_32
ENT-01350,,DRAFT,2025-03-19T11:38:44+07:00,pengusul_45
ENT-01350,DRAFT,OPERATOR_KONTEN,2025-04-09T21:04:44+07:00,pengusul_45
ENT-01350,OPERATOR_KONTEN,PIC_UKE,2025-06-22T06:42:24+07:00,operator_konten_45
ENT-01350,PIC_UKE,TERVALIDASI,2026-09-30T09:00:58+07:00,pic_uke_45
ENT-01351,,DRAFT,2025-03-19T15:46:13+07:00,pengusul_06
ENT-01351,DRAFT,OPERATOR_KONTEN,2026-07-23T09:43:08+07:00,pengusul_06
ENT-01351,OPERATOR_KONTEN,PIC_UKE,2026-10-05T15:02:09+07:00,operator_konten_06
ENT-01352,,DRAFT,2025-03-19T15:56:05+07:00,pengusul_06
ENT-01352,DRAFT,OPERATOR_KONTEN,2026-06-09T23:50:00+07:00,pengusul_06
ENT-01352,OPERATOR_KONTEN,PIC_UKE,2026-10-07T15:46:59+07:00,operator_konten_06
ENT-01353,,DRAFT,2025-03-20T08:25:04+07:00,pengusul_17
ENT-01353,DRAFT,OPERATOR_KONTEN,2025-11-12T02:51:07+07:00,pengusul_17
ENT-01353,OPERATOR_KONTEN,PIC_UKE,2026-10-05T16:05:42+07:00,operator_konten_17
ENT-01354,,DRAFT,2025-03-20T09:05:47+07:00,pengusul_30
ENT-01354,DRAFT,OPERATOR_KONTEN,2025-04-14T04:22:34+07:00,pengusul_30
ENT-01354,OPERATOR_KONTEN,PIC_UKE,2025-04-23T09:06:58+07:00,operator_konten_30
ENT-01354,PIC_UKE,TERVALIDASI,2025-05-17T07:50:34+07:00,pic_uke_30
ENT-01354,TERVALIDASI,PUBLISH,2025-06-01T10:24:00+07:00,operator_konten_30
ENT-01355,,DRAFT,2025-03-20T13:11:10+07:00,pengusul_61
ENT-01355,DRAFT,OPERATOR_KONTEN,2026-09-30T12:36:40+07:00,pengusul_61
ENT-01356,,DRAFT,2025-03-20T13:19:05+07:00,pengusul_02
ENT-01356,DRAFT,OPERATOR_KONTEN,2025-03-22T10:07:32+07:00,pengusul_02
ENT-01356,OPERATOR_KONTEN,PIC_UKE,2025-03-22T20:25:56+07:00,operator_konten_02
ENT-01356,PIC_UKE,TERVALIDASI,2025-03-23T03:54:02+07:00,pic_uke_02
ENT-01356,TERVALIDASI,PUBLISH,2025-03-23T14:58:00+07:00,operator_konten_02
ENT-01357,,DRAFT,2025-03-21T11:12:15+07:00,pengusul_15
ENT-01357,DRAFT,OPERATOR_KONTEN,2025-04-18T16:31:34+07:00,pengusul_15
ENT-01357,OPERATOR_KONTEN,PIC_UKE,2025-04-30T13:48:42+07:00,operator_konten_15
ENT-01357,PIC_UKE,TERVALIDASI,2025-05-17T10:48:57+07:00,pic_uke_15
ENT-01357,TERVALIDASI,PUBLISH,2025-06-10T12:00:43+07:00,operator_konten_15
ENT-01358,,DRAFT,2025-03-22T10:47:28+07:00,pengusul_67
ENT-01358,DRAFT,OPERATOR_KONTEN,2025-03-25T14:53:26+07:00,pengusul_67
ENT-01358,OPERATOR_KONTEN,PIC_UKE,2025-05-01T09:19:42+07:00,operator_konten_67
ENT-01358,PIC_UKE,TERVALIDASI,2025-06-13T09:40:34+07:00,pic_uke_67
ENT-01358,TERVALIDASI,PUBLISH,2025-08-12T10:43:43+07:00,operator_konten_67
ENT-01359,,DRAFT,2025-03-22T11:02:59+07:00,pengusul_64
ENT-01359,DRAFT,OPERATOR_KONTEN,2026-09-13T14:25:03+07:00,pengusul_64
ENT-01359,OPERATOR_KONTEN,PIC_UKE,2026-09-30T14:15:25+07:00,operator_konten_64
ENT-01360,,DRAFT,2025-03-22T13:55:42+07:00,pengusul_27
ENT-01360,DRAFT,OPERATOR_KONTEN,2025-09-22T09:51:09+07:00,pengusul_27
ENT-01360,OPERATOR_KONTEN,PIC_UKE,2026-09-21T12:24:52+07:00,operator_konten_27
ENT-01361,,DRAFT,2025-03-23T08:10:29+07:00,pengusul_27
ENT-01361,DRAFT,OPERATOR_KONTEN,2025-04-29T20:27:50+07:00,pengusul_27
ENT-01361,OPERATOR_KONTEN,PIC_UKE,2026-09-28T08:42:46+07:00,operator_konten_27
ENT-01362,,DRAFT,2025-03-23T09:58:48+07:00,pengusul_49
ENT-01362,DRAFT,OPERATOR_KONTEN,2025-07-05T15:06:26+07:00,pengusul_49
ENT-01362,OPERATOR_KONTEN,PIC_UKE,2026-09-17T15:41:36+07:00,operator_konten_49
ENT-01363,,DRAFT,2025-03-23T13:22:40+07:00,pengusul_58
ENT-01363,DRAFT,OPERATOR_KONTEN,2025-12-16T13:21:25+07:00,pengusul_58
ENT-01363,OPERATOR_KONTEN,PIC_UKE,2026-08-31T12:51:12+07:00,operator_konten_58
ENT-01364,,DRAFT,2025-03-24T08:03:31+07:00,pengusul_53
ENT-01364,DRAFT,OPERATOR_KONTEN,2025-07-18T01:02:52+07:00,pengusul_53
ENT-01364,OPERATOR_KONTEN,PIC_UKE,2025-09-07T13:49:22+07:00,operator_konten_53
ENT-01364,PIC_UKE,TERVALIDASI,2025-09-13T12:52:00+07:00,pic_uke_53
ENT-01364,TERVALIDASI,PUBLISH,2026-01-05T10:07:13+07:00,operator_konten_53
ENT-01365,,DRAFT,2025-03-24T08:56:34+07:00,pengusul_52
ENT-01365,DRAFT,OPERATOR_KONTEN,2025-11-19T23:21:58+07:00,pengusul_52
ENT-01365,OPERATOR_KONTEN,PIC_UKE,2026-09-23T09:50:57+07:00,operator_konten_52
ENT-01366,,DRAFT,2025-03-24T09:19:17+07:00,pengusul_13
ENT-01366,DRAFT,OPERATOR_KONTEN,2026-05-03T08:21:03+07:00,pengusul_13
ENT-01366,OPERATOR_KONTEN,PIC_UKE,2026-09-28T11:16:07+07:00,operator_konten_13
ENT-01367,,DRAFT,2025-03-24T09:32:54+07:00,pengusul_18
ENT-01367,DRAFT,OPERATOR_KONTEN,2025-05-01T16:26:20+07:00,pengusul_18
ENT-01367,OPERATOR_KONTEN,PIC_UKE,2025-06-19T09:58:54+07:00,operator_konten_18
ENT-01367,PIC_UKE,TERVALIDASI,2025-06-28T11:13:56+07:00,pic_uke_18
ENT-01367,TERVALIDASI,PUBLISH,2025-07-15T16:31:57+07:00,operator_konten_18
ENT-01368,,DRAFT,2025-03-24T09:33:25+07:00,pengusul_35
ENT-01368,DRAFT,OPERATOR_KONTEN,2025-11-02T05:39:52+07:00,pengusul_35
ENT-01368,OPERATOR_KONTEN,PIC_UKE,2026-10-05T09:00:20+07:00,operator_konten_35
ENT-01369,,DRAFT,2025-03-24T10:12:58+07:00,pengusul_69
ENT-01369,DRAFT,OPERATOR_KONTEN,2025-05-21T21:15:21+07:00,pengusul_69
ENT-01369,OPERATOR_KONTEN,PIC_UKE,2025-10-19T15:12:49+07:00,operator_konten_69
ENT-01369,PIC_UKE,TERVALIDASI,2026-09-30T13:54:48+07:00,pic_uke_69
ENT-01370,,DRAFT,2025-03-25T12:46:41+07:00,pengusul_27
ENT-01370,DRAFT,OPERATOR_KONTEN,2025-07-20T06:41:53+07:00,pengusul_27
ENT-01370,OPERATOR_KONTEN,PIC_UKE,2026-09-21T09:41:51+07:00,operator_konten_27
ENT-01371,,DRAFT,2025-03-25T14:06:37+07:00,pengusul_48
ENT-01371,DRAFT,OPERATOR_KONTEN,2025-05-06T18:04:15+07:00,pengusul_48
ENT-01371,OPERATOR_KONTEN,PIC_UKE,2025-06-02T12:00:57+07:00,operator_konten_48
ENT-01371,PIC_UKE,TERVALIDASI,2025-08-13T09:05:24+07:00,pic_uke_48
ENT-01371,TERVALIDASI,PUBLISH,2025-09-10T09:58:37+07:00,operator_konten_48
ENT-01372,,DRAFT,2025-03-25T16:18:42+07:00,pengusul_20
ENT-01372,DRAFT,OPERATOR_KONTEN,2025-04-19T03:45:34+07:00,pengusul_20
ENT-01372,OPERATOR_KONTEN,DITOLAK_OPERATOR,2025-06-17T16:02:50+07:00,operator_konten_20
ENT-01372,DITOLAK_OPERATOR,DRAFT,2026-10-02T16:00:32+07:00,pengusul_20
ENT-01373,,DRAFT,2025-03-25T16:22:19+07:00,pengusul_43
ENT-01373,DRAFT,OPERATOR_KONTEN,2025-06-28T06:01:47+07:00,pengusul_43
ENT-01373,OPERATOR_KONTEN,PIC_UKE,2026-09-05T15:01:33+07:00,operator_konten_43
ENT-01373,PIC_UKE,TERVALIDASI,2026-10-07T08:50:12+07:00,pic_uke_43
ENT-01374,,DRAFT,2025-03-26T12:14:43+07:00,pengusul_27
ENT-01374,DRAFT,OPERATOR_KONTEN,2025-05-21T21:00:46+07:00,pengusul_27
ENT-01374,OPERATOR_KONTEN,PIC_UKE,2025-06-20T10:02:37+07:00,operator_konten_27
ENT-01374,PIC_UKE,TERVALIDASI,2025-07-31T10:46:44+07:00,pic_uke_27
ENT-01374,TERVALIDASI,PUBLISH,2025-09-27T08:52:29+07:00,operator_konten_27
ENT-01375,,DRAFT,2025-03-26T12:46:55+07:00,pengusul_67
ENT-01375,DRAFT,OPERATOR_KONTEN,2025-09-14T03:50:36+07:00,pengusul_67
ENT-01375,OPERATOR_KONTEN,PIC_UKE,2026-09-23T15:52:10+07:00,operator_konten_67
ENT-01376,,DRAFT,2025-03-26T15:34:20+07:00,pengusul_13
ENT-01376,DRAFT,OPERATOR_KONTEN,2025-04-02T11:47:24+07:00,pengusul_13
ENT-01376,OPERATOR_KONTEN,PIC_UKE,2025-04-13T13:53:31+07:00,operator_konten_13
ENT-01376,PIC_UKE,TERVALIDASI,2025-05-09T14:54:02+07:00,pic_uke_13
ENT-01376,TERVALIDASI,PUBLISH,2025-07-26T14:45:22+07:00,operator_konten_13
ENT-01377,,DRAFT,2025-03-27T09:40:25+07:00,pengusul_33
ENT-01377,DRAFT,OPERATOR_KONTEN,2025-06-27T05:16:52+07:00,pengusul_33
ENT-01377,OPERATOR_KONTEN,PIC_UKE,2025-07-06T11:23:31+07:00,operator_konten_33
ENT-01377,PIC_UKE,TERVALIDASI,2025-11-20T11:44:51+07:00,pic_uke_33
ENT-01377,TERVALIDASI,PUBLISH,2025-12-29T12:26:02+07:00,operator_konten_33
ENT-01378,,DRAFT,2025-03-27T10:16:07+07:00,pengusul_46
ENT-01378,DRAFT,OPERATOR_KONTEN,2026-06-08T00:32:54+07:00,pengusul_46
ENT-01378,OPERATOR_KONTEN,PIC_UKE,2026-09-28T09:02:26+07:00,operator_konten_46
ENT-01379,,DRAFT,2025-03-27T11:36:12+07:00,pengusul_39
ENT-01379,DRAFT,OPERATOR_KONTEN,2025-09-07T10:48:51+07:00,pengusul_39
ENT-01379,OPERATOR_KONTEN,PIC_UKE,2026-08-05T16:40:02+07:00,operator_konten_39
ENT-01380,,DRAFT,2025-03-27T11:57:26+07:00,pengusul_01
ENT-01380,DRAFT,OPERATOR_KONTEN,2025-05-18T15:53:15+07:00,pengusul_01
ENT-01380,OPERATOR_KONTEN,PIC_UKE,2025-07-19T00:47:04+07:00,operator_konten_01
ENT-01380,PIC_UKE,TERVALIDASI,2025-11-15T18:13:27+07:00,pic_uke_01
ENT-01380,TERVALIDASI,PUBLISH,2025-11-30T08:34:21+07:00,operator_konten_01
ENT-01381,,DRAFT,2025-03-28T11:57:07+07:00,pengusul_59
ENT-01381,DRAFT,OPERATOR_KONTEN,2025-04-17T09:55:59+07:00,pengusul_59
ENT-01381,OPERATOR_KONTEN,PIC_UKE,2025-06-07T13:14:43+07:00,operator_konten_59
ENT-01381,PIC_UKE,TERVALIDASI,2025-06-11T01:25:00+07:00,pic_uke_59
ENT-01381,TERVALIDASI,PUBLISH,2025-09-16T16:06:07+07:00,operator_konten_59
ENT-01382,,DRAFT,2025-03-28T12:14:20+07:00,pengusul_22
ENT-01382,DRAFT,OPERATOR_KONTEN,2026-01-20T04:38:13+07:00,pengusul_22
ENT-01382,OPERATOR_KONTEN,PIC_UKE,2026-10-08T10:03:59+07:00,operator_konten_22
ENT-01383,,DRAFT,2025-03-28T12:43:12+07:00,pengusul_07
ENT-01383,DRAFT,OPERATOR_KONTEN,2025-09-11T09:33:50+07:00,pengusul_07
ENT-01383,OPERATOR_KONTEN,PIC_UKE,2025-10-12T17:31:15+07:00,operator_konten_07
ENT-01383,PIC_UKE,TERVALIDASI,2025-10-21T00:42:28+07:00,pic_uke_07
ENT-01383,TERVALIDASI,PUBLISH,2025-12-04T11:33:10+07:00,operator_konten_07
ENT-01384,,DRAFT,2025-03-28T15:17:00+07:00,pengusul_05
ENT-01384,DRAFT,OPERATOR_KONTEN,2026-06-19T22:24:56+07:00,pengusul_05
ENT-01384,OPERATOR_KONTEN,PIC_UKE,2026-09-18T15:09:04+07:00,operator_konten_05
ENT-01385,,DRAFT,2025-03-29T08:03:46+07:00,pengusul_12
ENT-01385,DRAFT,OPERATOR_KONTEN,2025-12-07T13:35:13+07:00,pengusul_12
ENT-01385,OPERATOR_KONTEN,DITOLAK_OPERATOR,2026-03-10T05:51:13+07:00,operator_konten_12
ENT-01385,DITOLAK_OPERATOR,DRAFT,2026-10-06T10:17:02+07:00,pengusul_12
ENT-01386,,DRAFT,2025-03-29T09:22:56+07:00,pengusul_65
ENT-01386,DRAFT,OPERATOR_KONTEN,2026-05-01T18:34:49+07:00,pengusul_65
ENT-01386,OPERATOR_KONTEN,PIC_UKE,2026-10-05T12:31:26+07:00,operator_konten_65
ENT-01387,,DRAFT,2025-03-29T10:32:15+07:00,pengusul_60
ENT-01387,DRAFT,OPERATOR_KONTEN,2025-04-01T05:29:32+07:00,pengusul_60
ENT-01387,OPERATOR_KONTEN,PIC_UKE,2025-06-10T16:01:35+07:00,operator_konten_60
ENT-01387,PIC_UKE,DITOLAK_PIC,2025-06-12T15:42:17+07:00,pic_uke_60
ENT-01388,,DRAFT,2025-03-29T16:21:00+07:00,pengusul_19
ENT-01388,DRAFT,OPERATOR_KONTEN,2025-06-19T01:33:03+07:00,pengusul_19
ENT-01388,OPERATOR_KONTEN,PIC_UKE,2025-07-13T12:51:39+07:00,operator_konten_19
ENT-01388,PIC_UKE,TERVALIDASI,2025-07-14T22:22:06+07:00,pic_uke_19
ENT-01388,TERVALIDASI,PUBLISH,2025-08-29T14:31:00+07:00,operator_konten_19
ENT-01389,,DRAFT,2025-03-30T11:12:17+07:00,pengusul_23
ENT-01389,DRAFT,OPERATOR_KONTEN,2025-07-07T00:43:17+07:00,pengusul_23
ENT-01389,OPERATOR_KONTEN,PIC_UKE,2026-09-23T08:12:57+07:00,operator_konten_23
ENT-01390,,DRAFT,2025-03-30T11:16:07+07:00,pengusul_22
ENT-01390,DRAFT,OPERATOR_KONTEN,2025-05-01T07:48:55+07:00,pengusul_22
ENT-01390,OPERATOR_KONTEN,PIC_UKE,2025-05-03T12:53:18+07:00,operator_konten_22
ENT-01390,PIC_UKE,TERVALIDASI,2025-05-05T18:01:24+07:00,pic_uke_22
ENT-01390,TERVALIDASI,PUBLISH,2025-05-17T16:13:33+07:00,operator_konten_22
ENT-01391,,DRAFT,2025-03-30T13:58:43+07:00,pengusul_33
ENT-01391,DRAFT,OPERATOR_KONTEN,2025-06-03T10:18:50+07:00,pengusul_33
ENT-01391,OPERATOR_KONTEN,PIC_UKE,2025-07-18T05:31:05+07:00,operator_konten_33
ENT-01391,PIC_UKE,TERVALIDASI,2025-07-18T10:42:41+07:00,pic_uke_33
ENT-01391,TERVALIDASI,PUBLISH,2025-08-26T15:25:29+07:00,operator_konten_33
ENT-01392,,DRAFT,2025-03-30T15:19:10+07:00,pengusul_28
ENT-01392,DRAFT,OPERATOR_KONTEN,2025-05-17T21:59:20+07:00,pengusul_28
ENT-01392,OPERATOR_KONTEN,PIC_UKE,2025-06-17T01:44:00+07:00,operator_konten_28
ENT-01392,PIC_UKE,TERVALIDASI,2025-08-18T14:24:39+07:00,pic_uke_28
ENT-01392,TERVALIDASI,PUBLISH,2025-11-02T16:53:45+07:00,operator_konten_28
ENT-01393,,DRAFT,2025-03-31T08:24:58+07:00,pengusul_15
ENT-01393,DRAFT,OPERATOR_KONTEN,2025-05-03T01:43:00+07:00,pengusul_15
ENT-01393,OPERATOR_KONTEN,PIC_UKE,2025-08-04T00:05:15+07:00,operator_konten_15
ENT-01393,PIC_UKE,TERVALIDASI,2025-08-28T00:57:59+07:00,pic_uke_15
ENT-01393,TERVALIDASI,PUBLISH,2025-09-22T08:14:52+07:00,operator_konten_15
ENT-01394,,DRAFT,2025-03-31T08:50:17+07:00,pengusul_67
ENT-01394,DRAFT,OPERATOR_KONTEN,2026-07-15T03:50:17+07:00,pengusul_67
ENT-01394,OPERATOR_KONTEN,PIC_UKE,2026-09-29T12:43:43+07:00,operator_konten_67
ENT-01395,,DRAFT,2025-03-31T09:25:01+07:00,pengusul_65
ENT-01395,DRAFT,OPERATOR_KONTEN,2025-12-17T08:07:10+07:00,pengusul_65
ENT-01395,OPERATOR_KONTEN,PIC_UKE,2026-10-08T15:12:03+07:00,operator_konten_65
ENT-01396,,DRAFT,2025-04-01T09:41:21+07:00,pengusul_43
ENT-01396,DRAFT,OPERATOR_KONTEN,2026-03-21T01:31:33+07:00,pengusul_43
ENT-01396,OPERATOR_KONTEN,PIC_UKE,2026-09-29T10:31:57+07:00,operator_konten_43
ENT-01397,,DRAFT,2025-04-01T13:05:37+07:00,pengusul_15
ENT-01397,DRAFT,OPERATOR_KONTEN,2025-05-12T17:18:46+07:00,pengusul_15
ENT-01397,OPERATOR_KONTEN,PIC_UKE,2025-05-25T06:10:52+07:00,operator_konten_15
ENT-01397,PIC_UKE,TERVALIDASI,2025-05-31T01:15:01+07:00,pic_uke_15
ENT-01397,TERVALIDASI,PUBLISH,2025-06-02T13:12:35+07:00,operator_konten_15
ENT-01398,,DRAFT,2025-04-01T13:39:14+07:00,pengusul_25
ENT-01398,DRAFT,OPERATOR_KONTEN,2025-04-06T17:16:31+07:00,pengusul_25
ENT-01398,OPERATOR_KONTEN,PIC_UKE,2025-04-10T23:29:48+07:00,operator_konten_25
ENT-01398,PIC_UKE,TERVALIDASI,2025-04-27T23:27:14+07:00,pic_uke_25
ENT-01398,TERVALIDASI,PUBLISH,2025-05-13T10:56:03+07:00,operator_konten_25
ENT-01399,,DRAFT,2025-04-02T09:34:44+07:00,pengusul_27
ENT-01399,DRAFT,OPERATOR_KONTEN,2025-11-22T21:45:58+07:00,pengusul_27
ENT-01399,OPERATOR_KONTEN,PIC_UKE,2026-03-23T10:18:55+07:00,operator_konten_27
ENT-01399,PIC_UKE,TERVALIDASI,2026-09-25T09:54:10+07:00,pic_uke_27
ENT-01400,,DRAFT,2025-04-02T15:23:34+07:00,pengusul_42
ENT-01400,DRAFT,OPERATOR_KONTEN,2025-05-16T12:54:20+07:00,pengusul_42
ENT-01400,OPERATOR_KONTEN,PIC_UKE,2025-07-03T06:38:56+07:00,operator_konten_42
ENT-01400,PIC_UKE,TERVALIDASI,2025-07-25T15:07:17+07:00,pic_uke_42
ENT-01400,TERVALIDASI,PUBLISH,2025-08-10T16:46:22+07:00,operator_konten_42
ENT-01401,,DRAFT,2025-04-02T16:20:15+07:00,pengusul_07
ENT-01401,DRAFT,OPERATOR_KONTEN,2025-04-12T09:25:48+07:00,pengusul_07
ENT-01401,OPERATOR_KONTEN,PIC_UKE,2025-04-19T13:17:51+07:00,operator_konten_07
ENT-01401,PIC_UKE,TERVALIDASI,2025-04-19T20:37:31+07:00,pic_uke_07
ENT-01401,TERVALIDASI,PUBLISH,2025-04-20T14:53:13+07:00,operator_konten_07
ENT-01402,,DRAFT,2025-04-03T11:43:33+07:00,pengusul_01
ENT-01402,DRAFT,OPERATOR_KONTEN,2025-04-11T20:51:01+07:00,pengusul_01
ENT-01402,OPERATOR_KONTEN,PIC_UKE,2025-04-12T12:13:13+07:00,operator_konten_01
ENT-01402,PIC_UKE,TERVALIDASI,2025-04-13T08:49:02+07:00,pic_uke_01
ENT-01402,TERVALIDASI,PUBLISH,2025-04-28T08:44:37+07:00,operator_konten_01
ENT-01403,,DRAFT,2025-04-03T13:18:18+07:00,pengusul_06
ENT-01403,DRAFT,OPERATOR_KONTEN,2025-04-16T13:48:43+07:00,pengusul_06
ENT-01403,OPERATOR_KONTEN,PIC_UKE,2025-05-06T12:32:06+07:00,operator_konten_06
ENT-01403,PIC_UKE,TERVALIDASI,2025-06-05T10:34:07+07:00,pic_uke_06
ENT-01403,TERVALIDASI,PUBLISH,2025-11-25T14:47:29+07:00,operator_konten_06
ENT-01404,,DRAFT,2025-04-03T14:29:41+07:00,pengusul_06
ENT-01404,DRAFT,OPERATOR_KONTEN,2025-04-15T05:22:31+07:00,pengusul_06
ENT-01404,OPERATOR_KONTEN,PIC_UKE,2025-05-04T08:10:34+07:00,operator_konten_06
ENT-01404,PIC_UKE,TERVALIDASI,2025-05-26T21:02:37+07:00,pic_uke_06
ENT-01404,TERVALIDASI,PUBLISH,2025-06-10T12:35:37+07:00,operator_konten_06
ENT-01405,,DRAFT,2025-04-03T14:46:20+07:00,pengusul_49
ENT-01405,DRAFT,OPERATOR_KONTEN,2026-09-30T12:23:44+07:00,pengusul_49
ENT-01406,,DRAFT,2025-04-03T15:27:21+07:00,pengusul_38
ENT-01406,DRAFT,OPERATOR_KONTEN,2026-02-24T17:39:22+07:00,pengusul_38
ENT-01406,OPERATOR_KONTEN,PIC_UKE,2026-09-29T10:24:05+07:00,operator_konten_38
ENT-01407,,DRAFT,2025-04-04T16:30:45+07:00,pengusul_29
ENT-01407,DRAFT,OPERATOR_KONTEN,2025-04-07T12:03:14+07:00,pengusul_29
ENT-01407,OPERATOR_KONTEN,PIC_UKE,2025-04-08T20:02:45+07:00,operator_konten_29
ENT-01407,PIC_UKE,TERVALIDASI,2025-04-11T14:26:47+07:00,pic_uke_29
ENT-01407,TERVALIDASI,PUBLISH,2025-04-12T13:54:35+07:00,operator_konten_29
ENT-01408,,DRAFT,2025-04-05T12:58:46+07:00,pengusul_13
ENT-01408,DRAFT,OPERATOR_KONTEN,2025-04-05T16:53:04+07:00,pengusul_13
ENT-01408,OPERATOR_KONTEN,PIC_UKE,2025-04-05T20:23:10+07:00,operator_konten_13
ENT-01408,PIC_UKE,TERVALIDASI,2025-04-05T21:04:56+07:00,pic_uke_13
ENT-01408,TERVALIDASI,PUBLISH,2025-04-06T08:56:58+07:00,operator_konten_13
ENT-01409,,DRAFT,2025-04-05T14:06:40+07:00,pengusul_10
ENT-01409,DRAFT,OPERATOR_KONTEN,2025-05-01T02:48:33+07:00,pengusul_10
ENT-01409,OPERATOR_KONTEN,PIC_UKE,2025-05-02T20:11:57+07:00,operator_konten_10
ENT-01409,PIC_UKE,TERVALIDASI,2025-05-24T00:34:32+07:00,pic_uke_10
ENT-01409,TERVALIDASI,PUBLISH,2025-06-07T16:14:30+07:00,operator_konten_10
ENT-01410,,DRAFT,2025-04-05T14:19:34+07:00,pengusul_40
ENT-01410,DRAFT,OPERATOR_KONTEN,2025-04-26T01:21:43+07:00,pengusul_40
ENT-01410,OPERATOR_KONTEN,PIC_UKE,2025-05-02T04:40:10+07:00,operator_konten_40
ENT-01410,PIC_UKE,TERVALIDASI,2025-06-11T09:43:53+07:00,pic_uke_40
ENT-01410,TERVALIDASI,PUBLISH,2025-07-25T14:03:42+07:00,operator_konten_40
ENT-01411,,DRAFT,2025-04-05T16:08:49+07:00,pengusul_21
ENT-01411,DRAFT,OPERATOR_KONTEN,2025-06-21T04:28:45+07:00,pengusul_21
ENT-01411,OPERATOR_KONTEN,PIC_UKE,2025-07-09T09:25:51+07:00,operator_konten_21
ENT-01411,PIC_UKE,TERVALIDASI,2025-08-04T13:25:04+07:00,pic_uke_21
ENT-01411,TERVALIDASI,PUBLISH,2025-09-25T09:11:57+07:00,operator_konten_21
ENT-01412,,DRAFT,2025-04-06T11:39:48+07:00,pengusul_42
ENT-01412,DRAFT,OPERATOR_KONTEN,2026-05-19T12:31:27+07:00,pengusul_42
ENT-01412,OPERATOR_KONTEN,PIC_UKE,2026-10-05T13:12:24+07:00,operator_konten_42
ENT-01413,,DRAFT,2025-04-06T11:42:32+07:00,pengusul_54
ENT-01413,DRAFT,OPERATOR_KONTEN,2026-06-30T22:06:40+07:00,pengusul_54
ENT-01413,OPERATOR_KONTEN,PIC_UKE,2026-10-08T10:31:15+07:00,operator_konten_54
ENT-01414,,DRAFT,2025-04-06T12:45:37+07:00,pengusul_28
ENT-01414,DRAFT,OPERATOR_KONTEN,2025-08-30T18:58:51+07:00,pengusul_28
ENT-01414,OPERATOR_KONTEN,PIC_UKE,2025-09-01T19:10:56+07:00,operator_konten_28
ENT-01414,PIC_UKE,TERVALIDASI,2025-12-06T04:24:50+07:00,pic_uke_28
ENT-01414,TERVALIDASI,PUBLISH,2026-01-13T11:11:04+07:00,operator_konten_28
ENT-01415,,DRAFT,2025-04-06T13:10:59+07:00,pengusul_02
ENT-01415,DRAFT,OPERATOR_KONTEN,2025-04-09T08:07:03+07:00,pengusul_02
ENT-01415,OPERATOR_KONTEN,PIC_UKE,2025-04-09T11:20:27+07:00,operator_konten_02
ENT-01415,PIC_UKE,TERVALIDASI,2025-04-13T22:37:02+07:00,pic_uke_02
ENT-01415,TERVALIDASI,PUBLISH,2025-05-10T15:51:45+07:00,operator_konten_02
ENT-01416,,DRAFT,2025-04-06T13:55:29+07:00,pengusul_06
ENT-01416,DRAFT,OPERATOR_KONTEN,2025-07-05T05:37:37+07:00,pengusul_06
ENT-01416,OPERATOR_KONTEN,DITOLAK_OPERATOR,2026-04-26T15:07:48+07:00,operator_konten_06
ENT-01416,DITOLAK_OPERATOR,DRAFT,2026-09-09T12:26:06+07:00,pengusul_06
ENT-01417,,DRAFT,2025-04-07T09:50:16+07:00,pengusul_22
ENT-01417,DRAFT,OPERATOR_KONTEN,2025-07-07T22:09:50+07:00,pengusul_22
ENT-01417,OPERATOR_KONTEN,PIC_UKE,2025-07-15T11:02:27+07:00,operator_konten_22
ENT-01417,PIC_UKE,TERVALIDASI,2025-09-21T02:58:56+07:00,pic_uke_22
ENT-01417,TERVALIDASI,PUBLISH,2025-12-07T09:27:00+07:00,operator_konten_22
ENT-01418,,DRAFT,2025-04-07T10:16:01+07:00,pengusul_27
ENT-01418,DRAFT,OPERATOR_KONTEN,2026-02-08T02:07:43+07:00,pengusul_27
ENT-01418,OPERATOR_KONTEN,PIC_UKE,2026-08-19T14:25:50+07:00,operator_konten_27
ENT-01419,,DRAFT,2025-04-07T11:34:45+07:00,pengusul_03
ENT-01419,DRAFT,OPERATOR_KONTEN,2025-07-07T01:38:28+07:00,pengusul_03
ENT-01419,OPERATOR_KONTEN,PIC_UKE,2025-07-31T05:54:55+07:00,operator_konten_03
ENT-01419,PIC_UKE,TERVALIDASI,2025-08-19T23:17:35+07:00,pic_uke_03
ENT-01419,TERVALIDASI,PUBLISH,2025-11-07T09:08:08+07:00,operator_konten_03
ENT-01420,,DRAFT,2025-04-07T12:45:17+07:00,pengusul_06
ENT-01420,DRAFT,OPERATOR_KONTEN,2025-04-15T05:47:50+07:00,pengusul_06
ENT-01420,OPERATOR_KONTEN,PIC_UKE,2025-04-17T11:18:13+07:00,operator_konten_06
ENT-01420,PIC_UKE,TERVALIDASI,2025-04-30T05:06:51+07:00,pic_uke_06
ENT-01420,TERVALIDASI,PUBLISH,2025-05-25T16:30:32+07:00,operator_konten_06
ENT-01421,,DRAFT,2025-04-08T09:25:24+07:00,pengusul_53
ENT-01421,DRAFT,OPERATOR_KONTEN,2025-04-27T17:23:57+07:00,pengusul_53
ENT-01421,OPERATOR_KONTEN,PIC_UKE,2025-05-07T17:08:23+07:00,operator_konten_53
ENT-01421,PIC_UKE,TERVALIDASI,2025-05-15T17:47:39+07:00,pic_uke_53
ENT-01421,TERVALIDASI,PUBLISH,2025-05-23T15:52:06+07:00,operator_konten_53
ENT-01422,,DRAFT,2025-04-08T09:52:38+07:00,pengusul_36
ENT-01422,DRAFT,OPERATOR_KONTEN,2026-03-24T08:20:42+07:00,pengusul_36
ENT-01422,OPERATOR_KONTEN,PIC_UKE,2026-09-16T08:57:16+07:00,operator_konten_36
ENT-01423,,DRAFT,2025-04-08T13:49:54+07:00,pengusul_47
ENT-01423,DRAFT,OPERATOR_KONTEN,2025-04-14T17:48:24+07:00,pengusul_47
ENT-01423,OPERATOR_KONTEN,PIC_UKE,2025-06-20T00:04:23+07:00,operator_konten_47
ENT-01423,PIC_UKE,TERVALIDASI,2025-07-12T13:33:40+07:00,pic_uke_47
ENT-01423,TERVALIDASI,PUBLISH,2025-07-27T15:37:08+07:00,operator_konten_47
ENT-01423,PUBLISH,UNPUBLISH,2025-08-29T09:04:09+07:00,admin_47
ENT-01424,,DRAFT,2025-04-08T15:01:27+07:00,pengusul_46
ENT-01424,DRAFT,OPERATOR_KONTEN,2025-06-01T13:02:04+07:00,pengusul_46
ENT-01424,OPERATOR_KONTEN,PIC_UKE,2026-09-28T09:34:25+07:00,operator_konten_46
ENT-01425,,DRAFT,2025-04-09T09:11:09+07:00,pengusul_06
ENT-01425,DRAFT,OPERATOR_KONTEN,2025-11-05T10:05:33+07:00,pengusul_06
ENT-01425,OPERATOR_KONTEN,PIC_UKE,2026-08-27T10:22:09+07:00,operator_konten_06
ENT-01426,,DRAFT,2025-04-09T16:42:07+07:00,pengusul_09
ENT-01426,DRAFT,OPERATOR_KONTEN,2025-08-11T00:36:38+07:00,pengusul_09
ENT-01426,OPERATOR_KONTEN,PIC_UKE,2025-10-02T03:51:58+07:00,operator_konten_09
ENT-01426,PIC_UKE,TERVALIDASI,2025-10-09T17:10:07+07:00,pic_uke_09
ENT-01426,TERVALIDASI,PUBLISH,2025-11-23T08:01:02+07:00,operator_konten_09
ENT-01427,,DRAFT,2025-04-10T10:56:01+07:00,pengusul_05
ENT-01427,DRAFT,OPERATOR_KONTEN,2025-12-03T18:30:26+07:00,pengusul_05
ENT-01427,OPERATOR_KONTEN,PIC_UKE,2026-09-24T16:23:13+07:00,operator_konten_05
ENT-01428,,DRAFT,2025-04-10T12:02:06+07:00,pengusul_14
ENT-01428,DRAFT,OPERATOR_KONTEN,2025-05-24T01:14:23+07:00,pengusul_14
ENT-01428,OPERATOR_KONTEN,PIC_UKE,2025-06-27T11:01:27+07:00,operator_konten_14
ENT-01428,PIC_UKE,TERVALIDASI,2025-07-18T07:04:44+07:00,pic_uke_14
ENT-01428,TERVALIDASI,PUBLISH,2025-09-04T16:51:13+07:00,operator_konten_14
ENT-01429,,DRAFT,2025-04-10T12:38:51+07:00,pengusul_06
ENT-01429,DRAFT,OPERATOR_KONTEN,2025-04-18T17:00:55+07:00,pengusul_06
ENT-01429,OPERATOR_KONTEN,PIC_UKE,2025-06-09T11:50:21+07:00,operator_konten_06
ENT-01429,PIC_UKE,TERVALIDASI,2025-10-26T11:23:58+07:00,pic_uke_06
ENT-01429,TERVALIDASI,PUBLISH,2026-01-11T09:59:18+07:00,operator_konten_06
ENT-01430,,DRAFT,2025-04-10T12:50:39+07:00,pengusul_18
ENT-01430,DRAFT,OPERATOR_KONTEN,2025-07-04T18:32:43+07:00,pengusul_18
ENT-01430,OPERATOR_KONTEN,PIC_UKE,2025-07-27T14:07:56+07:00,operator_konten_18
ENT-01430,PIC_UKE,TERVALIDASI,2025-09-06T19:25:07+07:00,pic_uke_18
ENT-01430,TERVALIDASI,PUBLISH,2025-11-04T15:33:09+07:00,operator_konten_18
ENT-01431,,DRAFT,2025-04-10T15:55:27+07:00,pengusul_46
ENT-01431,DRAFT,OPERATOR_KONTEN,2025-05-12T13:29:51+07:00,pengusul_46
ENT-01431,OPERATOR_KONTEN,PIC_UKE,2025-05-28T00:33:28+07:00,operator_konten_46
ENT-01431,PIC_UKE,TERVALIDASI,2025-09-03T12:28:51+07:00,pic_uke_46
ENT-01431,TERVALIDASI,PUBLISH,2025-09-25T08:11:22+07:00,operator_konten_46
ENT-01431,PUBLISH,UNPUBLISH,2026-01-23T15:38:41+07:00,admin_46
ENT-01432,,DRAFT,2025-04-11T09:11:46+07:00,pengusul_46
ENT-01432,DRAFT,OPERATOR_KONTEN,2025-04-27T12:22:23+07:00,pengusul_46
ENT-01432,OPERATOR_KONTEN,PIC_UKE,2025-04-28T05:05:13+07:00,operator_konten_46
ENT-01432,PIC_UKE,TERVALIDASI,2025-05-12T17:37:55+07:00,pic_uke_46
ENT-01432,TERVALIDASI,PUBLISH,2025-06-05T08:03:22+07:00,operator_konten_46
ENT-01433,,DRAFT,2025-04-11T09:13:10+07:00,pengusul_22
ENT-01433,DRAFT,OPERATOR_KONTEN,2025-08-07T17:44:28+07:00,pengusul_22
ENT-01433,OPERATOR_KONTEN,PIC_UKE,2025-08-17T18:34:32+07:00,operator_konten_22
ENT-01433,PIC_UKE,TERVALIDASI,2025-09-17T15:58:36+07:00,pic_uke_22
ENT-01433,TERVALIDASI,PUBLISH,2026-01-05T08:17:35+07:00,operator_konten_22
ENT-01434,,DRAFT,2025-04-11T09:27:58+07:00,pengusul_13
ENT-01434,DRAFT,OPERATOR_KONTEN,2025-05-10T19:37:38+07:00,pengusul_13
ENT-01434,OPERATOR_KONTEN,PIC_UKE,2025-05-21T00:12:19+07:00,operator_konten_13
ENT-01434,PIC_UKE,TERVALIDASI,2025-06-10T03:11:39+07:00,pic_uke_13
ENT-01434,TERVALIDASI,PUBLISH,2025-06-13T16:06:44+07:00,operator_konten_13
ENT-01435,,DRAFT,2025-04-11T12:41:33+07:00,pengusul_31
ENT-01435,DRAFT,OPERATOR_KONTEN,2025-05-11T12:40:58+07:00,pengusul_31
ENT-01435,OPERATOR_KONTEN,PIC_UKE,2025-05-29T16:25:12+07:00,operator_konten_31
ENT-01435,PIC_UKE,TERVALIDASI,2025-07-05T22:30:09+07:00,pic_uke_31
ENT-01435,TERVALIDASI,PUBLISH,2025-09-07T16:40:47+07:00,operator_konten_31
ENT-01436,,DRAFT,2025-04-11T15:31:06+07:00,pengusul_69
ENT-01436,DRAFT,OPERATOR_KONTEN,2025-05-31T14:12:50+07:00,pengusul_69
ENT-01436,OPERATOR_KONTEN,PIC_UKE,2025-07-16T15:45:01+07:00,operator_konten_69
ENT-01436,PIC_UKE,TERVALIDASI,2025-08-29T17:37:39+07:00,pic_uke_69
ENT-01436,TERVALIDASI,PUBLISH,2025-11-30T16:56:10+07:00,operator_konten_69
ENT-01437,,DRAFT,2025-04-12T11:13:00+07:00,pengusul_39
ENT-01437,DRAFT,OPERATOR_KONTEN,2025-04-24T19:59:55+07:00,pengusul_39
ENT-01437,OPERATOR_KONTEN,PIC_UKE,2025-05-24T23:53:05+07:00,operator_konten_39
ENT-01437,PIC_UKE,TERVALIDASI,2025-05-26T02:26:43+07:00,pic_uke_39
ENT-01437,TERVALIDASI,PUBLISH,2025-05-29T08:59:32+07:00,operator_konten_39
ENT-01438,,DRAFT,2025-04-12T13:11:30+07:00,pengusul_56
ENT-01438,DRAFT,OPERATOR_KONTEN,2025-07-13T14:26:00+07:00,pengusul_56
ENT-01438,OPERATOR_KONTEN,PIC_UKE,2026-09-21T13:07:20+07:00,operator_konten_56
ENT-01439,,DRAFT,2025-04-12T13:55:29+07:00,pengusul_06
ENT-01439,DRAFT,OPERATOR_KONTEN,2025-09-20T06:21:33+07:00,pengusul_06
ENT-01439,OPERATOR_KONTEN,PIC_UKE,2026-10-02T08:22:40+07:00,operator_konten_06
ENT-01440,,DRAFT,2025-04-12T13:59:53+07:00,pengusul_67
ENT-01440,DRAFT,OPERATOR_KONTEN,2025-06-05T03:40:44+07:00,pengusul_67
ENT-01440,OPERATOR_KONTEN,PIC_UKE,2026-09-11T09:45:26+07:00,operator_konten_67
ENT-01441,,DRAFT,2025-04-13T16:27:49+07:00,pengusul_16
ENT-01441,DRAFT,OPERATOR_KONTEN,2025-04-24T17:55:04+07:00,pengusul_16
ENT-01441,OPERATOR_KONTEN,PIC_UKE,2025-05-10T15:50:04+07:00,operator_konten_16
ENT-01441,PIC_UKE,TERVALIDASI,2025-06-14T15:47:45+07:00,pic_uke_16
ENT-01441,TERVALIDASI,PUBLISH,2025-06-22T09:28:57+07:00,operator_konten_16
ENT-01442,,DRAFT,2025-04-14T13:31:00+07:00,pengusul_46
ENT-01442,DRAFT,OPERATOR_KONTEN,2025-10-22T22:34:23+07:00,pengusul_46
ENT-01442,OPERATOR_KONTEN,PIC_UKE,2026-09-29T14:07:08+07:00,operator_konten_46
ENT-01443,,DRAFT,2025-04-14T15:37:29+07:00,pengusul_07
ENT-01443,DRAFT,OPERATOR_KONTEN,2026-10-08T15:33:29+07:00,pengusul_07
ENT-01444,,DRAFT,2025-04-15T15:16:37+07:00,pengusul_15
ENT-01444,DRAFT,OPERATOR_KONTEN,2026-07-03T04:11:26+07:00,pengusul_15
ENT-01444,OPERATOR_KONTEN,PIC_UKE,2026-08-12T10:55:38+07:00,operator_konten_15
ENT-01445,,DRAFT,2025-04-15T15:51:03+07:00,pengusul_47
ENT-01445,DRAFT,OPERATOR_KONTEN,2025-10-29T18:48:35+07:00,pengusul_47
ENT-01445,OPERATOR_KONTEN,DITOLAK_OPERATOR,2026-07-20T13:38:53+07:00,operator_konten_47
ENT-01445,DITOLAK_OPERATOR,DRAFT,2026-10-05T13:19:01+07:00,pengusul_47
ENT-01446,,DRAFT,2025-04-16T14:57:03+07:00,pengusul_29
ENT-01446,DRAFT,OPERATOR_KONTEN,2025-05-03T23:50:26+07:00,pengusul_29
ENT-01446,OPERATOR_KONTEN,PIC_UKE,2026-10-08T14:06:07+07:00,operator_konten_29
ENT-01447,,DRAFT,2025-04-17T08:18:58+07:00,pengusul_06
ENT-01447,DRAFT,OPERATOR_KONTEN,2025-04-25T16:47:01+07:00,pengusul_06
ENT-01447,OPERATOR_KONTEN,PIC_UKE,2025-04-26T06:01:15+07:00,operator_konten_06
ENT-01447,PIC_UKE,TERVALIDASI,2025-04-26T13:54:06+07:00,pic_uke_06
ENT-01447,TERVALIDASI,PUBLISH,2025-06-12T11:07:00+07:00,operator_konten_06
ENT-01448,,DRAFT,2025-04-17T08:37:56+07:00,pengusul_12
ENT-01448,DRAFT,OPERATOR_KONTEN,2026-07-15T07:30:56+07:00,pengusul_12
ENT-01448,OPERATOR_KONTEN,PIC_UKE,2026-09-14T08:16:58+07:00,operator_konten_12
ENT-01449,,DRAFT,2025-04-17T16:32:47+07:00,pengusul_58
ENT-01449,DRAFT,OPERATOR_KONTEN,2025-09-20T20:02:29+07:00,pengusul_58
ENT-01449,OPERATOR_KONTEN,PIC_UKE,2026-09-10T14:12:53+07:00,operator_konten_58
ENT-01450,,DRAFT,2025-04-18T15:42:43+07:00,pengusul_06
ENT-01450,DRAFT,OPERATOR_KONTEN,2025-06-24T08:07:53+07:00,pengusul_06
ENT-01450,OPERATOR_KONTEN,PIC_UKE,2025-07-11T18:47:47+07:00,operator_konten_06
ENT-01450,PIC_UKE,TERVALIDASI,2025-08-19T04:27:28+07:00,pic_uke_06
ENT-01450,TERVALIDASI,PUBLISH,2025-08-24T13:13:52+07:00,operator_konten_06
ENT-01451,,DRAFT,2025-04-19T13:48:11+07:00,pengusul_30
ENT-01451,DRAFT,OPERATOR_KONTEN,2025-05-15T12:32:54+07:00,pengusul_30
ENT-01451,OPERATOR_KONTEN,PIC_UKE,2026-10-06T15:40:48+07:00,operator_konten_30
ENT-01452,,DRAFT,2025-04-19T15:19:18+07:00,pengusul_42
ENT-01452,DRAFT,OPERATOR_KONTEN,2025-07-14T17:13:46+07:00,pengusul_42
ENT-01452,OPERATOR_KONTEN,PIC_UKE,2025-08-23T17:54:25+07:00,operator_konten_42
ENT-01452,PIC_UKE,TERVALIDASI,2025-12-02T05:16:06+07:00,pic_uke_42
ENT-01452,TERVALIDASI,PUBLISH,2025-12-27T15:09:08+07:00,operator_konten_42
ENT-01453,,DRAFT,2025-04-19T16:57:00+07:00,pengusul_46
ENT-01453,DRAFT,OPERATOR_KONTEN,2025-09-23T22:35:52+07:00,pengusul_46
ENT-01453,OPERATOR_KONTEN,PIC_UKE,2025-11-17T08:30:17+07:00,operator_konten_46
ENT-01453,PIC_UKE,TERVALIDASI,2025-12-10T23:09:09+07:00,pic_uke_46
ENT-01453,TERVALIDASI,PUBLISH,2026-02-02T16:21:19+07:00,operator_konten_46
ENT-01454,,DRAFT,2025-04-20T08:19:54+07:00,pengusul_47
ENT-01454,DRAFT,OPERATOR_KONTEN,2025-10-31T02:25:41+07:00,pengusul_47
ENT-01454,OPERATOR_KONTEN,PIC_UKE,2026-07-31T11:47:51+07:00,operator_konten_47
ENT-01454,PIC_UKE,TERVALIDASI,2026-10-02T15:34:27+07:00,pic_uke_47
ENT-01455,,DRAFT,2025-04-21T10:57:26+07:00,pengusul_66
ENT-01455,DRAFT,OPERATOR_KONTEN,2025-07-25T23:27:49+07:00,pengusul_66
ENT-01455,OPERATOR_KONTEN,PIC_UKE,2026-09-29T14:52:02+07:00,operator_konten_66
ENT-01456,,DRAFT,2025-04-21T11:21:03+07:00,pengusul_36
ENT-01456,DRAFT,OPERATOR_KONTEN,2026-05-02T08:36:44+07:00,pengusul_36
ENT-01456,OPERATOR_KONTEN,PIC_UKE,2026-09-28T16:49:18+07:00,operator_konten_36
ENT-01457,,DRAFT,2025-04-21T12:30:49+07:00,pengusul_18
ENT-01457,DRAFT,OPERATOR_KONTEN,2025-06-22T00:11:13+07:00,pengusul_18
ENT-01457,OPERATOR_KONTEN,PIC_UKE,2025-07-09T13:28:29+07:00,operator_konten_18
ENT-01457,PIC_UKE,TERVALIDASI,2025-09-05T08:27:00+07:00,pic_uke_18
ENT-01457,TERVALIDASI,PUBLISH,2025-09-15T11:52:11+07:00,operator_konten_18
ENT-01458,,DRAFT,2025-04-21T13:40:46+07:00,pengusul_25
ENT-01458,DRAFT,OPERATOR_KONTEN,2025-06-12T01:15:48+07:00,pengusul_25
ENT-01458,OPERATOR_KONTEN,PIC_UKE,2026-09-14T11:30:36+07:00,operator_konten_25
ENT-01459,,DRAFT,2025-04-21T13:49:59+07:00,pengusul_09
ENT-01459,DRAFT,OPERATOR_KONTEN,2025-07-19T15:11:47+07:00,pengusul_09
ENT-01459,OPERATOR_KONTEN,PIC_UKE,2026-09-30T14:55:05+07:00,operator_konten_09
ENT-01460,,DRAFT,2025-04-22T08:22:24+07:00,pengusul_07
ENT-01460,DRAFT,OPERATOR_KONTEN,2025-04-26T14:57:17+07:00,pengusul_07
ENT-01460,OPERATOR_KONTEN,PIC_UKE,2025-05-04T22:15:29+07:00,operator_konten_07
ENT-01460,PIC_UKE,TERVALIDASI,2025-07-10T11:00:34+07:00,pic_uke_07
ENT-01460,TERVALIDASI,PUBLISH,2025-10-03T08:16:52+07:00,operator_konten_07
ENT-01461,,DRAFT,2025-04-22T08:50:54+07:00,pengusul_45
ENT-01461,DRAFT,OPERATOR_KONTEN,2025-06-30T19:26:54+07:00,pengusul_45
ENT-01461,OPERATOR_KONTEN,PIC_UKE,2025-06-30T23:34:30+07:00,operator_konten_45
ENT-01461,PIC_UKE,TERVALIDASI,2025-07-31T23:15:40+07:00,pic_uke_45
ENT-01461,TERVALIDASI,PUBLISH,2025-08-21T12:23:55+07:00,operator_konten_45
ENT-01462,,DRAFT,2025-04-22T09:12:54+07:00,pengusul_46
ENT-01462,DRAFT,OPERATOR_KONTEN,2025-08-07T16:47:09+07:00,pengusul_46
ENT-01462,OPERATOR_KONTEN,PIC_UKE,2026-09-29T10:18:40+07:00,operator_konten_46
ENT-01463,,DRAFT,2025-04-22T11:20:10+07:00,pengusul_09
ENT-01463,DRAFT,OPERATOR_KONTEN,2025-04-27T10:13:34+07:00,pengusul_09
ENT-01463,OPERATOR_KONTEN,PIC_UKE,2025-05-01T12:40:19+07:00,operator_konten_09
ENT-01463,PIC_UKE,TERVALIDASI,2025-05-04T00:24:38+07:00,pic_uke_09
ENT-01463,TERVALIDASI,PUBLISH,2025-05-07T16:30:06+07:00,operator_konten_09
ENT-01464,,DRAFT,2025-04-22T11:40:40+07:00,pengusul_55
ENT-01464,DRAFT,OPERATOR_KONTEN,2025-05-11T05:44:56+07:00,pengusul_55
ENT-01464,OPERATOR_KONTEN,PIC_UKE,2025-06-26T13:35:45+07:00,operator_konten_55
ENT-01464,PIC_UKE,TERVALIDASI,2025-06-29T02:41:53+07:00,pic_uke_55
ENT-01464,TERVALIDASI,PUBLISH,2025-10-13T11:47:36+07:00,operator_konten_55
ENT-01465,,DRAFT,2025-04-22T14:32:48+07:00,pengusul_05
ENT-01465,DRAFT,OPERATOR_KONTEN,2025-11-10T11:37:28+07:00,pengusul_05
ENT-01465,OPERATOR_KONTEN,PIC_UKE,2026-09-22T12:37:05+07:00,operator_konten_05
ENT-01466,,DRAFT,2025-04-23T09:16:58+07:00,pengusul_20
ENT-01466,DRAFT,OPERATOR_KONTEN,2026-08-14T08:24:35+07:00,pengusul_20
ENT-01466,OPERATOR_KONTEN,PIC_UKE,2026-10-07T10:32:33+07:00,operator_konten_20
ENT-01467,,DRAFT,2025-04-23T13:10:15+07:00,pengusul_12
ENT-01467,DRAFT,OPERATOR_KONTEN,2025-06-12T17:19:40+07:00,pengusul_12
ENT-01467,OPERATOR_KONTEN,PIC_UKE,2025-08-07T21:52:46+07:00,operator_konten_12
ENT-01467,PIC_UKE,TERVALIDASI,2025-08-14T05:59:46+07:00,pic_uke_12
ENT-01467,TERVALIDASI,PUBLISH,2025-08-22T11:49:04+07:00,operator_konten_12
ENT-01468,,DRAFT,2025-04-23T15:18:38+07:00,pengusul_09
ENT-01468,DRAFT,OPERATOR_KONTEN,2025-07-05T03:39:32+07:00,pengusul_09
ENT-01468,OPERATOR_KONTEN,PIC_UKE,2025-07-17T07:04:49+07:00,operator_konten_09
ENT-01468,PIC_UKE,TERVALIDASI,2025-07-29T22:43:48+07:00,pic_uke_09
ENT-01468,TERVALIDASI,PUBLISH,2025-10-11T08:46:26+07:00,operator_konten_09
ENT-01469,,DRAFT,2025-04-24T10:41:33+07:00,pengusul_61
ENT-01469,DRAFT,OPERATOR_KONTEN,2026-06-02T14:35:12+07:00,pengusul_61
ENT-01469,OPERATOR_KONTEN,PIC_UKE,2026-09-29T08:06:34+07:00,operator_konten_61
ENT-01470,,DRAFT,2025-04-24T11:36:15+07:00,pengusul_34
ENT-01470,DRAFT,OPERATOR_KONTEN,2025-05-28T09:38:58+07:00,pengusul_34
ENT-01470,OPERATOR_KONTEN,PIC_UKE,2025-06-19T17:43:52+07:00,operator_konten_34
ENT-01470,PIC_UKE,TERVALIDASI,2025-06-21T16:46:47+07:00,pic_uke_34
ENT-01470,TERVALIDASI,PUBLISH,2025-06-27T10:26:21+07:00,operator_konten_34
ENT-01471,,DRAFT,2025-04-24T13:38:42+07:00,pengusul_42
ENT-01471,DRAFT,OPERATOR_KONTEN,2025-05-15T15:58:21+07:00,pengusul_42
ENT-01471,OPERATOR_KONTEN,PIC_UKE,2025-05-24T14:22:18+07:00,operator_konten_42
ENT-01471,PIC_UKE,TERVALIDASI,2025-06-07T05:38:07+07:00,pic_uke_42
ENT-01471,TERVALIDASI,PUBLISH,2025-06-20T10:20:13+07:00,operator_konten_42
ENT-01472,,DRAFT,2025-04-24T16:43:24+07:00,pengusul_23
ENT-01472,DRAFT,OPERATOR_KONTEN,2025-07-07T13:42:41+07:00,pengusul_23
ENT-01472,OPERATOR_KONTEN,PIC_UKE,2025-07-30T03:30:48+07:00,operator_konten_23
ENT-01472,PIC_UKE,TERVALIDASI,2025-09-17T06:54:20+07:00,pic_uke_23
ENT-01472,TERVALIDASI,PUBLISH,2025-11-17T13:46:38+07:00,operator_konten_23
ENT-01473,,DRAFT,2025-04-26T09:17:43+07:00,pengusul_14
ENT-01473,DRAFT,OPERATOR_KONTEN,2025-07-15T22:22:12+07:00,pengusul_14
ENT-01473,OPERATOR_KONTEN,PIC_UKE,2025-08-24T16:08:45+07:00,operator_konten_14
ENT-01473,PIC_UKE,TERVALIDASI,2025-11-25T12:01:10+07:00,pic_uke_14
ENT-01473,TERVALIDASI,PUBLISH,2026-01-13T08:14:57+07:00,operator_konten_14
ENT-01474,,DRAFT,2025-04-27T12:37:33+07:00,pengusul_07
ENT-01474,DRAFT,OPERATOR_KONTEN,2025-06-27T06:33:24+07:00,pengusul_07
ENT-01474,OPERATOR_KONTEN,PIC_UKE,2025-09-10T20:49:19+07:00,operator_konten_07
ENT-01474,PIC_UKE,TERVALIDASI,2025-11-16T10:34:11+07:00,pic_uke_07
ENT-01474,TERVALIDASI,PUBLISH,2026-02-21T16:01:54+07:00,operator_konten_07
ENT-01475,,DRAFT,2025-04-27T14:44:05+07:00,pengusul_01
ENT-01475,DRAFT,OPERATOR_KONTEN,2025-10-04T15:36:47+07:00,pengusul_01
ENT-01475,OPERATOR_KONTEN,PIC_UKE,2025-12-06T06:18:29+07:00,operator_konten_01
ENT-01475,PIC_UKE,TERVALIDASI,2025-12-25T07:44:03+07:00,pic_uke_01
ENT-01475,TERVALIDASI,PUBLISH,2026-01-06T13:14:59+07:00,operator_konten_01
ENT-01476,,DRAFT,2025-04-28T10:54:38+07:00,pengusul_06
ENT-01476,DRAFT,OPERATOR_KONTEN,2025-10-19T01:02:31+07:00,pengusul_06
ENT-01476,OPERATOR_KONTEN,PIC_UKE,2026-09-21T14:34:05+07:00,operator_konten_06
ENT-01477,,DRAFT,2025-04-28T11:19:19+07:00,pengusul_47
ENT-01477,DRAFT,OPERATOR_KONTEN,2025-06-12T08:11:27+07:00,pengusul_47
ENT-01477,OPERATOR_KONTEN,PIC_UKE,2025-08-27T03:58:02+07:00,operator_konten_47
ENT-01477,PIC_UKE,TERVALIDASI,2025-09-21T03:22:41+07:00,pic_uke_47
ENT-01477,TERVALIDASI,PUBLISH,2025-12-26T09:11:05+07:00,operator_konten_47
ENT-01478,,DRAFT,2025-04-28T14:55:09+07:00,pengusul_07
ENT-01478,DRAFT,OPERATOR_KONTEN,2026-02-13T00:54:06+07:00,pengusul_07
ENT-01478,OPERATOR_KONTEN,PIC_UKE,2026-09-21T09:29:14+07:00,operator_konten_07
ENT-01479,,DRAFT,2025-04-28T15:19:19+07:00,pengusul_67
ENT-01479,DRAFT,OPERATOR_KONTEN,2025-06-14T17:36:35+07:00,pengusul_67
ENT-01479,OPERATOR_KONTEN,PIC_UKE,2025-08-30T18:54:44+07:00,operator_konten_67
ENT-01479,PIC_UKE,TERVALIDASI,2025-09-03T06:11:58+07:00,pic_uke_67
ENT-01479,TERVALIDASI,PUBLISH,2025-10-05T13:01:06+07:00,operator_konten_67
ENT-01480,,DRAFT,2025-04-28T16:22:06+07:00,pengusul_67
ENT-01480,DRAFT,OPERATOR_KONTEN,2025-07-26T01:29:03+07:00,pengusul_67
ENT-01480,OPERATOR_KONTEN,PIC_UKE,2026-09-30T09:01:28+07:00,operator_konten_67
ENT-01481,,DRAFT,2025-04-29T09:32:58+07:00,pengusul_07
ENT-01481,DRAFT,OPERATOR_KONTEN,2025-05-01T13:33:41+07:00,pengusul_07
ENT-01481,OPERATOR_KONTEN,PIC_UKE,2025-05-10T11:24:27+07:00,operator_konten_07
ENT-01481,PIC_UKE,TERVALIDASI,2025-05-17T17:41:06+07:00,pic_uke_07
ENT-01481,TERVALIDASI,PUBLISH,2025-05-24T11:04:24+07:00,operator_konten_07
ENT-01482,,DRAFT,2025-04-29T09:42:10+07:00,pengusul_17
ENT-01482,DRAFT,OPERATOR_KONTEN,2025-04-30T03:58:25+07:00,pengusul_17
ENT-01482,OPERATOR_KONTEN,PIC_UKE,2025-05-01T11:34:54+07:00,operator_konten_17
ENT-01482,PIC_UKE,TERVALIDASI,2025-05-01T21:31:45+07:00,pic_uke_17
ENT-01482,TERVALIDASI,PUBLISH,2025-05-02T13:09:30+07:00,operator_konten_17
ENT-01483,,DRAFT,2025-04-29T11:57:43+07:00,pengusul_60
ENT-01483,DRAFT,OPERATOR_KONTEN,2025-12-13T08:26:55+07:00,pengusul_60
ENT-01483,OPERATOR_KONTEN,PIC_UKE,2026-10-08T13:12:41+07:00,operator_konten_60
ENT-01484,,DRAFT,2025-04-29T13:05:36+07:00,pengusul_16
ENT-01484,DRAFT,OPERATOR_KONTEN,2025-05-29T06:31:11+07:00,pengusul_16
ENT-01484,OPERATOR_KONTEN,PIC_UKE,2025-08-08T10:05:40+07:00,operator_konten_16
ENT-01484,PIC_UKE,TERVALIDASI,2025-08-12T06:13:02+07:00,pic_uke_16
ENT-01484,TERVALIDASI,PUBLISH,2025-08-23T14:25:25+07:00,operator_konten_16
ENT-01485,,DRAFT,2025-04-29T15:01:48+07:00,pengusul_57
ENT-01485,DRAFT,OPERATOR_KONTEN,2025-07-18T17:45:18+07:00,pengusul_57
ENT-01485,OPERATOR_KONTEN,PIC_UKE,2025-08-11T06:39:54+07:00,operator_konten_57
ENT-01485,PIC_UKE,TERVALIDASI,2025-08-17T10:46:19+07:00,pic_uke_57
ENT-01485,TERVALIDASI,PUBLISH,2025-09-27T16:30:39+07:00,operator_konten_57
ENT-01486,,DRAFT,2025-04-30T11:18:07+07:00,pengusul_59
ENT-01486,DRAFT,OPERATOR_KONTEN,2025-05-24T09:42:14+07:00,pengusul_59
ENT-01486,OPERATOR_KONTEN,PIC_UKE,2025-05-27T13:35:32+07:00,operator_konten_59
ENT-01486,PIC_UKE,TERVALIDASI,2025-06-19T01:51:25+07:00,pic_uke_59
ENT-01486,TERVALIDASI,PUBLISH,2025-07-09T11:38:42+07:00,operator_konten_59
ENT-01487,,DRAFT,2025-04-30T12:26:01+07:00,pengusul_09
ENT-01487,DRAFT,OPERATOR_KONTEN,2025-05-04T10:21:01+07:00,pengusul_09
ENT-01487,OPERATOR_KONTEN,PIC_UKE,2025-05-17T01:03:42+07:00,operator_konten_09
ENT-01487,PIC_UKE,TERVALIDASI,2025-06-09T14:14:47+07:00,pic_uke_09
ENT-01487,TERVALIDASI,PUBLISH,2025-07-19T13:01:33+07:00,operator_konten_09
ENT-01488,,DRAFT,2025-04-30T13:55:59+07:00,pengusul_06
ENT-01488,DRAFT,OPERATOR_KONTEN,2025-05-10T23:31:12+07:00,pengusul_06
ENT-01488,OPERATOR_KONTEN,PIC_UKE,2026-02-04T01:58:36+07:00,operator_konten_06
ENT-01488,PIC_UKE,TERVALIDASI,2026-09-29T16:23:33+07:00,pic_uke_06
ENT-01489,,DRAFT,2025-05-01T11:56:11+07:00,pengusul_33
ENT-01489,DRAFT,OPERATOR_KONTEN,2025-06-29T19:14:09+07:00,pengusul_33
ENT-01489,OPERATOR_KONTEN,PIC_UKE,2025-07-15T01:02:33+07:00,operator_konten_33
ENT-01489,PIC_UKE,TERVALIDASI,2025-10-11T16:10:12+07:00,pic_uke_33
ENT-01489,TERVALIDASI,PUBLISH,2025-10-26T08:57:26+07:00,operator_konten_33
ENT-01490,,DRAFT,2025-05-01T13:13:03+07:00,pengusul_11
ENT-01490,DRAFT,OPERATOR_KONTEN,2025-05-18T21:01:17+07:00,pengusul_11
ENT-01490,OPERATOR_KONTEN,PIC_UKE,2025-05-26T02:13:55+07:00,operator_konten_11
ENT-01490,PIC_UKE,TERVALIDASI,2025-06-11T06:35:51+07:00,pic_uke_11
ENT-01490,TERVALIDASI,PUBLISH,2025-07-29T08:36:14+07:00,operator_konten_11
ENT-01491,,DRAFT,2025-05-01T16:13:59+07:00,pengusul_07
ENT-01491,DRAFT,OPERATOR_KONTEN,2026-04-24T05:33:36+07:00,pengusul_07
ENT-01491,OPERATOR_KONTEN,PIC_UKE,2026-10-07T09:18:47+07:00,operator_konten_07
ENT-01492,,DRAFT,2025-05-02T09:19:07+07:00,pengusul_08
ENT-01492,DRAFT,OPERATOR_KONTEN,2025-05-22T00:51:52+07:00,pengusul_08
ENT-01492,OPERATOR_KONTEN,PIC_UKE,2025-06-27T13:30:14+07:00,operator_konten_08
ENT-01492,PIC_UKE,TERVALIDASI,2025-06-29T05:11:10+07:00,pic_uke_08
ENT-01492,TERVALIDASI,PUBLISH,2025-07-08T09:35:16+07:00,operator_konten_08
ENT-01493,,DRAFT,2025-05-02T10:28:41+07:00,pengusul_13
ENT-01493,DRAFT,OPERATOR_KONTEN,2025-07-01T19:12:44+07:00,pengusul_13
ENT-01493,OPERATOR_KONTEN,PIC_UKE,2025-07-21T03:57:47+07:00,operator_konten_13
ENT-01493,PIC_UKE,TERVALIDASI,2025-09-03T18:09:32+07:00,pic_uke_13
ENT-01493,TERVALIDASI,PUBLISH,2025-10-05T08:56:45+07:00,operator_konten_13
ENT-01494,,DRAFT,2025-05-02T10:46:12+07:00,pengusul_06
ENT-01494,DRAFT,OPERATOR_KONTEN,2025-05-05T19:02:14+07:00,pengusul_06
ENT-01494,OPERATOR_KONTEN,PIC_UKE,2025-05-13T02:18:01+07:00,operator_konten_06
ENT-01494,PIC_UKE,TERVALIDASI,2025-05-20T22:27:20+07:00,pic_uke_06
ENT-01494,TERVALIDASI,PUBLISH,2025-05-28T13:54:11+07:00,operator_konten_06
ENT-01495,,DRAFT,2025-05-02T11:24:19+07:00,pengusul_60
ENT-01495,DRAFT,OPERATOR_KONTEN,2025-05-26T09:01:12+07:00,pengusul_60
ENT-01495,OPERATOR_KONTEN,PIC_UKE,2025-06-19T17:07:19+07:00,operator_konten_60
ENT-01495,PIC_UKE,TERVALIDASI,2025-07-03T11:39:37+07:00,pic_uke_60
ENT-01495,TERVALIDASI,PUBLISH,2025-07-06T16:27:16+07:00,operator_konten_60
ENT-01496,,DRAFT,2025-05-02T11:35:53+07:00,pengusul_35
ENT-01496,DRAFT,OPERATOR_KONTEN,2026-10-05T16:13:46+07:00,pengusul_35
ENT-01497,,DRAFT,2025-05-02T12:37:14+07:00,pengusul_18
ENT-01497,DRAFT,OPERATOR_KONTEN,2026-09-22T16:24:56+07:00,pengusul_18
ENT-01498,,DRAFT,2025-05-02T14:17:37+07:00,pengusul_18
ENT-01498,DRAFT,OPERATOR_KONTEN,2025-10-01T18:13:46+07:00,pengusul_18
ENT-01498,OPERATOR_KONTEN,PIC_UKE,2026-09-25T11:04:32+07:00,operator_konten_18
ENT-01499,,DRAFT,2025-05-02T15:51:50+07:00,pengusul_06
ENT-01499,DRAFT,OPERATOR_KONTEN,2025-05-18T03:46:41+07:00,pengusul_06
ENT-01499,OPERATOR_KONTEN,PIC_UKE,2025-07-24T19:25:29+07:00,operator_konten_06
ENT-01499,PIC_UKE,TERVALIDASI,2025-08-11T14:28:25+07:00,pic_uke_06
ENT-01499,TERVALIDASI,PUBLISH,2025-08-21T15:00:46+07:00,operator_konten_06
ENT-01500,,DRAFT,2025-05-03T09:35:55+07:00,pengusul_65
ENT-01500,DRAFT,OPERATOR_KONTEN,2025-05-19T03:56:40+07:00,pengusul_65
ENT-01500,OPERATOR_KONTEN,PIC_UKE,2025-06-28T11:10:39+07:00,operator_konten_65
ENT-01500,PIC_UKE,TERVALIDASI,2025-09-05T12:20:00+07:00,pic_uke_65
ENT-01500,TERVALIDASI,PUBLISH,2025-09-09T16:45:02+07:00,operator_konten_65
ENT-01501,,DRAFT,2025-05-03T13:25:06+07:00,pengusul_30
ENT-01501,DRAFT,OPERATOR_KONTEN,2025-05-21T13:57:14+07:00,pengusul_30
ENT-01501,OPERATOR_KONTEN,PIC_UKE,2025-07-23T00:28:09+07:00,operator_konten_30
ENT-01501,PIC_UKE,TERVALIDASI,2025-07-25T04:21:51+07:00,pic_uke_30
ENT-01501,TERVALIDASI,PUBLISH,2025-08-26T16:13:51+07:00,operator_konten_30
ENT-01502,,DRAFT,2025-05-04T15:02:48+07:00,pengusul_20
ENT-01502,DRAFT,OPERATOR_KONTEN,2025-10-19T17:23:13+07:00,pengusul_20
ENT-01502,OPERATOR_KONTEN,DITOLAK_OPERATOR,2025-12-23T23:38:23+07:00,operator_konten_20
ENT-01502,DITOLAK_OPERATOR,DRAFT,2026-10-05T08:00:14+07:00,pengusul_20
ENT-01503,,DRAFT,2025-05-04T15:27:52+07:00,pengusul_64
ENT-01503,DRAFT,OPERATOR_KONTEN,2026-09-01T22:03:35+07:00,pengusul_64
ENT-01503,OPERATOR_KONTEN,PIC_UKE,2026-09-21T16:44:21+07:00,operator_konten_64
ENT-01504,,DRAFT,2025-05-05T08:53:25+07:00,pengusul_50
ENT-01504,DRAFT,OPERATOR_KONTEN,2025-07-08T20:18:34+07:00,pengusul_50
ENT-01504,OPERATOR_KONTEN,PIC_UKE,2026-09-29T12:56:44+07:00,operator_konten_50
ENT-01505,,DRAFT,2025-05-06T12:54:52+07:00,pengusul_42
ENT-01505,DRAFT,OPERATOR_KONTEN,2025-05-22T18:10:51+07:00,pengusul_42
ENT-01505,OPERATOR_KONTEN,PIC_UKE,2025-06-05T20:41:07+07:00,operator_konten_42
ENT-01505,PIC_UKE,TERVALIDASI,2025-08-09T13:59:47+07:00,pic_uke_42
ENT-01505,TERVALIDASI,PUBLISH,2025-09-18T10:21:22+07:00,operator_konten_42
ENT-01506,,DRAFT,2025-05-07T09:55:36+07:00,pengusul_23
ENT-01506,DRAFT,OPERATOR_KONTEN,2025-05-29T21:37:33+07:00,pengusul_23
ENT-01506,OPERATOR_KONTEN,PIC_UKE,2025-06-12T22:21:13+07:00,operator_konten_23
ENT-01506,PIC_UKE,TERVALIDASI,2025-07-22T05:05:31+07:00,pic_uke_23
ENT-01506,TERVALIDASI,PUBLISH,2025-07-27T16:13:47+07:00,operator_konten_23
ENT-01507,,DRAFT,2025-05-07T12:35:13+07:00,pengusul_19
ENT-01507,DRAFT,OPERATOR_KONTEN,2025-07-15T21:44:33+07:00,pengusul_19
ENT-01507,OPERATOR_KONTEN,PIC_UKE,2026-10-08T08:07:04+07:00,operator_konten_19
ENT-01508,,DRAFT,2025-05-07T13:30:17+07:00,pengusul_58
ENT-01508,DRAFT,OPERATOR_KONTEN,2025-06-03T16:47:03+07:00,pengusul_58
ENT-01508,OPERATOR_KONTEN,PIC_UKE,2025-09-15T11:18:03+07:00,operator_konten_58
ENT-01508,PIC_UKE,TERVALIDASI,2025-09-17T06:00:45+07:00,pic_uke_58
ENT-01508,TERVALIDASI,PUBLISH,2025-10-03T13:19:22+07:00,operator_konten_58
ENT-01509,,DRAFT,2025-05-07T15:35:55+07:00,pengusul_27
ENT-01509,DRAFT,OPERATOR_KONTEN,2025-06-18T22:58:11+07:00,pengusul_27
ENT-01509,OPERATOR_KONTEN,PIC_UKE,2026-08-19T16:08:49+07:00,operator_konten_27
ENT-01510,,DRAFT,2025-05-07T16:26:17+07:00,pengusul_58
ENT-01510,DRAFT,OPERATOR_KONTEN,2025-05-28T10:20:49+07:00,pengusul_58
ENT-01510,OPERATOR_KONTEN,PIC_UKE,2025-07-03T20:39:55+07:00,operator_konten_58
ENT-01510,PIC_UKE,TERVALIDASI,2025-07-13T10:14:11+07:00,pic_uke_58
ENT-01510,TERVALIDASI,PUBLISH,2025-07-21T14:46:12+07:00,operator_konten_58
ENT-01511,,DRAFT,2025-05-08T12:05:09+07:00,pengusul_46
ENT-01511,DRAFT,OPERATOR_KONTEN,2026-08-17T05:10:54+07:00,pengusul_46
ENT-01511,OPERATOR_KONTEN,PIC_UKE,2026-09-24T11:23:21+07:00,operator_konten_46
ENT-01512,,DRAFT,2025-05-08T14:22:07+07:00,pengusul_09
ENT-01512,DRAFT,OPERATOR_KONTEN,2025-05-17T01:36:31+07:00,pengusul_09
ENT-01512,OPERATOR_KONTEN,PIC_UKE,2025-05-22T16:32:47+07:00,operator_konten_09
ENT-01512,PIC_UKE,TERVALIDASI,2025-05-25T10:36:34+07:00,pic_uke_09
ENT-01512,TERVALIDASI,PUBLISH,2025-06-24T16:49:50+07:00,operator_konten_09
ENT-01513,,DRAFT,2025-05-09T12:24:12+07:00,pengusul_45
ENT-01513,DRAFT,OPERATOR_KONTEN,2026-01-03T07:51:45+07:00,pengusul_45
ENT-01513,OPERATOR_KONTEN,PIC_UKE,2026-10-07T14:49:33+07:00,operator_konten_45
ENT-01514,,DRAFT,2025-05-09T15:00:46+07:00,pengusul_47
ENT-01514,DRAFT,OPERATOR_KONTEN,2025-05-21T14:29:29+07:00,pengusul_47
ENT-01514,OPERATOR_KONTEN,PIC_UKE,2025-05-23T13:04:04+07:00,operator_konten_47
ENT-01514,PIC_UKE,TERVALIDASI,2025-05-29T06:36:46+07:00,pic_uke_47
ENT-01514,TERVALIDASI,PUBLISH,2025-05-30T09:55:57+07:00,operator_konten_47
ENT-01515,,DRAFT,2025-05-09T16:32:43+07:00,pengusul_60
ENT-01515,DRAFT,OPERATOR_KONTEN,2026-10-07T16:40:45+07:00,pengusul_60
ENT-01516,,DRAFT,2025-05-10T16:23:20+07:00,pengusul_36
ENT-01516,DRAFT,OPERATOR_KONTEN,2026-02-01T17:11:06+07:00,pengusul_36
ENT-01516,OPERATOR_KONTEN,PIC_UKE,2026-09-14T14:01:09+07:00,operator_konten_36
ENT-01517,,DRAFT,2025-05-11T13:10:03+07:00,pengusul_52
ENT-01517,DRAFT,OPERATOR_KONTEN,2025-05-11T14:44:07+07:00,pengusul_52
ENT-01517,OPERATOR_KONTEN,PIC_UKE,2025-05-13T05:10:26+07:00,operator_konten_52
ENT-01517,PIC_UKE,TERVALIDASI,2025-05-13T14:12:22+07:00,pic_uke_52
ENT-01517,TERVALIDASI,PUBLISH,2025-05-14T11:07:00+07:00,operator_konten_52
ENT-01518,,DRAFT,2025-05-11T14:44:23+07:00,pengusul_66
ENT-01518,DRAFT,OPERATOR_KONTEN,2026-07-12T12:41:15+07:00,pengusul_66
ENT-01518,OPERATOR_KONTEN,PIC_UKE,2026-09-29T08:46:36+07:00,operator_konten_66
ENT-01519,,DRAFT,2025-05-12T09:42:32+07:00,pengusul_29
ENT-01519,DRAFT,OPERATOR_KONTEN,2026-03-24T12:05:20+07:00,pengusul_29
ENT-01519,OPERATOR_KONTEN,PIC_UKE,2026-09-30T14:45:29+07:00,operator_konten_29
ENT-01520,,DRAFT,2025-05-12T10:46:41+07:00,pengusul_57
ENT-01520,DRAFT,OPERATOR_KONTEN,2025-05-22T18:56:17+07:00,pengusul_57
ENT-01520,OPERATOR_KONTEN,PIC_UKE,2025-05-24T20:15:18+07:00,operator_konten_57
ENT-01520,PIC_UKE,TERVALIDASI,2025-09-06T01:48:41+07:00,pic_uke_57
ENT-01520,TERVALIDASI,PUBLISH,2025-11-09T15:29:13+07:00,operator_konten_57
ENT-01521,,DRAFT,2025-05-12T12:51:13+07:00,pengusul_30
ENT-01521,DRAFT,OPERATOR_KONTEN,2025-09-06T23:51:51+07:00,pengusul_30
ENT-01521,OPERATOR_KONTEN,PIC_UKE,2025-09-14T16:45:33+07:00,operator_konten_30
ENT-01521,PIC_UKE,TERVALIDASI,2025-10-27T22:39:11+07:00,pic_uke_30
ENT-01521,TERVALIDASI,PUBLISH,2026-01-16T14:34:00+07:00,operator_konten_30
ENT-01522,,DRAFT,2025-05-12T13:19:55+07:00,pengusul_02
ENT-01522,DRAFT,OPERATOR_KONTEN,2025-09-04T20:48:42+07:00,pengusul_02
ENT-01522,OPERATOR_KONTEN,PIC_UKE,2026-09-03T08:38:26+07:00,operator_konten_02
ENT-01523,,DRAFT,2025-05-13T12:26:34+07:00,pengusul_36
ENT-01523,DRAFT,OPERATOR_KONTEN,2026-07-05T21:06:33+07:00,pengusul_36
ENT-01523,OPERATOR_KONTEN,PIC_UKE,2026-09-17T16:09:53+07:00,operator_konten_36
ENT-01524,,DRAFT,2025-05-13T13:29:13+07:00,pengusul_27
ENT-01524,DRAFT,OPERATOR_KONTEN,2025-06-02T15:10:21+07:00,pengusul_27
ENT-01524,OPERATOR_KONTEN,PIC_UKE,2025-06-18T07:42:56+07:00,operator_konten_27
ENT-01524,PIC_UKE,TERVALIDASI,2026-01-04T21:23:05+07:00,pic_uke_27
ENT-01524,TERVALIDASI,PUBLISH,2026-01-28T12:21:44+07:00,operator_konten_27
ENT-01525,,DRAFT,2025-05-13T14:52:47+07:00,pengusul_22
ENT-01525,DRAFT,OPERATOR_KONTEN,2026-07-09T17:10:05+07:00,pengusul_22
ENT-01525,OPERATOR_KONTEN,PIC_UKE,2026-10-08T13:05:01+07:00,operator_konten_22
ENT-01526,,DRAFT,2025-05-14T10:21:09+07:00,pengusul_07
ENT-01526,DRAFT,OPERATOR_KONTEN,2025-06-02T22:29:25+07:00,pengusul_07
ENT-01526,OPERATOR_KONTEN,PIC_UKE,2025-06-15T12:05:19+07:00,operator_konten_07
ENT-01526,PIC_UKE,TERVALIDASI,2025-06-18T09:33:02+07:00,pic_uke_07
ENT-01526,TERVALIDASI,PUBLISH,2025-06-25T13:11:46+07:00,operator_konten_07
ENT-01527,,DRAFT,2025-05-14T14:19:57+07:00,pengusul_05
ENT-01527,DRAFT,OPERATOR_KONTEN,2025-07-20T03:12:41+07:00,pengusul_05
ENT-01527,OPERATOR_KONTEN,DITOLAK_OPERATOR,2025-08-21T12:57:30+07:00,operator_konten_05
ENT-01527,DITOLAK_OPERATOR,DRAFT,2026-10-08T08:57:18+07:00,pengusul_05
ENT-01528,,DRAFT,2025-05-14T15:17:19+07:00,pengusul_37
ENT-01528,DRAFT,OPERATOR_KONTEN,2025-10-12T11:23:15+07:00,pengusul_37
ENT-01528,OPERATOR_KONTEN,PIC_UKE,2026-08-25T08:15:07+07:00,operator_konten_37
ENT-01529,,DRAFT,2025-05-15T08:41:37+07:00,pengusul_50
ENT-01529,DRAFT,OPERATOR_KONTEN,2025-08-03T07:40:15+07:00,pengusul_50
ENT-01529,OPERATOR_KONTEN,PIC_UKE,2025-12-13T11:26:02+07:00,operator_konten_50
ENT-01529,PIC_UKE,TERVALIDASI,2026-01-31T01:03:07+07:00,pic_uke_50
ENT-01529,TERVALIDASI,PUBLISH,2026-02-06T14:47:55+07:00,operator_konten_50
ENT-01530,,DRAFT,2025-05-15T09:23:33+07:00,pengusul_43
ENT-01530,DRAFT,OPERATOR_KONTEN,2026-02-09T01:44:46+07:00,pengusul_43
ENT-01530,OPERATOR_KONTEN,PIC_UKE,2026-09-18T16:03:48+07:00,operator_konten_43
ENT-01531,,DRAFT,2025-05-15T11:42:07+07:00,pengusul_41
ENT-01531,DRAFT,OPERATOR_KONTEN,2025-07-04T05:25:36+07:00,pengusul_41
ENT-01531,OPERATOR_KONTEN,PIC_UKE,2025-07-20T00:25:09+07:00,operator_konten_41
ENT-01531,PIC_UKE,TERVALIDASI,2025-08-03T06:47:35+07:00,pic_uke_41
ENT-01531,TERVALIDASI,PUBLISH,2025-12-21T11:37:03+07:00,operator_konten_41
ENT-01532,,DRAFT,2025-05-15T12:11:36+07:00,pengusul_51
ENT-01532,DRAFT,OPERATOR_KONTEN,2025-05-24T22:55:37+07:00,pengusul_51
ENT-01532,OPERATOR_KONTEN,PIC_UKE,2025-08-02T22:29:02+07:00,operator_konten_51
ENT-01532,PIC_UKE,TERVALIDASI,2025-11-23T12:43:16+07:00,pic_uke_51
ENT-01532,TERVALIDASI,PUBLISH,2025-12-12T16:03:43+07:00,operator_konten_51
ENT-01533,,DRAFT,2025-05-15T13:38:55+07:00,pengusul_20
ENT-01533,DRAFT,OPERATOR_KONTEN,2025-06-15T03:13:47+07:00,pengusul_20
ENT-01533,OPERATOR_KONTEN,PIC_UKE,2025-12-06T06:24:43+07:00,operator_konten_20
ENT-01533,PIC_UKE,TERVALIDASI,2026-01-12T06:55:03+07:00,pic_uke_20
ENT-01533,TERVALIDASI,PUBLISH,2026-01-19T09:51:53+07:00,operator_konten_20
ENT-01534,,DRAFT,2025-05-15T15:51:28+07:00,pengusul_37
ENT-01534,DRAFT,OPERATOR_KONTEN,2025-07-26T14:25:47+07:00,pengusul_37
ENT-01534,OPERATOR_KONTEN,PIC_UKE,2025-09-22T02:05:28+07:00,operator_konten_37
ENT-01534,PIC_UKE,TERVALIDASI,2025-12-09T10:07:57+07:00,pic_uke_37
ENT-01534,TERVALIDASI,PUBLISH,2025-12-30T15:58:11+07:00,operator_konten_37
ENT-01535,,DRAFT,2025-05-16T11:13:25+07:00,pengusul_09
ENT-01535,DRAFT,OPERATOR_KONTEN,2025-05-22T03:33:44+07:00,pengusul_09
ENT-01535,OPERATOR_KONTEN,PIC_UKE,2025-06-19T02:27:44+07:00,operator_konten_09
ENT-01535,PIC_UKE,TERVALIDASI,2025-06-28T22:07:24+07:00,pic_uke_09
ENT-01535,TERVALIDASI,PUBLISH,2025-08-07T11:48:47+07:00,operator_konten_09
ENT-01536,,DRAFT,2025-05-16T11:35:32+07:00,pengusul_58
ENT-01536,DRAFT,OPERATOR_KONTEN,2025-05-23T07:43:47+07:00,pengusul_58
ENT-01536,OPERATOR_KONTEN,PIC_UKE,2025-07-09T15:26:28+07:00,operator_konten_58
ENT-01536,PIC_UKE,TERVALIDASI,2025-08-05T08:27:08+07:00,pic_uke_58
ENT-01536,TERVALIDASI,PUBLISH,2025-08-19T10:49:00+07:00,operator_konten_58
ENT-01537,,DRAFT,2025-05-16T11:36:29+07:00,pengusul_65
ENT-01537,DRAFT,OPERATOR_KONTEN,2026-04-16T05:07:37+07:00,pengusul_65
ENT-01537,OPERATOR_KONTEN,DITOLAK_OPERATOR,2026-05-11T19:53:34+07:00,operator_konten_65
ENT-01537,DITOLAK_OPERATOR,DRAFT,2026-10-01T13:03:35+07:00,pengusul_65
ENT-01538,,DRAFT,2025-05-16T13:32:20+07:00,pengusul_57
ENT-01538,DRAFT,OPERATOR_KONTEN,2025-09-15T00:56:48+07:00,pengusul_57
ENT-01538,OPERATOR_KONTEN,PIC_UKE,2025-10-04T01:40:21+07:00,operator_konten_57
ENT-01538,PIC_UKE,TERVALIDASI,2025-11-07T22:36:03+07:00,pic_uke_57
ENT-01538,TERVALIDASI,PUBLISH,2025-12-23T16:42:33+07:00,operator_konten_57
ENT-01539,,DRAFT,2025-05-16T14:20:46+07:00,pengusul_65
ENT-01539,DRAFT,OPERATOR_KONTEN,2025-12-09T12:59:08+07:00,pengusul_65
ENT-01539,OPERATOR_KONTEN,PIC_UKE,2026-10-08T11:29:35+07:00,operator_konten_65
ENT-01540,,DRAFT,2025-05-16T14:34:50+07:00,pengusul_07
ENT-01540,DRAFT,OPERATOR_KONTEN,2025-06-13T07:28:12+07:00,pengusul_07
ENT-01540,OPERATOR_KONTEN,PIC_UKE,2025-07-10T05:09:43+07:00,operator_konten_07
ENT-01540,PIC_UKE,TERVALIDASI,2025-08-27T05:36:55+07:00,pic_uke_07
ENT-01540,TERVALIDASI,PUBLISH,2025-08-31T11:10:04+07:00,operator_konten_07
ENT-01541,,DRAFT,2025-05-16T14:37:59+07:00,pengusul_37
ENT-01541,DRAFT,OPERATOR_KONTEN,2025-05-30T12:12:48+07:00,pengusul_37
ENT-01541,OPERATOR_KONTEN,PIC_UKE,2025-07-05T16:31:33+07:00,operator_konten_37
ENT-01541,PIC_UKE,TERVALIDASI,2025-08-29T08:47:32+07:00,pic_uke_37
ENT-01541,TERVALIDASI,PUBLISH,2025-11-22T15:38:46+07:00,operator_konten_37
ENT-01542,,DRAFT,2025-05-17T11:08:24+07:00,pengusul_19
ENT-01542,DRAFT,OPERATOR_KONTEN,2026-06-04T21:08:18+07:00,pengusul_19
ENT-01542,OPERATOR_KONTEN,PIC_UKE,2026-09-23T14:15:38+07:00,operator_konten_19
ENT-01543,,DRAFT,2025-05-17T16:19:22+07:00,pengusul_66
ENT-01543,DRAFT,OPERATOR_KONTEN,2025-09-06T08:15:05+07:00,pengusul_66
ENT-01543,OPERATOR_KONTEN,PIC_UKE,2025-09-27T09:21:51+07:00,operator_konten_66
ENT-01543,PIC_UKE,TERVALIDASI,2025-11-23T10:03:47+07:00,pic_uke_66
ENT-01543,TERVALIDASI,PUBLISH,2025-12-20T12:19:12+07:00,operator_konten_66
ENT-01544,,DRAFT,2025-05-18T11:47:50+07:00,pengusul_66
ENT-01544,DRAFT,OPERATOR_KONTEN,2025-06-01T00:29:27+07:00,pengusul_66
ENT-01544,OPERATOR_KONTEN,PIC_UKE,2025-07-31T22:28:05+07:00,operator_konten_66
ENT-01544,PIC_UKE,TERVALIDASI,2026-01-15T21:14:59+07:00,pic_uke_66
ENT-01544,TERVALIDASI,PUBLISH,2026-03-04T15:35:40+07:00,operator_konten_66
ENT-01545,,DRAFT,2025-05-19T08:53:26+07:00,pengusul_10
ENT-01545,DRAFT,OPERATOR_KONTEN,2026-06-18T13:16:44+07:00,pengusul_10
ENT-01545,OPERATOR_KONTEN,PIC_UKE,2026-08-14T14:18:46+07:00,operator_konten_10
ENT-01546,,DRAFT,2025-05-19T15:15:30+07:00,pengusul_06
ENT-01546,DRAFT,OPERATOR_KONTEN,2025-06-04T11:41:42+07:00,pengusul_06
ENT-01546,OPERATOR_KONTEN,PIC_UKE,2025-06-17T20:50:14+07:00,operator_konten_06
ENT-01546,PIC_UKE,TERVALIDASI,2025-08-17T10:20:17+07:00,pic_uke_06
ENT-01546,TERVALIDASI,PUBLISH,2025-09-11T09:56:35+07:00,operator_konten_06
ENT-01547,,DRAFT,2025-05-19T16:09:24+07:00,pengusul_66
ENT-01547,DRAFT,OPERATOR_KONTEN,2025-12-27T19:15:03+07:00,pengusul_66
ENT-01547,OPERATOR_KONTEN,DITOLAK_OPERATOR,2026-03-07T14:03:37+07:00,operator_konten_66
ENT-01547,DITOLAK_OPERATOR,DRAFT,2026-10-08T08:54:23+07:00,pengusul_66
ENT-01548,,DRAFT,2025-05-20T10:06:38+07:00,pengusul_58
ENT-01548,DRAFT,OPERATOR_KONTEN,2025-07-10T20:42:12+07:00,pengusul_58
ENT-01548,OPERATOR_KONTEN,PIC_UKE,2025-10-19T11:48:52+07:00,operator_konten_58
ENT-01548,PIC_UKE,DITOLAK_PIC,2025-10-26T12:19:38+07:00,pic_uke_58
ENT-01549,,DRAFT,2025-05-20T11:45:33+07:00,pengusul_18
ENT-01549,DRAFT,OPERATOR_KONTEN,2025-07-16T14:37:43+07:00,pengusul_18
ENT-01549,OPERATOR_KONTEN,PIC_UKE,2025-10-27T22:59:01+07:00,operator_konten_18
ENT-01549,PIC_UKE,TERVALIDASI,2025-10-31T05:27:25+07:00,pic_uke_18
ENT-01549,TERVALIDASI,PUBLISH,2025-11-10T16:52:51+07:00,operator_konten_18
ENT-01550,,DRAFT,2025-05-20T12:41:08+07:00,pengusul_33
ENT-01550,DRAFT,OPERATOR_KONTEN,2025-11-05T14:01:27+07:00,pengusul_33
ENT-01550,OPERATOR_KONTEN,PIC_UKE,2026-08-26T12:22:15+07:00,operator_konten_33
ENT-01551,,DRAFT,2025-05-20T16:15:59+07:00,pengusul_57
ENT-01551,DRAFT,OPERATOR_KONTEN,2025-05-27T00:54:18+07:00,pengusul_57
ENT-01551,OPERATOR_KONTEN,PIC_UKE,2025-06-04T15:32:23+07:00,operator_konten_57
ENT-01551,PIC_UKE,TERVALIDASI,2025-08-16T16:25:47+07:00,pic_uke_57
ENT-01551,TERVALIDASI,PUBLISH,2025-09-14T16:41:44+07:00,operator_konten_57
ENT-01552,,DRAFT,2025-05-21T09:05:01+07:00,pengusul_36
ENT-01552,DRAFT,OPERATOR_KONTEN,2025-08-05T22:04:25+07:00,pengusul_36
ENT-01552,OPERATOR_KONTEN,PIC_UKE,2026-09-22T15:43:45+07:00,operator_konten_36
ENT-01553,,DRAFT,2025-05-21T13:39:44+07:00,pengusul_37
ENT-01553,DRAFT,OPERATOR_KONTEN,2025-09-08T04:00:39+07:00,pengusul_37
ENT-01553,OPERATOR_KONTEN,PIC_UKE,2025-09-11T19:26:29+07:00,operator_konten_37
ENT-01553,PIC_UKE,TERVALIDASI,2025-09-21T16:27:46+07:00,pic_uke_37
ENT-01553,TERVALIDASI,PUBLISH,2026-02-04T15:32:30+07:00,operator_konten_37
ENT-01554,,DRAFT,2025-05-21T14:29:15+07:00,pengusul_29
ENT-01554,DRAFT,OPERATOR_KONTEN,2025-12-05T00:56:47+07:00,pengusul_29
ENT-01554,OPERATOR_KONTEN,PIC_UKE,2026-10-07T14:14:11+07:00,operator_konten_29
ENT-01555,,DRAFT,2025-05-21T15:11:02+07:00,pengusul_04
ENT-01555,DRAFT,OPERATOR_KONTEN,2026-05-20T06:36:06+07:00,pengusul_04
ENT-01555,OPERATOR_KONTEN,PIC_UKE,2026-09-24T15:46:20+07:00,operator_konten_04
ENT-01556,,DRAFT,2025-05-22T09:28:57+07:00,pengusul_60
ENT-01556,DRAFT,OPERATOR_KONTEN,2026-04-24T09:09:21+07:00,pengusul_60
ENT-01556,OPERATOR_KONTEN,PIC_UKE,2026-07-22T19:30:31+07:00,operator_konten_60
ENT-01556,PIC_UKE,TERVALIDASI,2026-10-06T16:42:36+07:00,pic_uke_60
ENT-01557,,DRAFT,2025-05-22T10:03:40+07:00,pengusul_40
ENT-01557,DRAFT,OPERATOR_KONTEN,2026-04-29T23:24:49+07:00,pengusul_40
ENT-01557,OPERATOR_KONTEN,PIC_UKE,2026-09-18T12:44:43+07:00,operator_konten_40
ENT-01558,,DRAFT,2025-05-23T10:00:49+07:00,pengusul_66
ENT-01558,DRAFT,OPERATOR_KONTEN,2025-06-08T08:30:26+07:00,pengusul_66
ENT-01558,OPERATOR_KONTEN,PIC_UKE,2025-07-11T21:55:14+07:00,operator_konten_66
ENT-01558,PIC_UKE,TERVALIDASI,2025-10-26T12:00:07+07:00,pic_uke_66
ENT-01558,TERVALIDASI,PUBLISH,2025-12-04T14:45:52+07:00,operator_konten_66
ENT-01559,,DRAFT,2025-05-23T11:29:32+07:00,pengusul_09
ENT-01559,DRAFT,OPERATOR_KONTEN,2025-05-25T03:03:25+07:00,pengusul_09
ENT-01559,OPERATOR_KONTEN,PIC_UKE,2025-07-05T18:13:05+07:00,operator_konten_09
ENT-01559,PIC_UKE,TERVALIDASI,2025-07-14T13:48:33+07:00,pic_uke_09
ENT-01559,TERVALIDASI,PUBLISH,2025-07-16T10:20:06+07:00,operator_konten_09
ENT-01560,,DRAFT,2025-05-23T14:37:11+07:00,pengusul_41
ENT-01560,DRAFT,OPERATOR_KONTEN,2025-08-12T02:07:03+07:00,pengusul_41
ENT-01560,OPERATOR_KONTEN,PIC_UKE,2026-09-30T08:28:49+07:00,operator_konten_41
ENT-01561,,DRAFT,2025-05-24T09:06:50+07:00,pengusul_03
ENT-01561,DRAFT,OPERATOR_KONTEN,2025-06-10T07:37:48+07:00,pengusul_03
ENT-01561,OPERATOR_KONTEN,PIC_UKE,2025-07-07T01:53:27+07:00,operator_konten_03
ENT-01561,PIC_UKE,TERVALIDASI,2025-08-08T15:48:15+07:00,pic_uke_03
ENT-01561,TERVALIDASI,PUBLISH,2025-12-19T10:42:03+07:00,operator_konten_03
ENT-01562,,DRAFT,2025-05-24T09:23:25+07:00,pengusul_55
ENT-01562,DRAFT,OPERATOR_KONTEN,2025-05-25T00:04:22+07:00,pengusul_55
ENT-01562,OPERATOR_KONTEN,PIC_UKE,2025-06-06T23:35:47+07:00,operator_konten_55
ENT-01562,PIC_UKE,TERVALIDASI,2025-06-16T01:14:52+07:00,pic_uke_55
ENT-01562,TERVALIDASI,PUBLISH,2025-06-17T15:08:10+07:00,operator_konten_55
ENT-01563,,DRAFT,2025-05-24T13:18:53+07:00,pengusul_48
ENT-01563,DRAFT,OPERATOR_KONTEN,2025-12-15T03:58:17+07:00,pengusul_48
ENT-01563,OPERATOR_KONTEN,PIC_UKE,2026-09-21T12:13:17+07:00,operator_konten_48
ENT-01564,,DRAFT,2025-05-24T15:14:58+07:00,pengusul_44
ENT-01564,DRAFT,OPERATOR_KONTEN,2025-07-25T11:10:22+07:00,pengusul_44
ENT-01564,OPERATOR_KONTEN,PIC_UKE,2025-07-28T14:12:58+07:00,operator_konten_44
ENT-01564,PIC_UKE,TERVALIDASI,2025-08-01T12:00:25+07:00,pic_uke_44
ENT-01564,TERVALIDASI,PUBLISH,2026-01-01T12:15:15+07:00,operator_konten_44
ENT-01565,,DRAFT,2025-05-24T15:24:35+07:00,pengusul_49
ENT-01565,DRAFT,OPERATOR_KONTEN,2025-07-11T14:30:57+07:00,pengusul_49
ENT-01565,OPERATOR_KONTEN,PIC_UKE,2025-09-13T02:52:22+07:00,operator_konten_49
ENT-01565,PIC_UKE,TERVALIDASI,2025-11-15T08:18:11+07:00,pic_uke_49
ENT-01565,TERVALIDASI,PUBLISH,2025-11-29T16:16:42+07:00,operator_konten_49
ENT-01566,,DRAFT,2025-05-25T08:30:20+07:00,pengusul_03
ENT-01566,DRAFT,OPERATOR_KONTEN,2025-07-19T01:25:08+07:00,pengusul_03
ENT-01566,OPERATOR_KONTEN,DITOLAK_OPERATOR,2025-07-21T15:08:15+07:00,operator_konten_03
ENT-01567,,DRAFT,2025-05-25T10:28:13+07:00,pengusul_38
ENT-01567,DRAFT,OPERATOR_KONTEN,2026-01-10T12:50:53+07:00,pengusul_38
ENT-01567,OPERATOR_KONTEN,PIC_UKE,2026-09-25T14:00:05+07:00,operator_konten_38
ENT-01568,,DRAFT,2025-05-25T10:42:48+07:00,pengusul_07
ENT-01568,DRAFT,OPERATOR_KONTEN,2025-10-01T04:23:14+07:00,pengusul_07
ENT-01568,OPERATOR_KONTEN,PIC_UKE,2025-10-09T22:49:16+07:00,operator_konten_07
ENT-01568,PIC_UKE,TERVALIDASI,2025-10-16T16:15:21+07:00,pic_uke_07
ENT-01568,TERVALIDASI,PUBLISH,2026-01-01T13:30:09+07:00,operator_konten_07
ENT-01569,,DRAFT,2025-05-25T13:41:35+07:00,pengusul_07
ENT-01569,DRAFT,OPERATOR_KONTEN,2025-07-06T14:05:00+07:00,pengusul_07
ENT-01569,OPERATOR_KONTEN,PIC_UKE,2025-08-29T17:33:04+07:00,operator_konten_07
ENT-01569,PIC_UKE,TERVALIDASI,2025-09-18T14:36:35+07:00,pic_uke_07
ENT-01569,TERVALIDASI,PUBLISH,2026-03-13T14:05:46+07:00,operator_konten_07
ENT-01570,,DRAFT,2025-05-26T09:34:31+07:00,pengusul_19
ENT-01570,DRAFT,OPERATOR_KONTEN,2025-06-16T12:54:11+07:00,pengusul_19
ENT-01570,OPERATOR_KONTEN,PIC_UKE,2025-11-14T06:16:28+07:00,operator_konten_19
ENT-01570,PIC_UKE,TERVALIDASI,2026-02-06T03:08:35+07:00,pic_uke_19
ENT-01570,TERVALIDASI,PUBLISH,2026-02-24T08:00:20+07:00,operator_konten_19
ENT-01571,,DRAFT,2025-05-26T10:21:54+07:00,pengusul_58
ENT-01571,DRAFT,OPERATOR_KONTEN,2025-05-31T14:10:17+07:00,pengusul_58
ENT-01571,OPERATOR_KONTEN,PIC_UKE,2025-08-05T01:52:47+07:00,operator_konten_58
ENT-01571,PIC_UKE,TERVALIDASI,2025-08-05T14:09:05+07:00,pic_uke_58
ENT-01571,TERVALIDASI,PUBLISH,2025-08-13T12:16:58+07:00,operator_konten_58
ENT-01572,,DRAFT,2025-05-26T11:09:17+07:00,pengusul_13
ENT-01572,DRAFT,OPERATOR_KONTEN,2025-07-27T02:12:26+07:00,pengusul_13
ENT-01572,OPERATOR_KONTEN,PIC_UKE,2025-10-03T08:51:27+07:00,operator_konten_13
ENT-01572,PIC_UKE,TERVALIDASI,2025-11-16T05:57:10+07:00,pic_uke_13
ENT-01572,TERVALIDASI,PUBLISH,2025-12-07T15:57:15+07:00,operator_konten_13
ENT-01573,,DRAFT,2025-05-26T12:16:38+07:00,pengusul_64
ENT-01573,DRAFT,OPERATOR_KONTEN,2025-08-09T18:07:42+07:00,pengusul_64
ENT-01573,OPERATOR_KONTEN,PIC_UKE,2025-12-27T20:08:14+07:00,operator_konten_64
ENT-01573,PIC_UKE,TERVALIDASI,2026-01-06T23:32:13+07:00,pic_uke_64
ENT-01573,TERVALIDASI,PUBLISH,2026-01-31T15:26:54+07:00,operator_konten_64
ENT-01574,,DRAFT,2025-05-26T14:40:51+07:00,pengusul_47
ENT-01574,DRAFT,OPERATOR_KONTEN,2025-08-13T21:56:43+07:00,pengusul_47
ENT-01574,OPERATOR_KONTEN,PIC_UKE,2025-11-12T03:52:12+07:00,operator_konten_47
ENT-01574,PIC_UKE,TERVALIDASI,2026-01-06T19:33:17+07:00,pic_uke_47
ENT-01574,TERVALIDASI,PUBLISH,2026-01-12T09:44:43+07:00,operator_konten_47
ENT-01575,,DRAFT,2025-05-27T09:44:34+07:00,pengusul_67
ENT-01575,DRAFT,OPERATOR_KONTEN,2026-06-29T23:20:18+07:00,pengusul_67
ENT-01575,OPERATOR_KONTEN,PIC_UKE,2026-07-28T10:41:15+07:00,operator_konten_67
ENT-01576,,DRAFT,2025-05-27T12:18:48+07:00,pengusul_43
ENT-01576,DRAFT,OPERATOR_KONTEN,2025-10-22T00:06:12+07:00,pengusul_43
ENT-01576,OPERATOR_KONTEN,PIC_UKE,2026-09-28T10:49:15+07:00,operator_konten_43
ENT-01577,,DRAFT,2025-05-28T08:06:44+07:00,pengusul_52
ENT-01577,DRAFT,OPERATOR_KONTEN,2025-06-02T07:40:02+07:00,pengusul_52
ENT-01577,OPERATOR_KONTEN,PIC_UKE,2025-07-10T07:03:27+07:00,operator_konten_52
ENT-01577,PIC_UKE,TERVALIDASI,2025-08-28T07:29:33+07:00,pic_uke_52
ENT-01577,TERVALIDASI,PUBLISH,2026-01-11T12:02:26+07:00,operator_konten_52
ENT-01578,,DRAFT,2025-05-28T09:27:52+07:00,pengusul_62
ENT-01578,DRAFT,OPERATOR_KONTEN,2026-04-07T15:14:43+07:00,pengusul_62
ENT-01578,OPERATOR_KONTEN,PIC_UKE,2026-09-24T11:22:36+07:00,operator_konten_62
ENT-01579,,DRAFT,2025-05-28T11:20:06+07:00,pengusul_53
ENT-01579,DRAFT,OPERATOR_KONTEN,2025-06-11T00:09:32+07:00,pengusul_53
ENT-01579,OPERATOR_KONTEN,PIC_UKE,2025-06-19T10:32:36+07:00,operator_konten_53
ENT-01579,PIC_UKE,TERVALIDASI,2025-06-28T20:30:22+07:00,pic_uke_53
ENT-01579,TERVALIDASI,PUBLISH,2025-07-01T08:04:53+07:00,operator_konten_53
ENT-01580,,DRAFT,2025-05-28T12:45:26+07:00,pengusul_66
ENT-01580,DRAFT,OPERATOR_KONTEN,2025-06-10T17:21:17+07:00,pengusul_66
ENT-01580,OPERATOR_KONTEN,PIC_UKE,2025-06-23T05:53:20+07:00,operator_konten_66
ENT-01580,PIC_UKE,TERVALIDASI,2025-09-03T01:26:24+07:00,pic_uke_66
ENT-01580,TERVALIDASI,PUBLISH,2026-03-15T10:57:10+07:00,operator_konten_66
ENT-01581,,DRAFT,2025-05-28T16:31:19+07:00,pengusul_66
ENT-01581,DRAFT,OPERATOR_KONTEN,2025-08-19T07:37:29+07:00,pengusul_66
ENT-01581,OPERATOR_KONTEN,PIC_UKE,2025-08-25T09:58:43+07:00,operator_konten_66
ENT-01581,PIC_UKE,TERVALIDASI,2025-09-12T16:36:24+07:00,pic_uke_66
ENT-01581,TERVALIDASI,PUBLISH,2026-02-24T13:18:35+07:00,operator_konten_66
ENT-01582,,DRAFT,2025-05-28T16:53:05+07:00,pengusul_43
ENT-01582,DRAFT,OPERATOR_KONTEN,2025-08-12T08:10:09+07:00,pengusul_43
ENT-01582,OPERATOR_KONTEN,PIC_UKE,2025-09-16T02:48:20+07:00,operator_konten_43
ENT-01582,PIC_UKE,TERVALIDASI,2025-10-17T07:03:18+07:00,pic_uke_43
ENT-01582,TERVALIDASI,PUBLISH,2025-11-19T10:05:22+07:00,operator_konten_43
ENT-01583,,DRAFT,2025-05-29T08:04:37+07:00,pengusul_41
ENT-01583,DRAFT,OPERATOR_KONTEN,2025-07-21T23:08:18+07:00,pengusul_41
ENT-01583,OPERATOR_KONTEN,PIC_UKE,2025-08-04T03:22:06+07:00,operator_konten_41
ENT-01583,PIC_UKE,TERVALIDASI,2025-08-30T23:37:27+07:00,pic_uke_41
ENT-01583,TERVALIDASI,PUBLISH,2025-10-23T09:41:48+07:00,operator_konten_41
ENT-01584,,DRAFT,2025-05-29T12:26:29+07:00,pengusul_28
ENT-01584,DRAFT,OPERATOR_KONTEN,2025-06-12T15:17:13+07:00,pengusul_28
ENT-01584,OPERATOR_KONTEN,PIC_UKE,2025-06-13T22:46:11+07:00,operator_konten_28
ENT-01584,PIC_UKE,TERVALIDASI,2025-09-24T21:10:44+07:00,pic_uke_28
ENT-01584,TERVALIDASI,PUBLISH,2025-10-08T09:21:16+07:00,operator_konten_28
ENT-01585,,DRAFT,2025-05-29T13:46:08+07:00,pengusul_04
ENT-01585,DRAFT,OPERATOR_KONTEN,2025-11-29T17:33:03+07:00,pengusul_04
ENT-01585,OPERATOR_KONTEN,DITOLAK_OPERATOR,2026-03-05T16:52:36+07:00,operator_konten_04
ENT-01586,,DRAFT,2025-05-29T15:06:14+07:00,pengusul_42
ENT-01586,DRAFT,OPERATOR_KONTEN,2025-06-03T00:34:44+07:00,pengusul_42
ENT-01586,OPERATOR_KONTEN,PIC_UKE,2025-09-17T00:43:14+07:00,operator_konten_42
ENT-01586,PIC_UKE,TERVALIDASI,2025-11-24T19:28:47+07:00,pic_uke_42
ENT-01586,TERVALIDASI,PUBLISH,2025-12-26T10:26:21+07:00,operator_konten_42
ENT-01587,,DRAFT,2025-05-29T15:23:53+07:00,pengusul_11
ENT-01587,DRAFT,OPERATOR_KONTEN,2025-12-07T18:45:01+07:00,pengusul_11
ENT-01587,OPERATOR_KONTEN,PIC_UKE,2025-12-24T17:29:03+07:00,operator_konten_11
ENT-01587,PIC_UKE,TERVALIDASI,2025-12-30T10:51:19+07:00,pic_uke_11
ENT-01587,TERVALIDASI,PUBLISH,2026-02-04T09:21:18+07:00,operator_konten_11
ENT-01588,,DRAFT,2025-05-30T09:11:53+07:00,pengusul_52
ENT-01588,DRAFT,OPERATOR_KONTEN,2025-07-25T08:21:46+07:00,pengusul_52
ENT-01588,OPERATOR_KONTEN,PIC_UKE,2025-08-15T03:00:23+07:00,operator_konten_52
ENT-01588,PIC_UKE,TERVALIDASI,2025-11-09T13:43:36+07:00,pic_uke_52
ENT-01588,TERVALIDASI,PUBLISH,2026-03-08T15:43:23+07:00,operator_konten_52
ENT-01589,,DRAFT,2025-05-30T11:11:04+07:00,pengusul_27
ENT-01589,DRAFT,OPERATOR_KONTEN,2026-03-30T21:56:48+07:00,pengusul_27
ENT-01589,OPERATOR_KONTEN,PIC_UKE,2026-09-03T12:56:44+07:00,operator_konten_27
ENT-01590,,DRAFT,2025-05-31T09:29:27+07:00,pengusul_24
ENT-01590,DRAFT,OPERATOR_KONTEN,2025-08-10T15:13:15+07:00,pengusul_24
ENT-01590,OPERATOR_KONTEN,PIC_UKE,2025-08-12T12:31:48+07:00,operator_konten_24
ENT-01590,PIC_UKE,TERVALIDASI,2025-09-03T20:29:55+07:00,pic_uke_24
ENT-01590,TERVALIDASI,PUBLISH,2025-09-22T08:42:58+07:00,operator_konten_24
ENT-01591,,DRAFT,2025-05-31T15:10:40+07:00,pengusul_31
ENT-01591,DRAFT,OPERATOR_KONTEN,2026-10-07T13:48:51+07:00,pengusul_31
ENT-01592,,DRAFT,2025-06-01T08:01:48+07:00,pengusul_56
ENT-01592,DRAFT,OPERATOR_KONTEN,2026-01-23T02:20:45+07:00,pengusul_56
ENT-01592,OPERATOR_KONTEN,PIC_UKE,2026-09-09T14:50:53+07:00,operator_konten_56
ENT-01593,,DRAFT,2025-06-01T08:35:11+07:00,pengusul_06
ENT-01593,DRAFT,OPERATOR_KONTEN,2026-03-31T09:41:56+07:00,pengusul_06
ENT-01593,OPERATOR_KONTEN,PIC_UKE,2026-09-25T10:04:50+07:00,operator_konten_06
ENT-01594,,DRAFT,2025-06-01T15:17:25+07:00,pengusul_00
ENT-01594,DRAFT,OPERATOR_KONTEN,2025-06-04T06:22:19+07:00,pengusul_00
ENT-01594,OPERATOR_KONTEN,PIC_UKE,2025-06-05T21:10:08+07:00,operator_konten_00
ENT-01594,PIC_UKE,TERVALIDASI,2025-06-08T06:30:03+07:00,pic_uke_00
ENT-01594,TERVALIDASI,PUBLISH,2025-06-08T14:20:13+07:00,operator_konten_00
ENT-01595,,DRAFT,2025-06-02T12:24:22+07:00,pengusul_00
ENT-01595,DRAFT,OPERATOR_KONTEN,2025-07-25T18:56:31+07:00,pengusul_00
ENT-01595,OPERATOR_KONTEN,PIC_UKE,2025-08-24T14:47:18+07:00,operator_konten_00
ENT-01595,PIC_UKE,TERVALIDASI,2025-10-23T20:11:17+07:00,pic_uke_00
ENT-01595,TERVALIDASI,PUBLISH,2025-12-27T14:14:45+07:00,operator_konten_00
ENT-01596,,DRAFT,2025-06-02T14:12:42+07:00,pengusul_59
ENT-01596,DRAFT,OPERATOR_KONTEN,2026-08-07T20:46:25+07:00,pengusul_59
ENT-01596,OPERATOR_KONTEN,PIC_UKE,2026-10-08T15:37:43+07:00,operator_konten_59
ENT-01597,,DRAFT,2025-06-02T14:27:04+07:00,pengusul_07
ENT-01597,DRAFT,OPERATOR_KONTEN,2025-11-05T20:54:18+07:00,pengusul_07
ENT-01597,OPERATOR_KONTEN,PIC_UKE,2025-12-12T11:07:06+07:00,operator_konten_07
ENT-01597,PIC_UKE,TERVALIDASI,2026-01-10T08:05:29+07:00,pic_uke_07
ENT-01597,TERVALIDASI,PUBLISH,2026-01-15T11:25:47+07:00,operator_konten_07
ENT-01598,,DRAFT,2025-06-02T16:17:54+07:00,pengusul_33
ENT-01598,DRAFT,OPERATOR_KONTEN,2025-12-08T16:47:53+07:00,pengusul_33
ENT-01598,OPERATOR_KONTEN,PIC_UKE,2026-10-07T09:44:19+07:00,operator_konten_33
ENT-01599,,DRAFT,2025-06-02T16:23:45+07:00,pengusul_63
ENT-01599,DRAFT,OPERATOR_KONTEN,2025-07-09T17:49:41+07:00,pengusul_63
ENT-01599,OPERATOR_KONTEN,PIC_UKE,2026-10-08T14:53:57+07:00,operator_konten_63
ENT-01600,,DRAFT,2025-06-04T12:43:09+07:00,pengusul_22
ENT-01600,DRAFT,OPERATOR_KONTEN,2025-06-11T09:16:37+07:00,pengusul_22
ENT-01600,OPERATOR_KONTEN,PIC_UKE,2025-06-25T18:55:21+07:00,operator_konten_22
ENT-01600,PIC_UKE,TERVALIDASI,2025-07-19T19:54:07+07:00,pic_uke_22
ENT-01600,TERVALIDASI,PUBLISH,2025-07-29T15:12:28+07:00,operator_konten_22
ENT-01601,,DRAFT,2025-06-04T13:32:21+07:00,pengusul_63
ENT-01601,DRAFT,OPERATOR_KONTEN,2026-06-17T07:34:31+07:00,pengusul_63
ENT-01601,OPERATOR_KONTEN,PIC_UKE,2026-09-28T10:52:02+07:00,operator_konten_63
ENT-01602,,DRAFT,2025-06-04T14:36:45+07:00,pengusul_27
ENT-01602,DRAFT,OPERATOR_KONTEN,2025-10-05T22:22:10+07:00,pengusul_27
ENT-01602,OPERATOR_KONTEN,PIC_UKE,2026-02-05T17:52:34+07:00,operator_konten_27
ENT-01602,PIC_UKE,TERVALIDASI,2026-02-25T14:29:01+07:00,pic_uke_27
ENT-01602,TERVALIDASI,PUBLISH,2026-03-19T08:04:36+07:00,operator_konten_27
ENT-01603,,DRAFT,2025-06-04T15:13:02+07:00,pengusul_46
ENT-01603,DRAFT,OPERATOR_KONTEN,2025-10-14T11:20:22+07:00,pengusul_46
ENT-01603,OPERATOR_KONTEN,PIC_UKE,2026-09-21T09:14:28+07:00,operator_konten_46
ENT-01604,,DRAFT,2025-06-05T08:31:52+07:00,pengusul_07
ENT-01604,DRAFT,OPERATOR_KONTEN,2025-06-15T18:26:51+07:00,pengusul_07
ENT-01604,OPERATOR_KONTEN,PIC_UKE,2025-06-18T07:01:30+07:00,operator_konten_07
ENT-01604,PIC_UKE,TERVALIDASI,2025-07-08T07:34:22+07:00,pic_uke_07
ENT-01604,TERVALIDASI,PUBLISH,2025-09-13T16:03:12+07:00,operator_konten_07
ENT-01605,,DRAFT,2025-06-06T08:40:26+07:00,pengusul_21
ENT-01605,DRAFT,OPERATOR_KONTEN,2025-06-22T05:23:10+07:00,pengusul_21
ENT-01605,OPERATOR_KONTEN,PIC_UKE,2025-09-23T14:22:18+07:00,operator_konten_21
ENT-01605,PIC_UKE,TERVALIDASI,2025-12-30T17:08:40+07:00,pic_uke_21
ENT-01605,TERVALIDASI,PUBLISH,2026-02-02T10:24:13+07:00,operator_konten_21
ENT-01606,,DRAFT,2025-06-06T12:23:34+07:00,pengusul_70
ENT-01606,DRAFT,OPERATOR_KONTEN,2025-06-21T15:30:11+07:00,pengusul_70
ENT-01606,OPERATOR_KONTEN,PIC_UKE,2025-07-12T13:24:28+07:00,operator_konten_70
ENT-01606,PIC_UKE,TERVALIDASI,2025-07-12T17:07:46+07:00,pic_uke_70
ENT-01606,TERVALIDASI,PUBLISH,2025-08-14T08:46:00+07:00,operator_konten_70
ENT-01607,,DRAFT,2025-06-06T12:34:19+07:00,pengusul_27
ENT-01607,DRAFT,OPERATOR_KONTEN,2025-08-17T22:06:30+07:00,pengusul_27
ENT-01607,OPERATOR_KONTEN,PIC_UKE,2025-08-18T15:40:33+07:00,operator_konten_27
ENT-01607,PIC_UKE,TERVALIDASI,2025-10-13T05:03:06+07:00,pic_uke_27
ENT-01607,TERVALIDASI,PUBLISH,2025-12-10T10:48:50+07:00,operator_konten_27
ENT-01608,,DRAFT,2025-06-06T14:05:27+07:00,pengusul_02
ENT-01608,DRAFT,OPERATOR_KONTEN,2026-07-15T08:32:31+07:00,pengusul_02
ENT-01608,OPERATOR_KONTEN,PIC_UKE,2026-08-27T15:47:48+07:00,operator_konten_02
ENT-01609,,DRAFT,2025-06-06T16:12:14+07:00,pengusul_57
ENT-01609,DRAFT,OPERATOR_KONTEN,2026-01-15T02:40:50+07:00,pengusul_57
ENT-01609,OPERATOR_KONTEN,PIC_UKE,2026-07-28T09:25:41+07:00,operator_konten_57
ENT-01610,,DRAFT,2025-06-07T16:30:27+07:00,pengusul_50
ENT-01610,DRAFT,OPERATOR_KONTEN,2025-06-25T09:26:16+07:00,pengusul_50
ENT-01610,OPERATOR_KONTEN,PIC_UKE,2025-07-08T13:36:56+07:00,operator_konten_50
ENT-01610,PIC_UKE,TERVALIDASI,2025-10-03T01:03:45+07:00,pic_uke_50
ENT-01610,TERVALIDASI,PUBLISH,2025-10-13T16:18:46+07:00,operator_konten_50
ENT-01611,,DRAFT,2025-06-07T16:47:40+07:00,pengusul_36
ENT-01611,DRAFT,OPERATOR_KONTEN,2026-01-01T19:11:55+07:00,pengusul_36
ENT-01611,OPERATOR_KONTEN,PIC_UKE,2026-09-25T08:42:56+07:00,operator_konten_36
ENT-01612,,DRAFT,2025-06-08T09:58:28+07:00,pengusul_31
ENT-01612,DRAFT,OPERATOR_KONTEN,2025-06-10T21:53:13+07:00,pengusul_31
ENT-01612,OPERATOR_KONTEN,PIC_UKE,2025-07-05T15:11:48+07:00,operator_konten_31
ENT-01612,PIC_UKE,TERVALIDASI,2025-07-06T15:56:48+07:00,pic_uke_31
ENT-01612,TERVALIDASI,PUBLISH,2025-07-12T08:01:19+07:00,operator_konten_31
ENT-01613,,DRAFT,2025-06-08T14:32:39+07:00,pengusul_09
ENT-01613,DRAFT,OPERATOR_KONTEN,2025-09-23T08:14:21+07:00,pengusul_09
ENT-01613,OPERATOR_KONTEN,PIC_UKE,2025-10-04T05:50:02+07:00,operator_konten_09
ENT-01613,PIC_UKE,TERVALIDASI,2025-10-26T21:10:26+07:00,pic_uke_09
ENT-01613,TERVALIDASI,PUBLISH,2026-01-07T10:18:47+07:00,operator_konten_09
ENT-01614,,DRAFT,2025-06-08T16:18:23+07:00,pengusul_69
ENT-01614,DRAFT,OPERATOR_KONTEN,2026-06-06T11:43:42+07:00,pengusul_69
ENT-01614,OPERATOR_KONTEN,PIC_UKE,2026-09-23T16:05:25+07:00,operator_konten_69
ENT-01615,,DRAFT,2025-06-09T08:07:13+07:00,pengusul_30
ENT-01615,DRAFT,OPERATOR_KONTEN,2025-06-22T18:30:10+07:00,pengusul_30
ENT-01615,OPERATOR_KONTEN,PIC_UKE,2025-12-07T16:54:03+07:00,operator_konten_30
ENT-01615,PIC_UKE,TERVALIDASI,2025-12-28T09:54:21+07:00,pic_uke_30
ENT-01615,TERVALIDASI,PUBLISH,2026-01-01T16:53:00+07:00,operator_konten_30
ENT-01616,,DRAFT,2025-06-09T11:00:54+07:00,pengusul_06
ENT-01616,DRAFT,OPERATOR_KONTEN,2026-10-07T14:05:12+07:00,pengusul_06
ENT-01617,,DRAFT,2025-06-09T13:18:52+07:00,pengusul_25
ENT-01617,DRAFT,OPERATOR_KONTEN,2025-12-22T03:18:41+07:00,pengusul_25
ENT-01617,OPERATOR_KONTEN,PIC_UKE,2026-10-02T10:48:45+07:00,operator_konten_25
ENT-01618,,DRAFT,2025-06-09T15:35:26+07:00,pengusul_18
ENT-01618,DRAFT,OPERATOR_KONTEN,2025-06-10T07:10:03+07:00,pengusul_18
ENT-01618,OPERATOR_KONTEN,PIC_UKE,2025-06-10T22:52:54+07:00,operator_konten_18
ENT-01618,PIC_UKE,TERVALIDASI,2025-06-11T02:31:28+07:00,pic_uke_18
ENT-01618,TERVALIDASI,PUBLISH,2025-06-13T11:11:25+07:00,operator_konten_18
ENT-01619,,DRAFT,2025-06-10T10:10:24+07:00,pengusul_07
ENT-01619,DRAFT,OPERATOR_KONTEN,2025-07-02T02:11:03+07:00,pengusul_07
ENT-01619,OPERATOR_KONTEN,PIC_UKE,2025-08-20T10:52:34+07:00,operator_konten_07
ENT-01619,PIC_UKE,TERVALIDASI,2025-11-15T22:58:45+07:00,pic_uke_07
ENT-01619,TERVALIDASI,PUBLISH,2026-03-19T13:26:13+07:00,operator_konten_07
ENT-01620,,DRAFT,2025-06-10T10:44:11+07:00,pengusul_03
ENT-01620,DRAFT,OPERATOR_KONTEN,2025-06-18T04:30:30+07:00,pengusul_03
ENT-01620,OPERATOR_KONTEN,PIC_UKE,2025-08-08T01:47:15+07:00,operator_konten_03
ENT-01620,PIC_UKE,TERVALIDASI,2025-11-05T11:48:40+07:00,pic_uke_03
ENT-01620,TERVALIDASI,PUBLISH,2025-12-14T08:52:35+07:00,operator_konten_03
ENT-01621,,DRAFT,2025-06-10T11:12:00+07:00,pengusul_02
ENT-01621,DRAFT,OPERATOR_KONTEN,2026-01-24T08:32:52+07:00,pengusul_02
ENT-01621,OPERATOR_KONTEN,PIC_UKE,2026-09-09T10:56:51+07:00,operator_konten_02
ENT-01622,,DRAFT,2025-06-10T12:40:14+07:00,pengusul_69
ENT-01622,DRAFT,OPERATOR_KONTEN,2025-07-19T11:43:46+07:00,pengusul_69
ENT-01622,OPERATOR_KONTEN,PIC_UKE,2025-07-26T18:47:35+07:00,operator_konten_69
ENT-01622,PIC_UKE,TERVALIDASI,2025-07-28T12:59:08+07:00,pic_uke_69
ENT-01622,TERVALIDASI,PUBLISH,2025-07-31T14:21:05+07:00,operator_konten_69
ENT-01623,,DRAFT,2025-06-10T16:46:29+07:00,pengusul_61
ENT-01623,DRAFT,OPERATOR_KONTEN,2025-10-04T17:38:24+07:00,pengusul_61
ENT-01623,OPERATOR_KONTEN,PIC_UKE,2025-12-14T05:18:18+07:00,operator_konten_61
ENT-01623,PIC_UKE,TERVALIDASI,2026-03-04T23:14:28+07:00,pic_uke_61
ENT-01623,TERVALIDASI,PUBLISH,2026-04-02T11:31:16+07:00,operator_konten_61
ENT-01624,,DRAFT,2025-06-11T09:04:55+07:00,pengusul_67
ENT-01624,DRAFT,OPERATOR_KONTEN,2025-10-01T02:31:05+07:00,pengusul_67
ENT-01624,OPERATOR_KONTEN,PIC_UKE,2026-09-15T16:09:45+07:00,operator_konten_67
ENT-01625,,DRAFT,2025-06-11T12:19:47+07:00,pengusul_63
ENT-01625,DRAFT,OPERATOR_KONTEN,2025-07-22T05:18:05+07:00,pengusul_63
ENT-01625,OPERATOR_KONTEN,PIC_UKE,2025-07-28T12:18:43+07:00,operator_konten_63
ENT-01625,PIC_UKE,TERVALIDASI,2026-10-08T15:24:54+07:00,pic_uke_63
ENT-01626,,DRAFT,2025-06-11T15:41:56+07:00,pengusul_46
ENT-01626,DRAFT,OPERATOR_KONTEN,2025-07-21T21:54:09+07:00,pengusul_46
ENT-01626,OPERATOR_KONTEN,PIC_UKE,2025-10-31T20:14:26+07:00,operator_konten_46
ENT-01626,PIC_UKE,TERVALIDASI,2025-12-16T11:52:53+07:00,pic_uke_46
ENT-01626,TERVALIDASI,PUBLISH,2026-02-16T16:10:49+07:00,operator_konten_46
ENT-01627,,DRAFT,2025-06-12T10:27:02+07:00,pengusul_28
ENT-01627,DRAFT,OPERATOR_KONTEN,2025-06-15T02:48:30+07:00,pengusul_28
ENT-01627,OPERATOR_KONTEN,PIC_UKE,2025-06-17T00:56:45+07:00,operator_konten_28
ENT-01627,PIC_UKE,TERVALIDASI,2025-07-01T20:37:25+07:00,pic_uke_28
ENT-01627,TERVALIDASI,PUBLISH,2025-07-02T10:48:35+07:00,operator_konten_28
ENT-01628,,DRAFT,2025-06-12T13:39:34+07:00,pengusul_59
ENT-01628,DRAFT,OPERATOR_KONTEN,2025-07-02T07:41:48+07:00,pengusul_59
ENT-01628,OPERATOR_KONTEN,PIC_UKE,2025-11-30T08:27:53+07:00,operator_konten_59
ENT-01628,PIC_UKE,TERVALIDASI,2026-01-01T02:41:25+07:00,pic_uke_59
ENT-01628,TERVALIDASI,PUBLISH,2026-01-09T09:32:18+07:00,operator_konten_59
ENT-01629,,DRAFT,2025-06-12T13:44:04+07:00,pengusul_15
ENT-01629,DRAFT,OPERATOR_KONTEN,2026-07-18T22:53:56+07:00,pengusul_15
ENT-01629,OPERATOR_KONTEN,PIC_UKE,2026-10-07T08:24:42+07:00,operator_konten_15
ENT-01630,,DRAFT,2025-06-12T15:44:53+07:00,pengusul_06
ENT-01630,DRAFT,OPERATOR_KONTEN,2025-08-11T21:02:38+07:00,pengusul_06
ENT-01630,OPERATOR_KONTEN,PIC_UKE,2026-10-06T09:04:06+07:00,operator_konten_06
ENT-01631,,DRAFT,2025-06-13T08:06:03+07:00,pengusul_48
ENT-01631,DRAFT,OPERATOR_KONTEN,2026-02-14T06:42:40+07:00,pengusul_48
ENT-01631,OPERATOR_KONTEN,PIC_UKE,2026-10-05T16:48:20+07:00,operator_konten_48
ENT-01632,,DRAFT,2025-06-13T08:11:31+07:00,pengusul_14
ENT-01632,DRAFT,OPERATOR_KONTEN,2025-07-21T07:30:17+07:00,pengusul_14
ENT-01632,OPERATOR_KONTEN,PIC_UKE,2025-09-30T10:53:50+07:00,operator_konten_14
ENT-01632,PIC_UKE,TERVALIDASI,2026-02-14T02:42:18+07:00,pic_uke_14
ENT-01632,TERVALIDASI,PUBLISH,2026-03-12T12:35:58+07:00,operator_konten_14
ENT-01633,,DRAFT,2025-06-13T09:26:12+07:00,pengusul_46
ENT-01633,DRAFT,OPERATOR_KONTEN,2025-06-27T21:55:49+07:00,pengusul_46
ENT-01633,OPERATOR_KONTEN,PIC_UKE,2025-06-29T05:46:46+07:00,operator_konten_46
ENT-01633,PIC_UKE,TERVALIDASI,2025-07-06T03:59:08+07:00,pic_uke_46
ENT-01633,TERVALIDASI,PUBLISH,2025-07-19T08:30:50+07:00,operator_konten_46
ENT-01634,,DRAFT,2025-06-13T15:15:54+07:00,pengusul_47
ENT-01634,DRAFT,OPERATOR_KONTEN,2025-09-13T23:31:08+07:00,pengusul_47
ENT-01634,OPERATOR_KONTEN,PIC_UKE,2026-09-04T12:32:06+07:00,operator_konten_47
ENT-01635,,DRAFT,2025-06-13T16:04:39+07:00,pengusul_19
ENT-01635,DRAFT,OPERATOR_KONTEN,2026-05-28T23:28:30+07:00,pengusul_19
ENT-01635,OPERATOR_KONTEN,PIC_UKE,2026-09-18T14:35:55+07:00,operator_konten_19
ENT-01636,,DRAFT,2025-06-14T09:40:52+07:00,pengusul_30
ENT-01636,DRAFT,OPERATOR_KONTEN,2025-06-17T05:53:09+07:00,pengusul_30
ENT-01636,OPERATOR_KONTEN,PIC_UKE,2025-06-19T17:00:32+07:00,operator_konten_30
ENT-01636,PIC_UKE,TERVALIDASI,2025-08-29T03:17:44+07:00,pic_uke_30
ENT-01636,TERVALIDASI,PUBLISH,2025-10-27T08:52:25+07:00,operator_konten_30
ENT-01637,,DRAFT,2025-06-16T08:08:35+07:00,pengusul_40
ENT-01637,DRAFT,OPERATOR_KONTEN,2025-06-25T12:37:07+07:00,pengusul_40
ENT-01637,OPERATOR_KONTEN,PIC_UKE,2025-07-01T16:50:23+07:00,operator_konten_40
ENT-01637,PIC_UKE,TERVALIDASI,2025-08-09T09:39:54+07:00,pic_uke_40
ENT-01637,TERVALIDASI,PUBLISH,2025-09-22T09:46:38+07:00,operator_konten_40
ENT-01638,,DRAFT,2025-06-16T15:00:39+07:00,pengusul_29
ENT-01638,DRAFT,OPERATOR_KONTEN,2026-05-20T03:06:47+07:00,pengusul_29
ENT-01638,OPERATOR_KONTEN,DITOLAK_OPERATOR,2026-06-27T16:02:21+07:00,operator_konten_29
ENT-01638,DITOLAK_OPERATOR,DRAFT,2026-10-06T16:03:02+07:00,pengusul_29
ENT-01639,,DRAFT,2025-06-17T08:08:47+07:00,pengusul_02
ENT-01639,DRAFT,OPERATOR_KONTEN,2026-06-19T07:35:36+07:00,pengusul_02
ENT-01639,OPERATOR_KONTEN,PIC_UKE,2026-09-14T15:38:12+07:00,operator_konten_02
ENT-01640,,DRAFT,2025-06-17T09:27:31+07:00,pengusul_12
ENT-01640,DRAFT,OPERATOR_KONTEN,2025-06-18T21:16:24+07:00,pengusul_12
ENT-01640,OPERATOR_KONTEN,PIC_UKE,2025-06-29T09:35:21+07:00,operator_konten_12
ENT-01640,PIC_UKE,TERVALIDASI,2025-06-29T18:38:44+07:00,pic_uke_12
ENT-01640,TERVALIDASI,PUBLISH,2025-07-05T08:24:06+07:00,operator_konten_12
ENT-01641,,DRAFT,2025-06-17T13:22:43+07:00,pengusul_06
ENT-01641,DRAFT,OPERATOR_KONTEN,2026-07-25T22:02:23+07:00,pengusul_06
ENT-01641,OPERATOR_KONTEN,PIC_UKE,2026-10-05T08:50:22+07:00,operator_konten_06
ENT-01642,,DRAFT,2025-06-18T09:03:31+07:00,pengusul_39
ENT-01642,DRAFT,OPERATOR_KONTEN,2025-07-01T02:54:08+07:00,pengusul_39
ENT-01642,OPERATOR_KONTEN,PIC_UKE,2025-09-15T18:03:21+07:00,operator_konten_39
ENT-01642,PIC_UKE,TERVALIDASI,2025-10-10T19:27:01+07:00,pic_uke_39
ENT-01642,TERVALIDASI,PUBLISH,2025-12-17T09:10:16+07:00,operator_konten_39
ENT-01643,,DRAFT,2025-06-18T11:02:24+07:00,pengusul_12
ENT-01643,DRAFT,OPERATOR_KONTEN,2025-06-23T06:37:40+07:00,pengusul_12
ENT-01643,OPERATOR_KONTEN,PIC_UKE,2025-08-21T02:14:21+07:00,operator_konten_12
ENT-01643,PIC_UKE,TERVALIDASI,2025-09-09T20:33:49+07:00,pic_uke_12
ENT-01643,TERVALIDASI,PUBLISH,2025-10-03T14:51:15+07:00,operator_konten_12
ENT-01644,,DRAFT,2025-06-18T11:16:08+07:00,pengusul_53
ENT-01644,DRAFT,OPERATOR_KONTEN,2025-11-06T00:21:22+07:00,pengusul_53
ENT-01644,OPERATOR_KONTEN,PIC_UKE,2025-12-09T08:26:42+07:00,operator_konten_53
ENT-01644,PIC_UKE,TERVALIDASI,2025-12-17T18:30:50+07:00,pic_uke_53
ENT-01644,TERVALIDASI,PUBLISH,2026-01-05T13:45:48+07:00,operator_konten_53
ENT-01645,,DRAFT,2025-06-18T11:23:20+07:00,pengusul_48
ENT-01645,DRAFT,OPERATOR_KONTEN,2025-07-28T14:24:59+07:00,pengusul_48
ENT-01645,OPERATOR_KONTEN,PIC_UKE,2025-09-28T20:46:02+07:00,operator_konten_48
ENT-01645,PIC_UKE,TERVALIDASI,2025-12-10T06:53:54+07:00,pic_uke_48
ENT-01645,TERVALIDASI,PUBLISH,2026-01-08T08:17:47+07:00,operator_konten_48
ENT-01646,,DRAFT,2025-06-19T09:49:59+07:00,pengusul_06
ENT-01646,DRAFT,OPERATOR_KONTEN,2025-06-21T08:09:04+07:00,pengusul_06
ENT-01646,OPERATOR_KONTEN,PIC_UKE,2025-06-22T18:17:28+07:00,operator_konten_06
ENT-01646,PIC_UKE,TERVALIDASI,2025-06-24T13:39:50+07:00,pic_uke_06
ENT-01646,TERVALIDASI,PUBLISH,2025-06-24T16:58:42+07:00,operator_konten_06
ENT-01647,,DRAFT,2025-06-19T14:39:34+07:00,pengusul_04
ENT-01647,DRAFT,OPERATOR_KONTEN,2025-11-03T09:28:00+07:00,pengusul_04
ENT-01647,OPERATOR_KONTEN,PIC_UKE,2026-05-22T07:18:25+07:00,operator_konten_04
ENT-01647,PIC_UKE,TERVALIDASI,2026-09-23T10:48:21+07:00,pic_uke_04
ENT-01648,,DRAFT,2025-06-19T16:52:39+07:00,pengusul_41
ENT-01648,DRAFT,OPERATOR_KONTEN,2025-07-22T19:43:16+07:00,pengusul_41
ENT-01648,OPERATOR_KONTEN,PIC_UKE,2025-09-02T14:23:40+07:00,operator_konten_41
ENT-01648,PIC_UKE,TERVALIDASI,2026-01-09T05:44:34+07:00,pic_uke_41
ENT-01648,TERVALIDASI,PUBLISH,2026-02-15T13:32:33+07:00,operator_konten_41
ENT-01649,,DRAFT,2025-06-20T12:56:38+07:00,pengusul_47
ENT-01649,DRAFT,OPERATOR_KONTEN,2026-01-17T07:49:29+07:00,pengusul_47
ENT-01649,OPERATOR_KONTEN,PIC_UKE,2026-09-30T14:00:57+07:00,operator_konten_47
ENT-01650,,DRAFT,2025-06-20T15:57:10+07:00,pengusul_40
ENT-01650,DRAFT,OPERATOR_KONTEN,2025-09-30T15:34:14+07:00,pengusul_40
ENT-01650,OPERATOR_KONTEN,PIC_UKE,2025-10-02T00:27:00+07:00,operator_konten_40
ENT-01650,PIC_UKE,TERVALIDASI,2025-10-31T23:19:35+07:00,pic_uke_40
ENT-01650,TERVALIDASI,PUBLISH,2025-12-02T09:39:14+07:00,operator_konten_40
ENT-01651,,DRAFT,2025-06-20T16:25:44+07:00,pengusul_65
ENT-01651,DRAFT,OPERATOR_KONTEN,2025-07-26T14:49:06+07:00,pengusul_65
ENT-01651,OPERATOR_KONTEN,PIC_UKE,2025-09-06T23:18:56+07:00,operator_konten_65
ENT-01651,PIC_UKE,TERVALIDASI,2025-11-26T04:17:31+07:00,pic_uke_65
ENT-01651,TERVALIDASI,PUBLISH,2025-12-13T13:42:16+07:00,operator_konten_65
ENT-01652,,DRAFT,2025-06-21T09:24:03+07:00,pengusul_37
ENT-01652,DRAFT,OPERATOR_KONTEN,2025-07-10T03:11:01+07:00,pengusul_37
ENT-01652,OPERATOR_KONTEN,PIC_UKE,2025-07-10T11:35:17+07:00,operator_konten_37
ENT-01652,PIC_UKE,TERVALIDASI,2025-07-22T23:00:42+07:00,pic_uke_37
ENT-01652,TERVALIDASI,PUBLISH,2025-08-04T12:41:31+07:00,operator_konten_37
ENT-01653,,DRAFT,2025-06-21T09:54:23+07:00,pengusul_56
ENT-01653,DRAFT,OPERATOR_KONTEN,2026-07-07T22:07:07+07:00,pengusul_56
ENT-01653,OPERATOR_KONTEN,PIC_UKE,2026-09-18T08:30:25+07:00,operator_konten_56
ENT-01654,,DRAFT,2025-06-21T13:44:39+07:00,pengusul_10
ENT-01654,DRAFT,OPERATOR_KONTEN,2025-09-18T18:49:42+07:00,pengusul_10
ENT-01654,OPERATOR_KONTEN,PIC_UKE,2026-09-17T14:12:54+07:00,operator_konten_10
ENT-01655,,DRAFT,2025-06-21T15:10:34+07:00,pengusul_27
ENT-01655,DRAFT,OPERATOR_KONTEN,2025-10-17T17:16:33+07:00,pengusul_27
ENT-01655,OPERATOR_KONTEN,PIC_UKE,2026-09-30T08:50:15+07:00,operator_konten_27
ENT-01656,,DRAFT,2025-06-21T16:39:45+07:00,pengusul_06
ENT-01656,DRAFT,OPERATOR_KONTEN,2025-07-01T09:11:51+07:00,pengusul_06
ENT-01656,OPERATOR_KONTEN,PIC_UKE,2025-12-12T08:54:26+07:00,operator_konten_06
ENT-01656,PIC_UKE,TERVALIDASI,2025-12-16T00:45:18+07:00,pic_uke_06
ENT-01656,TERVALIDASI,PUBLISH,2026-01-02T10:35:47+07:00,operator_konten_06
ENT-01657,,DRAFT,2025-06-22T08:59:04+07:00,pengusul_65
ENT-01657,DRAFT,OPERATOR_KONTEN,2026-09-26T17:13:34+07:00,pengusul_65
ENT-01657,OPERATOR_KONTEN,PIC_UKE,2026-10-06T08:59:40+07:00,operator_konten_65
ENT-01658,,DRAFT,2025-06-22T11:37:32+07:00,pengusul_06
ENT-01658,DRAFT,OPERATOR_KONTEN,2026-06-27T14:43:29+07:00,pengusul_06
ENT-01658,OPERATOR_KONTEN,PIC_UKE,2026-10-01T15:28:17+07:00,operator_konten_06
ENT-01659,,DRAFT,2025-06-22T12:41:46+07:00,pengusul_66
ENT-01659,DRAFT,OPERATOR_KONTEN,2025-06-24T14:50:59+07:00,pengusul_66
ENT-01659,OPERATOR_KONTEN,PIC_UKE,2025-06-28T03:32:48+07:00,operator_konten_66
ENT-01659,PIC_UKE,TERVALIDASI,2025-07-02T18:16:41+07:00,pic_uke_66
ENT-01659,TERVALIDASI,PUBLISH,2025-07-04T14:09:04+07:00,operator_konten_66
ENT-01660,,DRAFT,2025-06-23T08:46:21+07:00,pengusul_05
ENT-01660,DRAFT,OPERATOR_KONTEN,2025-07-08T03:21:39+07:00,pengusul_05
ENT-01660,OPERATOR_KONTEN,PIC_UKE,2026-09-29T10:35:40+07:00,operator_konten_05
ENT-01661,,DRAFT,2025-06-23T08:57:42+07:00,pengusul_61
ENT-01661,DRAFT,OPERATOR_KONTEN,2025-09-28T10:32:52+07:00,pengusul_61
ENT-01661,OPERATOR_KONTEN,PIC_UKE,2025-10-18T06:56:46+07:00,operator_konten_61
ENT-01661,PIC_UKE,TERVALIDASI,2025-11-09T05:28:48+07:00,pic_uke_61
ENT-01661,TERVALIDASI,PUBLISH,2025-12-03T12:08:21+07:00,operator_konten_61
ENT-01662,,DRAFT,2025-06-23T10:13:21+07:00,pengusul_48
ENT-01662,DRAFT,OPERATOR_KONTEN,2025-06-28T15:27:37+07:00,pengusul_48
ENT-01662,OPERATOR_KONTEN,PIC_UKE,2025-07-07T10:11:34+07:00,operator_konten_48
ENT-01662,PIC_UKE,TERVALIDASI,2025-09-24T05:49:24+07:00,pic_uke_48
ENT-01662,TERVALIDASI,PUBLISH,2025-10-28T08:38:46+07:00,operator_konten_48
ENT-01663,,DRAFT,2025-06-24T11:11:15+07:00,pengusul_05
ENT-01663,DRAFT,OPERATOR_KONTEN,2025-07-11T23:12:18+07:00,pengusul_05
ENT-01663,OPERATOR_KONTEN,PIC_UKE,2025-08-15T22:14:20+07:00,operator_konten_05
ENT-01663,PIC_UKE,TERVALIDASI,2025-08-23T16:17:03+07:00,pic_uke_05
ENT-01663,TERVALIDASI,PUBLISH,2026-01-09T10:43:13+07:00,operator_konten_05
ENT-01664,,DRAFT,2025-06-24T13:43:03+07:00,pengusul_49
ENT-01664,DRAFT,OPERATOR_KONTEN,2025-10-08T23:57:22+07:00,pengusul_49
ENT-01664,OPERATOR_KONTEN,PIC_UKE,2025-11-02T01:01:11+07:00,operator_konten_49
ENT-01664,PIC_UKE,TERVALIDASI,2026-01-22T19:50:04+07:00,pic_uke_49
ENT-01664,TERVALIDASI,PUBLISH,2026-02-06T15:52:58+07:00,operator_konten_49
ENT-01665,,DRAFT,2025-06-25T08:41:29+07:00,pengusul_06
ENT-01665,DRAFT,OPERATOR_KONTEN,2026-06-04T17:22:30+07:00,pengusul_06
ENT-01665,OPERATOR_KONTEN,PIC_UKE,2026-10-07T13:37:10+07:00,operator_konten_06
ENT-01666,,DRAFT,2025-06-25T10:53:40+07:00,pengusul_39
ENT-01666,DRAFT,OPERATOR_KONTEN,2026-06-22T15:23:20+07:00,pengusul_39
ENT-01666,OPERATOR_KONTEN,PIC_UKE,2026-09-04T08:21:54+07:00,operator_konten_39
ENT-01667,,DRAFT,2025-06-25T11:43:08+07:00,pengusul_63
ENT-01667,DRAFT,OPERATOR_KONTEN,2025-10-31T01:00:23+07:00,pengusul_63
ENT-01667,OPERATOR_KONTEN,PIC_UKE,2026-09-28T10:35:42+07:00,operator_konten_63
ENT-01668,,DRAFT,2025-06-25T12:21:26+07:00,pengusul_07
ENT-01668,DRAFT,OPERATOR_KONTEN,2025-08-28T06:45:17+07:00,pengusul_07
ENT-01668,OPERATOR_KONTEN,PIC_UKE,2025-12-18T01:02:23+07:00,operator_konten_07
ENT-01668,PIC_UKE,TERVALIDASI,2026-09-30T12:50:13+07:00,pic_uke_07
ENT-01669,,DRAFT,2025-06-25T14:13:50+07:00,pengusul_05
ENT-01669,DRAFT,OPERATOR_KONTEN,2026-05-24T07:33:36+07:00,pengusul_05
ENT-01669,OPERATOR_KONTEN,PIC_UKE,2026-09-25T09:21:08+07:00,operator_konten_05
ENT-01670,,DRAFT,2025-06-25T15:35:41+07:00,pengusul_07
ENT-01670,DRAFT,OPERATOR_KONTEN,2025-07-12T22:15:23+07:00,pengusul_07
ENT-01670,OPERATOR_KONTEN,PIC_UKE,2025-10-08T03:32:30+07:00,operator_konten_07
ENT-01670,PIC_UKE,TERVALIDASI,2025-12-04T01:08:56+07:00,pic_uke_07
ENT-01670,TERVALIDASI,PUBLISH,2025-12-31T09:05:38+07:00,operator_konten_07
ENT-01671,,DRAFT,2025-06-26T12:06:38+07:00,pengusul_09
ENT-01671,DRAFT,OPERATOR_KONTEN,2025-08-01T20:05:40+07:00,pengusul_09
ENT-01671,OPERATOR_KONTEN,PIC_UKE,2025-09-07T13:26:15+07:00,operator_konten_09
ENT-01671,PIC_UKE,TERVALIDASI,2025-10-20T09:16:22+07:00,pic_uke_09
ENT-01671,TERVALIDASI,PUBLISH,2026-02-14T10:58:00+07:00,operator_konten_09
ENT-01672,,DRAFT,2025-06-27T11:11:14+07:00,pengusul_65
ENT-01672,DRAFT,OPERATOR_KONTEN,2025-11-04T13:51:15+07:00,pengusul_65
ENT-01672,OPERATOR_KONTEN,DITOLAK_OPERATOR,2025-11-12T15:13:01+07:00,operator_konten_65
ENT-01673,,DRAFT,2025-06-28T11:52:22+07:00,pengusul_15
ENT-01673,DRAFT,OPERATOR_KONTEN,2025-07-09T08:24:17+07:00,pengusul_15
ENT-01673,OPERATOR_KONTEN,PIC_UKE,2025-07-29T07:50:52+07:00,operator_konten_15
ENT-01673,PIC_UKE,TERVALIDASI,2026-01-24T03:27:37+07:00,pic_uke_15
ENT-01673,TERVALIDASI,PUBLISH,2026-03-06T13:06:57+07:00,operator_konten_15
ENT-01674,,DRAFT,2025-06-28T12:29:00+07:00,pengusul_58
ENT-01674,DRAFT,OPERATOR_KONTEN,2026-04-22T09:12:32+07:00,pengusul_58
ENT-01674,OPERATOR_KONTEN,PIC_UKE,2026-07-15T15:25:25+07:00,operator_konten_58
ENT-01674,PIC_UKE,TERVALIDASI,2026-09-25T08:02:04+07:00,pic_uke_58
ENT-01675,,DRAFT,2025-06-28T16:49:13+07:00,pengusul_40
ENT-01675,DRAFT,OPERATOR_KONTEN,2026-08-05T02:19:37+07:00,pengusul_40
ENT-01675,OPERATOR_KONTEN,PIC_UKE,2026-09-24T15:14:58+07:00,operator_konten_40
ENT-01676,,DRAFT,2025-06-29T11:10:13+07:00,pengusul_06
ENT-01676,DRAFT,OPERATOR_KONTEN,2026-08-29T06:06:28+07:00,pengusul_06
ENT-01676,OPERATOR_KONTEN,PIC_UKE,2026-10-07T08:02:44+07:00,operator_konten_06
ENT-01677,,DRAFT,2025-06-29T11:38:45+07:00,pengusul_44
ENT-01677,DRAFT,OPERATOR_KONTEN,2026-08-22T08:39:43+07:00,pengusul_44
ENT-01677,OPERATOR_KONTEN,PIC_UKE,2026-10-07T08:46:45+07:00,operator_konten_44
ENT-01678,,DRAFT,2025-06-29T12:24:48+07:00,pengusul_11
ENT-01678,DRAFT,OPERATOR_KONTEN,2025-11-08T20:46:34+07:00,pengusul_11
ENT-01678,OPERATOR_KONTEN,PIC_UKE,2026-08-26T15:48:04+07:00,operator_konten_11
ENT-01679,,DRAFT,2025-06-29T13:23:43+07:00,pengusul_09
ENT-01679,DRAFT,OPERATOR_KONTEN,2025-06-30T01:59:59+07:00,pengusul_09
ENT-01679,OPERATOR_KONTEN,PIC_UKE,2025-07-03T05:52:39+07:00,operator_konten_09
ENT-01679,PIC_UKE,TERVALIDASI,2025-07-09T20:19:56+07:00,pic_uke_09
ENT-01679,TERVALIDASI,PUBLISH,2025-07-11T09:31:16+07:00,operator_konten_09
ENT-01680,,DRAFT,2025-06-29T14:29:23+07:00,pengusul_06
ENT-01680,DRAFT,OPERATOR_KONTEN,2025-08-22T18:28:01+07:00,pengusul_06
ENT-01680,OPERATOR_KONTEN,PIC_UKE,2025-09-06T00:30:03+07:00,operator_konten_06
ENT-01680,PIC_UKE,TERVALIDASI,2026-02-10T07:28:55+07:00,pic_uke_06
ENT-01680,TERVALIDASI,PUBLISH,2026-02-25T12:50:23+07:00,operator_konten_06
ENT-01681,,DRAFT,2025-06-29T16:52:47+07:00,pengusul_07
ENT-01681,DRAFT,OPERATOR_KONTEN,2025-07-18T11:29:26+07:00,pengusul_07
ENT-01681,OPERATOR_KONTEN,PIC_UKE,2025-07-30T07:27:48+07:00,operator_konten_07
ENT-01681,PIC_UKE,TERVALIDASI,2025-08-01T09:39:31+07:00,pic_uke_07
ENT-01681,TERVALIDASI,PUBLISH,2025-09-19T12:28:15+07:00,operator_konten_07
ENT-01682,,DRAFT,2025-06-30T11:50:26+07:00,pengusul_34
ENT-01682,DRAFT,OPERATOR_KONTEN,2025-07-06T21:51:16+07:00,pengusul_34
ENT-01682,OPERATOR_KONTEN,PIC_UKE,2025-07-10T17:32:50+07:00,operator_konten_34
ENT-01682,PIC_UKE,TERVALIDASI,2025-08-09T15:38:31+07:00,pic_uke_34
ENT-01682,TERVALIDASI,PUBLISH,2025-09-12T08:36:08+07:00,operator_konten_34
ENT-01683,,DRAFT,2025-06-30T14:24:59+07:00,pengusul_65
ENT-01683,DRAFT,OPERATOR_KONTEN,2025-07-27T01:25:19+07:00,pengusul_65
ENT-01683,OPERATOR_KONTEN,PIC_UKE,2025-10-22T14:42:16+07:00,operator_konten_65
ENT-01683,PIC_UKE,TERVALIDASI,2026-03-08T12:22:38+07:00,pic_uke_65
ENT-01683,TERVALIDASI,PUBLISH,2026-03-20T11:35:07+07:00,operator_konten_65
ENT-01684,,DRAFT,2025-06-30T14:29:19+07:00,pengusul_05
ENT-01684,DRAFT,OPERATOR_KONTEN,2026-01-09T23:16:07+07:00,pengusul_05
ENT-01684,OPERATOR_KONTEN,PIC_UKE,2026-09-14T12:24:04+07:00,operator_konten_05
ENT-01685,,DRAFT,2025-06-30T16:25:46+07:00,pengusul_62
ENT-01685,DRAFT,OPERATOR_KONTEN,2025-07-13T01:57:42+07:00,pengusul_62
ENT-01685,OPERATOR_KONTEN,PIC_UKE,2025-07-16T18:35:12+07:00,operator_konten_62
ENT-01685,PIC_UKE,TERVALIDASI,2025-07-30T16:34:12+07:00,pic_uke_62
ENT-01685,TERVALIDASI,PUBLISH,2025-08-18T15:15:14+07:00,operator_konten_62
ENT-01686,,DRAFT,2025-07-01T12:30:34+07:00,pengusul_46
ENT-01686,DRAFT,OPERATOR_KONTEN,2025-07-02T02:27:53+07:00,pengusul_46
ENT-01686,OPERATOR_KONTEN,PIC_UKE,2025-07-03T05:57:28+07:00,operator_konten_46
ENT-01686,PIC_UKE,TERVALIDASI,2025-07-07T12:04:14+07:00,pic_uke_46
ENT-01686,TERVALIDASI,PUBLISH,2025-07-11T08:40:36+07:00,operator_konten_46
ENT-01687,,DRAFT,2025-07-01T12:40:52+07:00,pengusul_03
ENT-01687,DRAFT,OPERATOR_KONTEN,2025-07-16T23:40:35+07:00,pengusul_03
ENT-01687,OPERATOR_KONTEN,PIC_UKE,2025-08-13T13:52:37+07:00,operator_konten_03
ENT-01687,PIC_UKE,TERVALIDASI,2025-08-22T01:56:55+07:00,pic_uke_03
ENT-01687,TERVALIDASI,PUBLISH,2025-10-01T14:45:35+07:00,operator_konten_03
ENT-01688,,DRAFT,2025-07-01T12:51:46+07:00,pengusul_06
ENT-01688,DRAFT,OPERATOR_KONTEN,2026-03-16T23:24:22+07:00,pengusul_06
ENT-01688,OPERATOR_KONTEN,DITOLAK_OPERATOR,2026-04-06T10:29:14+07:00,operator_konten_06
ENT-01689,,DRAFT,2025-07-01T13:19:33+07:00,pengusul_02
ENT-01689,DRAFT,OPERATOR_KONTEN,2025-08-24T21:53:09+07:00,pengusul_02
ENT-01689,OPERATOR_KONTEN,PIC_UKE,2025-09-27T02:07:52+07:00,operator_konten_02
ENT-01689,PIC_UKE,TERVALIDASI,2025-10-26T02:17:30+07:00,pic_uke_02
ENT-01689,TERVALIDASI,PUBLISH,2025-11-03T15:57:51+07:00,operator_konten_02
ENT-01690,,DRAFT,2025-07-02T09:05:55+07:00,pengusul_06
ENT-01690,DRAFT,OPERATOR_KONTEN,2026-06-21T16:42:20+07:00,pengusul_06
ENT-01690,OPERATOR_KONTEN,PIC_UKE,2026-09-28T16:37:30+07:00,operator_konten_06
ENT-01691,,DRAFT,2025-07-02T10:11:18+07:00,pengusul_58
ENT-01691,DRAFT,OPERATOR_KONTEN,2025-07-02T21:03:49+07:00,pengusul_58
ENT-01691,OPERATOR_KONTEN,PIC_UKE,2025-07-03T08:24:33+07:00,operator_konten_58
ENT-01691,PIC_UKE,TERVALIDASI,2025-07-04T02:25:39+07:00,pic_uke_58
ENT-01691,TERVALIDASI,PUBLISH,2025-07-04T15:39:21+07:00,operator_konten_58
ENT-01692,,DRAFT,2025-07-02T13:19:19+07:00,pengusul_09
ENT-01692,DRAFT,OPERATOR_KONTEN,2025-09-27T17:15:11+07:00,pengusul_09
ENT-01692,OPERATOR_KONTEN,DITOLAK_OPERATOR,2025-12-26T06:22:27+07:00,operator_konten_09
ENT-01692,DITOLAK_OPERATOR,DRAFT,2026-10-02T14:23:09+07:00,pengusul_09
ENT-01693,,DRAFT,2025-07-02T14:57:04+07:00,pengusul_29
ENT-01693,DRAFT,OPERATOR_KONTEN,2025-08-09T09:12:44+07:00,pengusul_29
ENT-01693,OPERATOR_KONTEN,PIC_UKE,2025-08-23T08:51:17+07:00,operator_konten_29
ENT-01693,PIC_UKE,TERVALIDASI,2025-09-07T23:28:01+07:00,pic_uke_29
ENT-01693,TERVALIDASI,PUBLISH,2025-10-20T13:49:24+07:00,operator_konten_29
ENT-01694,,DRAFT,2025-07-02T15:32:13+07:00,pengusul_19
ENT-01694,DRAFT,OPERATOR_KONTEN,2026-02-03T12:11:54+07:00,pengusul_19
ENT-01694,OPERATOR_KONTEN,PIC_UKE,2026-08-28T10:19:32+07:00,operator_konten_19
ENT-01695,,DRAFT,2025-07-03T16:02:41+07:00,pengusul_36
ENT-01695,DRAFT,OPERATOR_KONTEN,2025-07-18T14:51:33+07:00,pengusul_36
ENT-01695,OPERATOR_KONTEN,PIC_UKE,2025-09-27T00:03:03+07:00,operator_konten_36
ENT-01695,PIC_UKE,TERVALIDASI,2026-09-29T09:12:54+07:00,pic_uke_36
ENT-01696,,DRAFT,2025-07-03T16:17:25+07:00,pengusul_23
ENT-01696,DRAFT,OPERATOR_KONTEN,2026-09-29T12:08:56+07:00,pengusul_23
ENT-01697,,DRAFT,2025-07-04T09:17:58+07:00,pengusul_53
ENT-01697,DRAFT,OPERATOR_KONTEN,2025-07-15T03:02:02+07:00,pengusul_53
ENT-01697,OPERATOR_KONTEN,PIC_UKE,2025-07-24T23:17:03+07:00,operator_konten_53
ENT-01697,PIC_UKE,TERVALIDASI,2025-09-12T22:07:06+07:00,pic_uke_53
ENT-01697,TERVALIDASI,PUBLISH,2025-10-26T08:43:47+07:00,operator_konten_53
ENT-01698,,DRAFT,2025-07-04T10:57:29+07:00,pengusul_07
ENT-01698,DRAFT,OPERATOR_KONTEN,2025-07-10T09:37:41+07:00,pengusul_07
ENT-01698,OPERATOR_KONTEN,PIC_UKE,2025-07-16T21:31:39+07:00,operator_konten_07
ENT-01698,PIC_UKE,TERVALIDASI,2025-07-23T15:02:07+07:00,pic_uke_07
ENT-01698,TERVALIDASI,PUBLISH,2025-07-28T10:22:26+07:00,operator_konten_07
ENT-01699,,DRAFT,2025-07-04T11:35:19+07:00,pengusul_57
ENT-01699,DRAFT,OPERATOR_KONTEN,2025-09-24T22:51:13+07:00,pengusul_57
ENT-01699,OPERATOR_KONTEN,PIC_UKE,2025-10-08T07:16:23+07:00,operator_konten_57
ENT-01699,PIC_UKE,TERVALIDASI,2025-10-16T18:02:33+07:00,pic_uke_57
ENT-01699,TERVALIDASI,PUBLISH,2025-12-18T14:55:33+07:00,operator_konten_57
ENT-01700,,DRAFT,2025-07-04T11:40:45+07:00,pengusul_26
ENT-01700,DRAFT,OPERATOR_KONTEN,2025-08-14T00:03:23+07:00,pengusul_26
ENT-01700,OPERATOR_KONTEN,PIC_UKE,2025-08-19T03:14:50+07:00,operator_konten_26
ENT-01700,PIC_UKE,TERVALIDASI,2025-08-31T18:13:54+07:00,pic_uke_26
ENT-01700,TERVALIDASI,PUBLISH,2025-11-25T13:40:29+07:00,operator_konten_26
ENT-01701,,DRAFT,2025-07-04T14:58:53+07:00,pengusul_28
ENT-01701,DRAFT,OPERATOR_KONTEN,2025-07-06T12:40:24+07:00,pengusul_28
ENT-01701,OPERATOR_KONTEN,PIC_UKE,2025-07-08T09:51:16+07:00,operator_konten_28
ENT-01701,PIC_UKE,TERVALIDASI,2025-07-15T17:22:36+07:00,pic_uke_28
ENT-01701,TERVALIDASI,PUBLISH,2025-07-19T12:02:06+07:00,operator_konten_28
ENT-01702,,DRAFT,2025-07-05T09:14:38+07:00,pengusul_28
ENT-01702,DRAFT,OPERATOR_KONTEN,2025-07-10T12:45:42+07:00,pengusul_28
ENT-01702,OPERATOR_KONTEN,PIC_UKE,2025-08-11T00:28:32+07:00,operator_konten_28
ENT-01702,PIC_UKE,TERVALIDASI,2025-08-22T13:48:09+07:00,pic_uke_28
ENT-01702,TERVALIDASI,PUBLISH,2025-08-29T08:06:27+07:00,operator_konten_28
ENT-01703,,DRAFT,2025-07-06T09:19:45+07:00,pengusul_60
ENT-01703,DRAFT,OPERATOR_KONTEN,2025-07-19T01:50:20+07:00,pengusul_60
ENT-01703,OPERATOR_KONTEN,PIC_UKE,2025-08-14T13:07:03+07:00,operator_konten_60
ENT-01703,PIC_UKE,TERVALIDASI,2025-10-08T09:58:35+07:00,pic_uke_60
ENT-01703,TERVALIDASI,PUBLISH,2025-11-12T11:31:08+07:00,operator_konten_60
ENT-01704,,DRAFT,2025-07-06T09:23:19+07:00,pengusul_32
ENT-01704,DRAFT,OPERATOR_KONTEN,2025-09-01T22:54:14+07:00,pengusul_32
ENT-01704,OPERATOR_KONTEN,PIC_UKE,2026-09-30T13:55:31+07:00,operator_konten_32
ENT-01705,,DRAFT,2025-07-06T09:42:00+07:00,pengusul_48
ENT-01705,DRAFT,OPERATOR_KONTEN,2025-10-27T01:24:52+07:00,pengusul_48
ENT-01705,OPERATOR_KONTEN,PIC_UKE,2025-12-02T22:44:18+07:00,operator_konten_48
ENT-01705,PIC_UKE,TERVALIDASI,2025-12-24T05:36:56+07:00,pic_uke_48
ENT-01705,TERVALIDASI,PUBLISH,2025-12-31T22:30:31+07:00,operator_konten_48
ENT-01705,PUBLISH,UNPUBLISH,2026-03-24T09:23:02+07:00,admin_48
ENT-01706,,DRAFT,2025-07-06T10:30:50+07:00,pengusul_27
ENT-01706,DRAFT,OPERATOR_KONTEN,2025-08-22T16:00:58+07:00,pengusul_27
ENT-01706,OPERATOR_KONTEN,PIC_UKE,2026-09-25T16:22:15+07:00,operator_konten_27
ENT-01707,,DRAFT,2025-07-06T10:38:47+07:00,pengusul_53
ENT-01707,DRAFT,OPERATOR_KONTEN,2025-07-16T18:00:32+07:00,pengusul_53
ENT-01707,OPERATOR_KONTEN,PIC_UKE,2025-09-29T05:19:00+07:00,operator_konten_53
ENT-01707,PIC_UKE,TERVALIDASI,2026-03-16T07:11:00+07:00,pic_uke_53
ENT-01707,TERVALIDASI,PUBLISH,2026-03-25T12:22:21+07:00,operator_konten_53
ENT-01708,,DRAFT,2025-07-06T13:58:28+07:00,pengusul_50
ENT-01708,DRAFT,OPERATOR_KONTEN,2025-07-14T23:27:17+07:00,pengusul_50
ENT-01708,OPERATOR_KONTEN,PIC_UKE,2025-07-24T22:36:32+07:00,operator_konten_50
ENT-01708,PIC_UKE,TERVALIDASI,2025-07-27T20:27:12+07:00,pic_uke_50
ENT-01708,TERVALIDASI,PUBLISH,2025-07-30T09:54:52+07:00,operator_konten_50
ENT-01709,,DRAFT,2025-07-06T15:11:12+07:00,pengusul_38
ENT-01709,DRAFT,OPERATOR_KONTEN,2025-08-15T00:43:47+07:00,pengusul_38
ENT-01709,OPERATOR_KONTEN,PIC_UKE,2025-09-05T07:36:35+07:00,operator_konten_38
ENT-01709,PIC_UKE,TERVALIDASI,2025-10-11T20:08:08+07:00,pic_uke_38
ENT-01709,TERVALIDASI,PUBLISH,2025-11-14T10:00:40+07:00,operator_konten_38
ENT-01709,PUBLISH,UNPUBLISH,2025-12-18T15:27:37+07:00,admin_38
ENT-01710,,DRAFT,2025-07-06T15:38:51+07:00,pengusul_63
ENT-01710,DRAFT,OPERATOR_KONTEN,2026-08-05T18:32:31+07:00,pengusul_63
ENT-01710,OPERATOR_KONTEN,PIC_UKE,2026-08-25T08:15:22+07:00,operator_konten_63
ENT-01711,,DRAFT,2025-07-07T12:56:56+07:00,pengusul_42
ENT-01711,DRAFT,OPERATOR_KONTEN,2025-09-11T20:31:32+07:00,pengusul_42
ENT-01711,OPERATOR_KONTEN,PIC_UKE,2026-09-23T10:22:20+07:00,operator_konten_42
ENT-01712,,DRAFT,2025-07-07T15:47:42+07:00,pengusul_53
ENT-01712,DRAFT,OPERATOR_KONTEN,2025-09-17T01:30:32+07:00,pengusul_53
ENT-01712,OPERATOR_KONTEN,PIC_UKE,2025-11-01T16:41:51+07:00,operator_konten_53
ENT-01712,PIC_UKE,TERVALIDASI,2025-11-18T16:32:55+07:00,pic_uke_53
ENT-01712,TERVALIDASI,PUBLISH,2025-12-08T16:11:37+07:00,operator_konten_53
ENT-01713,,DRAFT,2025-07-07T16:53:17+07:00,pengusul_19
ENT-01713,DRAFT,OPERATOR_KONTEN,2025-08-25T07:48:58+07:00,pengusul_19
ENT-01713,OPERATOR_KONTEN,PIC_UKE,2025-08-28T11:25:38+07:00,operator_konten_19
ENT-01713,PIC_UKE,TERVALIDASI,2025-11-15T16:14:33+07:00,pic_uke_19
ENT-01713,TERVALIDASI,PUBLISH,2025-11-22T10:04:11+07:00,operator_konten_19
ENT-01714,,DRAFT,2025-07-09T08:05:16+07:00,pengusul_45
ENT-01714,DRAFT,OPERATOR_KONTEN,2026-06-26T08:27:00+07:00,pengusul_45
ENT-01714,OPERATOR_KONTEN,PIC_UKE,2026-07-29T00:21:14+07:00,operator_konten_45
ENT-01714,PIC_UKE,TERVALIDASI,2026-10-05T08:25:34+07:00,pic_uke_45
ENT-01715,,DRAFT,2025-07-09T14:00:50+07:00,pengusul_16
ENT-01715,DRAFT,OPERATOR_KONTEN,2026-01-31T21:50:07+07:00,pengusul_16
ENT-01715,OPERATOR_KONTEN,PIC_UKE,2026-09-29T08:49:44+07:00,operator_konten_16
ENT-01716,,DRAFT,2025-07-09T14:36:08+07:00,pengusul_06
ENT-01716,DRAFT,OPERATOR_KONTEN,2025-09-05T02:31:55+07:00,pengusul_06
ENT-01716,OPERATOR_KONTEN,PIC_UKE,2025-12-05T09:12:46+07:00,operator_konten_06
ENT-01716,PIC_UKE,TERVALIDASI,2026-01-16T04:46:19+07:00,pic_uke_06
ENT-01716,TERVALIDASI,PUBLISH,2026-02-02T12:04:28+07:00,operator_konten_06
ENT-01717,,DRAFT,2025-07-10T13:35:06+07:00,pengusul_42
ENT-01717,DRAFT,OPERATOR_KONTEN,2025-07-15T04:56:47+07:00,pengusul_42
ENT-01717,OPERATOR_KONTEN,PIC_UKE,2025-07-15T06:18:45+07:00,operator_konten_42
ENT-01717,PIC_UKE,TERVALIDASI,2025-07-17T14:25:59+07:00,pic_uke_42
ENT-01717,TERVALIDASI,PUBLISH,2025-07-18T16:28:17+07:00,operator_konten_42
ENT-01718,,DRAFT,2025-07-10T13:52:47+07:00,pengusul_37
ENT-01718,DRAFT,OPERATOR_KONTEN,2026-01-29T15:38:05+07:00,pengusul_37
ENT-01718,OPERATOR_KONTEN,PIC_UKE,2026-09-03T08:07:53+07:00,operator_konten_37
ENT-01719,,DRAFT,2025-07-10T15:35:15+07:00,pengusul_02
ENT-01719,DRAFT,OPERATOR_KONTEN,2025-08-04T02:36:27+07:00,pengusul_02
ENT-01719,OPERATOR_KONTEN,PIC_UKE,2025-08-21T16:42:45+07:00,operator_konten_02
ENT-01719,PIC_UKE,TERVALIDASI,2025-10-11T14:20:13+07:00,pic_uke_02
ENT-01719,TERVALIDASI,PUBLISH,2025-12-03T09:15:45+07:00,operator_konten_02
ENT-01720,,DRAFT,2025-07-10T16:04:00+07:00,pengusul_55
ENT-01720,DRAFT,OPERATOR_KONTEN,2025-10-07T18:27:49+07:00,pengusul_55
ENT-01720,OPERATOR_KONTEN,PIC_UKE,2025-10-24T12:25:56+07:00,operator_konten_55
ENT-01720,PIC_UKE,TERVALIDASI,2025-11-03T03:33:33+07:00,pic_uke_55
ENT-01720,TERVALIDASI,PUBLISH,2026-01-02T15:28:23+07:00,operator_konten_55
ENT-01721,,DRAFT,2025-07-12T10:18:38+07:00,pengusul_09
ENT-01721,DRAFT,OPERATOR_KONTEN,2025-08-10T15:33:25+07:00,pengusul_09
ENT-01721,OPERATOR_KONTEN,PIC_UKE,2025-08-26T04:29:29+07:00,operator_konten_09
ENT-01721,PIC_UKE,TERVALIDASI,2025-09-04T01:07:28+07:00,pic_uke_09
ENT-01721,TERVALIDASI,PUBLISH,2026-02-18T15:11:08+07:00,operator_konten_09
ENT-01722,,DRAFT,2025-07-12T11:30:35+07:00,pengusul_16
ENT-01722,DRAFT,OPERATOR_KONTEN,2025-07-12T22:05:44+07:00,pengusul_16
ENT-01722,OPERATOR_KONTEN,PIC_UKE,2025-07-13T04:44:02+07:00,operator_konten_16
ENT-01722,PIC_UKE,TERVALIDASI,2025-07-13T18:36:28+07:00,pic_uke_16
ENT-01722,TERVALIDASI,PUBLISH,2025-07-14T12:47:31+07:00,operator_konten_16
ENT-01723,,DRAFT,2025-07-13T08:22:30+07:00,pengusul_27
ENT-01723,DRAFT,OPERATOR_KONTEN,2026-06-29T16:00:53+07:00,pengusul_27
ENT-01723,OPERATOR_KONTEN,PIC_UKE,2026-09-30T13:08:57+07:00,operator_konten_27
ENT-01724,,DRAFT,2025-07-13T15:48:25+07:00,pengusul_07
ENT-01724,DRAFT,OPERATOR_KONTEN,2025-09-15T21:58:30+07:00,pengusul_07
ENT-01724,OPERATOR_KONTEN,PIC_UKE,2025-10-21T17:42:11+07:00,operator_konten_07
ENT-01724,PIC_UKE,TERVALIDASI,2025-11-02T00:08:37+07:00,pic_uke_07
ENT-01724,TERVALIDASI,PUBLISH,2025-11-21T10:45:18+07:00,operator_konten_07
ENT-01725,,DRAFT,2025-07-14T09:32:11+07:00,pengusul_07
ENT-01725,DRAFT,OPERATOR_KONTEN,2025-08-15T14:18:59+07:00,pengusul_07
ENT-01725,OPERATOR_KONTEN,PIC_UKE,2025-08-20T02:22:33+07:00,operator_konten_07
ENT-01725,PIC_UKE,TERVALIDASI,2025-09-30T17:57:33+07:00,pic_uke_07
ENT-01725,TERVALIDASI,PUBLISH,2025-10-16T12:50:36+07:00,operator_konten_07
ENT-01726,,DRAFT,2025-07-14T13:05:52+07:00,pengusul_19
ENT-01726,DRAFT,OPERATOR_KONTEN,2025-12-11T19:07:24+07:00,pengusul_19
ENT-01726,OPERATOR_KONTEN,PIC_UKE,2026-09-25T14:19:07+07:00,operator_konten_19
ENT-01727,,DRAFT,2025-07-15T08:24:19+07:00,pengusul_54
ENT-01727,DRAFT,OPERATOR_KONTEN,2025-07-20T05:41:44+07:00,pengusul_54
ENT-01727,OPERATOR_KONTEN,PIC_UKE,2025-08-04T12:51:21+07:00,operator_konten_54
ENT-01727,PIC_UKE,TERVALIDASI,2025-08-29T05:31:09+07:00,pic_uke_54
ENT-01727,TERVALIDASI,PUBLISH,2025-09-02T15:57:08+07:00,operator_konten_54
ENT-01728,,DRAFT,2025-07-15T10:57:56+07:00,pengusul_20
ENT-01728,DRAFT,OPERATOR_KONTEN,2025-07-16T21:21:05+07:00,pengusul_20
ENT-01728,OPERATOR_KONTEN,PIC_UKE,2025-07-18T01:15:12+07:00,operator_konten_20
ENT-01728,PIC_UKE,TERVALIDASI,2025-07-18T03:41:11+07:00,pic_uke_20
ENT-01728,TERVALIDASI,PUBLISH,2025-07-18T13:03:09+07:00,operator_konten_20
ENT-01729,,DRAFT,2025-07-15T15:11:12+07:00,pengusul_69
ENT-01729,DRAFT,OPERATOR_KONTEN,2026-08-30T04:37:56+07:00,pengusul_69
ENT-01729,OPERATOR_KONTEN,PIC_UKE,2026-09-30T16:08:06+07:00,operator_konten_69
ENT-01730,,DRAFT,2025-07-15T15:19:53+07:00,pengusul_64
ENT-01730,DRAFT,OPERATOR_KONTEN,2025-09-04T05:59:55+07:00,pengusul_64
ENT-01730,OPERATOR_KONTEN,PIC_UKE,2026-09-16T08:46:16+07:00,operator_konten_64
ENT-01731,,DRAFT,2025-07-16T13:23:16+07:00,pengusul_08
ENT-01731,DRAFT,OPERATOR_KONTEN,2025-11-30T03:35:35+07:00,pengusul_08
ENT-01731,OPERATOR_KONTEN,PIC_UKE,2026-01-09T08:34:45+07:00,operator_konten_08
ENT-01731,PIC_UKE,TERVALIDASI,2026-02-20T23:19:44+07:00,pic_uke_08
ENT-01731,TERVALIDASI,PUBLISH,2026-03-21T08:31:44+07:00,operator_konten_08
ENT-01732,,DRAFT,2025-07-17T15:50:56+07:00,pengusul_62
ENT-01732,DRAFT,OPERATOR_KONTEN,2025-07-21T00:27:25+07:00,pengusul_62
ENT-01732,OPERATOR_KONTEN,PIC_UKE,2025-09-10T21:05:46+07:00,operator_konten_62
ENT-01732,PIC_UKE,TERVALIDASI,2025-12-03T05:21:46+07:00,pic_uke_62
ENT-01732,TERVALIDASI,PUBLISH,2025-12-27T14:24:16+07:00,operator_konten_62
ENT-01733,,DRAFT,2025-07-17T16:44:12+07:00,pengusul_42
ENT-01733,DRAFT,OPERATOR_KONTEN,2025-11-21T16:47:15+07:00,pengusul_42
ENT-01733,OPERATOR_KONTEN,PIC_UKE,2026-09-10T12:31:46+07:00,operator_konten_42
ENT-01734,,DRAFT,2025-07-18T14:15:39+07:00,pengusul_58
ENT-01734,DRAFT,OPERATOR_KONTEN,2026-08-24T16:15:19+07:00,pengusul_58
ENT-01734,OPERATOR_KONTEN,PIC_UKE,2026-09-30T11:39:46+07:00,operator_konten_58
ENT-01735,,DRAFT,2025-07-18T14:30:41+07:00,pengusul_46
ENT-01735,DRAFT,OPERATOR_KONTEN,2025-08-13T21:47:21+07:00,pengusul_46
ENT-01735,OPERATOR_KONTEN,PIC_UKE,2026-09-11T10:00:41+07:00,operator_konten_46
ENT-01736,,DRAFT,2025-07-19T15:46:16+07:00,pengusul_67
ENT-01736,DRAFT,OPERATOR_KONTEN,2026-09-01T16:24:48+07:00,pengusul_67
ENT-01736,OPERATOR_KONTEN,PIC_UKE,2026-09-28T11:09:23+07:00,operator_konten_67
ENT-01737,,DRAFT,2025-07-20T13:10:00+07:00,pengusul_20
ENT-01737,DRAFT,OPERATOR_KONTEN,2025-07-28T21:41:03+07:00,pengusul_20
ENT-01737,OPERATOR_KONTEN,DITOLAK_OPERATOR,2025-08-11T15:11:35+07:00,operator_konten_20
ENT-01738,,DRAFT,2025-07-20T13:41:47+07:00,pengusul_51
ENT-01738,DRAFT,OPERATOR_KONTEN,2025-08-31T14:12:03+07:00,pengusul_51
ENT-01738,OPERATOR_KONTEN,PIC_UKE,2025-10-02T01:01:31+07:00,operator_konten_51
ENT-01738,PIC_UKE,TERVALIDASI,2025-10-07T23:37:36+07:00,pic_uke_51
ENT-01738,TERVALIDASI,PUBLISH,2025-12-06T11:06:34+07:00,operator_konten_51
ENT-01739,,DRAFT,2025-07-20T16:47:03+07:00,pengusul_43
ENT-01739,DRAFT,OPERATOR_KONTEN,2025-07-20T23:41:56+07:00,pengusul_43
ENT-01739,OPERATOR_KONTEN,PIC_UKE,2025-07-21T10:25:44+07:00,operator_konten_43
ENT-01739,PIC_UKE,TERVALIDASI,2025-07-21T17:27:16+07:00,pic_uke_43
ENT-01739,TERVALIDASI,PUBLISH,2025-07-22T08:13:42+07:00,operator_konten_43
ENT-01740,,DRAFT,2025-07-22T15:24:30+07:00,pengusul_47
ENT-01740,DRAFT,OPERATOR_KONTEN,2025-08-06T19:41:38+07:00,pengusul_47
ENT-01740,OPERATOR_KONTEN,PIC_UKE,2025-09-05T17:48:18+07:00,operator_konten_47
ENT-01740,PIC_UKE,TERVALIDASI,2025-10-05T21:12:04+07:00,pic_uke_47
ENT-01740,TERVALIDASI,PUBLISH,2025-10-11T08:18:15+07:00,operator_konten_47
ENT-01741,,DRAFT,2025-07-22T16:02:15+07:00,pengusul_48
ENT-01741,DRAFT,OPERATOR_KONTEN,2025-09-28T06:30:36+07:00,pengusul_48
ENT-01741,OPERATOR_KONTEN,DITOLAK_OPERATOR,2026-03-05T20:12:50+07:00,operator_konten_48
ENT-01741,DITOLAK_OPERATOR,DRAFT,2026-10-07T08:35:03+07:00,pengusul_48
ENT-01742,,DRAFT,2025-07-22T16:37:03+07:00,pengusul_61
ENT-01742,DRAFT,OPERATOR_KONTEN,2025-10-16T14:29:58+07:00,pengusul_61
ENT-01742,OPERATOR_KONTEN,PIC_UKE,2026-01-05T14:50:34+07:00,operator_konten_61
ENT-01742,PIC_UKE,TERVALIDASI,2026-01-28T17:53:11+07:00,pic_uke_61
ENT-01742,TERVALIDASI,PUBLISH,2026-02-13T11:53:13+07:00,operator_konten_61
ENT-01743,,DRAFT,2025-07-23T09:01:54+07:00,pengusul_66
ENT-01743,DRAFT,OPERATOR_KONTEN,2026-07-02T04:41:14+07:00,pengusul_66
ENT-01743,OPERATOR_KONTEN,PIC_UKE,2026-09-15T16:52:52+07:00,operator_konten_66
ENT-01744,,DRAFT,2025-07-23T09:46:27+07:00,pengusul_70
ENT-01744,DRAFT,OPERATOR_KONTEN,2026-08-11T20:44:33+07:00,pengusul_70
ENT-01744,OPERATOR_KONTEN,PIC_UKE,2026-09-28T09:30:31+07:00,operator_konten_70
ENT-01745,,DRAFT,2025-07-23T10:45:54+07:00,pengusul_65
ENT-01745,DRAFT,OPERATOR_KONTEN,2026-08-22T08:12:22+07:00,pengusul_65
ENT-01745,OPERATOR_KONTEN,PIC_UKE,2026-10-07T10:08:27+07:00,operator_konten_65
ENT-01746,,DRAFT,2025-07-23T11:34:21+07:00,pengusul_07
ENT-01746,DRAFT,OPERATOR_KONTEN,2025-12-10T22:08:18+07:00,pengusul_07
ENT-01746,OPERATOR_KONTEN,PIC_UKE,2026-10-07T10:38:42+07:00,operator_konten_07
ENT-01747,,DRAFT,2025-07-23T12:09:00+07:00,pengusul_31
ENT-01747,DRAFT,OPERATOR_KONTEN,2025-10-10T19:09:43+07:00,pengusul_31
ENT-01747,OPERATOR_KONTEN,PIC_UKE,2026-03-23T07:51:50+07:00,operator_konten_31
ENT-01747,PIC_UKE,TERVALIDASI,2026-03-29T13:21:39+07:00,pic_uke_31
ENT-01747,TERVALIDASI,PUBLISH,2026-04-10T10:25:53+07:00,operator_konten_31
ENT-01748,,DRAFT,2025-07-24T08:12:08+07:00,pengusul_02
ENT-01748,DRAFT,OPERATOR_KONTEN,2026-02-25T01:46:22+07:00,pengusul_02
ENT-01748,OPERATOR_KONTEN,PIC_UKE,2026-06-02T04:30:55+07:00,operator_konten_02
ENT-01748,PIC_UKE,TERVALIDASI,2026-09-29T09:37:11+07:00,pic_uke_02
ENT-01749,,DRAFT,2025-07-24T08:58:43+07:00,pengusul_25
ENT-01749,DRAFT,OPERATOR_KONTEN,2025-08-23T00:25:29+07:00,pengusul_25
ENT-01749,OPERATOR_KONTEN,PIC_UKE,2026-08-04T14:50:08+07:00,operator_konten_25
ENT-01750,,DRAFT,2025-07-24T10:42:15+07:00,pengusul_40
ENT-01750,DRAFT,OPERATOR_KONTEN,2025-08-18T11:28:33+07:00,pengusul_40
ENT-01750,OPERATOR_KONTEN,PIC_UKE,2025-08-31T21:54:35+07:00,operator_konten_40
ENT-01750,PIC_UKE,TERVALIDASI,2025-09-17T12:25:52+07:00,pic_uke_40
ENT-01750,TERVALIDASI,PUBLISH,2025-10-04T16:57:55+07:00,operator_konten_40
ENT-01751,,DRAFT,2025-07-25T09:21:41+07:00,pengusul_64
ENT-01751,DRAFT,OPERATOR_KONTEN,2026-04-04T03:34:05+07:00,pengusul_64
ENT-01751,OPERATOR_KONTEN,PIC_UKE,2026-10-07T08:35:24+07:00,operator_konten_64
ENT-01752,,DRAFT,2025-07-25T11:11:52+07:00,pengusul_06
ENT-01752,DRAFT,OPERATOR_KONTEN,2026-09-12T18:28:50+07:00,pengusul_06
ENT-01752,OPERATOR_KONTEN,PIC_UKE,2026-09-28T11:38:28+07:00,operator_konten_06
ENT-01753,,DRAFT,2025-07-25T14:17:27+07:00,pengusul_13
ENT-01753,DRAFT,OPERATOR_KONTEN,2026-08-10T16:10:02+07:00,pengusul_13
ENT-01753,OPERATOR_KONTEN,PIC_UKE,2026-09-29T14:19:41+07:00,operator_konten_13
ENT-01754,,DRAFT,2025-07-25T15:55:55+07:00,pengusul_43
ENT-01754,DRAFT,OPERATOR_KONTEN,2026-04-07T02:30:29+07:00,pengusul_43
ENT-01754,OPERATOR_KONTEN,PIC_UKE,2026-10-06T10:55:05+07:00,operator_konten_43
ENT-01755,,DRAFT,2025-07-25T16:08:07+07:00,pengusul_05
ENT-01755,DRAFT,OPERATOR_KONTEN,2025-09-05T23:56:43+07:00,pengusul_05
ENT-01755,OPERATOR_KONTEN,PIC_UKE,2025-09-16T05:52:02+07:00,operator_konten_05
ENT-01755,PIC_UKE,TERVALIDASI,2025-09-21T04:16:19+07:00,pic_uke_05
ENT-01755,TERVALIDASI,PUBLISH,2025-11-27T13:21:15+07:00,operator_konten_05
ENT-01756,,DRAFT,2025-07-25T16:19:28+07:00,pengusul_04
ENT-01756,DRAFT,OPERATOR_KONTEN,2025-08-11T05:21:16+07:00,pengusul_04
ENT-01756,OPERATOR_KONTEN,PIC_UKE,2025-08-18T01:23:00+07:00,operator_konten_04
ENT-01756,PIC_UKE,TERVALIDASI,2025-09-17T08:36:41+07:00,pic_uke_04
ENT-01756,TERVALIDASI,PUBLISH,2025-09-27T11:55:58+07:00,operator_konten_04
ENT-01757,,DRAFT,2025-07-26T09:40:34+07:00,pengusul_47
ENT-01757,DRAFT,OPERATOR_KONTEN,2026-09-05T02:58:58+07:00,pengusul_47
ENT-01757,OPERATOR_KONTEN,PIC_UKE,2026-10-07T16:23:16+07:00,operator_konten_47
ENT-01758,,DRAFT,2025-07-26T10:23:00+07:00,pengusul_55
ENT-01758,DRAFT,OPERATOR_KONTEN,2025-07-28T18:31:39+07:00,pengusul_55
ENT-01758,OPERATOR_KONTEN,PIC_UKE,2025-07-31T17:35:06+07:00,operator_konten_55
ENT-01758,PIC_UKE,TERVALIDASI,2025-08-09T02:03:52+07:00,pic_uke_55
ENT-01758,TERVALIDASI,PUBLISH,2025-08-09T13:54:26+07:00,operator_konten_55
ENT-01759,,DRAFT,2025-07-27T09:12:35+07:00,pengusul_48
ENT-01759,DRAFT,OPERATOR_KONTEN,2025-09-20T01:28:26+07:00,pengusul_48
ENT-01759,OPERATOR_KONTEN,PIC_UKE,2026-10-08T10:14:07+07:00,operator_konten_48
ENT-01760,,DRAFT,2025-07-27T12:01:21+07:00,pengusul_03
ENT-01760,DRAFT,OPERATOR_KONTEN,2025-08-19T23:06:26+07:00,pengusul_03
ENT-01760,OPERATOR_KONTEN,PIC_UKE,2025-08-22T13:21:27+07:00,operator_konten_03
ENT-01760,PIC_UKE,TERVALIDASI,2025-10-04T13:21:59+07:00,pic_uke_03
ENT-01760,TERVALIDASI,PUBLISH,2025-10-26T16:22:18+07:00,operator_konten_03
ENT-01761,,DRAFT,2025-07-27T14:47:28+07:00,pengusul_22
ENT-01761,DRAFT,OPERATOR_KONTEN,2025-07-28T07:55:10+07:00,pengusul_22
ENT-01761,OPERATOR_KONTEN,PIC_UKE,2025-08-03T00:22:22+07:00,operator_konten_22
ENT-01761,PIC_UKE,TERVALIDASI,2025-08-07T15:29:11+07:00,pic_uke_22
ENT-01761,TERVALIDASI,PUBLISH,2025-08-11T11:47:58+07:00,operator_konten_22
ENT-01762,,DRAFT,2025-07-28T08:52:05+07:00,pengusul_07
ENT-01762,DRAFT,OPERATOR_KONTEN,2025-08-12T14:42:48+07:00,pengusul_07
ENT-01762,OPERATOR_KONTEN,PIC_UKE,2025-11-04T08:26:08+07:00,operator_konten_07
ENT-01762,PIC_UKE,TERVALIDASI,2025-12-10T06:09:19+07:00,pic_uke_07
ENT-01762,TERVALIDASI,PUBLISH,2026-01-29T12:32:27+07:00,operator_konten_07
ENT-01763,,DRAFT,2025-07-28T12:52:44+07:00,pengusul_34
ENT-01763,DRAFT,OPERATOR_KONTEN,2025-10-18T23:16:29+07:00,pengusul_34
ENT-01763,OPERATOR_KONTEN,PIC_UKE,2026-10-07T08:41:21+07:00,operator_konten_34
ENT-01764,,DRAFT,2025-07-28T13:16:40+07:00,pengusul_27
ENT-01764,DRAFT,OPERATOR_KONTEN,2025-08-07T23:25:16+07:00,pengusul_27
ENT-01764,OPERATOR_KONTEN,PIC_UKE,2025-08-11T06:42:13+07:00,operator_konten_27
ENT-01764,PIC_UKE,TERVALIDASI,2025-08-17T05:54:28+07:00,pic_uke_27
ENT-01764,TERVALIDASI,PUBLISH,2025-08-19T10:59:21+07:00,operator_konten_27
ENT-01765,,DRAFT,2025-07-28T16:25:45+07:00,pengusul_46
ENT-01765,DRAFT,OPERATOR_KONTEN,2026-07-06T05:55:26+07:00,pengusul_46
ENT-01765,OPERATOR_KONTEN,PIC_UKE,2026-09-17T09:17:32+07:00,operator_konten_46
ENT-01766,,DRAFT,2025-07-29T08:36:16+07:00,pengusul_15
ENT-01766,DRAFT,OPERATOR_KONTEN,2025-09-20T03:01:26+07:00,pengusul_15
ENT-01766,OPERATOR_KONTEN,PIC_UKE,2026-02-23T15:48:38+07:00,operator_konten_15
ENT-01766,PIC_UKE,TERVALIDASI,2026-03-22T11:15:30+07:00,pic_uke_15
ENT-01766,TERVALIDASI,PUBLISH,2026-05-16T13:46:50+07:00,operator_konten_15
ENT-01767,,DRAFT,2025-07-29T09:28:08+07:00,pengusul_29
ENT-01767,DRAFT,OPERATOR_KONTEN,2025-09-08T17:48:22+07:00,pengusul_29
ENT-01767,OPERATOR_KONTEN,PIC_UKE,2025-10-07T00:02:38+07:00,operator_konten_29
ENT-01767,PIC_UKE,TERVALIDASI,2025-11-05T15:48:00+07:00,pic_uke_29
ENT-01767,TERVALIDASI,PUBLISH,2025-11-08T10:16:05+07:00,operator_konten_29
ENT-01768,,DRAFT,2025-07-29T10:55:17+07:00,pengusul_47
ENT-01768,DRAFT,OPERATOR_KONTEN,2025-09-30T04:00:24+07:00,pengusul_47
ENT-01768,OPERATOR_KONTEN,PIC_UKE,2026-02-14T22:14:09+07:00,operator_konten_47
ENT-01768,PIC_UKE,TERVALIDASI,2026-04-30T06:34:15+07:00,pic_uke_47
ENT-01768,TERVALIDASI,PUBLISH,2026-05-19T13:31:27+07:00,operator_konten_47
ENT-01769,,DRAFT,2025-07-29T12:38:53+07:00,pengusul_17
ENT-01769,DRAFT,OPERATOR_KONTEN,2025-08-02T03:27:28+07:00,pengusul_17
ENT-01769,OPERATOR_KONTEN,PIC_UKE,2025-08-03T11:08:19+07:00,operator_konten_17
ENT-01769,PIC_UKE,TERVALIDASI,2025-08-06T07:36:05+07:00,pic_uke_17
ENT-01769,TERVALIDASI,PUBLISH,2025-08-06T16:59:24+07:00,operator_konten_17
ENT-01770,,DRAFT,2025-07-29T15:39:34+07:00,pengusul_31
ENT-01770,DRAFT,OPERATOR_KONTEN,2025-09-08T11:44:09+07:00,pengusul_31
ENT-01770,OPERATOR_KONTEN,PIC_UKE,2025-09-15T01:27:28+07:00,operator_konten_31
ENT-01770,PIC_UKE,TERVALIDASI,2025-10-01T02:45:26+07:00,pic_uke_31
ENT-01770,TERVALIDASI,PUBLISH,2025-10-05T10:58:48+07:00,operator_konten_31
ENT-01771,,DRAFT,2025-07-30T13:15:45+07:00,pengusul_45
ENT-01771,DRAFT,OPERATOR_KONTEN,2025-08-19T06:37:48+07:00,pengusul_45
ENT-01771,OPERATOR_KONTEN,DITOLAK_OPERATOR,2026-07-11T03:51:48+07:00,operator_konten_45
ENT-01771,DITOLAK_OPERATOR,DRAFT,2026-09-30T08:44:23+07:00,pengusul_45
ENT-01772,,DRAFT,2025-07-30T16:45:40+07:00,pengusul_22
ENT-01772,DRAFT,OPERATOR_KONTEN,2025-08-02T07:09:54+07:00,pengusul_22
ENT-01772,OPERATOR_KONTEN,PIC_UKE,2025-08-06T20:22:40+07:00,operator_konten_22
ENT-01772,PIC_UKE,TERVALIDASI,2025-08-15T12:21:40+07:00,pic_uke_22
ENT-01772,TERVALIDASI,PUBLISH,2025-08-21T08:31:08+07:00,operator_konten_22
ENT-01773,,DRAFT,2025-07-31T08:08:29+07:00,pengusul_54
ENT-01773,DRAFT,OPERATOR_KONTEN,2026-06-30T06:23:04+07:00,pengusul_54
ENT-01773,OPERATOR_KONTEN,PIC_UKE,2026-09-28T15:38:28+07:00,operator_konten_54
ENT-01774,,DRAFT,2025-07-31T08:13:51+07:00,pengusul_47
ENT-01774,DRAFT,OPERATOR_KONTEN,2025-10-27T23:55:23+07:00,pengusul_47
ENT-01774,OPERATOR_KONTEN,PIC_UKE,2026-10-06T13:17:53+07:00,operator_konten_47
ENT-01775,,DRAFT,2025-07-31T09:08:18+07:00,pengusul_24
ENT-01775,DRAFT,OPERATOR_KONTEN,2025-08-03T00:30:36+07:00,pengusul_24
ENT-01775,OPERATOR_KONTEN,PIC_UKE,2025-09-14T00:26:07+07:00,operator_konten_24
ENT-01775,PIC_UKE,TERVALIDASI,2025-09-14T22:54:17+07:00,pic_uke_24
ENT-01775,TERVALIDASI,PUBLISH,2025-09-27T12:57:10+07:00,operator_konten_24
ENT-01776,,DRAFT,2025-07-31T13:05:30+07:00,pengusul_03
ENT-01776,DRAFT,OPERATOR_KONTEN,2026-03-07T19:55:42+07:00,pengusul_03
ENT-01776,OPERATOR_KONTEN,PIC_UKE,2026-09-23T15:51:57+07:00,operator_konten_03
ENT-01777,,DRAFT,2025-07-31T13:38:03+07:00,pengusul_00
ENT-01777,DRAFT,OPERATOR_KONTEN,2025-08-09T10:26:20+07:00,pengusul_00
ENT-01777,OPERATOR_KONTEN,PIC_UKE,2025-08-12T04:44:21+07:00,operator_konten_00
ENT-01777,PIC_UKE,TERVALIDASI,2025-08-14T17:45:25+07:00,pic_uke_00
ENT-01777,TERVALIDASI,PUBLISH,2025-10-08T12:54:30+07:00,operator_konten_00
ENT-01778,,DRAFT,2025-08-01T09:03:08+07:00,pengusul_69
ENT-01778,DRAFT,OPERATOR_KONTEN,2025-08-13T13:59:44+07:00,pengusul_69
ENT-01778,OPERATOR_KONTEN,PIC_UKE,2025-11-22T18:35:00+07:00,operator_konten_69
ENT-01778,PIC_UKE,TERVALIDASI,2025-11-30T12:56:42+07:00,pic_uke_69
ENT-01778,TERVALIDASI,PUBLISH,2025-12-05T09:31:28+07:00,operator_konten_69
ENT-01779,,DRAFT,2025-08-01T12:53:33+07:00,pengusul_39
ENT-01779,DRAFT,OPERATOR_KONTEN,2025-09-01T12:45:30+07:00,pengusul_39
ENT-01779,OPERATOR_KONTEN,PIC_UKE,2026-09-25T11:28:38+07:00,operator_konten_39
ENT-01780,,DRAFT,2025-08-01T13:47:48+07:00,pengusul_67
ENT-01780,DRAFT,OPERATOR_KONTEN,2026-04-10T23:15:17+07:00,pengusul_67
ENT-01780,OPERATOR_KONTEN,PIC_UKE,2026-09-02T08:27:43+07:00,operator_konten_67
ENT-01781,,DRAFT,2025-08-02T10:00:49+07:00,pengusul_05
ENT-01781,DRAFT,OPERATOR_KONTEN,2025-11-24T10:11:58+07:00,pengusul_05
ENT-01781,OPERATOR_KONTEN,PIC_UKE,2026-10-08T09:35:14+07:00,operator_konten_05
ENT-01782,,DRAFT,2025-08-02T10:32:22+07:00,pengusul_07
ENT-01782,DRAFT,OPERATOR_KONTEN,2026-04-13T06:03:51+07:00,pengusul_07
ENT-01782,OPERATOR_KONTEN,PIC_UKE,2026-09-29T10:25:18+07:00,operator_konten_07
ENT-01783,,DRAFT,2025-08-02T11:42:53+07:00,pengusul_66
ENT-01783,DRAFT,OPERATOR_KONTEN,2025-09-25T08:28:54+07:00,pengusul_66
ENT-01783,OPERATOR_KONTEN,PIC_UKE,2026-09-28T16:32:21+07:00,operator_konten_66
ENT-01784,,DRAFT,2025-08-02T13:09:05+07:00,pengusul_38
ENT-01784,DRAFT,OPERATOR_KONTEN,2025-09-10T10:13:21+07:00,pengusul_38
ENT-01784,OPERATOR_KONTEN,PIC_UKE,2025-11-09T11:24:53+07:00,operator_konten_38
ENT-01784,PIC_UKE,TERVALIDASI,2026-03-25T19:38:00+07:00,pic_uke_38
ENT-01784,TERVALIDASI,PUBLISH,2026-04-02T11:56:44+07:00,operator_konten_38
ENT-01785,,DRAFT,2025-08-02T14:13:58+07:00,pengusul_07
ENT-01785,DRAFT,OPERATOR_KONTEN,2025-08-10T17:10:11+07:00,pengusul_07
ENT-01785,OPERATOR_KONTEN,PIC_UKE,2025-12-13T02:24:34+07:00,operator_konten_07
ENT-01785,PIC_UKE,TERVALIDASI,2026-03-03T01:51:02+07:00,pic_uke_07
ENT-01785,TERVALIDASI,PUBLISH,2026-03-26T08:31:27+07:00,operator_konten_07
ENT-01786,,DRAFT,2025-08-02T15:11:57+07:00,pengusul_25
ENT-01786,DRAFT,OPERATOR_KONTEN,2025-08-17T21:59:37+07:00,pengusul_25
ENT-01786,OPERATOR_KONTEN,PIC_UKE,2025-10-11T22:26:20+07:00,operator_konten_25
ENT-01786,PIC_UKE,TERVALIDASI,2025-10-14T10:50:01+07:00,pic_uke_25
ENT-01786,TERVALIDASI,PUBLISH,2025-12-08T10:09:15+07:00,operator_konten_25
ENT-01787,,DRAFT,2025-08-03T15:54:15+07:00,pengusul_09
ENT-01787,DRAFT,OPERATOR_KONTEN,2025-09-19T17:14:02+07:00,pengusul_09
ENT-01787,OPERATOR_KONTEN,PIC_UKE,2026-10-08T11:30:15+07:00,operator_konten_09
ENT-01788,,DRAFT,2025-08-04T11:47:02+07:00,pengusul_23
ENT-01788,DRAFT,OPERATOR_KONTEN,2025-08-14T16:19:02+07:00,pengusul_23
ENT-01788,OPERATOR_KONTEN,PIC_UKE,2025-08-26T10:39:43+07:00,operator_konten_23
ENT-01788,PIC_UKE,TERVALIDASI,2025-10-26T17:23:37+07:00,pic_uke_23
ENT-01788,TERVALIDASI,PUBLISH,2025-11-09T15:34:38+07:00,operator_konten_23
ENT-01789,,DRAFT,2025-08-04T13:53:54+07:00,pengusul_07
ENT-01789,DRAFT,OPERATOR_KONTEN,2026-10-07T14:53:22+07:00,pengusul_07
ENT-01790,,DRAFT,2025-08-04T15:21:29+07:00,pengusul_06
ENT-01790,DRAFT,OPERATOR_KONTEN,2026-01-07T19:50:18+07:00,pengusul_06
ENT-01790,OPERATOR_KONTEN,PIC_UKE,2026-10-05T11:15:04+07:00,operator_konten_06
ENT-01791,,DRAFT,2025-08-05T11:43:29+07:00,pengusul_02
ENT-01791,DRAFT,OPERATOR_KONTEN,2025-10-05T11:31:07+07:00,pengusul_02
ENT-01791,OPERATOR_KONTEN,PIC_UKE,2025-11-16T18:05:58+07:00,operator_konten_02
ENT-01791,PIC_UKE,TERVALIDASI,2026-01-09T23:01:44+07:00,pic_uke_02
ENT-01791,TERVALIDASI,PUBLISH,2026-03-04T10:16:17+07:00,operator_konten_02
ENT-01792,,DRAFT,2025-08-05T15:36:45+07:00,pengusul_29
ENT-01792,DRAFT,OPERATOR_KONTEN,2026-01-30T09:35:47+07:00,pengusul_29
ENT-01792,OPERATOR_KONTEN,PIC_UKE,2026-10-02T14:48:53+07:00,operator_konten_29
ENT-01793,,DRAFT,2025-08-05T16:07:53+07:00,pengusul_64
ENT-01793,DRAFT,OPERATOR_KONTEN,2026-06-26T00:36:19+07:00,pengusul_64
ENT-01793,OPERATOR_KONTEN,PIC_UKE,2026-09-30T15:28:09+07:00,operator_konten_64
ENT-01794,,DRAFT,2025-08-06T08:06:09+07:00,pengusul_64
ENT-01794,DRAFT,OPERATOR_KONTEN,2026-04-02T02:10:32+07:00,pengusul_64
ENT-01794,OPERATOR_KONTEN,PIC_UKE,2026-09-28T08:24:54+07:00,operator_konten_64
ENT-01795,,DRAFT,2025-08-06T08:08:58+07:00,pengusul_43
ENT-01795,DRAFT,OPERATOR_KONTEN,2025-08-09T20:52:04+07:00,pengusul_43
ENT-01795,OPERATOR_KONTEN,PIC_UKE,2025-08-22T03:58:19+07:00,operator_konten_43
ENT-01795,PIC_UKE,TERVALIDASI,2025-10-06T21:49:56+07:00,pic_uke_43
ENT-01795,TERVALIDASI,PUBLISH,2025-10-08T08:32:53+07:00,operator_konten_43
ENT-01796,,DRAFT,2025-08-06T14:56:33+07:00,pengusul_25
ENT-01796,DRAFT,OPERATOR_KONTEN,2025-08-23T23:48:42+07:00,pengusul_25
ENT-01796,OPERATOR_KONTEN,PIC_UKE,2025-10-01T13:49:36+07:00,operator_konten_25
ENT-01796,PIC_UKE,TERVALIDASI,2025-10-07T09:14:13+07:00,pic_uke_25
ENT-01796,TERVALIDASI,PUBLISH,2025-10-10T11:27:28+07:00,operator_konten_25
ENT-01797,,DRAFT,2025-08-07T12:21:17+07:00,pengusul_13
ENT-01797,DRAFT,OPERATOR_KONTEN,2025-09-24T09:23:57+07:00,pengusul_13
ENT-01797,OPERATOR_KONTEN,PIC_UKE,2025-10-04T08:54:53+07:00,operator_konten_13
ENT-01797,PIC_UKE,TERVALIDASI,2025-10-20T14:31:40+07:00,pic_uke_13
ENT-01797,TERVALIDASI,PUBLISH,2026-05-24T16:08:46+07:00,operator_konten_13
ENT-01798,,DRAFT,2025-08-07T14:29:29+07:00,pengusul_07
ENT-01798,DRAFT,OPERATOR_KONTEN,2025-09-13T00:47:08+07:00,pengusul_07
ENT-01798,OPERATOR_KONTEN,PIC_UKE,2025-10-02T00:34:19+07:00,operator_konten_07
ENT-01798,PIC_UKE,TERVALIDASI,2025-12-08T01:39:16+07:00,pic_uke_07
ENT-01798,TERVALIDASI,PUBLISH,2026-01-19T11:28:43+07:00,operator_konten_07
ENT-01799,,DRAFT,2025-08-08T09:57:28+07:00,pengusul_07
ENT-01799,DRAFT,OPERATOR_KONTEN,2025-08-27T05:53:25+07:00,pengusul_07
ENT-01799,OPERATOR_KONTEN,PIC_UKE,2025-08-30T05:19:45+07:00,operator_konten_07
ENT-01799,PIC_UKE,TERVALIDASI,2025-09-03T19:45:46+07:00,pic_uke_07
ENT-01799,TERVALIDASI,PUBLISH,2025-09-13T09:34:11+07:00,operator_konten_07
ENT-01800,,DRAFT,2025-08-09T14:59:45+07:00,pengusul_05
ENT-01800,DRAFT,OPERATOR_KONTEN,2025-08-20T06:42:36+07:00,pengusul_05
ENT-01800,OPERATOR_KONTEN,PIC_UKE,2025-09-23T20:18:47+07:00,operator_konten_05
ENT-01800,PIC_UKE,TERVALIDASI,2025-11-01T00:16:22+07:00,pic_uke_05
ENT-01800,TERVALIDASI,PUBLISH,2025-11-11T12:28:43+07:00,operator_konten_05
ENT-01801,,DRAFT,2025-08-09T15:00:08+07:00,pengusul_39
ENT-01801,DRAFT,OPERATOR_KONTEN,2025-10-24T12:21:38+07:00,pengusul_39
ENT-01801,OPERATOR_KONTEN,PIC_UKE,2025-10-29T00:13:05+07:00,operator_konten_39
ENT-01801,PIC_UKE,TERVALIDASI,2026-02-18T21:27:40+07:00,pic_uke_39
ENT-01801,TERVALIDASI,PUBLISH,2026-05-08T15:15:11+07:00,operator_konten_39
ENT-01802,,DRAFT,2025-08-09T15:39:19+07:00,pengusul_64
ENT-01802,DRAFT,OPERATOR_KONTEN,2026-08-16T01:47:25+07:00,pengusul_64
ENT-01802,OPERATOR_KONTEN,PIC_UKE,2026-09-30T10:45:31+07:00,operator_konten_64
ENT-01803,,DRAFT,2025-08-09T16:33:23+07:00,pengusul_65
ENT-01803,DRAFT,OPERATOR_KONTEN,2025-08-17T18:16:00+07:00,pengusul_65
ENT-01803,OPERATOR_KONTEN,PIC_UKE,2025-09-05T23:15:05+07:00,operator_konten_65
ENT-01803,PIC_UKE,TERVALIDASI,2025-09-10T10:07:49+07:00,pic_uke_65
ENT-01803,TERVALIDASI,PUBLISH,2025-09-22T16:33:31+07:00,operator_konten_65
ENT-01804,,DRAFT,2025-08-09T16:43:09+07:00,pengusul_05
ENT-01804,DRAFT,OPERATOR_KONTEN,2025-08-26T14:24:16+07:00,pengusul_05
ENT-01804,OPERATOR_KONTEN,PIC_UKE,2025-09-04T08:10:12+07:00,operator_konten_05
ENT-01804,PIC_UKE,TERVALIDASI,2025-09-25T12:19:07+07:00,pic_uke_05
ENT-01804,TERVALIDASI,PUBLISH,2025-10-06T12:40:55+07:00,operator_konten_05
ENT-01805,,DRAFT,2025-08-10T10:09:27+07:00,pengusul_59
ENT-01805,DRAFT,OPERATOR_KONTEN,2025-09-21T19:58:42+07:00,pengusul_59
ENT-01805,OPERATOR_KONTEN,PIC_UKE,2026-01-24T07:48:42+07:00,operator_konten_59
ENT-01805,PIC_UKE,TERVALIDASI,2026-04-20T01:01:01+07:00,pic_uke_59
ENT-01805,TERVALIDASI,PUBLISH,2026-05-08T09:50:57+07:00,operator_konten_59
ENT-01806,,DRAFT,2025-08-11T08:18:19+07:00,pengusul_32
ENT-01806,DRAFT,OPERATOR_KONTEN,2026-03-23T05:13:11+07:00,pengusul_32
ENT-01806,OPERATOR_KONTEN,PIC_UKE,2026-07-31T08:36:58+07:00,operator_konten_32
ENT-01806,PIC_UKE,TERVALIDASI,2026-10-01T13:41:37+07:00,pic_uke_32
ENT-01807,,DRAFT,2025-08-11T11:59:14+07:00,pengusul_17
ENT-01807,DRAFT,OPERATOR_KONTEN,2026-07-01T11:23:46+07:00,pengusul_17
ENT-01807,OPERATOR_KONTEN,PIC_UKE,2026-10-01T15:58:45+07:00,operator_konten_17
ENT-01808,,DRAFT,2025-08-11T14:55:57+07:00,pengusul_22
ENT-01808,DRAFT,OPERATOR_KONTEN,2025-08-29T09:46:53+07:00,pengusul_22
ENT-01808,OPERATOR_KONTEN,PIC_UKE,2025-09-03T01:12:30+07:00,operator_konten_22
ENT-01808,PIC_UKE,TERVALIDASI,2025-09-14T16:23:05+07:00,pic_uke_22
ENT-01808,TERVALIDASI,PUBLISH,2025-09-16T10:29:26+07:00,operator_konten_22
ENT-01809,,DRAFT,2025-08-11T15:14:15+07:00,pengusul_06
ENT-01809,DRAFT,OPERATOR_KONTEN,2025-10-27T23:11:51+07:00,pengusul_06
ENT-01809,OPERATOR_KONTEN,PIC_UKE,2026-01-31T05:13:26+07:00,operator_konten_06
ENT-01809,PIC_UKE,TERVALIDASI,2026-04-11T12:22:53+07:00,pic_uke_06
ENT-01809,TERVALIDASI,PUBLISH,2026-05-01T14:52:04+07:00,operator_konten_06
ENT-01810,,DRAFT,2025-08-11T15:56:26+07:00,pengusul_06
ENT-01810,DRAFT,OPERATOR_KONTEN,2025-09-05T10:25:48+07:00,pengusul_06
ENT-01810,OPERATOR_KONTEN,PIC_UKE,2025-09-14T22:19:01+07:00,operator_konten_06
ENT-01810,PIC_UKE,TERVALIDASI,2025-10-15T18:25:47+07:00,pic_uke_06
ENT-01810,TERVALIDASI,PUBLISH,2025-11-24T14:50:20+07:00,operator_konten_06
ENT-01811,,DRAFT,2025-08-12T10:40:20+07:00,pengusul_58
ENT-01811,DRAFT,OPERATOR_KONTEN,2026-04-11T21:45:46+07:00,pengusul_58
ENT-01811,OPERATOR_KONTEN,PIC_UKE,2026-09-22T14:53:09+07:00,operator_konten_58
ENT-01812,,DRAFT,2025-08-12T11:06:28+07:00,pengusul_00
ENT-01812,DRAFT,OPERATOR_KONTEN,2025-09-09T14:08:15+07:00,pengusul_00
ENT-01812,OPERATOR_KONTEN,PIC_UKE,2025-11-04T23:07:19+07:00,operator_konten_00
ENT-01812,PIC_UKE,TERVALIDASI,2025-11-07T11:54:27+07:00,pic_uke_00
ENT-01812,TERVALIDASI,PUBLISH,2026-01-31T16:11:09+07:00,operator_konten_00
ENT-01813,,DRAFT,2025-08-12T14:22:08+07:00,pengusul_42
ENT-01813,DRAFT,OPERATOR_KONTEN,2025-08-21T17:41:54+07:00,pengusul_42
ENT-01813,OPERATOR_KONTEN,PIC_UKE,2025-09-27T04:42:48+07:00,operator_konten_42
ENT-01813,PIC_UKE,TERVALIDASI,2025-11-27T22:07:36+07:00,pic_uke_42
ENT-01813,TERVALIDASI,PUBLISH,2026-03-19T12:44:35+07:00,operator_konten_42
ENT-01814,,DRAFT,2025-08-13T11:15:56+07:00,pengusul_06
ENT-01814,DRAFT,OPERATOR_KONTEN,2026-06-14T08:43:10+07:00,pengusul_06
ENT-01814,OPERATOR_KONTEN,PIC_UKE,2026-08-18T15:21:17+07:00,operator_konten_06
ENT-01815,,DRAFT,2025-08-13T13:28:24+07:00,pengusul_13
ENT-01815,DRAFT,OPERATOR_KONTEN,2025-10-04T14:21:01+07:00,pengusul_13
ENT-01815,OPERATOR_KONTEN,PIC_UKE,2025-10-17T22:29:07+07:00,operator_konten_13
ENT-01815,PIC_UKE,TERVALIDASI,2025-11-27T00:01:46+07:00,pic_uke_13
ENT-01815,TERVALIDASI,PUBLISH,2025-12-26T11:16:14+07:00,operator_konten_13
ENT-01816,,DRAFT,2025-08-13T15:31:07+07:00,pengusul_01
ENT-01816,DRAFT,OPERATOR_KONTEN,2026-02-24T23:13:48+07:00,pengusul_01
ENT-01816,OPERATOR_KONTEN,PIC_UKE,2026-10-05T08:32:04+07:00,operator_konten_01
ENT-01817,,DRAFT,2025-08-14T10:41:59+07:00,pengusul_03
ENT-01817,DRAFT,OPERATOR_KONTEN,2025-11-13T18:14:37+07:00,pengusul_03
ENT-01817,OPERATOR_KONTEN,PIC_UKE,2025-12-20T15:32:04+07:00,operator_konten_03
ENT-01817,PIC_UKE,TERVALIDASI,2026-01-04T09:44:01+07:00,pic_uke_03
ENT-01817,TERVALIDASI,PUBLISH,2026-04-28T13:23:16+07:00,operator_konten_03
ENT-01818,,DRAFT,2025-08-14T13:43:49+07:00,pengusul_22
ENT-01818,DRAFT,OPERATOR_KONTEN,2025-09-11T15:25:47+07:00,pengusul_22
ENT-01818,OPERATOR_KONTEN,PIC_UKE,2026-01-25T14:13:49+07:00,operator_konten_22
ENT-01818,PIC_UKE,TERVALIDASI,2026-04-07T04:23:28+07:00,pic_uke_22
ENT-01818,TERVALIDASI,PUBLISH,2026-05-29T16:15:56+07:00,operator_konten_22
ENT-01819,,DRAFT,2025-08-15T12:11:38+07:00,pengusul_05
ENT-01819,DRAFT,OPERATOR_KONTEN,2025-08-29T15:24:29+07:00,pengusul_05
ENT-01819,OPERATOR_KONTEN,PIC_UKE,2025-08-31T05:32:07+07:00,operator_konten_05
ENT-01819,PIC_UKE,TERVALIDASI,2025-09-12T09:46:32+07:00,pic_uke_05
ENT-01819,TERVALIDASI,PUBLISH,2025-09-15T10:26:08+07:00,operator_konten_05
ENT-01820,,DRAFT,2025-08-15T14:11:55+07:00,pengusul_63
ENT-01820,DRAFT,OPERATOR_KONTEN,2026-06-22T04:30:04+07:00,pengusul_63
ENT-01820,OPERATOR_KONTEN,PIC_UKE,2026-10-08T08:24:47+07:00,operator_konten_63
ENT-01821,,DRAFT,2025-08-15T15:16:31+07:00,pengusul_68
ENT-01821,DRAFT,OPERATOR_KONTEN,2025-10-24T03:05:09+07:00,pengusul_68
ENT-01821,OPERATOR_KONTEN,PIC_UKE,2025-11-13T19:47:57+07:00,operator_konten_68
ENT-01821,PIC_UKE,TERVALIDASI,2025-12-29T07:08:30+07:00,pic_uke_68
ENT-01821,TERVALIDASI,PUBLISH,2026-01-17T10:49:45+07:00,operator_konten_68
ENT-01822,,DRAFT,2025-08-16T09:27:48+07:00,pengusul_05
ENT-01822,DRAFT,OPERATOR_KONTEN,2025-12-22T17:57:26+07:00,pengusul_05
ENT-01822,OPERATOR_KONTEN,PIC_UKE,2026-09-30T10:15:38+07:00,operator_konten_05
ENT-01823,,DRAFT,2025-08-16T10:26:17+07:00,pengusul_35
ENT-01823,DRAFT,OPERATOR_KONTEN,2026-03-15T12:43:45+07:00,pengusul_35
ENT-01823,OPERATOR_KONTEN,PIC_UKE,2026-09-23T15:38:27+07:00,operator_konten_35
ENT-01824,,DRAFT,2025-08-17T11:31:38+07:00,pengusul_15
ENT-01824,DRAFT,OPERATOR_KONTEN,2025-10-22T19:08:24+07:00,pengusul_15
ENT-01824,OPERATOR_KONTEN,DITOLAK_OPERATOR,2026-01-21T18:05:06+07:00,operator_konten_15
ENT-01824,DITOLAK_OPERATOR,DRAFT,2026-10-08T16:06:54+07:00,pengusul_15
ENT-01825,,DRAFT,2025-08-17T14:17:22+07:00,pengusul_62
ENT-01825,DRAFT,OPERATOR_KONTEN,2025-10-05T19:56:54+07:00,pengusul_62
ENT-01825,OPERATOR_KONTEN,PIC_UKE,2025-12-03T13:14:53+07:00,operator_konten_62
ENT-01825,PIC_UKE,TERVALIDASI,2025-12-13T18:35:54+07:00,pic_uke_62
ENT-01825,TERVALIDASI,PUBLISH,2026-01-16T13:29:51+07:00,operator_konten_62
ENT-01826,,DRAFT,2025-08-18T08:05:39+07:00,pengusul_34
ENT-01826,DRAFT,OPERATOR_KONTEN,2025-09-25T15:10:06+07:00,pengusul_34
ENT-01826,OPERATOR_KONTEN,PIC_UKE,2025-10-19T23:56:13+07:00,operator_konten_34
ENT-01826,PIC_UKE,TERVALIDASI,2025-10-30T03:33:35+07:00,pic_uke_34
ENT-01826,TERVALIDASI,PUBLISH,2025-12-11T16:49:43+07:00,operator_konten_34
ENT-01827,,DRAFT,2025-08-18T09:20:53+07:00,pengusul_07
ENT-01827,DRAFT,OPERATOR_KONTEN,2025-10-14T21:17:57+07:00,pengusul_07
ENT-01827,OPERATOR_KONTEN,PIC_UKE,2025-10-16T02:23:18+07:00,operator_konten_07
ENT-01827,PIC_UKE,TERVALIDASI,2025-11-22T13:42:23+07:00,pic_uke_07
ENT-01827,TERVALIDASI,PUBLISH,2025-12-12T14:03:33+07:00,operator_konten_07
ENT-01828,,DRAFT,2025-08-18T10:36:34+07:00,pengusul_52
ENT-01828,DRAFT,OPERATOR_KONTEN,2025-10-16T10:38:43+07:00,pengusul_52
ENT-01828,OPERATOR_KONTEN,PIC_UKE,2025-12-26T07:49:04+07:00,operator_konten_52
ENT-01828,PIC_UKE,TERVALIDASI,2026-01-09T15:07:26+07:00,pic_uke_52
ENT-01828,TERVALIDASI,PUBLISH,2026-04-27T10:33:05+07:00,operator_konten_52
ENT-01829,,DRAFT,2025-08-18T11:28:04+07:00,pengusul_27
ENT-01829,DRAFT,OPERATOR_KONTEN,2025-09-08T16:01:23+07:00,pengusul_27
ENT-01829,OPERATOR_KONTEN,PIC_UKE,2025-09-09T00:27:56+07:00,operator_konten_27
ENT-01829,PIC_UKE,TERVALIDASI,2025-09-10T09:01:42+07:00,pic_uke_27
ENT-01829,TERVALIDASI,PUBLISH,2025-09-21T09:57:06+07:00,operator_konten_27
ENT-01830,,DRAFT,2025-08-18T11:47:20+07:00,pengusul_07
ENT-01830,DRAFT,OPERATOR_KONTEN,2025-09-28T02:48:21+07:00,pengusul_07
ENT-01830,OPERATOR_KONTEN,PIC_UKE,2025-10-17T02:00:54+07:00,operator_konten_07
ENT-01830,PIC_UKE,TERVALIDASI,2025-12-27T18:30:45+07:00,pic_uke_07
ENT-01830,TERVALIDASI,PUBLISH,2026-01-31T09:30:41+07:00,operator_konten_07
ENT-01831,,DRAFT,2025-08-18T14:25:13+07:00,pengusul_45
ENT-01831,DRAFT,OPERATOR_KONTEN,2025-09-15T10:26:53+07:00,pengusul_45
ENT-01831,OPERATOR_KONTEN,DITOLAK_OPERATOR,2025-11-04T17:17:14+07:00,operator_konten_45
ENT-01831,DITOLAK_OPERATOR,DRAFT,2026-10-06T10:13:53+07:00,pengusul_45
ENT-01832,,DRAFT,2025-08-19T11:06:08+07:00,pengusul_67
ENT-01832,DRAFT,OPERATOR_KONTEN,2026-02-12T18:23:03+07:00,pengusul_67
ENT-01832,OPERATOR_KONTEN,PIC_UKE,2026-08-12T09:54:57+07:00,operator_konten_67
ENT-01833,,DRAFT,2025-08-19T12:30:36+07:00,pengusul_41
ENT-01833,DRAFT,OPERATOR_KONTEN,2025-10-04T10:58:43+07:00,pengusul_41
ENT-01833,OPERATOR_KONTEN,PIC_UKE,2025-11-10T13:42:35+07:00,operator_konten_41
ENT-01833,PIC_UKE,TERVALIDASI,2025-11-30T16:31:49+07:00,pic_uke_41
ENT-01833,TERVALIDASI,PUBLISH,2025-12-17T08:02:06+07:00,operator_konten_41
ENT-01834,,DRAFT,2025-08-19T16:49:15+07:00,pengusul_22
ENT-01834,DRAFT,OPERATOR_KONTEN,2025-11-01T21:46:54+07:00,pengusul_22
ENT-01834,OPERATOR_KONTEN,PIC_UKE,2026-01-04T02:38:26+07:00,operator_konten_22
ENT-01834,PIC_UKE,TERVALIDASI,2026-01-21T18:51:03+07:00,pic_uke_22
ENT-01834,TERVALIDASI,PUBLISH,2026-04-29T11:02:47+07:00,operator_konten_22
ENT-01835,,DRAFT,2025-08-20T08:29:30+07:00,pengusul_07
ENT-01835,DRAFT,OPERATOR_KONTEN,2025-10-20T03:04:04+07:00,pengusul_07
ENT-01835,OPERATOR_KONTEN,PIC_UKE,2026-10-08T08:24:29+07:00,operator_konten_07
ENT-01836,,DRAFT,2025-08-20T09:00:52+07:00,pengusul_35
ENT-01836,DRAFT,OPERATOR_KONTEN,2026-05-24T19:52:44+07:00,pengusul_35
ENT-01836,OPERATOR_KONTEN,PIC_UKE,2026-09-25T11:46:12+07:00,operator_konten_35
ENT-01837,,DRAFT,2025-08-20T12:14:15+07:00,pengusul_50
ENT-01837,DRAFT,OPERATOR_KONTEN,2026-09-30T15:01:50+07:00,pengusul_50
ENT-01838,,DRAFT,2025-08-20T13:52:19+07:00,pengusul_65
ENT-01838,DRAFT,OPERATOR_KONTEN,2025-09-07T23:34:47+07:00,pengusul_65
ENT-01838,OPERATOR_KONTEN,PIC_UKE,2025-09-30T07:26:41+07:00,operator_konten_65
ENT-01838,PIC_UKE,TERVALIDASI,2025-12-17T04:32:49+07:00,pic_uke_65
ENT-01838,TERVALIDASI,PUBLISH,2025-12-21T09:53:07+07:00,operator_konten_65
ENT-01839,,DRAFT,2025-08-21T10:18:03+07:00,pengusul_06
ENT-01839,DRAFT,OPERATOR_KONTEN,2026-04-23T09:16:24+07:00,pengusul_06
ENT-01839,OPERATOR_KONTEN,PIC_UKE,2026-10-05T09:24:48+07:00,operator_konten_06
ENT-01840,,DRAFT,2025-08-21T14:37:35+07:00,pengusul_39
ENT-01840,DRAFT,OPERATOR_KONTEN,2026-05-09T04:12:29+07:00,pengusul_39
ENT-01840,OPERATOR_KONTEN,PIC_UKE,2026-10-08T15:20:58+07:00,operator_konten_39
ENT-01841,,DRAFT,2025-08-22T08:13:32+07:00,pengusul_66
ENT-01841,DRAFT,OPERATOR_KONTEN,2025-10-15T18:49:44+07:00,pengusul_66
ENT-01841,OPERATOR_KONTEN,PIC_UKE,2026-09-01T13:08:18+07:00,operator_konten_66
ENT-01842,,DRAFT,2025-08-22T15:37:49+07:00,pengusul_45
ENT-01842,DRAFT,OPERATOR_KONTEN,2025-10-07T12:14:17+07:00,pengusul_45
ENT-01842,OPERATOR_KONTEN,PIC_UKE,2025-12-04T15:15:26+07:00,operator_konten_45
ENT-01842,PIC_UKE,TERVALIDASI,2025-12-11T08:29:43+07:00,pic_uke_45
ENT-01842,TERVALIDASI,PUBLISH,2026-01-22T12:17:29+07:00,operator_konten_45
ENT-01843,,DRAFT,2025-08-22T16:05:06+07:00,pengusul_00
ENT-01843,DRAFT,OPERATOR_KONTEN,2025-12-30T15:59:39+07:00,pengusul_00
ENT-01843,OPERATOR_KONTEN,PIC_UKE,2026-01-12T15:01:36+07:00,operator_konten_00
ENT-01843,PIC_UKE,TERVALIDASI,2026-02-16T13:11:24+07:00,pic_uke_00
ENT-01843,TERVALIDASI,PUBLISH,2026-05-27T12:15:31+07:00,operator_konten_00
ENT-01844,,DRAFT,2025-08-23T08:08:29+07:00,pengusul_06
ENT-01844,DRAFT,OPERATOR_KONTEN,2025-09-10T20:15:09+07:00,pengusul_06
ENT-01844,OPERATOR_KONTEN,PIC_UKE,2025-10-09T19:52:23+07:00,operator_konten_06
ENT-01844,PIC_UKE,TERVALIDASI,2025-11-20T07:05:05+07:00,pic_uke_06
ENT-01844,TERVALIDASI,PUBLISH,2025-12-05T14:02:26+07:00,operator_konten_06
ENT-01845,,DRAFT,2025-08-23T10:32:52+07:00,pengusul_02
ENT-01845,DRAFT,OPERATOR_KONTEN,2025-11-02T14:11:42+07:00,pengusul_02
ENT-01845,OPERATOR_KONTEN,PIC_UKE,2025-12-24T07:20:51+07:00,operator_konten_02
ENT-01845,PIC_UKE,TERVALIDASI,2026-01-27T16:59:14+07:00,pic_uke_02
ENT-01845,TERVALIDASI,PUBLISH,2026-02-19T08:03:09+07:00,operator_konten_02
ENT-01846,,DRAFT,2025-08-23T12:59:28+07:00,pengusul_09
ENT-01846,DRAFT,OPERATOR_KONTEN,2025-08-31T10:06:27+07:00,pengusul_09
ENT-01846,OPERATOR_KONTEN,PIC_UKE,2025-12-16T23:39:11+07:00,operator_konten_09
ENT-01846,PIC_UKE,TERVALIDASI,2026-03-19T20:06:19+07:00,pic_uke_09
ENT-01846,TERVALIDASI,PUBLISH,2026-05-24T13:40:41+07:00,operator_konten_09
ENT-01847,,DRAFT,2025-08-23T13:28:12+07:00,pengusul_55
ENT-01847,DRAFT,OPERATOR_KONTEN,2026-06-19T04:34:06+07:00,pengusul_55
ENT-01847,OPERATOR_KONTEN,PIC_UKE,2026-09-29T10:03:19+07:00,operator_konten_55
ENT-01848,,DRAFT,2025-08-23T13:53:05+07:00,pengusul_00
ENT-01848,DRAFT,OPERATOR_KONTEN,2025-11-03T08:57:49+07:00,pengusul_00
ENT-01848,OPERATOR_KONTEN,PIC_UKE,2026-03-07T03:19:26+07:00,operator_konten_00
ENT-01848,PIC_UKE,TERVALIDASI,2026-04-27T09:16:00+07:00,pic_uke_00
ENT-01848,TERVALIDASI,PUBLISH,2026-06-16T08:45:46+07:00,operator_konten_00
ENT-01849,,DRAFT,2025-08-23T14:58:49+07:00,pengusul_07
ENT-01849,DRAFT,OPERATOR_KONTEN,2025-09-30T15:17:30+07:00,pengusul_07
ENT-01849,OPERATOR_KONTEN,DITOLAK_OPERATOR,2026-03-02T06:42:19+07:00,operator_konten_07
ENT-01849,DITOLAK_OPERATOR,DRAFT,2026-10-06T12:06:53+07:00,pengusul_07
ENT-01850,,DRAFT,2025-08-23T15:05:00+07:00,pengusul_31
ENT-01850,DRAFT,OPERATOR_KONTEN,2025-12-19T20:29:08+07:00,pengusul_31
ENT-01850,OPERATOR_KONTEN,PIC_UKE,2026-10-05T09:48:36+07:00,operator_konten_31
ENT-01851,,DRAFT,2025-08-24T08:23:02+07:00,pengusul_05
ENT-01851,DRAFT,OPERATOR_KONTEN,2025-09-02T05:33:30+07:00,pengusul_05
ENT-01851,OPERATOR_KONTEN,PIC_UKE,2026-09-29T11:47:33+07:00,operator_konten_05
ENT-01852,,DRAFT,2025-08-24T12:30:01+07:00,pengusul_26
ENT-01852,DRAFT,OPERATOR_KONTEN,2026-02-19T01:45:45+07:00,pengusul_26
ENT-01852,OPERATOR_KONTEN,PIC_UKE,2026-09-25T15:48:57+07:00,operator_konten_26
ENT-01853,,DRAFT,2025-08-24T14:34:25+07:00,pengusul_07
ENT-01853,DRAFT,OPERATOR_KONTEN,2026-04-07T22:14:05+07:00,pengusul_07
ENT-01853,OPERATOR_KONTEN,PIC_UKE,2026-09-21T11:26:24+07:00,operator_konten_07
ENT-01854,,DRAFT,2025-08-25T09:42:39+07:00,pengusul_30
ENT-01854,DRAFT,OPERATOR_KONTEN,2025-10-28T09:07:59+07:00,pengusul_30
ENT-01854,OPERATOR_KONTEN,PIC_UKE,2025-10-31T08:39:07+07:00,operator_konten_30
ENT-01854,PIC_UKE,TERVALIDASI,2025-12-18T02:29:13+07:00,pic_uke_30
ENT-01854,TERVALIDASI,PUBLISH,2026-01-04T12:03:20+07:00,operator_konten_30
ENT-01855,,DRAFT,2025-08-25T12:47:02+07:00,pengusul_13
ENT-01855,DRAFT,OPERATOR_KONTEN,2025-09-08T18:48:19+07:00,pengusul_13
ENT-01855,OPERATOR_KONTEN,PIC_UKE,2025-09-16T09:12:00+07:00,operator_konten_13
ENT-01855,PIC_UKE,TERVALIDASI,2025-10-04T20:24:29+07:00,pic_uke_13
ENT-01855,TERVALIDASI,PUBLISH,2025-12-24T14:14:46+07:00,operator_konten_13
ENT-01856,,DRAFT,2025-08-25T12:55:48+07:00,pengusul_04
ENT-01856,DRAFT,OPERATOR_KONTEN,2025-11-09T06:36:19+07:00,pengusul_04
ENT-01856,OPERATOR_KONTEN,PIC_UKE,2026-09-09T09:16:27+07:00,operator_konten_04
ENT-01857,,DRAFT,2025-08-25T13:55:36+07:00,pengusul_55
ENT-01857,DRAFT,OPERATOR_KONTEN,2026-01-17T08:03:26+07:00,pengusul_55
ENT-01857,OPERATOR_KONTEN,PIC_UKE,2026-10-05T14:01:04+07:00,operator_konten_55
ENT-01858,,DRAFT,2025-08-26T08:26:58+07:00,pengusul_28
ENT-01858,DRAFT,OPERATOR_KONTEN,2026-05-09T23:28:05+07:00,pengusul_28
ENT-01858,OPERATOR_KONTEN,PIC_UKE,2026-09-23T09:13:20+07:00,operator_konten_28
ENT-01859,,DRAFT,2025-08-26T10:08:19+07:00,pengusul_05
ENT-01859,DRAFT,OPERATOR_KONTEN,2026-03-29T02:56:25+07:00,pengusul_05
ENT-01859,OPERATOR_KONTEN,PIC_UKE,2026-09-30T09:21:52+07:00,operator_konten_05
ENT-01860,,DRAFT,2025-08-26T12:50:10+07:00,pengusul_52
ENT-01860,DRAFT,OPERATOR_KONTEN,2025-09-01T15:10:19+07:00,pengusul_52
ENT-01860,OPERATOR_KONTEN,PIC_UKE,2025-09-12T22:08:46+07:00,operator_konten_52
ENT-01860,PIC_UKE,TERVALIDASI,2025-10-23T18:31:21+07:00,pic_uke_52
ENT-01860,TERVALIDASI,PUBLISH,2026-02-05T12:28:19+07:00,operator_konten_52
ENT-01861,,DRAFT,2025-08-27T09:32:01+07:00,pengusul_01
ENT-01861,DRAFT,OPERATOR_KONTEN,2026-09-21T00:19:08+07:00,pengusul_01
ENT-01861,OPERATOR_KONTEN,PIC_UKE,2026-10-07T10:16:52+07:00,operator_konten_01
ENT-01862,,DRAFT,2025-08-27T16:37:01+07:00,pengusul_07
ENT-01862,DRAFT,OPERATOR_KONTEN,2025-09-02T17:52:07+07:00,pengusul_07
ENT-01862,OPERATOR_KONTEN,PIC_UKE,2025-09-10T13:59:35+07:00,operator_konten_07
ENT-01862,PIC_UKE,TERVALIDASI,2025-09-11T09:00:13+07:00,pic_uke_07
ENT-01862,TERVALIDASI,PUBLISH,2025-09-20T15:58:50+07:00,operator_konten_07
ENT-01863,,DRAFT,2025-08-28T10:28:24+07:00,pengusul_30
ENT-01863,DRAFT,OPERATOR_KONTEN,2025-11-07T13:41:53+07:00,pengusul_30
ENT-01863,OPERATOR_KONTEN,PIC_UKE,2026-01-28T20:10:09+07:00,operator_konten_30
ENT-01863,PIC_UKE,TERVALIDASI,2026-02-17T11:59:51+07:00,pic_uke_30
ENT-01863,TERVALIDASI,PUBLISH,2026-06-22T12:37:43+07:00,operator_konten_30
ENT-01864,,DRAFT,2025-08-28T11:06:13+07:00,pengusul_06
ENT-01864,DRAFT,OPERATOR_KONTEN,2025-11-03T02:52:12+07:00,pengusul_06
ENT-01864,OPERATOR_KONTEN,PIC_UKE,2025-12-10T05:15:54+07:00,operator_konten_06
ENT-01864,PIC_UKE,TERVALIDASI,2025-12-19T05:43:19+07:00,pic_uke_06
ENT-01864,TERVALIDASI,PUBLISH,2026-04-09T13:43:15+07:00,operator_konten_06
ENT-01865,,DRAFT,2025-08-28T12:55:40+07:00,pengusul_33
ENT-01865,DRAFT,OPERATOR_KONTEN,2025-09-23T15:14:54+07:00,pengusul_33
ENT-01865,OPERATOR_KONTEN,PIC_UKE,2025-10-07T23:07:52+07:00,operator_konten_33
ENT-01865,PIC_UKE,TERVALIDASI,2025-10-14T05:23:25+07:00,pic_uke_33
ENT-01865,TERVALIDASI,PUBLISH,2025-10-22T08:04:26+07:00,operator_konten_33
ENT-01866,,DRAFT,2025-08-28T13:03:52+07:00,pengusul_65
ENT-01866,DRAFT,OPERATOR_KONTEN,2026-04-28T03:57:08+07:00,pengusul_65
ENT-01866,OPERATOR_KONTEN,DITOLAK_OPERATOR,2026-04-30T10:32:35+07:00,operator_konten_65
ENT-01866,DITOLAK_OPERATOR,DRAFT,2026-10-02T08:28:58+07:00,pengusul_65
ENT-01867,,DRAFT,2025-08-29T10:09:03+07:00,pengusul_32
ENT-01867,DRAFT,OPERATOR_KONTEN,2025-09-20T22:42:52+07:00,pengusul_32
ENT-01867,OPERATOR_KONTEN,PIC_UKE,2026-04-01T23:49:08+07:00,operator_konten_32
ENT-01867,PIC_UKE,TERVALIDASI,2026-05-20T14:11:03+07:00,pic_uke_32
ENT-01867,TERVALIDASI,PUBLISH,2026-06-17T12:59:27+07:00,operator_konten_32
ENT-01868,,DRAFT,2025-08-29T10:51:46+07:00,pengusul_59
ENT-01868,DRAFT,OPERATOR_KONTEN,2025-10-20T05:14:30+07:00,pengusul_59
ENT-01868,OPERATOR_KONTEN,PIC_UKE,2025-10-26T12:37:16+07:00,operator_konten_59
ENT-01868,PIC_UKE,TERVALIDASI,2025-12-26T16:27:02+07:00,pic_uke_59
ENT-01868,TERVALIDASI,PUBLISH,2026-04-01T14:20:01+07:00,operator_konten_59
ENT-01869,,DRAFT,2025-08-29T10:54:37+07:00,pengusul_11
ENT-01869,DRAFT,OPERATOR_KONTEN,2025-09-23T23:41:00+07:00,pengusul_11
ENT-01869,OPERATOR_KONTEN,PIC_UKE,2025-09-24T16:51:14+07:00,operator_konten_11
ENT-01869,PIC_UKE,TERVALIDASI,2025-11-04T18:11:40+07:00,pic_uke_11
ENT-01869,TERVALIDASI,PUBLISH,2026-02-28T10:35:42+07:00,operator_konten_11
ENT-01870,,DRAFT,2025-08-29T13:18:56+07:00,pengusul_34
ENT-01870,DRAFT,OPERATOR_KONTEN,2025-09-16T18:09:02+07:00,pengusul_34
ENT-01870,OPERATOR_KONTEN,PIC_UKE,2026-10-07T09:54:09+07:00,operator_konten_34
ENT-01871,,DRAFT,2025-08-29T13:37:58+07:00,pengusul_07
ENT-01871,DRAFT,OPERATOR_KONTEN,2026-03-25T12:57:45+07:00,pengusul_07
ENT-01871,OPERATOR_KONTEN,DITOLAK_OPERATOR,2026-07-13T13:51:25+07:00,operator_konten_07
ENT-01871,DITOLAK_OPERATOR,DRAFT,2026-10-06T14:34:50+07:00,pengusul_07
ENT-01872,,DRAFT,2025-08-29T15:18:38+07:00,pengusul_48
ENT-01872,DRAFT,OPERATOR_KONTEN,2026-01-09T13:13:04+07:00,pengusul_48
ENT-01872,OPERATOR_KONTEN,PIC_UKE,2026-02-24T13:54:43+07:00,operator_konten_48
ENT-01872,PIC_UKE,TERVALIDASI,2026-04-13T22:08:28+07:00,pic_uke_48
ENT-01872,TERVALIDASI,PUBLISH,2026-04-22T12:38:03+07:00,operator_konten_48
ENT-01873,,DRAFT,2025-08-29T15:56:49+07:00,pengusul_39
ENT-01873,DRAFT,OPERATOR_KONTEN,2026-04-10T15:01:51+07:00,pengusul_39
ENT-01873,OPERATOR_KONTEN,PIC_UKE,2026-09-23T10:32:00+07:00,operator_konten_39
ENT-01874,,DRAFT,2025-08-29T16:05:48+07:00,pengusul_00
ENT-01874,DRAFT,OPERATOR_KONTEN,2025-09-05T11:32:39+07:00,pengusul_00
ENT-01874,OPERATOR_KONTEN,PIC_UKE,2025-10-17T23:17:29+07:00,operator_konten_00
ENT-01874,PIC_UKE,TERVALIDASI,2026-01-23T10:22:07+07:00,pic_uke_00
ENT-01874,TERVALIDASI,PUBLISH,2026-01-29T15:27:13+07:00,operator_konten_00
ENT-01875,,DRAFT,2025-08-30T10:40:24+07:00,pengusul_14
ENT-01875,DRAFT,OPERATOR_KONTEN,2026-09-18T22:43:40+07:00,pengusul_14
ENT-01875,OPERATOR_KONTEN,PIC_UKE,2026-09-29T13:35:39+07:00,operator_konten_14
ENT-01876,,DRAFT,2025-08-30T11:36:37+07:00,pengusul_34
ENT-01876,DRAFT,OPERATOR_KONTEN,2025-09-14T15:42:01+07:00,pengusul_34
ENT-01876,OPERATOR_KONTEN,PIC_UKE,2026-09-07T13:14:33+07:00,operator_konten_34
ENT-01877,,DRAFT,2025-08-30T12:47:42+07:00,pengusul_60
ENT-01877,DRAFT,OPERATOR_KONTEN,2025-10-27T15:36:37+07:00,pengusul_60
ENT-01877,OPERATOR_KONTEN,PIC_UKE,2025-11-06T16:54:06+07:00,operator_konten_60
ENT-01877,PIC_UKE,TERVALIDASI,2026-03-04T10:16:25+07:00,pic_uke_60
ENT-01877,TERVALIDASI,PUBLISH,2026-06-19T12:40:47+07:00,operator_konten_60
ENT-01878,,DRAFT,2025-08-30T12:57:20+07:00,pengusul_50
ENT-01878,DRAFT,OPERATOR_KONTEN,2025-08-31T12:22:08+07:00,pengusul_50
ENT-01878,OPERATOR_KONTEN,PIC_UKE,2025-09-10T22:38:33+07:00,operator_konten_50
ENT-01878,PIC_UKE,TERVALIDASI,2025-09-11T02:28:29+07:00,pic_uke_50
ENT-01878,TERVALIDASI,PUBLISH,2025-09-12T10:20:42+07:00,operator_konten_50
ENT-01879,,DRAFT,2025-08-30T13:05:45+07:00,pengusul_45
ENT-01879,DRAFT,OPERATOR_KONTEN,2026-01-12T13:26:14+07:00,pengusul_45
ENT-01879,OPERATOR_KONTEN,PIC_UKE,2026-09-25T11:09:28+07:00,operator_konten_45
ENT-01880,,DRAFT,2025-08-30T13:06:31+07:00,pengusul_06
ENT-01880,DRAFT,OPERATOR_KONTEN,2025-09-03T12:20:16+07:00,pengusul_06
ENT-01880,OPERATOR_KONTEN,PIC_UKE,2025-10-02T04:21:11+07:00,operator_konten_06
ENT-01880,PIC_UKE,TERVALIDASI,2025-10-25T20:21:08+07:00,pic_uke_06
ENT-01880,TERVALIDASI,PUBLISH,2025-11-15T08:24:47+07:00,operator_konten_06
ENT-01881,,DRAFT,2025-08-30T16:53:36+07:00,pengusul_68
ENT-01881,DRAFT,OPERATOR_KONTEN,2026-01-12T20:34:43+07:00,pengusul_68
ENT-01881,OPERATOR_KONTEN,PIC_UKE,2026-09-29T13:23:59+07:00,operator_konten_68
ENT-01882,,DRAFT,2025-08-31T08:14:49+07:00,pengusul_47
ENT-01882,DRAFT,OPERATOR_KONTEN,2026-07-14T08:04:38+07:00,pengusul_47
ENT-01882,OPERATOR_KONTEN,PIC_UKE,2026-10-06T15:12:25+07:00,operator_konten_47
ENT-01883,,DRAFT,2025-08-31T09:06:45+07:00,pengusul_45
ENT-01883,DRAFT,OPERATOR_KONTEN,2025-10-18T13:25:31+07:00,pengusul_45
ENT-01883,OPERATOR_KONTEN,PIC_UKE,2025-11-15T18:57:31+07:00,operator_konten_45
ENT-01883,PIC_UKE,TERVALIDASI,2025-12-23T11:32:46+07:00,pic_uke_45
ENT-01883,TERVALIDASI,PUBLISH,2026-01-16T09:22:52+07:00,operator_konten_45
ENT-01884,,DRAFT,2025-08-31T13:19:36+07:00,pengusul_58
ENT-01884,DRAFT,OPERATOR_KONTEN,2025-09-03T17:46:36+07:00,pengusul_58
ENT-01884,OPERATOR_KONTEN,PIC_UKE,2025-10-11T05:07:16+07:00,operator_konten_58
ENT-01884,PIC_UKE,TERVALIDASI,2025-11-08T01:58:51+07:00,pic_uke_58
ENT-01884,TERVALIDASI,PUBLISH,2025-11-30T13:45:26+07:00,operator_konten_58
ENT-01885,,DRAFT,2025-08-31T16:22:06+07:00,pengusul_36
ENT-01885,DRAFT,OPERATOR_KONTEN,2026-09-30T12:10:03+07:00,pengusul_36
ENT-01886,,DRAFT,2025-09-01T09:00:15+07:00,pengusul_13
ENT-01886,DRAFT,OPERATOR_KONTEN,2025-09-14T15:03:42+07:00,pengusul_13
ENT-01886,OPERATOR_KONTEN,PIC_UKE,2025-10-21T15:16:52+07:00,operator_konten_13
ENT-01886,PIC_UKE,TERVALIDASI,2025-10-28T21:55:42+07:00,pic_uke_13
ENT-01886,TERVALIDASI,PUBLISH,2025-11-22T10:54:18+07:00,operator_konten_13
ENT-01887,,DRAFT,2025-09-01T09:26:13+07:00,pengusul_47
ENT-01887,DRAFT,OPERATOR_KONTEN,2025-09-22T10:06:00+07:00,pengusul_47
ENT-01887,OPERATOR_KONTEN,PIC_UKE,2025-09-28T12:47:51+07:00,operator_konten_47
ENT-01887,PIC_UKE,TERVALIDASI,2025-10-05T00:31:54+07:00,pic_uke_47
ENT-01887,TERVALIDASI,PUBLISH,2025-10-20T10:15:13+07:00,operator_konten_47
ENT-01888,,DRAFT,2025-09-01T10:22:54+07:00,pengusul_20
ENT-01888,DRAFT,OPERATOR_KONTEN,2025-09-05T04:06:11+07:00,pengusul_20
ENT-01888,OPERATOR_KONTEN,PIC_UKE,2025-09-07T17:44:23+07:00,operator_konten_20
ENT-01888,PIC_UKE,TERVALIDASI,2025-09-07T20:55:30+07:00,pic_uke_20
ENT-01888,TERVALIDASI,PUBLISH,2025-09-27T15:49:01+07:00,operator_konten_20
ENT-01889,,DRAFT,2025-09-01T15:03:14+07:00,pengusul_45
ENT-01889,DRAFT,OPERATOR_KONTEN,2026-02-27T16:51:58+07:00,pengusul_45
ENT-01889,OPERATOR_KONTEN,PIC_UKE,2026-10-02T09:46:30+07:00,operator_konten_45
ENT-01890,,DRAFT,2025-09-02T08:07:47+07:00,pengusul_35
ENT-01890,DRAFT,OPERATOR_KONTEN,2025-09-06T02:09:51+07:00,pengusul_35
ENT-01890,OPERATOR_KONTEN,PIC_UKE,2025-09-06T07:13:15+07:00,operator_konten_35
ENT-01890,PIC_UKE,TERVALIDASI,2025-09-10T00:53:57+07:00,pic_uke_35
ENT-01890,TERVALIDASI,PUBLISH,2025-10-03T08:41:42+07:00,operator_konten_35
ENT-01891,,DRAFT,2025-09-02T08:59:28+07:00,pengusul_64
ENT-01891,DRAFT,OPERATOR_KONTEN,2025-09-15T22:54:18+07:00,pengusul_64
ENT-01891,OPERATOR_KONTEN,PIC_UKE,2025-09-17T02:32:45+07:00,operator_konten_64
ENT-01891,PIC_UKE,TERVALIDASI,2025-10-08T13:12:28+07:00,pic_uke_64
ENT-01891,TERVALIDASI,PUBLISH,2025-10-10T16:43:26+07:00,operator_konten_64
ENT-01892,,DRAFT,2025-09-02T09:58:22+07:00,pengusul_60
ENT-01892,DRAFT,OPERATOR_KONTEN,2025-09-14T05:22:16+07:00,pengusul_60
ENT-01892,OPERATOR_KONTEN,PIC_UKE,2025-10-20T18:07:49+07:00,operator_konten_60
ENT-01892,PIC_UKE,TERVALIDASI,2026-02-06T21:45:08+07:00,pic_uke_60
ENT-01892,TERVALIDASI,PUBLISH,2026-06-28T10:51:03+07:00,operator_konten_60
ENT-01893,,DRAFT,2025-09-02T12:55:02+07:00,pengusul_32
ENT-01893,DRAFT,OPERATOR_KONTEN,2025-12-07T09:54:58+07:00,pengusul_32
ENT-01893,OPERATOR_KONTEN,PIC_UKE,2025-12-23T14:45:56+07:00,operator_konten_32
ENT-01893,PIC_UKE,TERVALIDASI,2026-03-18T16:02:58+07:00,pic_uke_32
ENT-01893,TERVALIDASI,PUBLISH,2026-03-26T12:19:06+07:00,operator_konten_32
ENT-01894,,DRAFT,2025-09-02T15:46:18+07:00,pengusul_17
ENT-01894,DRAFT,OPERATOR_KONTEN,2025-12-03T11:05:32+07:00,pengusul_17
ENT-01894,OPERATOR_KONTEN,PIC_UKE,2026-09-18T10:09:02+07:00,operator_konten_17
ENT-01895,,DRAFT,2025-09-03T11:34:36+07:00,pengusul_48
ENT-01895,DRAFT,OPERATOR_KONTEN,2025-12-15T17:04:32+07:00,pengusul_48
ENT-01895,OPERATOR_KONTEN,DITOLAK_OPERATOR,2026-07-05T13:20:23+07:00,operator_konten_48
ENT-01895,DITOLAK_OPERATOR,DRAFT,2026-09-25T13:19:07+07:00,pengusul_48
ENT-01896,,DRAFT,2025-09-04T09:48:42+07:00,pengusul_18
ENT-01896,DRAFT,OPERATOR_KONTEN,2025-12-01T19:56:04+07:00,pengusul_18
ENT-01896,OPERATOR_KONTEN,PIC_UKE,2026-10-02T13:34:37+07:00,operator_konten_18
ENT-01897,,DRAFT,2025-09-04T16:03:10+07:00,pengusul_54
ENT-01897,DRAFT,OPERATOR_KONTEN,2025-09-10T09:31:58+07:00,pengusul_54
ENT-01897,OPERATOR_KONTEN,PIC_UKE,2025-09-16T15:09:12+07:00,operator_konten_54
ENT-01897,PIC_UKE,TERVALIDASI,2025-09-23T11:17:41+07:00,pic_uke_54
ENT-01897,TERVALIDASI,PUBLISH,2025-09-26T14:55:44+07:00,operator_konten_54
ENT-01898,,DRAFT,2025-09-05T08:16:59+07:00,pengusul_42
ENT-01898,DRAFT,OPERATOR_KONTEN,2026-03-27T01:38:14+07:00,pengusul_42
ENT-01898,OPERATOR_KONTEN,PIC_UKE,2026-10-08T12:44:56+07:00,operator_konten_42
ENT-01899,,DRAFT,2025-09-05T11:19:13+07:00,pengusul_19
ENT-01899,DRAFT,OPERATOR_KONTEN,2026-08-06T13:56:08+07:00,pengusul_19
ENT-01899,OPERATOR_KONTEN,PIC_UKE,2026-10-06T13:41:49+07:00,operator_konten_19
ENT-01900,,DRAFT,2025-09-06T11:59:39+07:00,pengusul_54
ENT-01900,DRAFT,OPERATOR_KONTEN,2026-02-08T21:20:40+07:00,pengusul_54
ENT-01900,OPERATOR_KONTEN,PIC_UKE,2026-09-08T14:58:39+07:00,operator_konten_54
ENT-01901,,DRAFT,2025-09-07T10:02:47+07:00,pengusul_37
ENT-01901,DRAFT,OPERATOR_KONTEN,2025-10-27T14:10:05+07:00,pengusul_37
ENT-01901,OPERATOR_KONTEN,PIC_UKE,2025-12-10T20:37:25+07:00,operator_konten_37
ENT-01901,PIC_UKE,TERVALIDASI,2026-01-13T10:44:42+07:00,pic_uke_37
ENT-01901,TERVALIDASI,PUBLISH,2026-01-21T11:23:02+07:00,operator_konten_37
ENT-01902,,DRAFT,2025-09-08T10:28:21+07:00,pengusul_16
ENT-01902,DRAFT,OPERATOR_KONTEN,2026-01-16T22:50:12+07:00,pengusul_16
ENT-01902,OPERATOR_KONTEN,PIC_UKE,2026-03-20T07:12:45+07:00,operator_konten_16
ENT-01902,PIC_UKE,TERVALIDASI,2026-04-07T11:15:52+07:00,pic_uke_16
ENT-01902,TERVALIDASI,PUBLISH,2026-05-17T11:45:56+07:00,operator_konten_16
ENT-01903,,DRAFT,2025-09-08T10:38:04+07:00,pengusul_60
ENT-01903,DRAFT,OPERATOR_KONTEN,2026-01-26T18:25:03+07:00,pengusul_60
ENT-01903,OPERATOR_KONTEN,PIC_UKE,2026-10-05T13:22:01+07:00,operator_konten_60
ENT-01904,,DRAFT,2025-09-08T11:39:21+07:00,pengusul_66
ENT-01904,DRAFT,OPERATOR_KONTEN,2025-10-27T19:49:54+07:00,pengusul_66
ENT-01904,OPERATOR_KONTEN,PIC_UKE,2025-12-01T14:31:08+07:00,operator_konten_66
ENT-01904,PIC_UKE,TERVALIDASI,2026-02-02T11:12:21+07:00,pic_uke_66
ENT-01904,TERVALIDASI,PUBLISH,2026-02-18T10:31:10+07:00,operator_konten_66
ENT-01905,,DRAFT,2025-09-08T12:12:20+07:00,pengusul_63
ENT-01905,DRAFT,OPERATOR_KONTEN,2025-09-20T01:02:18+07:00,pengusul_63
ENT-01905,OPERATOR_KONTEN,PIC_UKE,2025-09-26T10:01:43+07:00,operator_konten_63
ENT-01905,PIC_UKE,TERVALIDASI,2025-10-16T06:52:08+07:00,pic_uke_63
ENT-01905,TERVALIDASI,PUBLISH,2025-10-20T12:47:11+07:00,operator_konten_63
ENT-01906,,DRAFT,2025-09-08T12:28:07+07:00,pengusul_39
ENT-01906,DRAFT,OPERATOR_KONTEN,2025-09-10T05:37:50+07:00,pengusul_39
ENT-01906,OPERATOR_KONTEN,PIC_UKE,2025-09-10T10:14:45+07:00,operator_konten_39
ENT-01906,PIC_UKE,TERVALIDASI,2025-09-10T12:56:40+07:00,pic_uke_39
ENT-01906,TERVALIDASI,PUBLISH,2025-09-13T08:14:26+07:00,operator_konten_39
ENT-01907,,DRAFT,2025-09-08T16:02:52+07:00,pengusul_60
ENT-01907,DRAFT,OPERATOR_KONTEN,2025-09-27T19:36:59+07:00,pengusul_60
ENT-01907,OPERATOR_KONTEN,PIC_UKE,2025-09-28T09:32:26+07:00,operator_konten_60
ENT-01907,PIC_UKE,TERVALIDASI,2025-09-29T07:33:05+07:00,pic_uke_60
ENT-01907,TERVALIDASI,PUBLISH,2025-10-04T15:35:08+07:00,operator_konten_60
ENT-01908,,DRAFT,2025-09-09T08:54:40+07:00,pengusul_41
ENT-01908,DRAFT,OPERATOR_KONTEN,2026-09-02T19:40:46+07:00,pengusul_41
ENT-01908,OPERATOR_KONTEN,PIC_UKE,2026-09-18T09:46:29+07:00,operator_konten_41
ENT-01909,,DRAFT,2025-09-09T09:23:15+07:00,pengusul_21
ENT-01909,DRAFT,OPERATOR_KONTEN,2026-09-10T17:16:55+07:00,pengusul_21
ENT-01909,OPERATOR_KONTEN,PIC_UKE,2026-10-05T13:51:38+07:00,operator_konten_21
ENT-01910,,DRAFT,2025-09-09T10:30:50+07:00,pengusul_19
ENT-01910,DRAFT,OPERATOR_KONTEN,2025-10-25T14:45:14+07:00,pengusul_19
ENT-01910,OPERATOR_KONTEN,PIC_UKE,2026-10-06T12:18:14+07:00,operator_konten_19
ENT-01911,,DRAFT,2025-09-09T10:44:17+07:00,pengusul_10
ENT-01911,DRAFT,OPERATOR_KONTEN,2026-10-07T09:49:58+07:00,pengusul_10
ENT-01912,,DRAFT,2025-09-09T14:32:55+07:00,pengusul_35
ENT-01912,DRAFT,OPERATOR_KONTEN,2025-09-16T08:33:59+07:00,pengusul_35
ENT-01912,OPERATOR_KONTEN,PIC_UKE,2025-12-27T21:04:14+07:00,operator_konten_35
ENT-01912,PIC_UKE,TERVALIDASI,2026-01-16T05:43:51+07:00,pic_uke_35
ENT-01912,TERVALIDASI,PUBLISH,2026-03-02T11:43:25+07:00,operator_konten_35
ENT-01913,,DRAFT,2025-09-09T15:25:47+07:00,pengusul_12
ENT-01913,DRAFT,OPERATOR_KONTEN,2025-09-14T18:26:05+07:00,pengusul_12
ENT-01913,OPERATOR_KONTEN,PIC_UKE,2025-10-02T05:19:45+07:00,operator_konten_12
ENT-01913,PIC_UKE,TERVALIDASI,2025-10-13T04:58:30+07:00,pic_uke_12
ENT-01913,TERVALIDASI,PUBLISH,2025-12-04T12:56:16+07:00,operator_konten_12
ENT-01914,,DRAFT,2025-09-09T16:46:56+07:00,pengusul_12
ENT-01914,DRAFT,OPERATOR_KONTEN,2025-11-20T09:28:57+07:00,pengusul_12
ENT-01914,OPERATOR_KONTEN,PIC_UKE,2026-01-21T19:29:31+07:00,operator_konten_12
ENT-01914,PIC_UKE,TERVALIDASI,2026-02-24T11:26:34+07:00,pic_uke_12
ENT-01914,TERVALIDASI,PUBLISH,2026-03-26T15:16:27+07:00,operator_konten_12
ENT-01915,,DRAFT,2025-09-11T15:49:02+07:00,pengusul_44
ENT-01915,DRAFT,OPERATOR_KONTEN,2026-03-25T18:21:18+07:00,pengusul_44
ENT-01915,OPERATOR_KONTEN,DITOLAK_OPERATOR,2026-07-01T02:20:16+07:00,operator_konten_44
ENT-01915,DITOLAK_OPERATOR,DRAFT,2026-10-05T14:21:12+07:00,pengusul_44
ENT-01916,,DRAFT,2025-09-11T16:03:34+07:00,pengusul_59
ENT-01916,DRAFT,OPERATOR_KONTEN,2026-07-26T13:17:17+07:00,pengusul_59
ENT-01916,OPERATOR_KONTEN,DITOLAK_OPERATOR,2026-08-28T14:14:57+07:00,operator_konten_59
ENT-01916,DITOLAK_OPERATOR,DRAFT,2026-10-07T08:01:33+07:00,pengusul_59
ENT-01917,,DRAFT,2025-09-12T09:59:00+07:00,pengusul_43
ENT-01917,DRAFT,OPERATOR_KONTEN,2025-09-18T01:46:28+07:00,pengusul_43
ENT-01917,OPERATOR_KONTEN,PIC_UKE,2025-09-30T12:52:33+07:00,operator_konten_43
ENT-01917,PIC_UKE,TERVALIDASI,2025-10-06T13:54:12+07:00,pic_uke_43
ENT-01917,TERVALIDASI,PUBLISH,2025-10-07T13:00:27+07:00,operator_konten_43
ENT-01918,,DRAFT,2025-09-12T10:36:09+07:00,pengusul_63
ENT-01918,DRAFT,OPERATOR_KONTEN,2025-10-19T18:46:48+07:00,pengusul_63
ENT-01918,OPERATOR_KONTEN,PIC_UKE,2025-12-31T04:07:21+07:00,operator_konten_63
ENT-01918,PIC_UKE,TERVALIDASI,2026-02-25T01:30:11+07:00,pic_uke_63
ENT-01918,TERVALIDASI,PUBLISH,2026-04-21T12:02:27+07:00,operator_konten_63
ENT-01919,,DRAFT,2025-09-13T14:01:25+07:00,pengusul_43
ENT-01919,DRAFT,OPERATOR_KONTEN,2025-09-30T13:11:07+07:00,pengusul_43
ENT-01919,OPERATOR_KONTEN,PIC_UKE,2025-10-10T23:35:07+07:00,operator_konten_43
ENT-01919,PIC_UKE,TERVALIDASI,2025-10-13T08:24:04+07:00,pic_uke_43
ENT-01919,TERVALIDASI,PUBLISH,2026-02-13T11:33:03+07:00,operator_konten_43
ENT-01920,,DRAFT,2025-09-13T16:35:47+07:00,pengusul_59
ENT-01920,DRAFT,OPERATOR_KONTEN,2025-10-08T17:04:01+07:00,pengusul_59
ENT-01920,OPERATOR_KONTEN,PIC_UKE,2025-11-06T02:07:51+07:00,operator_konten_59
ENT-01920,PIC_UKE,TERVALIDASI,2025-11-08T21:21:19+07:00,pic_uke_59
ENT-01920,TERVALIDASI,PUBLISH,2025-11-10T11:43:06+07:00,operator_konten_59
ENT-01921,,DRAFT,2025-09-14T10:58:41+07:00,pengusul_27
ENT-01921,DRAFT,OPERATOR_KONTEN,2025-12-20T17:39:00+07:00,pengusul_27
ENT-01921,OPERATOR_KONTEN,PIC_UKE,2026-01-06T22:27:25+07:00,operator_konten_27
ENT-01921,PIC_UKE,TERVALIDASI,2026-02-14T11:06:56+07:00,pic_uke_27
ENT-01921,TERVALIDASI,PUBLISH,2026-07-02T14:23:30+07:00,operator_konten_27
ENT-01922,,DRAFT,2025-09-14T12:08:54+07:00,pengusul_23
ENT-01922,DRAFT,OPERATOR_KONTEN,2025-11-25T03:30:56+07:00,pengusul_23
ENT-01922,OPERATOR_KONTEN,PIC_UKE,2026-09-25T11:29:46+07:00,operator_konten_23
ENT-01923,,DRAFT,2025-09-14T15:08:59+07:00,pengusul_16
ENT-01923,DRAFT,OPERATOR_KONTEN,2025-09-18T03:02:27+07:00,pengusul_16
ENT-01923,OPERATOR_KONTEN,PIC_UKE,2025-09-22T14:06:52+07:00,operator_konten_16
ENT-01923,PIC_UKE,TERVALIDASI,2025-10-11T05:15:01+07:00,pic_uke_16
ENT-01923,TERVALIDASI,PUBLISH,2025-10-13T13:03:33+07:00,operator_konten_16
ENT-01924,,DRAFT,2025-09-14T16:19:36+07:00,pengusul_17
ENT-01924,DRAFT,OPERATOR_KONTEN,2025-10-13T07:30:35+07:00,pengusul_17
ENT-01924,OPERATOR_KONTEN,PIC_UKE,2025-10-16T04:17:19+07:00,operator_konten_17
ENT-01924,PIC_UKE,TERVALIDASI,2025-10-30T13:39:03+07:00,pic_uke_17
ENT-01924,TERVALIDASI,PUBLISH,2026-03-15T11:46:28+07:00,operator_konten_17
ENT-01925,,DRAFT,2025-09-15T15:48:29+07:00,pengusul_02
ENT-01925,DRAFT,OPERATOR_KONTEN,2025-11-19T04:04:59+07:00,pengusul_02
ENT-01925,OPERATOR_KONTEN,PIC_UKE,2025-11-27T20:50:03+07:00,operator_konten_02
ENT-01925,PIC_UKE,TERVALIDASI,2026-01-20T15:06:20+07:00,pic_uke_02
ENT-01925,TERVALIDASI,PUBLISH,2026-06-11T14:35:21+07:00,operator_konten_02
ENT-01926,,DRAFT,2025-09-16T08:21:42+07:00,pengusul_22
ENT-01926,DRAFT,OPERATOR_KONTEN,2025-09-22T08:44:28+07:00,pengusul_22
ENT-01926,OPERATOR_KONTEN,PIC_UKE,2025-09-26T08:36:36+07:00,operator_konten_22
ENT-01926,PIC_UKE,TERVALIDASI,2025-09-27T17:02:07+07:00,pic_uke_22
ENT-01926,TERVALIDASI,PUBLISH,2025-09-29T08:37:54+07:00,operator_konten_22
ENT-01927,,DRAFT,2025-09-16T12:47:34+07:00,pengusul_25
ENT-01927,DRAFT,OPERATOR_KONTEN,2025-11-10T18:48:04+07:00,pengusul_25
ENT-01927,OPERATOR_KONTEN,PIC_UKE,2026-10-05T09:01:14+07:00,operator_konten_25
ENT-01928,,DRAFT,2025-09-17T13:27:43+07:00,pengusul_12
ENT-01928,DRAFT,OPERATOR_KONTEN,2025-10-06T02:13:25+07:00,pengusul_12
ENT-01928,OPERATOR_KONTEN,PIC_UKE,2025-11-25T14:25:49+07:00,operator_konten_12
ENT-01928,PIC_UKE,TERVALIDASI,2026-01-09T09:55:14+07:00,pic_uke_12
ENT-01928,TERVALIDASI,PUBLISH,2026-02-01T08:01:12+07:00,operator_konten_12
ENT-01929,,DRAFT,2025-09-17T14:09:27+07:00,pengusul_27
ENT-01929,DRAFT,OPERATOR_KONTEN,2026-01-11T11:26:17+07:00,pengusul_27
ENT-01929,OPERATOR_KONTEN,PIC_UKE,2026-09-29T12:08:43+07:00,operator_konten_27
ENT-01930,,DRAFT,2025-09-17T14:20:13+07:00,pengusul_13
ENT-01930,DRAFT,OPERATOR_KONTEN,2025-11-02T10:25:00+07:00,pengusul_13
ENT-01930,OPERATOR_KONTEN,PIC_UKE,2025-11-03T01:20:47+07:00,operator_konten_13
ENT-01930,PIC_UKE,TERVALIDASI,2025-12-15T02:49:12+07:00,pic_uke_13
ENT-01930,TERVALIDASI,PUBLISH,2026-04-22T09:12:58+07:00,operator_konten_13
ENT-01931,,DRAFT,2025-09-17T15:21:24+07:00,pengusul_63
ENT-01931,DRAFT,OPERATOR_KONTEN,2025-10-25T10:31:59+07:00,pengusul_63
ENT-01931,OPERATOR_KONTEN,PIC_UKE,2025-11-09T06:08:56+07:00,operator_konten_63
ENT-01931,PIC_UKE,TERVALIDASI,2025-11-26T11:53:56+07:00,pic_uke_63
ENT-01931,TERVALIDASI,PUBLISH,2025-12-03T15:18:08+07:00,operator_konten_63
ENT-01931,PUBLISH,UNPUBLISH,2026-01-13T12:23:29+07:00,admin_63
ENT-01932,,DRAFT,2025-09-18T08:03:29+07:00,pengusul_07
ENT-01932,DRAFT,OPERATOR_KONTEN,2025-10-07T08:58:56+07:00,pengusul_07
ENT-01932,OPERATOR_KONTEN,PIC_UKE,2025-12-24T07:15:03+07:00,operator_konten_07
ENT-01932,PIC_UKE,TERVALIDASI,2026-01-13T00:41:58+07:00,pic_uke_07
ENT-01932,TERVALIDASI,PUBLISH,2026-04-18T11:22:04+07:00,operator_konten_07
ENT-01933,,DRAFT,2025-09-19T14:00:25+07:00,pengusul_07
ENT-01933,DRAFT,OPERATOR_KONTEN,2025-11-15T11:32:57+07:00,pengusul_07
ENT-01933,OPERATOR_KONTEN,PIC_UKE,2026-01-01T02:08:17+07:00,operator_konten_07
ENT-01933,PIC_UKE,TERVALIDASI,2026-02-05T20:14:32+07:00,pic_uke_07
ENT-01933,TERVALIDASI,PUBLISH,2026-02-24T14:03:05+07:00,operator_konten_07
ENT-01934,,DRAFT,2025-09-19T15:30:29+07:00,pengusul_48
ENT-01934,DRAFT,OPERATOR_KONTEN,2026-02-23T22:37:23+07:00,pengusul_48
ENT-01934,OPERATOR_KONTEN,PIC_UKE,2026-10-08T12:47:34+07:00,operator_konten_48
ENT-01935,,DRAFT,2025-09-20T09:35:15+07:00,pengusul_27
ENT-01935,DRAFT,OPERATOR_KONTEN,2025-11-12T14:29:07+07:00,pengusul_27
ENT-01935,OPERATOR_KONTEN,PIC_UKE,2026-09-25T12:29:44+07:00,operator_konten_27
ENT-01936,,DRAFT,2025-09-20T09:36:25+07:00,pengusul_66
ENT-01936,DRAFT,OPERATOR_KONTEN,2025-12-27T14:30:34+07:00,pengusul_66
ENT-01936,OPERATOR_KONTEN,PIC_UKE,2026-09-07T12:59:43+07:00,operator_konten_66
ENT-01937,,DRAFT,2025-09-20T11:48:05+07:00,pengusul_60
ENT-01937,DRAFT,OPERATOR_KONTEN,2025-12-19T02:52:54+07:00,pengusul_60
ENT-01937,OPERATOR_KONTEN,PIC_UKE,2026-03-01T08:21:34+07:00,operator_konten_60
ENT-01937,PIC_UKE,TERVALIDASI,2026-03-28T22:52:30+07:00,pic_uke_60
ENT-01937,TERVALIDASI,PUBLISH,2026-05-24T15:28:03+07:00,operator_konten_60
ENT-01938,,DRAFT,2025-09-20T15:53:19+07:00,pengusul_42
ENT-01938,DRAFT,OPERATOR_KONTEN,2025-10-31T12:28:17+07:00,pengusul_42
ENT-01938,OPERATOR_KONTEN,PIC_UKE,2026-09-23T13:30:25+07:00,operator_konten_42
ENT-01939,,DRAFT,2025-09-21T13:14:20+07:00,pengusul_16
ENT-01939,DRAFT,OPERATOR_KONTEN,2026-09-29T15:53:13+07:00,pengusul_16
ENT-01940,,DRAFT,2025-09-21T13:19:22+07:00,pengusul_40
ENT-01940,DRAFT,OPERATOR_KONTEN,2025-10-08T06:01:50+07:00,pengusul_40
ENT-01940,OPERATOR_KONTEN,PIC_UKE,2025-10-30T10:09:34+07:00,operator_konten_40
ENT-01940,PIC_UKE,TERVALIDASI,2025-12-02T09:45:11+07:00,pic_uke_40
ENT-01940,TERVALIDASI,PUBLISH,2025-12-18T10:05:49+07:00,operator_konten_40
ENT-01941,,DRAFT,2025-09-22T13:12:25+07:00,pengusul_51
ENT-01941,DRAFT,OPERATOR_KONTEN,2025-10-18T13:24:13+07:00,pengusul_51
ENT-01941,OPERATOR_KONTEN,PIC_UKE,2025-11-28T17:28:25+07:00,operator_konten_51
ENT-01941,PIC_UKE,TERVALIDASI,2025-12-30T05:05:01+07:00,pic_uke_51
ENT-01941,TERVALIDASI,PUBLISH,2026-01-02T11:56:25+07:00,operator_konten_51
ENT-01942,,DRAFT,2025-09-22T16:34:11+07:00,pengusul_22
ENT-01942,DRAFT,OPERATOR_KONTEN,2025-09-29T12:50:56+07:00,pengusul_22
ENT-01942,OPERATOR_KONTEN,PIC_UKE,2025-10-21T13:54:54+07:00,operator_konten_22
ENT-01942,PIC_UKE,TERVALIDASI,2026-02-07T03:10:05+07:00,pic_uke_22
ENT-01942,TERVALIDASI,PUBLISH,2026-02-15T09:33:44+07:00,operator_konten_22
ENT-01943,,DRAFT,2025-09-23T08:34:42+07:00,pengusul_48
ENT-01943,DRAFT,OPERATOR_KONTEN,2025-09-25T12:26:33+07:00,pengusul_48
ENT-01943,OPERATOR_KONTEN,PIC_UKE,2025-10-25T13:38:14+07:00,operator_konten_48
ENT-01943,PIC_UKE,TERVALIDASI,2025-11-21T17:37:59+07:00,pic_uke_48
ENT-01943,TERVALIDASI,PUBLISH,2025-11-29T14:04:18+07:00,operator_konten_48
ENT-01944,,DRAFT,2025-09-23T13:59:39+07:00,pengusul_22
ENT-01944,DRAFT,OPERATOR_KONTEN,2025-11-10T21:27:49+07:00,pengusul_22
ENT-01944,OPERATOR_KONTEN,PIC_UKE,2025-12-23T10:03:15+07:00,operator_konten_22
ENT-01944,PIC_UKE,TERVALIDASI,2026-01-30T15:40:35+07:00,pic_uke_22
ENT-01944,TERVALIDASI,PUBLISH,2026-07-16T12:27:31+07:00,operator_konten_22
ENT-01945,,DRAFT,2025-09-24T11:25:47+07:00,pengusul_60
ENT-01945,DRAFT,OPERATOR_KONTEN,2026-07-04T09:39:38+07:00,pengusul_60
ENT-01945,OPERATOR_KONTEN,PIC_UKE,2026-10-01T13:07:11+07:00,operator_konten_60
ENT-01946,,DRAFT,2025-09-24T14:27:08+07:00,pengusul_39
ENT-01946,DRAFT,OPERATOR_KONTEN,2026-03-13T21:38:14+07:00,pengusul_39
ENT-01946,OPERATOR_KONTEN,PIC_UKE,2026-04-16T11:34:32+07:00,operator_konten_39
ENT-01946,PIC_UKE,TERVALIDASI,2026-05-07T21:49:46+07:00,pic_uke_39
ENT-01946,TERVALIDASI,PUBLISH,2026-06-03T14:04:49+07:00,operator_konten_39
ENT-01947,,DRAFT,2025-09-25T10:58:20+07:00,pengusul_05
ENT-01947,DRAFT,OPERATOR_KONTEN,2025-10-10T18:30:24+07:00,pengusul_05
ENT-01947,OPERATOR_KONTEN,PIC_UKE,2025-11-30T14:10:20+07:00,operator_konten_05
ENT-01947,PIC_UKE,TERVALIDASI,2026-03-03T14:13:52+07:00,pic_uke_05
ENT-01947,TERVALIDASI,PUBLISH,2026-04-25T12:38:04+07:00,operator_konten_05
ENT-01948,,DRAFT,2025-09-25T14:02:54+07:00,pengusul_43
ENT-01948,DRAFT,OPERATOR_KONTEN,2025-11-15T03:30:19+07:00,pengusul_43
ENT-01948,OPERATOR_KONTEN,PIC_UKE,2025-12-08T00:09:49+07:00,operator_konten_43
ENT-01948,PIC_UKE,TERVALIDASI,2025-12-08T23:03:57+07:00,pic_uke_43
ENT-01948,TERVALIDASI,PUBLISH,2026-01-08T10:58:53+07:00,operator_konten_43
ENT-01949,,DRAFT,2025-09-25T14:16:19+07:00,pengusul_25
ENT-01949,DRAFT,OPERATOR_KONTEN,2025-10-04T11:14:22+07:00,pengusul_25
ENT-01949,OPERATOR_KONTEN,PIC_UKE,2025-10-05T17:58:38+07:00,operator_konten_25
ENT-01949,PIC_UKE,TERVALIDASI,2025-11-08T11:25:49+07:00,pic_uke_25
ENT-01949,TERVALIDASI,PUBLISH,2026-02-15T14:06:34+07:00,operator_konten_25
ENT-01950,,DRAFT,2025-09-26T10:32:38+07:00,pengusul_24
ENT-01950,DRAFT,OPERATOR_KONTEN,2026-05-24T19:45:58+07:00,pengusul_24
ENT-01950,OPERATOR_KONTEN,PIC_UKE,2026-09-04T15:55:28+07:00,operator_konten_24
ENT-01951,,DRAFT,2025-09-26T10:50:46+07:00,pengusul_15
ENT-01951,DRAFT,OPERATOR_KONTEN,2026-09-10T08:18:25+07:00,pengusul_15
ENT-01951,OPERATOR_KONTEN,PIC_UKE,2026-09-30T13:37:09+07:00,operator_konten_15
ENT-01952,,DRAFT,2025-09-26T11:30:00+07:00,pengusul_63
ENT-01952,DRAFT,OPERATOR_KONTEN,2025-10-17T04:53:10+07:00,pengusul_63
ENT-01952,OPERATOR_KONTEN,PIC_UKE,2026-09-17T15:49:37+07:00,operator_konten_63
ENT-01953,,DRAFT,2025-09-26T13:59:16+07:00,pengusul_17
ENT-01953,DRAFT,OPERATOR_KONTEN,2025-10-05T16:23:32+07:00,pengusul_17
ENT-01953,OPERATOR_KONTEN,PIC_UKE,2025-10-28T11:46:26+07:00,operator_konten_17
ENT-01953,PIC_UKE,TERVALIDASI,2025-10-30T05:59:06+07:00,pic_uke_17
ENT-01953,TERVALIDASI,PUBLISH,2025-12-02T12:51:44+07:00,operator_konten_17
ENT-01954,,DRAFT,2025-09-26T14:13:01+07:00,pengusul_07
ENT-01954,DRAFT,OPERATOR_KONTEN,2025-11-05T17:53:16+07:00,pengusul_07
ENT-01954,OPERATOR_KONTEN,PIC_UKE,2025-11-10T15:49:17+07:00,operator_konten_07
ENT-01954,PIC_UKE,TERVALIDASI,2025-11-11T01:35:52+07:00,pic_uke_07
ENT-01954,TERVALIDASI,PUBLISH,2026-01-09T13:18:04+07:00,operator_konten_07
ENT-01955,,DRAFT,2025-09-26T16:59:37+07:00,pengusul_17
ENT-01955,DRAFT,OPERATOR_KONTEN,2025-12-09T20:28:36+07:00,pengusul_17
ENT-01955,OPERATOR_KONTEN,PIC_UKE,2026-01-23T18:45:35+07:00,operator_konten_17
ENT-01955,PIC_UKE,TERVALIDASI,2026-02-01T13:24:47+07:00,pic_uke_17
ENT-01955,TERVALIDASI,PUBLISH,2026-04-13T13:45:28+07:00,operator_konten_17
ENT-01956,,DRAFT,2025-09-27T08:22:01+07:00,pengusul_22
ENT-01956,DRAFT,OPERATOR_KONTEN,2026-09-05T09:15:11+07:00,pengusul_22
ENT-01956,OPERATOR_KONTEN,PIC_UKE,2026-10-07T09:41:30+07:00,operator_konten_22
ENT-01957,,DRAFT,2025-09-27T09:04:32+07:00,pengusul_58
ENT-01957,DRAFT,OPERATOR_KONTEN,2025-10-24T06:15:33+07:00,pengusul_58
ENT-01957,OPERATOR_KONTEN,PIC_UKE,2026-01-08T11:38:48+07:00,operator_konten_58
ENT-01957,PIC_UKE,TERVALIDASI,2026-01-31T08:58:36+07:00,pic_uke_58
ENT-01957,TERVALIDASI,PUBLISH,2026-02-04T09:27:38+07:00,operator_konten_58
ENT-01958,,DRAFT,2025-09-27T12:57:50+07:00,pengusul_00
ENT-01958,DRAFT,OPERATOR_KONTEN,2026-05-20T07:11:01+07:00,pengusul_00
ENT-01958,OPERATOR_KONTEN,PIC_UKE,2026-09-08T11:49:06+07:00,operator_konten_00
ENT-01959,,DRAFT,2025-09-27T14:20:35+07:00,pengusul_13
ENT-01959,DRAFT,OPERATOR_KONTEN,2025-11-30T00:23:03+07:00,pengusul_13
ENT-01959,OPERATOR_KONTEN,PIC_UKE,2025-12-15T10:02:14+07:00,operator_konten_13
ENT-01959,PIC_UKE,TERVALIDASI,2026-01-30T21:26:05+07:00,pic_uke_13
ENT-01959,TERVALIDASI,PUBLISH,2026-03-27T09:54:45+07:00,operator_konten_13
ENT-01960,,DRAFT,2025-09-27T14:34:18+07:00,pengusul_07
ENT-01960,DRAFT,OPERATOR_KONTEN,2025-10-05T18:34:22+07:00,pengusul_07
ENT-01960,OPERATOR_KONTEN,PIC_UKE,2025-11-06T13:49:05+07:00,operator_konten_07
ENT-01960,PIC_UKE,TERVALIDASI,2025-12-03T11:53:53+07:00,pic_uke_07
ENT-01960,TERVALIDASI,PUBLISH,2026-02-10T15:00:38+07:00,operator_konten_07
ENT-01961,,DRAFT,2025-09-27T16:30:52+07:00,pengusul_47
ENT-01961,DRAFT,OPERATOR_KONTEN,2026-09-09T22:14:54+07:00,pengusul_47
ENT-01961,OPERATOR_KONTEN,PIC_UKE,2026-10-07T11:39:36+07:00,operator_konten_47
ENT-01962,,DRAFT,2025-09-28T10:31:42+07:00,pengusul_27
ENT-01962,DRAFT,OPERATOR_KONTEN,2026-03-18T15:21:32+07:00,pengusul_27
ENT-01962,OPERATOR_KONTEN,PIC_UKE,2026-09-23T10:04:06+07:00,operator_konten_27
ENT-01963,,DRAFT,2025-09-28T10:54:23+07:00,pengusul_20
ENT-01963,DRAFT,OPERATOR_KONTEN,2026-08-29T19:52:04+07:00,pengusul_20
ENT-01963,OPERATOR_KONTEN,PIC_UKE,2026-09-28T12:07:23+07:00,operator_konten_20
ENT-01964,,DRAFT,2025-09-28T11:05:40+07:00,pengusul_11
ENT-01964,DRAFT,OPERATOR_KONTEN,2026-08-19T18:44:16+07:00,pengusul_11
ENT-01964,OPERATOR_KONTEN,PIC_UKE,2026-10-06T10:29:10+07:00,operator_konten_11
ENT-01965,,DRAFT,2025-09-28T15:41:02+07:00,pengusul_50
ENT-01965,DRAFT,OPERATOR_KONTEN,2025-11-10T08:12:41+07:00,pengusul_50
ENT-01965,OPERATOR_KONTEN,PIC_UKE,2025-11-28T04:58:21+07:00,operator_konten_50
ENT-01965,PIC_UKE,TERVALIDASI,2025-12-20T19:29:59+07:00,pic_uke_50
ENT-01965,TERVALIDASI,PUBLISH,2026-05-13T16:51:16+07:00,operator_konten_50
ENT-01966,,DRAFT,2025-09-29T10:22:52+07:00,pengusul_16
ENT-01966,DRAFT,OPERATOR_KONTEN,2025-10-12T18:11:25+07:00,pengusul_16
ENT-01966,OPERATOR_KONTEN,PIC_UKE,2025-10-16T07:05:39+07:00,operator_konten_16
ENT-01966,PIC_UKE,TERVALIDASI,2025-11-10T17:10:42+07:00,pic_uke_16
ENT-01966,TERVALIDASI,PUBLISH,2026-03-08T13:01:27+07:00,operator_konten_16
ENT-01967,,DRAFT,2025-09-29T10:47:15+07:00,pengusul_07
ENT-01967,DRAFT,OPERATOR_KONTEN,2025-11-05T17:41:55+07:00,pengusul_07
ENT-01967,OPERATOR_KONTEN,PIC_UKE,2025-12-19T14:37:09+07:00,operator_konten_07
ENT-01967,PIC_UKE,TERVALIDASI,2026-06-23T15:35:28+07:00,pic_uke_07
ENT-01967,TERVALIDASI,PUBLISH,2026-07-14T09:18:40+07:00,operator_konten_07
ENT-01968,,DRAFT,2025-09-29T14:03:01+07:00,pengusul_55
ENT-01968,DRAFT,OPERATOR_KONTEN,2026-06-08T14:38:13+07:00,pengusul_55
ENT-01968,OPERATOR_KONTEN,PIC_UKE,2026-09-28T14:27:40+07:00,operator_konten_55
ENT-01969,,DRAFT,2025-09-29T16:04:18+07:00,pengusul_16
ENT-01969,DRAFT,OPERATOR_KONTEN,2025-10-03T19:03:52+07:00,pengusul_16
ENT-01969,OPERATOR_KONTEN,PIC_UKE,2026-02-08T13:03:32+07:00,operator_konten_16
ENT-01969,PIC_UKE,TERVALIDASI,2026-02-16T22:36:29+07:00,pic_uke_16
ENT-01969,TERVALIDASI,PUBLISH,2026-03-07T16:00:16+07:00,operator_konten_16
ENT-01970,,DRAFT,2025-09-30T08:41:43+07:00,pengusul_29
ENT-01970,DRAFT,OPERATOR_KONTEN,2025-10-30T01:23:55+07:00,pengusul_29
ENT-01970,OPERATOR_KONTEN,PIC_UKE,2025-11-16T02:30:29+07:00,operator_konten_29
ENT-01970,PIC_UKE,TERVALIDASI,2026-02-08T13:01:38+07:00,pic_uke_29
ENT-01970,TERVALIDASI,PUBLISH,2026-04-12T09:41:10+07:00,operator_konten_29
ENT-01971,,DRAFT,2025-09-30T11:34:58+07:00,pengusul_05
ENT-01971,DRAFT,OPERATOR_KONTEN,2026-03-19T01:35:06+07:00,pengusul_05
ENT-01971,OPERATOR_KONTEN,PIC_UKE,2026-09-17T13:11:43+07:00,operator_konten_05
ENT-01972,,DRAFT,2025-09-30T14:18:03+07:00,pengusul_59
ENT-01972,DRAFT,OPERATOR_KONTEN,2025-12-13T11:55:13+07:00,pengusul_59
ENT-01972,OPERATOR_KONTEN,DITOLAK_OPERATOR,2026-02-01T01:22:05+07:00,operator_konten_59
ENT-01972,DITOLAK_OPERATOR,DRAFT,2026-10-02T13:43:40+07:00,pengusul_59
ENT-01973,,DRAFT,2025-09-30T14:26:14+07:00,pengusul_36
ENT-01973,DRAFT,OPERATOR_KONTEN,2026-03-05T12:04:02+07:00,pengusul_36
ENT-01973,OPERATOR_KONTEN,PIC_UKE,2026-09-22T11:18:17+07:00,operator_konten_36
ENT-01974,,DRAFT,2025-09-30T14:29:59+07:00,pengusul_63
ENT-01974,DRAFT,OPERATOR_KONTEN,2025-10-13T02:03:01+07:00,pengusul_63
ENT-01974,OPERATOR_KONTEN,PIC_UKE,2025-10-24T15:10:41+07:00,operator_konten_63
ENT-01974,PIC_UKE,TERVALIDASI,2025-11-02T16:02:57+07:00,pic_uke_63
ENT-01974,TERVALIDASI,PUBLISH,2025-11-11T10:27:55+07:00,operator_konten_63
ENT-01975,,DRAFT,2025-09-30T16:26:39+07:00,pengusul_55
ENT-01975,DRAFT,OPERATOR_KONTEN,2025-10-30T15:50:46+07:00,pengusul_55
ENT-01975,OPERATOR_KONTEN,PIC_UKE,2025-11-06T22:31:53+07:00,operator_konten_55
ENT-01975,PIC_UKE,TERVALIDASI,2026-01-25T01:52:59+07:00,pic_uke_55
ENT-01975,TERVALIDASI,PUBLISH,2026-04-10T15:47:20+07:00,operator_konten_55
ENT-01976,,DRAFT,2025-09-30T16:49:26+07:00,pengusul_22
ENT-01976,DRAFT,OPERATOR_KONTEN,2025-11-12T16:44:28+07:00,pengusul_22
ENT-01976,OPERATOR_KONTEN,PIC_UKE,2025-11-29T05:49:53+07:00,operator_konten_22
ENT-01976,PIC_UKE,TERVALIDASI,2026-01-25T21:22:32+07:00,pic_uke_22
ENT-01976,TERVALIDASI,PUBLISH,2026-02-19T16:36:30+07:00,operator_konten_22
ENT-01977,,DRAFT,2025-10-01T08:37:19+07:00,pengusul_33
ENT-01977,DRAFT,OPERATOR_KONTEN,2025-12-20T04:25:23+07:00,pengusul_33
ENT-01977,OPERATOR_KONTEN,PIC_UKE,2026-09-11T11:53:53+07:00,operator_konten_33
ENT-01978,,DRAFT,2025-10-01T08:47:05+07:00,pengusul_39
ENT-01978,DRAFT,OPERATOR_KONTEN,2025-10-27T02:04:54+07:00,pengusul_39
ENT-01978,OPERATOR_KONTEN,PIC_UKE,2025-11-16T00:29:15+07:00,operator_konten_39
ENT-01978,PIC_UKE,TERVALIDASI,2026-04-08T09:47:50+07:00,pic_uke_39
ENT-01978,TERVALIDASI,PUBLISH,2026-07-01T11:38:41+07:00,operator_konten_39
ENT-01979,,DRAFT,2025-10-01T14:14:13+07:00,pengusul_64
ENT-01979,DRAFT,OPERATOR_KONTEN,2026-06-29T22:18:18+07:00,pengusul_64
ENT-01979,OPERATOR_KONTEN,PIC_UKE,2026-09-24T12:35:24+07:00,operator_konten_64
ENT-01980,,DRAFT,2025-10-02T13:05:42+07:00,pengusul_67
ENT-01980,DRAFT,OPERATOR_KONTEN,2025-10-13T04:39:06+07:00,pengusul_67
ENT-01980,OPERATOR_KONTEN,PIC_UKE,2026-09-30T11:01:02+07:00,operator_konten_67
ENT-01981,,DRAFT,2025-10-02T13:48:56+07:00,pengusul_39
ENT-01981,DRAFT,OPERATOR_KONTEN,2025-11-14T05:36:19+07:00,pengusul_39
ENT-01981,OPERATOR_KONTEN,PIC_UKE,2025-11-26T23:44:20+07:00,operator_konten_39
ENT-01981,PIC_UKE,TERVALIDASI,2026-05-24T04:13:54+07:00,pic_uke_39
ENT-01981,TERVALIDASI,PUBLISH,2026-06-17T15:59:23+07:00,operator_konten_39
ENT-01982,,DRAFT,2025-10-02T14:43:30+07:00,pengusul_50
ENT-01982,DRAFT,OPERATOR_KONTEN,2025-11-30T15:04:49+07:00,pengusul_50
ENT-01982,OPERATOR_KONTEN,PIC_UKE,2026-02-26T20:37:08+07:00,operator_konten_50
ENT-01982,PIC_UKE,TERVALIDASI,2026-03-09T09:32:56+07:00,pic_uke_50
ENT-01982,TERVALIDASI,PUBLISH,2026-03-23T09:12:12+07:00,operator_konten_50
ENT-01983,,DRAFT,2025-10-03T15:10:50+07:00,pengusul_02
ENT-01983,DRAFT,OPERATOR_KONTEN,2026-07-17T07:26:55+07:00,pengusul_02
ENT-01983,OPERATOR_KONTEN,PIC_UKE,2026-09-28T11:29:38+07:00,operator_konten_02
ENT-01984,,DRAFT,2025-10-05T12:43:57+07:00,pengusul_32
ENT-01984,DRAFT,OPERATOR_KONTEN,2025-10-12T20:44:06+07:00,pengusul_32
ENT-01984,OPERATOR_KONTEN,PIC_UKE,2025-11-10T10:50:06+07:00,operator_konten_32
ENT-01984,PIC_UKE,TERVALIDASI,2025-12-15T07:22:29+07:00,pic_uke_32
ENT-01984,TERVALIDASI,PUBLISH,2026-05-08T11:50:03+07:00,operator_konten_32
ENT-01985,,DRAFT,2025-10-05T14:11:34+07:00,pengusul_29
ENT-01985,DRAFT,OPERATOR_KONTEN,2025-10-25T13:50:18+07:00,pengusul_29
ENT-01985,OPERATOR_KONTEN,PIC_UKE,2025-10-25T22:22:59+07:00,operator_konten_29
ENT-01985,PIC_UKE,TERVALIDASI,2025-10-28T16:33:21+07:00,pic_uke_29
ENT-01985,TERVALIDASI,PUBLISH,2025-10-29T10:29:40+07:00,operator_konten_29
ENT-01986,,DRAFT,2025-10-05T15:13:01+07:00,pengusul_50
ENT-01986,DRAFT,OPERATOR_KONTEN,2025-10-17T16:34:15+07:00,pengusul_50
ENT-01986,OPERATOR_KONTEN,PIC_UKE,2025-10-20T12:34:08+07:00,operator_konten_50
ENT-01986,PIC_UKE,TERVALIDASI,2025-11-19T11:07:47+07:00,pic_uke_50
ENT-01986,TERVALIDASI,PUBLISH,2025-11-22T09:28:20+07:00,operator_konten_50
ENT-01987,,DRAFT,2025-10-05T15:27:12+07:00,pengusul_59
ENT-01987,DRAFT,OPERATOR_KONTEN,2025-10-11T21:46:10+07:00,pengusul_59
ENT-01987,OPERATOR_KONTEN,PIC_UKE,2025-10-31T17:30:03+07:00,operator_konten_59
ENT-01987,PIC_UKE,TERVALIDASI,2026-03-16T04:40:18+07:00,pic_uke_59
ENT-01987,TERVALIDASI,PUBLISH,2026-03-20T15:25:16+07:00,operator_konten_59
ENT-01988,,DRAFT,2025-10-06T10:59:06+07:00,pengusul_06
ENT-01988,DRAFT,OPERATOR_KONTEN,2026-02-27T05:11:11+07:00,pengusul_06
ENT-01988,OPERATOR_KONTEN,PIC_UKE,2026-09-23T13:02:58+07:00,operator_konten_06
ENT-01989,,DRAFT,2025-10-06T16:14:44+07:00,pengusul_40
ENT-01989,DRAFT,OPERATOR_KONTEN,2025-11-14T07:09:06+07:00,pengusul_40
ENT-01989,OPERATOR_KONTEN,PIC_UKE,2025-11-28T20:49:14+07:00,operator_konten_40
ENT-01989,PIC_UKE,TERVALIDASI,2025-12-21T17:15:45+07:00,pic_uke_40
ENT-01989,TERVALIDASI,PUBLISH,2026-02-01T08:54:29+07:00,operator_konten_40
ENT-01990,,DRAFT,2025-10-07T08:05:51+07:00,pengusul_55
ENT-01990,DRAFT,OPERATOR_KONTEN,2026-01-17T12:53:41+07:00,pengusul_55
ENT-01990,OPERATOR_KONTEN,PIC_UKE,2026-02-02T16:11:44+07:00,operator_konten_55
ENT-01990,PIC_UKE,TERVALIDASI,2026-03-26T22:09:01+07:00,pic_uke_55
ENT-01990,TERVALIDASI,PUBLISH,2026-04-27T12:58:55+07:00,operator_konten_55
ENT-01991,,DRAFT,2025-10-07T13:03:10+07:00,pengusul_53
ENT-01991,DRAFT,OPERATOR_KONTEN,2026-02-19T18:00:34+07:00,pengusul_53
ENT-01991,OPERATOR_KONTEN,DITOLAK_OPERATOR,2026-03-15T14:18:34+07:00,operator_konten_53
ENT-01992,,DRAFT,2025-10-08T12:28:22+07:00,pengusul_05
ENT-01992,DRAFT,OPERATOR_KONTEN,2026-06-30T14:27:51+07:00,pengusul_05
ENT-01992,OPERATOR_KONTEN,PIC_UKE,2026-09-03T13:32:46+07:00,operator_konten_05
ENT-01993,,DRAFT,2025-10-08T14:39:15+07:00,pengusul_17
ENT-01993,DRAFT,OPERATOR_KONTEN,2025-12-19T13:43:14+07:00,pengusul_17
ENT-01993,OPERATOR_KONTEN,PIC_UKE,2025-12-28T23:18:44+07:00,operator_konten_17
ENT-01993,PIC_UKE,TERVALIDASI,2025-12-29T16:23:55+07:00,pic_uke_17
ENT-01993,TERVALIDASI,PUBLISH,2026-01-01T08:49:03+07:00,operator_konten_17
ENT-01994,,DRAFT,2025-10-08T16:57:05+07:00,pengusul_46
ENT-01994,DRAFT,OPERATOR_KONTEN,2025-10-10T19:25:34+07:00,pengusul_46
ENT-01994,OPERATOR_KONTEN,PIC_UKE,2025-10-13T10:29:40+07:00,operator_konten_46
ENT-01994,PIC_UKE,TERVALIDASI,2025-10-28T03:11:03+07:00,pic_uke_46
ENT-01994,TERVALIDASI,PUBLISH,2025-11-13T16:12:38+07:00,operator_konten_46
ENT-01995,,DRAFT,2025-10-08T16:58:02+07:00,pengusul_07
ENT-01995,DRAFT,OPERATOR_KONTEN,2025-12-08T10:10:33+07:00,pengusul_07
ENT-01995,OPERATOR_KONTEN,PIC_UKE,2026-01-01T22:42:19+07:00,operator_konten_07
ENT-01995,PIC_UKE,TERVALIDASI,2026-03-04T18:47:27+07:00,pic_uke_07
ENT-01995,TERVALIDASI,PUBLISH,2026-04-11T11:27:33+07:00,operator_konten_07
ENT-01996,,DRAFT,2025-10-09T08:13:02+07:00,pengusul_54
ENT-01996,DRAFT,OPERATOR_KONTEN,2026-01-14T02:46:10+07:00,pengusul_54
ENT-01996,OPERATOR_KONTEN,PIC_UKE,2026-10-05T09:58:32+07:00,operator_konten_54
ENT-01997,,DRAFT,2025-10-09T09:52:56+07:00,pengusul_30
ENT-01997,DRAFT,OPERATOR_KONTEN,2026-01-16T15:23:02+07:00,pengusul_30
ENT-01997,OPERATOR_KONTEN,PIC_UKE,2026-02-25T06:45:07+07:00,operator_konten_30
ENT-01997,PIC_UKE,TERVALIDASI,2026-03-14T19:27:21+07:00,pic_uke_30
ENT-01997,TERVALIDASI,PUBLISH,2026-05-29T11:12:45+07:00,operator_konten_30
ENT-01998,,DRAFT,2025-10-09T14:20:22+07:00,pengusul_55
ENT-01998,DRAFT,OPERATOR_KONTEN,2026-01-04T11:56:50+07:00,pengusul_55
ENT-01998,OPERATOR_KONTEN,PIC_UKE,2026-01-31T04:19:03+07:00,operator_konten_55
ENT-01998,PIC_UKE,TERVALIDASI,2026-02-07T02:16:49+07:00,pic_uke_55
ENT-01998,TERVALIDASI,PUBLISH,2026-05-16T15:59:58+07:00,operator_konten_55
ENT-01999,,DRAFT,2025-10-10T11:44:40+07:00,pengusul_61
ENT-01999,DRAFT,OPERATOR_KONTEN,2026-08-01T13:56:47+07:00,pengusul_61
ENT-01999,OPERATOR_KONTEN,PIC_UKE,2026-09-25T16:01:52+07:00,operator_konten_61
ENT-02000,,DRAFT,2025-10-10T12:59:43+07:00,pengusul_21
ENT-02000,DRAFT,OPERATOR_KONTEN,2025-11-02T12:27:41+07:00,pengusul_21
ENT-02000,OPERATOR_KONTEN,PIC_UKE,2025-11-28T00:25:46+07:00,operator_konten_21
ENT-02000,PIC_UKE,TERVALIDASI,2025-12-06T00:15:14+07:00,pic_uke_21
ENT-02000,TERVALIDASI,PUBLISH,2026-01-12T08:40:25+07:00,operator_konten_21
ENT-02001,,DRAFT,2025-10-10T15:29:29+07:00,pengusul_36
ENT-02001,DRAFT,OPERATOR_KONTEN,2025-11-04T14:36:02+07:00,pengusul_36
ENT-02001,OPERATOR_KONTEN,PIC_UKE,2026-01-22T15:34:58+07:00,operator_konten_36
ENT-02001,PIC_UKE,TERVALIDASI,2026-02-25T22:57:36+07:00,pic_uke_36
ENT-02001,TERVALIDASI,PUBLISH,2026-04-16T11:41:03+07:00,operator_konten_36
ENT-02002,,DRAFT,2025-10-10T15:44:50+07:00,pengusul_09
ENT-02002,DRAFT,OPERATOR_KONTEN,2025-10-21T12:13:29+07:00,pengusul_09
ENT-02002,OPERATOR_KONTEN,PIC_UKE,2025-10-23T05:42:24+07:00,operator_konten_09
ENT-02002,PIC_UKE,TERVALIDASI,2025-10-24T21:50:54+07:00,pic_uke_09
ENT-02002,TERVALIDASI,PUBLISH,2025-11-04T13:26:55+07:00,operator_konten_09
ENT-02003,,DRAFT,2025-10-11T12:16:49+07:00,pengusul_15
ENT-02003,DRAFT,OPERATOR_KONTEN,2025-12-23T02:03:49+07:00,pengusul_15
ENT-02003,OPERATOR_KONTEN,PIC_UKE,2026-02-10T00:03:20+07:00,operator_konten_15
ENT-02003,PIC_UKE,TERVALIDASI,2026-03-10T19:23:49+07:00,pic_uke_15
ENT-02003,TERVALIDASI,PUBLISH,2026-04-15T15:05:01+07:00,operator_konten_15
ENT-02004,,DRAFT,2025-10-11T14:57:40+07:00,pengusul_18
ENT-02004,DRAFT,OPERATOR_KONTEN,2026-08-11T01:37:51+07:00,pengusul_18
ENT-02004,OPERATOR_KONTEN,PIC_UKE,2026-09-16T15:43:56+07:00,operator_konten_18
ENT-02005,,DRAFT,2025-10-12T14:16:11+07:00,pengusul_67
ENT-02005,DRAFT,OPERATOR_KONTEN,2026-07-22T15:23:54+07:00,pengusul_67
ENT-02005,OPERATOR_KONTEN,PIC_UKE,2026-09-22T11:30:55+07:00,operator_konten_67
ENT-02006,,DRAFT,2025-10-12T14:45:44+07:00,pengusul_17
ENT-02006,DRAFT,OPERATOR_KONTEN,2025-10-18T05:51:29+07:00,pengusul_17
ENT-02006,OPERATOR_KONTEN,PIC_UKE,2025-10-26T06:27:52+07:00,operator_konten_17
ENT-02006,PIC_UKE,TERVALIDASI,2025-11-08T12:10:14+07:00,pic_uke_17
ENT-02006,TERVALIDASI,PUBLISH,2025-11-09T14:26:11+07:00,operator_konten_17
ENT-02007,,DRAFT,2025-10-12T14:59:04+07:00,pengusul_23
ENT-02007,DRAFT,OPERATOR_KONTEN,2025-11-13T22:39:51+07:00,pengusul_23
ENT-02007,OPERATOR_KONTEN,PIC_UKE,2026-04-09T05:22:26+07:00,operator_konten_23
ENT-02007,PIC_UKE,TERVALIDASI,2026-04-26T23:39:54+07:00,pic_uke_23
ENT-02007,TERVALIDASI,PUBLISH,2026-07-09T12:23:19+07:00,operator_konten_23
ENT-02008,,DRAFT,2025-10-13T09:26:04+07:00,pengusul_16
ENT-02008,DRAFT,OPERATOR_KONTEN,2025-12-05T15:02:00+07:00,pengusul_16
ENT-02008,OPERATOR_KONTEN,PIC_UKE,2026-03-19T04:52:32+07:00,operator_konten_16
ENT-02008,PIC_UKE,TERVALIDASI,2026-05-26T08:04:17+07:00,pic_uke_16
ENT-02008,TERVALIDASI,PUBLISH,2026-06-25T10:46:35+07:00,operator_konten_16
ENT-02009,,DRAFT,2025-10-13T13:36:44+07:00,pengusul_08
ENT-02009,DRAFT,OPERATOR_KONTEN,2025-11-21T17:12:06+07:00,pengusul_08
ENT-02009,OPERATOR_KONTEN,PIC_UKE,2025-12-05T18:01:42+07:00,operator_konten_08
ENT-02009,PIC_UKE,TERVALIDASI,2025-12-16T13:14:37+07:00,pic_uke_08
ENT-02009,TERVALIDASI,PUBLISH,2026-01-09T14:11:42+07:00,operator_konten_08
ENT-02010,,DRAFT,2025-10-14T10:25:48+07:00,pengusul_63
ENT-02010,DRAFT,OPERATOR_KONTEN,2026-10-08T15:26:12+07:00,pengusul_63
ENT-02011,,DRAFT,2025-10-14T11:56:07+07:00,pengusul_07
ENT-02011,DRAFT,OPERATOR_KONTEN,2026-02-08T19:47:10+07:00,pengusul_07
ENT-02011,OPERATOR_KONTEN,PIC_UKE,2026-10-01T15:16:26+07:00,operator_konten_07
ENT-02012,,DRAFT,2025-10-14T14:36:36+07:00,pengusul_30
ENT-02012,DRAFT,OPERATOR_KONTEN,2026-01-08T11:35:35+07:00,pengusul_30
ENT-02012,OPERATOR_KONTEN,DITOLAK_OPERATOR,2026-03-17T15:42:16+07:00,operator_konten_30
ENT-02013,,DRAFT,2025-10-14T15:21:30+07:00,pengusul_03
ENT-02013,DRAFT,OPERATOR_KONTEN,2026-01-23T06:54:24+07:00,pengusul_03
ENT-02013,OPERATOR_KONTEN,PIC_UKE,2026-02-01T11:33:08+07:00,operator_konten_03
ENT-02013,PIC_UKE,TERVALIDASI,2026-02-21T11:52:41+07:00,pic_uke_03
ENT-02013,TERVALIDASI,PUBLISH,2026-05-04T09:36:31+07:00,operator_konten_03
ENT-02014,,DRAFT,2025-10-15T11:37:51+07:00,pengusul_16
ENT-02014,DRAFT,OPERATOR_KONTEN,2025-11-12T20:14:56+07:00,pengusul_16
ENT-02014,OPERATOR_KONTEN,PIC_UKE,2025-12-09T18:47:17+07:00,operator_konten_16
ENT-02014,PIC_UKE,TERVALIDASI,2025-12-22T11:56:58+07:00,pic_uke_16
ENT-02014,TERVALIDASI,PUBLISH,2026-01-02T08:46:35+07:00,operator_konten_16
ENT-02015,,DRAFT,2025-10-15T14:16:52+07:00,pengusul_30
ENT-02015,DRAFT,OPERATOR_KONTEN,2025-10-22T16:12:27+07:00,pengusul_30
ENT-02015,OPERATOR_KONTEN,PIC_UKE,2025-12-10T12:40:00+07:00,operator_konten_30
ENT-02015,PIC_UKE,TERVALIDASI,2026-04-17T11:17:38+07:00,pic_uke_30
ENT-02015,TERVALIDASI,PUBLISH,2026-06-05T12:49:43+07:00,operator_konten_30
ENT-02016,,DRAFT,2025-10-15T14:50:59+07:00,pengusul_49
ENT-02016,DRAFT,OPERATOR_KONTEN,2025-11-20T20:55:06+07:00,pengusul_49
ENT-02016,OPERATOR_KONTEN,PIC_UKE,2026-03-31T22:50:57+07:00,operator_konten_49
ENT-02016,PIC_UKE,TERVALIDASI,2026-04-09T06:38:27+07:00,pic_uke_49
ENT-02016,TERVALIDASI,PUBLISH,2026-04-16T13:48:14+07:00,operator_konten_49
ENT-02017,,DRAFT,2025-10-15T16:34:29+07:00,pengusul_07
ENT-02017,DRAFT,OPERATOR_KONTEN,2026-05-01T22:21:45+07:00,pengusul_07
ENT-02017,OPERATOR_KONTEN,PIC_UKE,2026-10-08T14:23:54+07:00,operator_konten_07
ENT-02018,,DRAFT,2025-10-16T09:37:29+07:00,pengusul_42
ENT-02018,DRAFT,OPERATOR_KONTEN,2026-02-03T06:17:21+07:00,pengusul_42
ENT-02018,OPERATOR_KONTEN,PIC_UKE,2026-02-11T17:57:19+07:00,operator_konten_42
ENT-02018,PIC_UKE,TERVALIDASI,2026-02-26T09:11:08+07:00,pic_uke_42
ENT-02018,TERVALIDASI,PUBLISH,2026-04-06T16:43:17+07:00,operator_konten_42
ENT-02019,,DRAFT,2025-10-16T10:42:16+07:00,pengusul_39
ENT-02019,DRAFT,OPERATOR_KONTEN,2026-10-05T15:02:06+07:00,pengusul_39
ENT-02020,,DRAFT,2025-10-16T11:21:52+07:00,pengusul_57
ENT-02020,DRAFT,OPERATOR_KONTEN,2025-11-28T06:39:52+07:00,pengusul_57
ENT-02020,OPERATOR_KONTEN,PIC_UKE,2025-12-12T10:18:48+07:00,operator_konten_57
ENT-02020,PIC_UKE,TERVALIDASI,2025-12-23T20:09:29+07:00,pic_uke_57
ENT-02020,TERVALIDASI,PUBLISH,2026-06-06T11:57:19+07:00,operator_konten_57
ENT-02021,,DRAFT,2025-10-16T11:46:31+07:00,pengusul_32
ENT-02021,DRAFT,OPERATOR_KONTEN,2026-06-13T14:52:54+07:00,pengusul_32
ENT-02021,OPERATOR_KONTEN,PIC_UKE,2026-10-08T10:16:47+07:00,operator_konten_32
ENT-02022,,DRAFT,2025-10-16T16:45:25+07:00,pengusul_17
ENT-02022,DRAFT,OPERATOR_KONTEN,2025-11-08T21:06:33+07:00,pengusul_17
ENT-02022,OPERATOR_KONTEN,PIC_UKE,2025-11-10T00:21:45+07:00,operator_konten_17
ENT-02022,PIC_UKE,TERVALIDASI,2025-12-18T14:03:31+07:00,pic_uke_17
ENT-02022,TERVALIDASI,PUBLISH,2026-03-06T09:40:53+07:00,operator_konten_17
ENT-02023,,DRAFT,2025-10-17T09:38:52+07:00,pengusul_03
ENT-02023,DRAFT,OPERATOR_KONTEN,2025-12-26T22:51:27+07:00,pengusul_03
ENT-02023,OPERATOR_KONTEN,PIC_UKE,2026-03-05T02:17:15+07:00,operator_konten_03
ENT-02023,PIC_UKE,TERVALIDASI,2026-03-22T11:14:22+07:00,pic_uke_03
ENT-02023,TERVALIDASI,PUBLISH,2026-07-06T11:09:58+07:00,operator_konten_03
ENT-02024,,DRAFT,2025-10-17T12:05:50+07:00,pengusul_02
ENT-02024,DRAFT,OPERATOR_KONTEN,2025-10-28T21:45:22+07:00,pengusul_02
ENT-02024,OPERATOR_KONTEN,PIC_UKE,2025-11-28T07:36:25+07:00,operator_konten_02
ENT-02024,PIC_UKE,TERVALIDASI,2026-05-04T22:46:36+07:00,pic_uke_02
ENT-02024,TERVALIDASI,PUBLISH,2026-05-19T16:13:51+07:00,operator_konten_02
ENT-02025,,DRAFT,2025-10-17T16:35:19+07:00,pengusul_05
ENT-02025,DRAFT,OPERATOR_KONTEN,2025-12-23T16:45:39+07:00,pengusul_05
ENT-02025,OPERATOR_KONTEN,PIC_UKE,2026-09-22T08:15:36+07:00,operator_konten_05
ENT-02026,,DRAFT,2025-10-18T08:42:57+07:00,pengusul_29
ENT-02026,DRAFT,OPERATOR_KONTEN,2026-03-22T02:22:56+07:00,pengusul_29
ENT-02026,OPERATOR_KONTEN,PIC_UKE,2026-04-10T05:11:38+07:00,operator_konten_29
ENT-02026,PIC_UKE,TERVALIDASI,2026-04-18T20:20:42+07:00,pic_uke_29
ENT-02026,TERVALIDASI,PUBLISH,2026-07-03T11:37:09+07:00,operator_konten_29
ENT-02027,,DRAFT,2025-10-18T14:39:09+07:00,pengusul_66
ENT-02027,DRAFT,OPERATOR_KONTEN,2026-09-28T22:04:15+07:00,pengusul_66
ENT-02027,OPERATOR_KONTEN,PIC_UKE,2026-10-07T15:30:48+07:00,operator_konten_66
ENT-02028,,DRAFT,2025-10-19T08:37:20+07:00,pengusul_35
ENT-02028,DRAFT,OPERATOR_KONTEN,2026-04-01T08:53:37+07:00,pengusul_35
ENT-02028,OPERATOR_KONTEN,DITOLAK_OPERATOR,2026-09-11T10:59:05+07:00,operator_konten_35
ENT-02028,DITOLAK_OPERATOR,DRAFT,2026-10-01T16:07:55+07:00,pengusul_35
ENT-02029,,DRAFT,2025-10-19T10:34:59+07:00,pengusul_54
ENT-02029,DRAFT,OPERATOR_KONTEN,2025-10-23T06:25:50+07:00,pengusul_54
ENT-02029,OPERATOR_KONTEN,PIC_UKE,2025-10-24T23:32:17+07:00,operator_konten_54
ENT-02029,PIC_UKE,TERVALIDASI,2025-10-26T15:33:35+07:00,pic_uke_54
ENT-02029,TERVALIDASI,PUBLISH,2025-10-27T08:14:27+07:00,operator_konten_54
ENT-02030,,DRAFT,2025-10-19T10:59:48+07:00,pengusul_42
ENT-02030,DRAFT,OPERATOR_KONTEN,2025-10-24T20:17:16+07:00,pengusul_42
ENT-02030,OPERATOR_KONTEN,PIC_UKE,2025-10-29T05:58:08+07:00,operator_konten_42
ENT-02030,PIC_UKE,TERVALIDASI,2026-01-31T12:33:09+07:00,pic_uke_42
ENT-02030,TERVALIDASI,PUBLISH,2026-02-06T14:10:59+07:00,operator_konten_42
ENT-02031,,DRAFT,2025-10-19T16:53:55+07:00,pengusul_61
ENT-02031,DRAFT,OPERATOR_KONTEN,2025-12-01T00:24:40+07:00,pengusul_61
ENT-02031,OPERATOR_KONTEN,PIC_UKE,2025-12-09T16:57:57+07:00,operator_konten_61
ENT-02031,PIC_UKE,TERVALIDASI,2026-03-15T09:39:03+07:00,pic_uke_61
ENT-02031,TERVALIDASI,PUBLISH,2026-07-30T13:24:48+07:00,operator_konten_61
ENT-02032,,DRAFT,2025-10-20T08:47:40+07:00,pengusul_65
ENT-02032,DRAFT,OPERATOR_KONTEN,2026-02-04T12:48:10+07:00,pengusul_65
ENT-02032,OPERATOR_KONTEN,PIC_UKE,2026-06-02T23:19:10+07:00,operator_konten_65
ENT-02032,PIC_UKE,TERVALIDASI,2026-06-15T15:07:24+07:00,pic_uke_65
ENT-02032,TERVALIDASI,PUBLISH,2026-07-27T09:44:44+07:00,operator_konten_65
ENT-02033,,DRAFT,2025-10-20T16:05:10+07:00,pengusul_31
ENT-02033,DRAFT,OPERATOR_KONTEN,2025-11-15T02:19:25+07:00,pengusul_31
ENT-02033,OPERATOR_KONTEN,PIC_UKE,2025-11-16T18:46:02+07:00,operator_konten_31
ENT-02033,PIC_UKE,TERVALIDASI,2025-11-24T12:35:53+07:00,pic_uke_31
ENT-02033,TERVALIDASI,PUBLISH,2025-12-15T01:39:12+07:00,operator_konten_31
ENT-02033,PUBLISH,UNPUBLISH,2026-01-16T08:43:08+07:00,admin_31
ENT-02034,,DRAFT,2025-10-21T10:32:35+07:00,pengusul_07
ENT-02034,DRAFT,OPERATOR_KONTEN,2025-10-23T05:22:21+07:00,pengusul_07
ENT-02034,OPERATOR_KONTEN,PIC_UKE,2025-11-17T00:10:14+07:00,operator_konten_07
ENT-02034,PIC_UKE,TERVALIDASI,2025-11-22T21:16:12+07:00,pic_uke_07
ENT-02034,TERVALIDASI,PUBLISH,2025-12-14T16:39:47+07:00,operator_konten_07
ENT-02035,,DRAFT,2025-10-21T13:24:10+07:00,pengusul_08
ENT-02035,DRAFT,OPERATOR_KONTEN,2025-11-19T20:07:49+07:00,pengusul_08
ENT-02035,OPERATOR_KONTEN,PIC_UKE,2025-12-09T09:14:47+07:00,operator_konten_08
ENT-02035,PIC_UKE,TERVALIDASI,2025-12-11T10:03:55+07:00,pic_uke_08
ENT-02035,TERVALIDASI,PUBLISH,2025-12-17T13:40:51+07:00,operator_konten_08
ENT-02036,,DRAFT,2025-10-21T15:24:16+07:00,pengusul_58
ENT-02036,DRAFT,OPERATOR_KONTEN,2026-03-03T20:18:11+07:00,pengusul_58
ENT-02036,OPERATOR_KONTEN,PIC_UKE,2026-09-29T11:45:24+07:00,operator_konten_58
ENT-02037,,DRAFT,2025-10-22T12:41:09+07:00,pengusul_02
ENT-02037,DRAFT,OPERATOR_KONTEN,2026-08-27T03:30:08+07:00,pengusul_02
ENT-02037,OPERATOR_KONTEN,PIC_UKE,2026-09-30T11:16:12+07:00,operator_konten_02
ENT-02038,,DRAFT,2025-10-23T09:23:32+07:00,pengusul_31
ENT-02038,DRAFT,OPERATOR_KONTEN,2025-11-21T19:32:50+07:00,pengusul_31
ENT-02038,OPERATOR_KONTEN,PIC_UKE,2025-12-09T11:30:39+07:00,operator_konten_31
ENT-02038,PIC_UKE,TERVALIDASI,2026-03-10T18:18:35+07:00,pic_uke_31
ENT-02038,TERVALIDASI,PUBLISH,2026-05-28T13:20:58+07:00,operator_konten_31
ENT-02039,,DRAFT,2025-10-23T09:56:16+07:00,pengusul_08
ENT-02039,DRAFT,OPERATOR_KONTEN,2025-10-26T10:02:45+07:00,pengusul_08
ENT-02039,OPERATOR_KONTEN,PIC_UKE,2025-10-27T02:32:19+07:00,operator_konten_08
ENT-02039,PIC_UKE,TERVALIDASI,2025-10-28T04:35:41+07:00,pic_uke_08
ENT-02039,TERVALIDASI,PUBLISH,2025-10-28T16:25:51+07:00,operator_konten_08
ENT-02040,,DRAFT,2025-10-23T10:52:31+07:00,pengusul_17
ENT-02040,DRAFT,OPERATOR_KONTEN,2026-01-29T02:39:18+07:00,pengusul_17
ENT-02040,OPERATOR_KONTEN,PIC_UKE,2026-02-15T20:37:51+07:00,operator_konten_17
ENT-02040,PIC_UKE,TERVALIDASI,2026-04-06T02:02:29+07:00,pic_uke_17
ENT-02040,TERVALIDASI,PUBLISH,2026-08-04T13:39:11+07:00,operator_konten_17
ENT-02041,,DRAFT,2025-10-23T11:10:36+07:00,pengusul_58
ENT-02041,DRAFT,OPERATOR_KONTEN,2025-11-21T07:00:46+07:00,pengusul_58
ENT-02041,OPERATOR_KONTEN,PIC_UKE,2026-09-29T08:50:26+07:00,operator_konten_58
ENT-02042,,DRAFT,2025-10-23T13:16:16+07:00,pengusul_37
ENT-02042,DRAFT,OPERATOR_KONTEN,2025-11-13T00:32:21+07:00,pengusul_37
ENT-02042,OPERATOR_KONTEN,PIC_UKE,2026-01-13T12:13:56+07:00,operator_konten_37
ENT-02042,PIC_UKE,TERVALIDASI,2026-03-09T05:45:41+07:00,pic_uke_37
ENT-02042,TERVALIDASI,PUBLISH,2026-03-15T14:29:11+07:00,operator_konten_37
ENT-02043,,DRAFT,2025-10-23T14:48:37+07:00,pengusul_05
ENT-02043,DRAFT,OPERATOR_KONTEN,2025-11-13T09:16:49+07:00,pengusul_05
ENT-02043,OPERATOR_KONTEN,PIC_UKE,2025-12-16T19:48:27+07:00,operator_konten_05
ENT-02043,PIC_UKE,TERVALIDASI,2026-05-04T01:51:54+07:00,pic_uke_05
ENT-02043,TERVALIDASI,PUBLISH,2026-05-31T10:26:49+07:00,operator_konten_05
ENT-02044,,DRAFT,2025-10-24T08:04:32+07:00,pengusul_41
ENT-02044,DRAFT,OPERATOR_KONTEN,2025-11-04T04:18:31+07:00,pengusul_41
ENT-02044,OPERATOR_KONTEN,PIC_UKE,2026-01-17T03:10:01+07:00,operator_konten_41
ENT-02044,PIC_UKE,TERVALIDASI,2026-02-11T03:37:53+07:00,pic_uke_41
ENT-02044,TERVALIDASI,PUBLISH,2026-05-29T16:47:48+07:00,operator_konten_41
ENT-02045,,DRAFT,2025-10-24T10:30:19+07:00,pengusul_07
ENT-02045,DRAFT,OPERATOR_KONTEN,2025-11-15T15:52:06+07:00,pengusul_07
ENT-02045,OPERATOR_KONTEN,PIC_UKE,2025-12-06T23:28:41+07:00,operator_konten_07
ENT-02045,PIC_UKE,TERVALIDASI,2025-12-24T02:56:12+07:00,pic_uke_07
ENT-02045,TERVALIDASI,PUBLISH,2026-02-16T14:23:42+07:00,operator_konten_07
ENT-02046,,DRAFT,2025-10-24T13:55:37+07:00,pengusul_12
ENT-02046,DRAFT,OPERATOR_KONTEN,2025-11-09T14:35:02+07:00,pengusul_12
ENT-02046,OPERATOR_KONTEN,PIC_UKE,2026-05-11T19:48:55+07:00,operator_konten_12
ENT-02046,PIC_UKE,TERVALIDASI,2026-06-13T18:49:53+07:00,pic_uke_12
ENT-02046,TERVALIDASI,PUBLISH,2026-07-14T12:36:11+07:00,operator_konten_12
ENT-02047,,DRAFT,2025-10-24T16:21:34+07:00,pengusul_52
ENT-02047,DRAFT,OPERATOR_KONTEN,2026-06-17T07:38:07+07:00,pengusul_52
ENT-02047,OPERATOR_KONTEN,PIC_UKE,2026-09-29T16:16:47+07:00,operator_konten_52
ENT-02048,,DRAFT,2025-10-25T09:24:14+07:00,pengusul_05
ENT-02048,DRAFT,OPERATOR_KONTEN,2026-02-07T01:37:42+07:00,pengusul_05
ENT-02048,OPERATOR_KONTEN,PIC_UKE,2026-05-22T14:09:51+07:00,operator_konten_05
ENT-02048,PIC_UKE,TERVALIDASI,2026-06-19T23:23:29+07:00,pic_uke_05
ENT-02048,TERVALIDASI,PUBLISH,2026-07-03T12:09:14+07:00,operator_konten_05
ENT-02049,,DRAFT,2025-10-25T16:30:14+07:00,pengusul_06
ENT-02049,DRAFT,OPERATOR_KONTEN,2025-11-08T22:33:25+07:00,pengusul_06
ENT-02049,OPERATOR_KONTEN,PIC_UKE,2025-11-09T06:11:39+07:00,operator_konten_06
ENT-02049,PIC_UKE,TERVALIDASI,2025-11-23T18:57:31+07:00,pic_uke_06
ENT-02049,TERVALIDASI,PUBLISH,2025-12-17T09:15:53+07:00,operator_konten_06
ENT-02050,,DRAFT,2025-10-26T09:15:47+07:00,pengusul_60
ENT-02050,DRAFT,OPERATOR_KONTEN,2026-08-17T03:35:30+07:00,pengusul_60
ENT-02050,OPERATOR_KONTEN,PIC_UKE,2026-10-08T16:32:14+07:00,operator_konten_60
ENT-02051,,DRAFT,2025-10-26T10:30:09+07:00,pengusul_48
ENT-02051,DRAFT,OPERATOR_KONTEN,2026-02-03T03:37:49+07:00,pengusul_48
ENT-02051,OPERATOR_KONTEN,PIC_UKE,2026-02-07T10:24:56+07:00,operator_konten_48
ENT-02051,PIC_UKE,TERVALIDASI,2026-08-02T14:42:09+07:00,pic_uke_48
ENT-02051,TERVALIDASI,PUBLISH,2026-08-14T11:41:52+07:00,operator_konten_48
ENT-02052,,DRAFT,2025-10-26T10:50:40+07:00,pengusul_36
ENT-02052,DRAFT,OPERATOR_KONTEN,2025-11-13T08:11:13+07:00,pengusul_36
ENT-02052,OPERATOR_KONTEN,PIC_UKE,2026-09-29T16:50:02+07:00,operator_konten_36
ENT-02053,,DRAFT,2025-10-26T13:40:10+07:00,pengusul_49
ENT-02053,DRAFT,OPERATOR_KONTEN,2026-05-28T21:35:39+07:00,pengusul_49
ENT-02053,OPERATOR_KONTEN,PIC_UKE,2026-09-17T14:52:09+07:00,operator_konten_49
ENT-02054,,DRAFT,2025-10-26T14:33:21+07:00,pengusul_16
ENT-02054,DRAFT,OPERATOR_KONTEN,2025-10-27T19:04:18+07:00,pengusul_16
ENT-02054,OPERATOR_KONTEN,PIC_UKE,2025-11-24T15:25:20+07:00,operator_konten_16
ENT-02054,PIC_UKE,TERVALIDASI,2025-12-07T03:36:17+07:00,pic_uke_16
ENT-02054,TERVALIDASI,PUBLISH,2025-12-19T09:23:16+07:00,operator_konten_16
ENT-02055,,DRAFT,2025-10-26T15:29:08+07:00,pengusul_00
ENT-02055,DRAFT,OPERATOR_KONTEN,2025-12-25T16:28:47+07:00,pengusul_00
ENT-02055,OPERATOR_KONTEN,PIC_UKE,2026-03-28T13:44:10+07:00,operator_konten_00
ENT-02055,PIC_UKE,TERVALIDASI,2026-05-10T09:04:36+07:00,pic_uke_00
ENT-02055,TERVALIDASI,PUBLISH,2026-08-22T16:42:39+07:00,operator_konten_00
ENT-02056,,DRAFT,2025-10-27T09:36:20+07:00,pengusul_60
ENT-02056,DRAFT,OPERATOR_KONTEN,2026-01-22T23:18:20+07:00,pengusul_60
ENT-02056,OPERATOR_KONTEN,PIC_UKE,2026-03-20T04:18:45+07:00,operator_konten_60
ENT-02056,PIC_UKE,TERVALIDASI,2026-04-07T22:34:55+07:00,pic_uke_60
ENT-02056,TERVALIDASI,PUBLISH,2026-06-21T11:43:36+07:00,operator_konten_60
ENT-02057,,DRAFT,2025-10-28T10:58:28+07:00,pengusul_64
ENT-02057,DRAFT,OPERATOR_KONTEN,2025-11-14T15:48:23+07:00,pengusul_64
ENT-02057,OPERATOR_KONTEN,PIC_UKE,2026-01-24T17:06:51+07:00,operator_konten_64
ENT-02057,PIC_UKE,TERVALIDASI,2026-03-27T01:15:28+07:00,pic_uke_64
ENT-02057,TERVALIDASI,PUBLISH,2026-04-16T09:22:31+07:00,operator_konten_64
ENT-02058,,DRAFT,2025-10-28T11:17:44+07:00,pengusul_26
ENT-02058,DRAFT,OPERATOR_KONTEN,2025-12-06T13:51:50+07:00,pengusul_26
ENT-02058,OPERATOR_KONTEN,PIC_UKE,2025-12-21T08:32:09+07:00,operator_konten_26
ENT-02058,PIC_UKE,TERVALIDASI,2026-01-11T02:29:31+07:00,pic_uke_26
ENT-02058,TERVALIDASI,PUBLISH,2026-03-27T14:19:41+07:00,operator_konten_26
ENT-02059,,DRAFT,2025-10-28T15:06:37+07:00,pengusul_07
ENT-02059,DRAFT,OPERATOR_KONTEN,2025-11-03T22:06:07+07:00,pengusul_07
ENT-02059,OPERATOR_KONTEN,PIC_UKE,2026-01-27T16:58:41+07:00,operator_konten_07
ENT-02059,PIC_UKE,TERVALIDASI,2026-07-09T02:50:56+07:00,pic_uke_07
ENT-02059,TERVALIDASI,PUBLISH,2026-07-20T08:44:46+07:00,operator_konten_07
ENT-02060,,DRAFT,2025-10-29T10:23:51+07:00,pengusul_07
ENT-02060,DRAFT,OPERATOR_KONTEN,2025-12-09T15:41:54+07:00,pengusul_07
ENT-02060,OPERATOR_KONTEN,PIC_UKE,2026-01-12T05:46:32+07:00,operator_konten_07
ENT-02060,PIC_UKE,TERVALIDASI,2026-03-05T01:56:15+07:00,pic_uke_07
ENT-02060,TERVALIDASI,PUBLISH,2026-03-15T14:50:07+07:00,operator_konten_07
ENT-02061,,DRAFT,2025-10-29T14:32:26+07:00,pengusul_60
ENT-02061,DRAFT,OPERATOR_KONTEN,2026-07-16T18:45:52+07:00,pengusul_60
ENT-02061,OPERATOR_KONTEN,PIC_UKE,2026-10-05T13:54:31+07:00,operator_konten_60
ENT-02062,,DRAFT,2025-10-29T16:46:01+07:00,pengusul_10
ENT-02062,DRAFT,OPERATOR_KONTEN,2026-01-30T14:49:14+07:00,pengusul_10
ENT-02062,OPERATOR_KONTEN,PIC_UKE,2026-03-14T08:17:14+07:00,operator_konten_10
ENT-02062,PIC_UKE,TERVALIDASI,2026-05-07T09:14:46+07:00,pic_uke_10
ENT-02062,TERVALIDASI,PUBLISH,2026-06-04T09:09:36+07:00,operator_konten_10
ENT-02063,,DRAFT,2025-10-31T13:16:04+07:00,pengusul_64
ENT-02063,DRAFT,OPERATOR_KONTEN,2025-12-13T02:15:44+07:00,pengusul_64
ENT-02063,OPERATOR_KONTEN,PIC_UKE,2025-12-17T02:42:08+07:00,operator_konten_64
ENT-02063,PIC_UKE,TERVALIDASI,2026-01-01T07:26:35+07:00,pic_uke_64
ENT-02063,TERVALIDASI,PUBLISH,2026-01-02T13:44:44+07:00,operator_konten_64
ENT-02064,,DRAFT,2025-10-31T16:26:03+07:00,pengusul_67
ENT-02064,DRAFT,OPERATOR_KONTEN,2025-11-01T10:50:51+07:00,pengusul_67
ENT-02064,OPERATOR_KONTEN,PIC_UKE,2025-11-01T21:20:41+07:00,operator_konten_67
ENT-02064,PIC_UKE,TERVALIDASI,2025-11-03T15:27:33+07:00,pic_uke_67
ENT-02064,TERVALIDASI,PUBLISH,2025-11-04T10:50:16+07:00,operator_konten_67
ENT-02065,,DRAFT,2025-11-01T10:20:10+07:00,pengusul_04
ENT-02065,DRAFT,OPERATOR_KONTEN,2026-01-03T18:46:16+07:00,pengusul_04
ENT-02065,OPERATOR_KONTEN,PIC_UKE,2026-09-29T08:06:39+07:00,operator_konten_04
ENT-02066,,DRAFT,2025-11-01T11:53:31+07:00,pengusul_45
ENT-02066,DRAFT,OPERATOR_KONTEN,2026-02-15T15:03:18+07:00,pengusul_45
ENT-02066,OPERATOR_KONTEN,PIC_UKE,2026-06-16T13:33:02+07:00,operator_konten_45
ENT-02066,PIC_UKE,TERVALIDASI,2026-06-23T08:11:05+07:00,pic_uke_45
ENT-02066,TERVALIDASI,PUBLISH,2026-08-13T13:04:50+07:00,operator_konten_45
ENT-02067,,DRAFT,2025-11-01T14:45:31+07:00,pengusul_22
ENT-02067,DRAFT,OPERATOR_KONTEN,2025-11-13T23:45:11+07:00,pengusul_22
ENT-02067,OPERATOR_KONTEN,PIC_UKE,2025-12-31T02:33:35+07:00,operator_konten_22
ENT-02067,PIC_UKE,TERVALIDASI,2026-01-24T19:44:51+07:00,pic_uke_22
ENT-02067,TERVALIDASI,PUBLISH,2026-04-15T13:28:47+07:00,operator_konten_22
ENT-02068,,DRAFT,2025-11-01T15:04:44+07:00,pengusul_59
ENT-02068,DRAFT,OPERATOR_KONTEN,2025-11-27T01:14:35+07:00,pengusul_59
ENT-02068,OPERATOR_KONTEN,PIC_UKE,2026-10-08T10:15:05+07:00,operator_konten_59
ENT-02069,,DRAFT,2025-11-02T10:58:19+07:00,pengusul_67
ENT-02069,DRAFT,OPERATOR_KONTEN,2026-02-11T13:42:02+07:00,pengusul_67
ENT-02069,OPERATOR_KONTEN,PIC_UKE,2026-09-14T16:49:52+07:00,operator_konten_67
ENT-02070,,DRAFT,2025-11-02T15:45:32+07:00,pengusul_48
ENT-02070,DRAFT,OPERATOR_KONTEN,2025-11-11T03:44:26+07:00,pengusul_48
ENT-02070,OPERATOR_KONTEN,PIC_UKE,2025-11-25T08:27:14+07:00,operator_konten_48
ENT-02070,PIC_UKE,TERVALIDASI,2025-12-02T02:47:03+07:00,pic_uke_48
ENT-02070,TERVALIDASI,PUBLISH,2025-12-05T14:44:09+07:00,operator_konten_48
ENT-02071,,DRAFT,2025-11-04T10:06:30+07:00,pengusul_06
ENT-02071,DRAFT,OPERATOR_KONTEN,2025-11-09T16:07:15+07:00,pengusul_06
ENT-02071,OPERATOR_KONTEN,PIC_UKE,2026-04-10T14:50:08+07:00,operator_konten_06
ENT-02071,PIC_UKE,TERVALIDASI,2026-04-20T22:02:15+07:00,pic_uke_06
ENT-02071,TERVALIDASI,PUBLISH,2026-06-01T11:25:33+07:00,operator_konten_06
ENT-02072,,DRAFT,2025-11-04T11:26:23+07:00,pengusul_53
ENT-02072,DRAFT,OPERATOR_KONTEN,2026-01-25T18:28:14+07:00,pengusul_53
ENT-02072,OPERATOR_KONTEN,PIC_UKE,2026-02-02T08:27:12+07:00,operator_konten_53
ENT-02072,PIC_UKE,TERVALIDASI,2026-07-05T05:00:36+07:00,pic_uke_53
ENT-02072,TERVALIDASI,PUBLISH,2026-08-11T12:37:38+07:00,operator_konten_53
ENT-02073,,DRAFT,2025-11-04T12:55:21+07:00,pengusul_39
ENT-02073,DRAFT,OPERATOR_KONTEN,2025-11-22T20:56:06+07:00,pengusul_39
ENT-02073,OPERATOR_KONTEN,PIC_UKE,2025-12-17T06:59:45+07:00,operator_konten_39
ENT-02073,PIC_UKE,TERVALIDASI,2025-12-23T06:54:40+07:00,pic_uke_39
ENT-02073,TERVALIDASI,PUBLISH,2025-12-30T12:59:19+07:00,operator_konten_39
ENT-02074,,DRAFT,2025-11-04T13:20:59+07:00,pengusul_07
ENT-02074,DRAFT,OPERATOR_KONTEN,2026-02-20T22:52:18+07:00,pengusul_07
ENT-02074,OPERATOR_KONTEN,PIC_UKE,2026-04-04T13:46:39+07:00,operator_konten_07
ENT-02074,PIC_UKE,TERVALIDASI,2026-05-23T00:27:27+07:00,pic_uke_07
ENT-02074,TERVALIDASI,PUBLISH,2026-06-10T08:35:01+07:00,operator_konten_07
ENT-02075,,DRAFT,2025-11-05T10:55:22+07:00,pengusul_02
ENT-02075,DRAFT,OPERATOR_KONTEN,2026-01-25T18:48:13+07:00,pengusul_02
ENT-02075,OPERATOR_KONTEN,PIC_UKE,2026-02-02T04:01:38+07:00,operator_konten_02
ENT-02075,PIC_UKE,TERVALIDASI,2026-02-15T01:11:54+07:00,pic_uke_02
ENT-02075,TERVALIDASI,PUBLISH,2026-03-10T09:14:45+07:00,operator_konten_02
ENT-02076,,DRAFT,2025-11-05T11:25:51+07:00,pengusul_07
ENT-02076,DRAFT,OPERATOR_KONTEN,2026-01-18T18:46:10+07:00,pengusul_07
ENT-02076,OPERATOR_KONTEN,DITOLAK_OPERATOR,2026-08-15T12:33:24+07:00,operator_konten_07
ENT-02077,,DRAFT,2025-11-05T12:43:23+07:00,pengusul_42
ENT-02077,DRAFT,OPERATOR_KONTEN,2025-11-20T21:08:03+07:00,pengusul_42
ENT-02077,OPERATOR_KONTEN,PIC_UKE,2025-11-23T04:17:10+07:00,operator_konten_42
ENT-02077,PIC_UKE,TERVALIDASI,2025-11-30T00:32:10+07:00,pic_uke_42
ENT-02077,TERVALIDASI,PUBLISH,2025-12-26T10:49:47+07:00,operator_konten_42
ENT-02078,,DRAFT,2025-11-05T15:30:35+07:00,pengusul_62
ENT-02078,DRAFT,OPERATOR_KONTEN,2026-03-09T17:44:04+07:00,pengusul_62
ENT-02078,OPERATOR_KONTEN,PIC_UKE,2026-09-23T14:28:43+07:00,operator_konten_62
ENT-02079,,DRAFT,2025-11-06T08:03:21+07:00,pengusul_53
ENT-02079,DRAFT,OPERATOR_KONTEN,2026-03-04T18:07:27+07:00,pengusul_53
ENT-02079,OPERATOR_KONTEN,PIC_UKE,2026-10-06T10:17:06+07:00,operator_konten_53
ENT-02080,,DRAFT,2025-11-06T08:07:00+07:00,pengusul_04
ENT-02080,DRAFT,OPERATOR_KONTEN,2026-04-02T06:16:24+07:00,pengusul_04
ENT-02080,OPERATOR_KONTEN,PIC_UKE,2026-08-20T16:40:54+07:00,operator_konten_04
ENT-02081,,DRAFT,2025-11-06T08:44:14+07:00,pengusul_55
ENT-02081,DRAFT,OPERATOR_KONTEN,2025-11-17T18:24:58+07:00,pengusul_55
ENT-02081,OPERATOR_KONTEN,PIC_UKE,2026-07-25T04:45:17+07:00,operator_konten_55
ENT-02081,PIC_UKE,TERVALIDASI,2026-10-08T14:42:23+07:00,pic_uke_55
ENT-02082,,DRAFT,2025-11-06T11:49:25+07:00,pengusul_50
ENT-02082,DRAFT,OPERATOR_KONTEN,2025-11-14T09:05:14+07:00,pengusul_50
ENT-02082,OPERATOR_KONTEN,PIC_UKE,2026-01-03T03:21:36+07:00,operator_konten_50
ENT-02082,PIC_UKE,TERVALIDASI,2026-01-25T04:46:08+07:00,pic_uke_50
ENT-02082,TERVALIDASI,PUBLISH,2026-02-02T14:37:48+07:00,operator_konten_50
ENT-02083,,DRAFT,2025-11-06T16:42:15+07:00,pengusul_23
ENT-02083,DRAFT,OPERATOR_KONTEN,2025-11-16T10:17:15+07:00,pengusul_23
ENT-02083,OPERATOR_KONTEN,PIC_UKE,2026-05-02T18:57:52+07:00,operator_konten_23
ENT-02083,PIC_UKE,TERVALIDASI,2026-06-19T18:57:08+07:00,pic_uke_23
ENT-02083,TERVALIDASI,PUBLISH,2026-07-28T15:38:15+07:00,operator_konten_23
ENT-02084,,DRAFT,2025-11-07T10:07:23+07:00,pengusul_05
ENT-02084,DRAFT,OPERATOR_KONTEN,2026-02-28T13:54:55+07:00,pengusul_05
ENT-02084,OPERATOR_KONTEN,PIC_UKE,2026-09-23T13:29:52+07:00,operator_konten_05
ENT-02085,,DRAFT,2025-11-07T10:30:54+07:00,pengusul_33
ENT-02085,DRAFT,OPERATOR_KONTEN,2025-12-19T21:17:29+07:00,pengusul_33
ENT-02085,OPERATOR_KONTEN,PIC_UKE,2025-12-27T05:07:52+07:00,operator_konten_33
ENT-02085,PIC_UKE,TERVALIDASI,2026-01-18T12:45:26+07:00,pic_uke_33
ENT-02085,TERVALIDASI,PUBLISH,2026-01-23T16:57:29+07:00,operator_konten_33
ENT-02086,,DRAFT,2025-11-07T11:54:39+07:00,pengusul_67
ENT-02086,DRAFT,OPERATOR_KONTEN,2025-12-07T11:28:41+07:00,pengusul_67
ENT-02086,OPERATOR_KONTEN,PIC_UKE,2026-01-21T05:48:27+07:00,operator_konten_67
ENT-02086,PIC_UKE,TERVALIDASI,2026-01-24T10:00:48+07:00,pic_uke_67
ENT-02086,TERVALIDASI,PUBLISH,2026-01-30T12:19:19+07:00,operator_konten_67
ENT-02087,,DRAFT,2025-11-07T13:16:00+07:00,pengusul_36
ENT-02087,DRAFT,OPERATOR_KONTEN,2026-08-15T19:55:04+07:00,pengusul_36
ENT-02087,OPERATOR_KONTEN,PIC_UKE,2026-10-05T08:51:02+07:00,operator_konten_36
ENT-02088,,DRAFT,2025-11-08T11:02:16+07:00,pengusul_14
ENT-02088,DRAFT,OPERATOR_KONTEN,2025-11-11T08:49:24+07:00,pengusul_14
ENT-02088,OPERATOR_KONTEN,PIC_UKE,2025-11-11T10:19:27+07:00,operator_konten_14
ENT-02088,PIC_UKE,TERVALIDASI,2025-11-17T04:26:40+07:00,pic_uke_14
ENT-02088,TERVALIDASI,PUBLISH,2025-11-24T16:06:35+07:00,operator_konten_14
ENT-02089,,DRAFT,2025-11-08T13:11:45+07:00,pengusul_21
ENT-02089,DRAFT,OPERATOR_KONTEN,2025-12-14T18:59:16+07:00,pengusul_21
ENT-02089,OPERATOR_KONTEN,PIC_UKE,2026-02-17T03:31:00+07:00,operator_konten_21
ENT-02089,PIC_UKE,TERVALIDASI,2026-05-19T01:12:05+07:00,pic_uke_21
ENT-02089,TERVALIDASI,PUBLISH,2026-06-05T11:35:03+07:00,operator_konten_21
ENT-02090,,DRAFT,2025-11-09T12:38:40+07:00,pengusul_60
ENT-02090,DRAFT,OPERATOR_KONTEN,2025-11-15T23:02:31+07:00,pengusul_60
ENT-02090,OPERATOR_KONTEN,PIC_UKE,2025-12-07T01:37:06+07:00,operator_konten_60
ENT-02090,PIC_UKE,TERVALIDASI,2026-01-19T14:42:47+07:00,pic_uke_60
ENT-02090,TERVALIDASI,PUBLISH,2026-01-30T08:06:32+07:00,operator_konten_60
ENT-02091,,DRAFT,2025-11-09T14:14:47+07:00,pengusul_48
ENT-02091,DRAFT,OPERATOR_KONTEN,2026-01-02T23:17:02+07:00,pengusul_48
ENT-02091,OPERATOR_KONTEN,PIC_UKE,2026-09-28T14:17:54+07:00,operator_konten_48
ENT-02092,,DRAFT,2025-11-09T16:43:53+07:00,pengusul_63
ENT-02092,DRAFT,OPERATOR_KONTEN,2026-04-23T04:35:20+07:00,pengusul_63
ENT-02092,OPERATOR_KONTEN,PIC_UKE,2026-09-17T10:36:28+07:00,operator_konten_63
ENT-02093,,DRAFT,2025-11-10T08:19:36+07:00,pengusul_64
ENT-02093,DRAFT,OPERATOR_KONTEN,2026-06-11T00:25:35+07:00,pengusul_64
ENT-02093,OPERATOR_KONTEN,PIC_UKE,2026-08-13T08:33:55+07:00,operator_konten_64
ENT-02094,,DRAFT,2025-11-10T08:56:58+07:00,pengusul_48
ENT-02094,DRAFT,OPERATOR_KONTEN,2026-01-11T17:22:47+07:00,pengusul_48
ENT-02094,OPERATOR_KONTEN,PIC_UKE,2026-09-22T11:17:47+07:00,operator_konten_48
ENT-02095,,DRAFT,2025-11-10T14:56:47+07:00,pengusul_52
ENT-02095,DRAFT,OPERATOR_KONTEN,2026-05-22T10:56:13+07:00,pengusul_52
ENT-02095,OPERATOR_KONTEN,PIC_UKE,2026-08-11T16:40:39+07:00,operator_konten_52
ENT-02096,,DRAFT,2025-11-11T08:47:43+07:00,pengusul_07
ENT-02096,DRAFT,OPERATOR_KONTEN,2025-12-10T09:10:08+07:00,pengusul_07
ENT-02096,OPERATOR_KONTEN,DITOLAK_OPERATOR,2026-05-09T20:17:43+07:00,operator_konten_07
ENT-02096,DITOLAK_OPERATOR,DRAFT,2026-10-07T10:20:11+07:00,pengusul_07
ENT-02097,,DRAFT,2025-11-11T09:37:29+07:00,pengusul_10
ENT-02097,DRAFT,OPERATOR_KONTEN,2026-03-28T18:43:59+07:00,pengusul_10
ENT-02097,OPERATOR_KONTEN,PIC_UKE,2026-09-11T13:08:11+07:00,operator_konten_10
ENT-02098,,DRAFT,2025-11-11T11:28:01+07:00,pengusul_66
ENT-02098,DRAFT,OPERATOR_KONTEN,2025-12-12T06:47:48+07:00,pengusul_66
ENT-02098,OPERATOR_KONTEN,PIC_UKE,2026-02-14T09:33:20+07:00,operator_konten_66
ENT-02098,PIC_UKE,TERVALIDASI,2026-03-07T06:27:48+07:00,pic_uke_66
ENT-02098,TERVALIDASI,PUBLISH,2026-04-28T08:42:00+07:00,operator_konten_66
ENT-02099,,DRAFT,2025-11-11T13:59:10+07:00,pengusul_51
ENT-02099,DRAFT,OPERATOR_KONTEN,2025-12-13T12:15:43+07:00,pengusul_51
ENT-02099,OPERATOR_KONTEN,PIC_UKE,2026-01-15T02:14:44+07:00,operator_konten_51
ENT-02099,PIC_UKE,TERVALIDASI,2026-03-02T23:56:35+07:00,pic_uke_51
ENT-02099,TERVALIDASI,PUBLISH,2026-04-09T09:26:12+07:00,operator_konten_51
ENT-02100,,DRAFT,2025-11-11T14:19:48+07:00,pengusul_59
ENT-02100,DRAFT,OPERATOR_KONTEN,2025-11-21T23:10:43+07:00,pengusul_59
ENT-02100,OPERATOR_KONTEN,PIC_UKE,2025-12-21T17:10:59+07:00,operator_konten_59
ENT-02100,PIC_UKE,TERVALIDASI,2026-01-02T08:26:06+07:00,pic_uke_59
ENT-02100,TERVALIDASI,PUBLISH,2026-01-06T11:25:37+07:00,operator_konten_59
ENT-02101,,DRAFT,2025-11-11T14:41:38+07:00,pengusul_07
ENT-02101,DRAFT,OPERATOR_KONTEN,2026-01-15T19:54:13+07:00,pengusul_07
ENT-02101,OPERATOR_KONTEN,PIC_UKE,2026-04-27T20:55:23+07:00,operator_konten_07
ENT-02101,PIC_UKE,TERVALIDASI,2026-04-28T10:16:03+07:00,pic_uke_07
ENT-02101,TERVALIDASI,PUBLISH,2026-07-15T08:00:24+07:00,operator_konten_07
ENT-02102,,DRAFT,2025-11-11T16:38:44+07:00,pengusul_12
ENT-02102,DRAFT,OPERATOR_KONTEN,2025-11-14T07:37:08+07:00,pengusul_12
ENT-02102,OPERATOR_KONTEN,PIC_UKE,2025-12-07T21:52:43+07:00,operator_konten_12
ENT-02102,PIC_UKE,TERVALIDASI,2026-01-04T22:27:17+07:00,pic_uke_12
ENT-02102,TERVALIDASI,PUBLISH,2026-01-06T15:57:32+07:00,operator_konten_12
ENT-02103,,DRAFT,2025-11-12T09:38:28+07:00,pengusul_49
ENT-02103,DRAFT,OPERATOR_KONTEN,2026-01-19T14:41:51+07:00,pengusul_49
ENT-02103,OPERATOR_KONTEN,PIC_UKE,2026-02-10T09:40:39+07:00,operator_konten_49
ENT-02103,PIC_UKE,TERVALIDASI,2026-03-02T17:14:43+07:00,pic_uke_49
ENT-02103,TERVALIDASI,PUBLISH,2026-05-10T08:16:55+07:00,operator_konten_49
ENT-02104,,DRAFT,2025-11-12T11:50:19+07:00,pengusul_01
ENT-02104,DRAFT,OPERATOR_KONTEN,2026-09-27T21:28:15+07:00,pengusul_01
ENT-02104,OPERATOR_KONTEN,PIC_UKE,2026-10-08T12:47:32+07:00,operator_konten_01
ENT-02105,,DRAFT,2025-11-12T16:46:33+07:00,pengusul_67
ENT-02105,DRAFT,OPERATOR_KONTEN,2025-11-18T22:40:18+07:00,pengusul_67
ENT-02105,OPERATOR_KONTEN,PIC_UKE,2025-11-25T23:28:25+07:00,operator_konten_67
ENT-02105,PIC_UKE,TERVALIDASI,2025-12-29T22:50:11+07:00,pic_uke_67
ENT-02105,TERVALIDASI,PUBLISH,2026-01-12T14:52:05+07:00,operator_konten_67
ENT-02106,,DRAFT,2025-11-13T14:47:38+07:00,pengusul_01
ENT-02106,DRAFT,OPERATOR_KONTEN,2026-02-08T22:22:48+07:00,pengusul_01
ENT-02106,OPERATOR_KONTEN,PIC_UKE,2026-04-14T23:30:23+07:00,operator_konten_01
ENT-02106,PIC_UKE,TERVALIDASI,2026-04-21T14:31:48+07:00,pic_uke_01
ENT-02106,TERVALIDASI,PUBLISH,2026-05-14T12:02:31+07:00,operator_konten_01
ENT-02107,,DRAFT,2025-11-13T15:40:58+07:00,pengusul_07
ENT-02107,DRAFT,OPERATOR_KONTEN,2025-12-10T08:41:25+07:00,pengusul_07
ENT-02107,OPERATOR_KONTEN,PIC_UKE,2025-12-24T23:09:47+07:00,operator_konten_07
ENT-02107,PIC_UKE,TERVALIDASI,2026-04-21T16:02:22+07:00,pic_uke_07
ENT-02107,TERVALIDASI,PUBLISH,2026-06-23T15:11:24+07:00,operator_konten_07
ENT-02108,,DRAFT,2025-11-14T08:39:03+07:00,pengusul_09
ENT-02108,DRAFT,OPERATOR_KONTEN,2025-11-22T21:24:31+07:00,pengusul_09
ENT-02108,OPERATOR_KONTEN,PIC_UKE,2025-12-15T21:22:03+07:00,operator_konten_09
ENT-02108,PIC_UKE,TERVALIDASI,2026-06-25T03:34:52+07:00,pic_uke_09
ENT-02108,TERVALIDASI,PUBLISH,2026-07-19T09:39:00+07:00,operator_konten_09
ENT-02109,,DRAFT,2025-11-14T10:46:16+07:00,pengusul_62
ENT-02109,DRAFT,OPERATOR_KONTEN,2026-03-21T13:33:37+07:00,pengusul_62
ENT-02109,OPERATOR_KONTEN,PIC_UKE,2026-03-21T17:07:47+07:00,operator_konten_62
ENT-02109,PIC_UKE,TERVALIDASI,2026-04-28T03:03:38+07:00,pic_uke_62
ENT-02109,TERVALIDASI,PUBLISH,2026-05-23T16:25:10+07:00,operator_konten_62
ENT-02110,,DRAFT,2025-11-15T09:28:35+07:00,pengusul_06
ENT-02110,DRAFT,OPERATOR_KONTEN,2026-03-11T01:15:32+07:00,pengusul_06
ENT-02110,OPERATOR_KONTEN,PIC_UKE,2026-09-24T09:38:50+07:00,operator_konten_06
ENT-02111,,DRAFT,2025-11-15T14:00:48+07:00,pengusul_12
ENT-02111,DRAFT,OPERATOR_KONTEN,2026-02-16T19:01:48+07:00,pengusul_12
ENT-02111,OPERATOR_KONTEN,PIC_UKE,2026-03-16T09:07:29+07:00,operator_konten_12
ENT-02111,PIC_UKE,TERVALIDASI,2026-06-16T21:19:05+07:00,pic_uke_12
ENT-02111,TERVALIDASI,PUBLISH,2026-08-24T16:08:31+07:00,operator_konten_12
ENT-02112,,DRAFT,2025-11-16T10:43:42+07:00,pengusul_49
ENT-02112,DRAFT,OPERATOR_KONTEN,2026-07-03T00:18:18+07:00,pengusul_49
ENT-02112,OPERATOR_KONTEN,PIC_UKE,2026-09-29T11:33:58+07:00,operator_konten_49
ENT-02113,,DRAFT,2025-11-16T14:46:59+07:00,pengusul_20
ENT-02113,DRAFT,OPERATOR_KONTEN,2025-11-21T03:16:23+07:00,pengusul_20
ENT-02113,OPERATOR_KONTEN,PIC_UKE,2025-11-22T21:37:37+07:00,operator_konten_20
ENT-02113,PIC_UKE,TERVALIDASI,2025-11-23T01:27:40+07:00,pic_uke_20
ENT-02113,TERVALIDASI,PUBLISH,2025-11-23T14:59:36+07:00,operator_konten_20
ENT-02114,,DRAFT,2025-11-17T10:16:11+07:00,pengusul_45
ENT-02114,DRAFT,OPERATOR_KONTEN,2026-05-09T23:58:49+07:00,pengusul_45
ENT-02114,OPERATOR_KONTEN,PIC_UKE,2026-06-04T14:14:21+07:00,operator_konten_45
ENT-02114,PIC_UKE,TERVALIDASI,2026-10-01T12:31:29+07:00,pic_uke_45
ENT-02115,,DRAFT,2025-11-17T10:48:24+07:00,pengusul_50
ENT-02115,DRAFT,OPERATOR_KONTEN,2026-01-22T21:02:27+07:00,pengusul_50
ENT-02115,OPERATOR_KONTEN,PIC_UKE,2026-02-04T22:26:29+07:00,operator_konten_50
ENT-02115,PIC_UKE,TERVALIDASI,2026-03-05T22:08:29+07:00,pic_uke_50
ENT-02115,TERVALIDASI,PUBLISH,2026-06-04T10:49:42+07:00,operator_konten_50
ENT-02116,,DRAFT,2025-11-17T13:44:07+07:00,pengusul_43
ENT-02116,DRAFT,OPERATOR_KONTEN,2026-01-12T14:29:07+07:00,pengusul_43
ENT-02116,OPERATOR_KONTEN,PIC_UKE,2026-02-11T21:41:33+07:00,operator_konten_43
ENT-02116,PIC_UKE,TERVALIDASI,2026-08-13T06:53:31+07:00,pic_uke_43
ENT-02116,TERVALIDASI,PUBLISH,2026-08-29T13:36:18+07:00,operator_konten_43
ENT-02117,,DRAFT,2025-11-17T15:49:21+07:00,pengusul_07
ENT-02117,DRAFT,OPERATOR_KONTEN,2026-04-02T13:31:46+07:00,pengusul_07
ENT-02117,OPERATOR_KONTEN,PIC_UKE,2026-10-06T13:34:40+07:00,operator_konten_07
ENT-02118,,DRAFT,2025-11-17T16:58:46+07:00,pengusul_19
ENT-02118,DRAFT,OPERATOR_KONTEN,2026-01-12T20:50:59+07:00,pengusul_19
ENT-02118,OPERATOR_KONTEN,PIC_UKE,2026-10-02T10:17:14+07:00,operator_konten_19
ENT-02119,,DRAFT,2025-11-18T09:41:11+07:00,pengusul_22
ENT-02119,DRAFT,OPERATOR_KONTEN,2026-10-08T08:33:38+07:00,pengusul_22
ENT-02120,,DRAFT,2025-11-18T12:48:47+07:00,pengusul_60
ENT-02120,DRAFT,OPERATOR_KONTEN,2026-05-09T10:48:56+07:00,pengusul_60
ENT-02120,OPERATOR_KONTEN,PIC_UKE,2026-10-08T10:30:41+07:00,operator_konten_60
ENT-02121,,DRAFT,2025-11-18T15:35:58+07:00,pengusul_25
ENT-02121,DRAFT,OPERATOR_KONTEN,2025-11-25T00:46:27+07:00,pengusul_25
ENT-02121,OPERATOR_KONTEN,PIC_UKE,2026-01-20T02:02:27+07:00,operator_konten_25
ENT-02121,PIC_UKE,TERVALIDASI,2026-01-23T03:37:01+07:00,pic_uke_25
ENT-02121,TERVALIDASI,PUBLISH,2026-05-21T08:20:41+07:00,operator_konten_25
ENT-02122,,DRAFT,2025-11-19T08:44:36+07:00,pengusul_64
ENT-02122,DRAFT,OPERATOR_KONTEN,2025-11-19T22:34:11+07:00,pengusul_64
ENT-02122,OPERATOR_KONTEN,PIC_UKE,2025-11-19T23:48:28+07:00,operator_konten_64
ENT-02122,PIC_UKE,TERVALIDASI,2025-11-20T20:00:16+07:00,pic_uke_64
ENT-02122,TERVALIDASI,PUBLISH,2025-11-22T12:51:56+07:00,operator_konten_64
ENT-02123,,DRAFT,2025-11-19T09:09:14+07:00,pengusul_15
ENT-02123,DRAFT,OPERATOR_KONTEN,2025-11-28T02:25:58+07:00,pengusul_15
ENT-02123,OPERATOR_KONTEN,PIC_UKE,2025-12-11T18:53:23+07:00,operator_konten_15
ENT-02123,PIC_UKE,TERVALIDASI,2025-12-24T03:44:29+07:00,pic_uke_15
ENT-02123,TERVALIDASI,PUBLISH,2025-12-29T11:14:29+07:00,operator_konten_15
ENT-02124,,DRAFT,2025-11-19T13:41:59+07:00,pengusul_58
ENT-02124,DRAFT,OPERATOR_KONTEN,2026-05-24T23:43:37+07:00,pengusul_58
ENT-02124,OPERATOR_KONTEN,PIC_UKE,2026-09-01T09:11:14+07:00,operator_konten_58
ENT-02125,,DRAFT,2025-11-19T13:56:11+07:00,pengusul_22
ENT-02125,DRAFT,OPERATOR_KONTEN,2025-11-29T08:22:24+07:00,pengusul_22
ENT-02125,OPERATOR_KONTEN,PIC_UKE,2025-12-10T06:02:52+07:00,operator_konten_22
ENT-02125,PIC_UKE,TERVALIDASI,2025-12-12T22:00:13+07:00,pic_uke_22
ENT-02125,TERVALIDASI,PUBLISH,2025-12-21T10:33:59+07:00,operator_konten_22
ENT-02126,,DRAFT,2025-11-20T09:22:29+07:00,pengusul_06
ENT-02126,DRAFT,OPERATOR_KONTEN,2025-12-12T05:29:47+07:00,pengusul_06
ENT-02126,OPERATOR_KONTEN,PIC_UKE,2026-01-10T23:43:24+07:00,operator_konten_06
ENT-02126,PIC_UKE,TERVALIDASI,2026-01-21T16:42:39+07:00,pic_uke_06
ENT-02126,TERVALIDASI,PUBLISH,2026-01-26T14:01:55+07:00,operator_konten_06
ENT-02127,,DRAFT,2025-11-20T09:42:40+07:00,pengusul_66
ENT-02127,DRAFT,OPERATOR_KONTEN,2026-01-01T00:23:30+07:00,pengusul_66
ENT-02127,OPERATOR_KONTEN,PIC_UKE,2026-02-03T00:33:32+07:00,operator_konten_66
ENT-02127,PIC_UKE,TERVALIDASI,2026-06-16T04:41:55+07:00,pic_uke_66
ENT-02127,TERVALIDASI,PUBLISH,2026-08-22T10:34:12+07:00,operator_konten_66
ENT-02128,,DRAFT,2025-11-20T10:08:22+07:00,pengusul_12
ENT-02128,DRAFT,OPERATOR_KONTEN,2025-12-24T21:26:19+07:00,pengusul_12
ENT-02128,OPERATOR_KONTEN,PIC_UKE,2026-01-11T01:11:22+07:00,operator_konten_12
ENT-02128,PIC_UKE,TERVALIDASI,2026-02-02T14:22:43+07:00,pic_uke_12
ENT-02128,TERVALIDASI,PUBLISH,2026-03-25T08:05:19+07:00,operator_konten_12
ENT-02129,,DRAFT,2025-11-20T12:34:38+07:00,pengusul_17
ENT-02129,DRAFT,OPERATOR_KONTEN,2026-01-16T10:25:15+07:00,pengusul_17
ENT-02129,OPERATOR_KONTEN,PIC_UKE,2026-09-22T10:20:55+07:00,operator_konten_17
ENT-02130,,DRAFT,2025-11-21T12:14:23+07:00,pengusul_05
ENT-02130,DRAFT,OPERATOR_KONTEN,2026-01-30T07:59:30+07:00,pengusul_05
ENT-02130,OPERATOR_KONTEN,DITOLAK_OPERATOR,2026-07-24T09:28:00+07:00,operator_konten_05
ENT-02130,DITOLAK_OPERATOR,DRAFT,2026-09-21T10:42:47+07:00,pengusul_05
ENT-02131,,DRAFT,2025-11-21T12:52:44+07:00,pengusul_45
ENT-02131,DRAFT,OPERATOR_KONTEN,2026-03-15T14:19:44+07:00,pengusul_45
ENT-02131,OPERATOR_KONTEN,PIC_UKE,2026-04-18T14:19:42+07:00,operator_konten_45
ENT-02131,PIC_UKE,TERVALIDASI,2026-05-29T15:26:52+07:00,pic_uke_45
ENT-02131,TERVALIDASI,PUBLISH,2026-06-29T16:48:49+07:00,operator_konten_45
ENT-02132,,DRAFT,2025-11-22T09:54:23+07:00,pengusul_39
ENT-02132,DRAFT,OPERATOR_KONTEN,2026-02-21T16:12:27+07:00,pengusul_39
ENT-02132,OPERATOR_KONTEN,PIC_UKE,2026-10-08T11:17:12+07:00,operator_konten_39
ENT-02133,,DRAFT,2025-11-22T12:24:37+07:00,pengusul_24
ENT-02133,DRAFT,OPERATOR_KONTEN,2025-12-18T21:30:34+07:00,pengusul_24
ENT-02133,OPERATOR_KONTEN,PIC_UKE,2026-01-03T11:12:20+07:00,operator_konten_24
ENT-02133,PIC_UKE,TERVALIDASI,2026-02-01T04:25:36+07:00,pic_uke_24
ENT-02133,TERVALIDASI,PUBLISH,2026-04-02T09:10:36+07:00,operator_konten_24
ENT-02134,,DRAFT,2025-11-22T14:29:26+07:00,pengusul_66
ENT-02134,DRAFT,OPERATOR_KONTEN,2025-12-20T13:39:53+07:00,pengusul_66
ENT-02134,OPERATOR_KONTEN,PIC_UKE,2026-01-21T17:33:27+07:00,operator_konten_66
ENT-02134,PIC_UKE,TERVALIDASI,2026-03-21T06:40:43+07:00,pic_uke_66
ENT-02134,TERVALIDASI,PUBLISH,2026-07-07T15:48:17+07:00,operator_konten_66
ENT-02135,,DRAFT,2025-11-23T16:07:46+07:00,pengusul_57
ENT-02135,DRAFT,OPERATOR_KONTEN,2025-11-29T08:44:25+07:00,pengusul_57
ENT-02135,OPERATOR_KONTEN,PIC_UKE,2025-11-29T22:47:29+07:00,operator_konten_57
ENT-02135,PIC_UKE,TERVALIDASI,2025-12-08T09:50:58+07:00,pic_uke_57
ENT-02135,TERVALIDASI,PUBLISH,2025-12-17T14:53:16+07:00,operator_konten_57
ENT-02136,,DRAFT,2025-11-24T09:12:16+07:00,pengusul_22
ENT-02136,DRAFT,OPERATOR_KONTEN,2026-03-23T06:11:15+07:00,pengusul_22
ENT-02136,OPERATOR_KONTEN,PIC_UKE,2026-03-31T10:23:19+07:00,operator_konten_22
ENT-02136,PIC_UKE,TERVALIDASI,2026-04-15T01:48:42+07:00,pic_uke_22
ENT-02136,TERVALIDASI,PUBLISH,2026-04-29T11:27:50+07:00,operator_konten_22
ENT-02137,,DRAFT,2025-11-24T11:28:21+07:00,pengusul_38
ENT-02137,DRAFT,OPERATOR_KONTEN,2025-12-23T11:39:28+07:00,pengusul_38
ENT-02137,OPERATOR_KONTEN,PIC_UKE,2026-01-12T07:53:07+07:00,operator_konten_38
ENT-02137,PIC_UKE,TERVALIDASI,2026-03-23T15:19:36+07:00,pic_uke_38
ENT-02137,TERVALIDASI,PUBLISH,2026-06-12T11:39:35+07:00,operator_konten_38
ENT-02138,,DRAFT,2025-11-24T12:47:38+07:00,pengusul_23
ENT-02138,DRAFT,OPERATOR_KONTEN,2025-12-25T16:37:47+07:00,pengusul_23
ENT-02138,OPERATOR_KONTEN,PIC_UKE,2026-02-23T03:17:35+07:00,operator_konten_23
ENT-02138,PIC_UKE,TERVALIDASI,2026-03-02T15:06:02+07:00,pic_uke_23
ENT-02138,TERVALIDASI,PUBLISH,2026-08-09T14:15:36+07:00,operator_konten_23
ENT-02139,,DRAFT,2025-11-24T14:22:43+07:00,pengusul_43
ENT-02139,DRAFT,OPERATOR_KONTEN,2025-12-13T12:43:16+07:00,pengusul_43
ENT-02139,OPERATOR_KONTEN,PIC_UKE,2026-01-06T19:36:07+07:00,operator_konten_43
ENT-02139,PIC_UKE,TERVALIDASI,2026-05-24T11:33:37+07:00,pic_uke_43
ENT-02139,TERVALIDASI,PUBLISH,2026-06-14T10:25:48+07:00,operator_konten_43
ENT-02140,,DRAFT,2025-11-24T15:48:55+07:00,pengusul_57
ENT-02140,DRAFT,OPERATOR_KONTEN,2026-05-15T20:10:18+07:00,pengusul_57
ENT-02140,OPERATOR_KONTEN,PIC_UKE,2026-08-20T11:16:56+07:00,operator_konten_57
ENT-02141,,DRAFT,2025-11-24T15:54:24+07:00,pengusul_41
ENT-02141,DRAFT,OPERATOR_KONTEN,2026-05-30T06:56:12+07:00,pengusul_41
ENT-02141,OPERATOR_KONTEN,PIC_UKE,2026-09-25T09:13:16+07:00,operator_konten_41
ENT-02142,,DRAFT,2025-11-25T10:39:34+07:00,pengusul_20
ENT-02142,DRAFT,OPERATOR_KONTEN,2026-09-15T02:17:00+07:00,pengusul_20
ENT-02142,OPERATOR_KONTEN,PIC_UKE,2026-09-29T11:06:25+07:00,operator_konten_20
ENT-02143,,DRAFT,2025-11-26T09:27:28+07:00,pengusul_05
ENT-02143,DRAFT,OPERATOR_KONTEN,2026-05-18T06:52:21+07:00,pengusul_05
ENT-02143,OPERATOR_KONTEN,PIC_UKE,2026-10-06T08:08:39+07:00,operator_konten_05
ENT-02144,,DRAFT,2025-11-28T08:46:40+07:00,pengusul_59
ENT-02144,DRAFT,OPERATOR_KONTEN,2026-05-07T08:34:49+07:00,pengusul_59
ENT-02144,OPERATOR_KONTEN,PIC_UKE,2026-10-08T11:05:55+07:00,operator_konten_59
ENT-02145,,DRAFT,2025-11-28T09:25:34+07:00,pengusul_35
ENT-02145,DRAFT,OPERATOR_KONTEN,2026-01-31T04:56:06+07:00,pengusul_35
ENT-02145,OPERATOR_KONTEN,PIC_UKE,2026-02-15T19:39:55+07:00,operator_konten_35
ENT-02145,PIC_UKE,TERVALIDASI,2026-03-31T06:59:05+07:00,pic_uke_35
ENT-02145,TERVALIDASI,PUBLISH,2026-04-25T16:33:47+07:00,operator_konten_35
ENT-02146,,DRAFT,2025-11-28T13:03:09+07:00,pengusul_31
ENT-02146,DRAFT,OPERATOR_KONTEN,2025-12-14T19:26:01+07:00,pengusul_31
ENT-02146,OPERATOR_KONTEN,PIC_UKE,2026-02-21T06:16:08+07:00,operator_konten_31
ENT-02146,PIC_UKE,TERVALIDASI,2026-06-09T12:51:08+07:00,pic_uke_31
ENT-02146,TERVALIDASI,PUBLISH,2026-06-26T10:15:05+07:00,operator_konten_31
ENT-02147,,DRAFT,2025-11-28T15:46:26+07:00,pengusul_06
ENT-02147,DRAFT,OPERATOR_KONTEN,2026-03-05T00:39:09+07:00,pengusul_06
ENT-02147,OPERATOR_KONTEN,PIC_UKE,2026-09-22T14:02:53+07:00,operator_konten_06
ENT-02148,,DRAFT,2025-11-28T16:04:30+07:00,pengusul_69
ENT-02148,DRAFT,OPERATOR_KONTEN,2025-12-11T15:05:34+07:00,pengusul_69
ENT-02148,OPERATOR_KONTEN,PIC_UKE,2025-12-13T10:09:46+07:00,operator_konten_69
ENT-02148,PIC_UKE,TERVALIDASI,2026-01-24T04:43:53+07:00,pic_uke_69
ENT-02148,TERVALIDASI,PUBLISH,2026-01-28T07:13:16+07:00,operator_konten_69
ENT-02148,PUBLISH,UNPUBLISH,2026-01-31T13:29:06+07:00,admin_69
ENT-02149,,DRAFT,2025-11-29T08:59:01+07:00,pengusul_57
ENT-02149,DRAFT,OPERATOR_KONTEN,2025-12-04T05:57:33+07:00,pengusul_57
ENT-02149,OPERATOR_KONTEN,PIC_UKE,2025-12-16T13:31:11+07:00,operator_konten_57
ENT-02149,PIC_UKE,TERVALIDASI,2025-12-18T18:22:35+07:00,pic_uke_57
ENT-02149,TERVALIDASI,PUBLISH,2025-12-19T15:17:15+07:00,operator_konten_57
ENT-02150,,DRAFT,2025-11-29T09:03:02+07:00,pengusul_05
ENT-02150,DRAFT,OPERATOR_KONTEN,2025-12-21T04:42:12+07:00,pengusul_05
ENT-02150,OPERATOR_KONTEN,PIC_UKE,2026-01-07T12:13:29+07:00,operator_konten_05
ENT-02150,PIC_UKE,TERVALIDASI,2026-01-28T21:50:49+07:00,pic_uke_05
ENT-02150,TERVALIDASI,PUBLISH,2026-03-28T12:58:24+07:00,operator_konten_05
ENT-02151,,DRAFT,2025-11-29T10:00:28+07:00,pengusul_59
ENT-02151,DRAFT,OPERATOR_KONTEN,2026-08-14T18:21:33+07:00,pengusul_59
ENT-02151,OPERATOR_KONTEN,PIC_UKE,2026-10-06T16:55:51+07:00,operator_konten_59
ENT-02152,,DRAFT,2025-11-29T10:28:15+07:00,pengusul_61
ENT-02152,DRAFT,OPERATOR_KONTEN,2026-08-14T22:19:14+07:00,pengusul_61
ENT-02152,OPERATOR_KONTEN,PIC_UKE,2026-08-24T13:57:04+07:00,operator_konten_61
ENT-02153,,DRAFT,2025-11-29T11:17:58+07:00,pengusul_57
ENT-02153,DRAFT,OPERATOR_KONTEN,2026-01-18T11:23:49+07:00,pengusul_57
ENT-02153,OPERATOR_KONTEN,PIC_UKE,2026-01-23T11:33:14+07:00,operator_konten_57
ENT-02153,PIC_UKE,TERVALIDASI,2026-02-04T19:09:02+07:00,pic_uke_57
ENT-02153,TERVALIDASI,PUBLISH,2026-06-15T12:16:26+07:00,operator_konten_57
ENT-02154,,DRAFT,2025-11-29T13:56:39+07:00,pengusul_18
ENT-02154,DRAFT,OPERATOR_KONTEN,2025-11-30T06:54:19+07:00,pengusul_18
ENT-02154,OPERATOR_KONTEN,PIC_UKE,2025-12-11T17:19:54+07:00,operator_konten_18
ENT-02154,PIC_UKE,TERVALIDASI,2025-12-13T10:43:10+07:00,pic_uke_18
ENT-02154,TERVALIDASI,PUBLISH,2025-12-14T14:52:11+07:00,operator_konten_18
ENT-02155,,DRAFT,2025-11-29T14:06:23+07:00,pengusul_47
ENT-02155,DRAFT,OPERATOR_KONTEN,2025-12-17T01:15:07+07:00,pengusul_47
ENT-02155,OPERATOR_KONTEN,PIC_UKE,2026-02-17T04:26:28+07:00,operator_konten_47
ENT-02155,PIC_UKE,TERVALIDASI,2026-07-05T01:28:53+07:00,pic_uke_47
ENT-02155,TERVALIDASI,PUBLISH,2026-08-16T13:10:32+07:00,operator_konten_47
ENT-02156,,DRAFT,2025-11-29T16:50:12+07:00,pengusul_12
ENT-02156,DRAFT,OPERATOR_KONTEN,2026-02-04T22:05:29+07:00,pengusul_12
ENT-02156,OPERATOR_KONTEN,PIC_UKE,2026-02-27T01:23:47+07:00,operator_konten_12
ENT-02156,PIC_UKE,TERVALIDASI,2026-04-24T12:43:46+07:00,pic_uke_12
ENT-02156,TERVALIDASI,PUBLISH,2026-04-29T13:22:54+07:00,operator_konten_12
ENT-02157,,DRAFT,2025-11-30T10:01:28+07:00,pengusul_65
ENT-02157,DRAFT,OPERATOR_KONTEN,2025-12-27T05:47:53+07:00,pengusul_65
ENT-02157,OPERATOR_KONTEN,PIC_UKE,2026-02-05T22:44:46+07:00,operator_konten_65
ENT-02157,PIC_UKE,TERVALIDASI,2026-02-08T05:58:55+07:00,pic_uke_65
ENT-02157,TERVALIDASI,PUBLISH,2026-06-02T10:06:10+07:00,operator_konten_65
ENT-02158,,DRAFT,2025-11-30T12:33:19+07:00,pengusul_43
ENT-02158,DRAFT,OPERATOR_KONTEN,2026-02-27T18:58:13+07:00,pengusul_43
ENT-02158,OPERATOR_KONTEN,PIC_UKE,2026-05-11T08:50:01+07:00,operator_konten_43
ENT-02158,PIC_UKE,TERVALIDASI,2026-07-06T10:31:37+07:00,pic_uke_43
ENT-02158,TERVALIDASI,PUBLISH,2026-08-12T10:05:04+07:00,operator_konten_43
ENT-02159,,DRAFT,2025-11-30T16:02:00+07:00,pengusul_35
ENT-02159,DRAFT,OPERATOR_KONTEN,2025-12-27T14:06:52+07:00,pengusul_35
ENT-02159,OPERATOR_KONTEN,PIC_UKE,2026-01-20T23:55:20+07:00,operator_konten_35
ENT-02159,PIC_UKE,TERVALIDASI,2026-01-28T16:16:15+07:00,pic_uke_35
ENT-02159,TERVALIDASI,PUBLISH,2026-03-29T15:18:28+07:00,operator_konten_35
ENT-02160,,DRAFT,2025-11-30T16:11:11+07:00,pengusul_21
ENT-02160,DRAFT,OPERATOR_KONTEN,2025-12-15T14:46:02+07:00,pengusul_21
ENT-02160,OPERATOR_KONTEN,PIC_UKE,2026-01-13T19:25:27+07:00,operator_konten_21
ENT-02160,PIC_UKE,TERVALIDASI,2026-02-12T16:49:08+07:00,pic_uke_21
ENT-02160,TERVALIDASI,PUBLISH,2026-02-27T10:00:09+07:00,operator_konten_21
ENT-02161,,DRAFT,2025-12-01T08:05:54+07:00,pengusul_60
ENT-02161,DRAFT,OPERATOR_KONTEN,2026-01-19T02:08:30+07:00,pengusul_60
ENT-02161,OPERATOR_KONTEN,PIC_UKE,2026-10-05T16:25:34+07:00,operator_konten_60
ENT-02162,,DRAFT,2025-12-01T10:45:25+07:00,pengusul_12
ENT-02162,DRAFT,OPERATOR_KONTEN,2025-12-05T22:39:47+07:00,pengusul_12
ENT-02162,OPERATOR_KONTEN,PIC_UKE,2025-12-08T23:44:44+07:00,operator_konten_12
ENT-02162,PIC_UKE,TERVALIDASI,2025-12-10T04:47:54+07:00,pic_uke_12
ENT-02162,TERVALIDASI,PUBLISH,2025-12-11T13:54:12+07:00,operator_konten_12
ENT-02163,,DRAFT,2025-12-01T12:57:29+07:00,pengusul_45
ENT-02163,DRAFT,OPERATOR_KONTEN,2025-12-12T12:01:47+07:00,pengusul_45
ENT-02163,OPERATOR_KONTEN,PIC_UKE,2026-01-12T01:13:15+07:00,operator_konten_45
ENT-02163,PIC_UKE,TERVALIDASI,2026-03-30T06:07:11+07:00,pic_uke_45
ENT-02163,TERVALIDASI,PUBLISH,2026-04-22T14:02:55+07:00,operator_konten_45
ENT-02164,,DRAFT,2025-12-01T13:40:12+07:00,pengusul_13
ENT-02164,DRAFT,OPERATOR_KONTEN,2025-12-08T12:58:19+07:00,pengusul_13
ENT-02164,OPERATOR_KONTEN,PIC_UKE,2025-12-20T11:51:53+07:00,operator_konten_13
ENT-02164,PIC_UKE,TERVALIDASI,2025-12-21T23:29:35+07:00,pic_uke_13
ENT-02164,TERVALIDASI,PUBLISH,2025-12-23T13:49:05+07:00,operator_konten_13
ENT-02165,,DRAFT,2025-12-01T14:11:35+07:00,pengusul_02
ENT-02165,DRAFT,OPERATOR_KONTEN,2026-02-27T02:04:54+07:00,pengusul_02
ENT-02165,OPERATOR_KONTEN,PIC_UKE,2026-03-05T17:25:15+07:00,operator_konten_02
ENT-02165,PIC_UKE,TERVALIDASI,2026-04-02T16:49:09+07:00,pic_uke_02
ENT-02165,TERVALIDASI,PUBLISH,2026-08-09T16:47:11+07:00,operator_konten_02
ENT-02166,,DRAFT,2025-12-02T10:48:13+07:00,pengusul_52
ENT-02166,DRAFT,OPERATOR_KONTEN,2026-03-16T04:48:09+07:00,pengusul_52
ENT-02166,OPERATOR_KONTEN,PIC_UKE,2026-03-23T15:49:20+07:00,operator_konten_52
ENT-02166,PIC_UKE,TERVALIDASI,2026-04-27T16:47:01+07:00,pic_uke_52
ENT-02166,TERVALIDASI,PUBLISH,2026-05-21T12:28:11+07:00,operator_konten_52
ENT-02167,,DRAFT,2025-12-03T09:46:58+07:00,pengusul_40
ENT-02167,DRAFT,OPERATOR_KONTEN,2026-06-02T12:59:26+07:00,pengusul_40
ENT-02167,OPERATOR_KONTEN,PIC_UKE,2026-09-23T13:51:57+07:00,operator_konten_40
ENT-02168,,DRAFT,2025-12-03T12:34:09+07:00,pengusul_69
ENT-02168,DRAFT,OPERATOR_KONTEN,2026-03-06T12:46:12+07:00,pengusul_69
ENT-02168,OPERATOR_KONTEN,PIC_UKE,2026-07-16T20:29:48+07:00,operator_konten_69
ENT-02168,PIC_UKE,TERVALIDASI,2026-08-06T06:53:16+07:00,pic_uke_69
ENT-02168,TERVALIDASI,PUBLISH,2026-08-22T09:38:51+07:00,operator_konten_69
ENT-02169,,DRAFT,2025-12-03T12:41:04+07:00,pengusul_47
ENT-02169,DRAFT,OPERATOR_KONTEN,2025-12-14T15:45:09+07:00,pengusul_47
ENT-02169,OPERATOR_KONTEN,PIC_UKE,2026-02-08T12:07:09+07:00,operator_konten_47
ENT-02169,PIC_UKE,TERVALIDASI,2026-05-06T03:46:31+07:00,pic_uke_47
ENT-02169,TERVALIDASI,PUBLISH,2026-06-11T15:14:26+07:00,operator_konten_47
ENT-02170,,DRAFT,2025-12-03T14:19:04+07:00,pengusul_00
ENT-02170,DRAFT,OPERATOR_KONTEN,2025-12-29T11:14:07+07:00,pengusul_00
ENT-02170,OPERATOR_KONTEN,PIC_UKE,2026-01-06T06:16:38+07:00,operator_konten_00
ENT-02170,PIC_UKE,TERVALIDASI,2026-01-21T13:09:01+07:00,pic_uke_00
ENT-02170,TERVALIDASI,PUBLISH,2026-03-07T16:58:41+07:00,operator_konten_00
ENT-02171,,DRAFT,2025-12-03T15:19:07+07:00,pengusul_00
ENT-02171,DRAFT,OPERATOR_KONTEN,2026-03-08T02:33:47+07:00,pengusul_00
ENT-02171,OPERATOR_KONTEN,PIC_UKE,2026-03-23T06:42:01+07:00,operator_konten_00
ENT-02171,PIC_UKE,TERVALIDASI,2026-04-13T09:22:57+07:00,pic_uke_00
ENT-02171,TERVALIDASI,PUBLISH,2026-07-18T14:12:33+07:00,operator_konten_00
ENT-02172,,DRAFT,2025-12-03T15:58:13+07:00,pengusul_60
ENT-02172,DRAFT,OPERATOR_KONTEN,2026-05-14T00:36:58+07:00,pengusul_60
ENT-02172,OPERATOR_KONTEN,PIC_UKE,2026-10-08T08:52:12+07:00,operator_konten_60
ENT-02173,,DRAFT,2025-12-03T16:07:55+07:00,pengusul_66
ENT-02173,DRAFT,OPERATOR_KONTEN,2026-01-02T00:25:40+07:00,pengusul_66
ENT-02173,OPERATOR_KONTEN,PIC_UKE,2026-01-03T13:24:50+07:00,operator_konten_66
ENT-02173,PIC_UKE,TERVALIDASI,2026-01-19T03:37:46+07:00,pic_uke_66
ENT-02173,TERVALIDASI,PUBLISH,2026-02-07T16:48:24+07:00,operator_konten_66
ENT-02174,,DRAFT,2025-12-03T16:32:28+07:00,pengusul_12
ENT-02174,DRAFT,OPERATOR_KONTEN,2026-01-04T18:56:47+07:00,pengusul_12
ENT-02174,OPERATOR_KONTEN,PIC_UKE,2026-01-08T00:07:49+07:00,operator_konten_12
ENT-02174,PIC_UKE,TERVALIDASI,2026-01-18T02:46:46+07:00,pic_uke_12
ENT-02174,TERVALIDASI,PUBLISH,2026-02-24T14:33:36+07:00,operator_konten_12
ENT-02175,,DRAFT,2025-12-03T16:41:51+07:00,pengusul_58
ENT-02175,DRAFT,OPERATOR_KONTEN,2026-05-25T09:26:44+07:00,pengusul_58
ENT-02175,OPERATOR_KONTEN,PIC_UKE,2026-09-24T14:52:00+07:00,operator_konten_58
ENT-02176,,DRAFT,2025-12-04T10:18:32+07:00,pengusul_03
ENT-02176,DRAFT,OPERATOR_KONTEN,2025-12-23T16:35:33+07:00,pengusul_03
ENT-02176,OPERATOR_KONTEN,PIC_UKE,2025-12-27T23:50:34+07:00,operator_konten_03
ENT-02176,PIC_UKE,TERVALIDASI,2026-01-04T00:46:41+07:00,pic_uke_03
ENT-02176,TERVALIDASI,PUBLISH,2026-04-22T13:41:32+07:00,operator_konten_03
ENT-02177,,DRAFT,2025-12-05T08:40:54+07:00,pengusul_02
ENT-02177,DRAFT,OPERATOR_KONTEN,2026-02-05T22:39:30+07:00,pengusul_02
ENT-02177,OPERATOR_KONTEN,PIC_UKE,2026-03-16T02:00:39+07:00,operator_konten_02
ENT-02177,PIC_UKE,TERVALIDASI,2026-04-14T17:34:11+07:00,pic_uke_02
ENT-02177,TERVALIDASI,PUBLISH,2026-05-05T14:15:37+07:00,operator_konten_02
ENT-02178,,DRAFT,2025-12-05T12:51:27+07:00,pengusul_25
ENT-02178,DRAFT,OPERATOR_KONTEN,2026-02-08T18:00:55+07:00,pengusul_25
ENT-02178,OPERATOR_KONTEN,PIC_UKE,2026-02-12T13:26:05+07:00,operator_konten_25
ENT-02178,PIC_UKE,TERVALIDASI,2026-04-03T17:27:17+07:00,pic_uke_25
ENT-02178,TERVALIDASI,PUBLISH,2026-04-15T11:24:05+07:00,operator_konten_25
ENT-02179,,DRAFT,2025-12-05T13:06:44+07:00,pengusul_56
ENT-02179,DRAFT,OPERATOR_KONTEN,2025-12-08T04:21:42+07:00,pengusul_56
ENT-02179,OPERATOR_KONTEN,PIC_UKE,2025-12-11T05:49:56+07:00,operator_konten_56
ENT-02179,PIC_UKE,TERVALIDASI,2025-12-27T01:47:15+07:00,pic_uke_56
ENT-02179,TERVALIDASI,PUBLISH,2026-01-11T10:46:37+07:00,operator_konten_56
ENT-02180,,DRAFT,2025-12-05T14:48:04+07:00,pengusul_20
ENT-02180,DRAFT,OPERATOR_KONTEN,2026-03-13T10:23:02+07:00,pengusul_20
ENT-02180,OPERATOR_KONTEN,PIC_UKE,2026-09-25T11:51:57+07:00,operator_konten_20
ENT-02181,,DRAFT,2025-12-06T08:31:37+07:00,pengusul_55
ENT-02181,DRAFT,OPERATOR_KONTEN,2026-06-16T00:18:10+07:00,pengusul_55
ENT-02181,OPERATOR_KONTEN,PIC_UKE,2026-09-30T14:10:19+07:00,operator_konten_55
ENT-02182,,DRAFT,2025-12-06T08:34:40+07:00,pengusul_46
ENT-02182,DRAFT,OPERATOR_KONTEN,2026-03-05T04:59:13+07:00,pengusul_46
ENT-02182,OPERATOR_KONTEN,PIC_UKE,2026-09-11T09:49:53+07:00,operator_konten_46
ENT-02183,,DRAFT,2025-12-06T11:44:54+07:00,pengusul_40
ENT-02183,DRAFT,OPERATOR_KONTEN,2025-12-26T17:31:51+07:00,pengusul_40
ENT-02183,OPERATOR_KONTEN,DITOLAK_OPERATOR,2026-03-22T07:25:17+07:00,operator_konten_40
ENT-02183,DITOLAK_OPERATOR,DRAFT,2026-10-07T11:23:45+07:00,pengusul_40
ENT-02184,,DRAFT,2025-12-06T14:03:58+07:00,pengusul_14
ENT-02184,DRAFT,OPERATOR_KONTEN,2026-07-05T12:06:39+07:00,pengusul_14
ENT-02184,OPERATOR_KONTEN,PIC_UKE,2026-09-09T16:20:18+07:00,operator_konten_14
ENT-02185,,DRAFT,2025-12-07T13:12:29+07:00,pengusul_45
ENT-02185,DRAFT,OPERATOR_KONTEN,2025-12-23T18:59:20+07:00,pengusul_45
ENT-02185,OPERATOR_KONTEN,PIC_UKE,2026-02-03T08:13:08+07:00,operator_konten_45
ENT-02185,PIC_UKE,TERVALIDASI,2026-05-14T23:30:20+07:00,pic_uke_45
ENT-02185,TERVALIDASI,PUBLISH,2026-06-08T14:52:16+07:00,operator_konten_45
ENT-02186,,DRAFT,2025-12-07T14:05:43+07:00,pengusul_57
ENT-02186,DRAFT,OPERATOR_KONTEN,2026-01-18T03:22:22+07:00,pengusul_57
ENT-02186,OPERATOR_KONTEN,PIC_UKE,2026-01-31T16:13:06+07:00,operator_konten_57
ENT-02186,PIC_UKE,TERVALIDASI,2026-02-01T12:01:35+07:00,pic_uke_57
ENT-02186,TERVALIDASI,PUBLISH,2026-03-04T14:18:38+07:00,operator_konten_57
ENT-02187,,DRAFT,2025-12-07T14:38:57+07:00,pengusul_19
ENT-02187,DRAFT,OPERATOR_KONTEN,2026-05-22T16:45:54+07:00,pengusul_19
ENT-02187,OPERATOR_KONTEN,PIC_UKE,2026-09-23T09:02:56+07:00,operator_konten_19
ENT-02188,,DRAFT,2025-12-07T14:42:10+07:00,pengusul_51
ENT-02188,DRAFT,OPERATOR_KONTEN,2026-09-12T10:33:48+07:00,pengusul_51
ENT-02188,OPERATOR_KONTEN,PIC_UKE,2026-10-05T10:38:20+07:00,operator_konten_51
ENT-02189,,DRAFT,2025-12-08T08:07:28+07:00,pengusul_41
ENT-02189,DRAFT,OPERATOR_KONTEN,2026-04-29T04:51:00+07:00,pengusul_41
ENT-02189,OPERATOR_KONTEN,PIC_UKE,2026-09-11T09:58:44+07:00,operator_konten_41
ENT-02190,,DRAFT,2025-12-08T11:03:04+07:00,pengusul_29
ENT-02190,DRAFT,OPERATOR_KONTEN,2026-02-16T23:39:17+07:00,pengusul_29
ENT-02190,OPERATOR_KONTEN,PIC_UKE,2026-02-26T14:49:51+07:00,operator_konten_29
ENT-02190,PIC_UKE,TERVALIDASI,2026-03-17T05:00:24+07:00,pic_uke_29
ENT-02190,TERVALIDASI,PUBLISH,2026-05-05T14:06:40+07:00,operator_konten_29
ENT-02191,,DRAFT,2025-12-08T14:57:31+07:00,pengusul_04
ENT-02191,DRAFT,OPERATOR_KONTEN,2026-03-17T05:59:51+07:00,pengusul_04
ENT-02191,OPERATOR_KONTEN,PIC_UKE,2026-06-14T08:25:03+07:00,operator_konten_04
ENT-02191,PIC_UKE,TERVALIDASI,2026-06-14T12:27:27+07:00,pic_uke_04
ENT-02191,TERVALIDASI,PUBLISH,2026-07-03T10:40:18+07:00,operator_konten_04
ENT-02192,,DRAFT,2025-12-09T09:30:58+07:00,pengusul_61
ENT-02192,DRAFT,OPERATOR_KONTEN,2026-06-01T23:46:45+07:00,pengusul_61
ENT-02192,OPERATOR_KONTEN,PIC_UKE,2026-07-21T13:36:37+07:00,operator_konten_61
ENT-02192,PIC_UKE,TERVALIDASI,2026-08-05T10:04:45+07:00,pic_uke_61
ENT-02192,TERVALIDASI,PUBLISH,2026-08-27T16:20:48+07:00,operator_konten_61
ENT-02193,,DRAFT,2025-12-09T14:01:50+07:00,pengusul_12
ENT-02193,DRAFT,OPERATOR_KONTEN,2026-04-03T01:06:48+07:00,pengusul_12
ENT-02193,OPERATOR_KONTEN,PIC_UKE,2026-04-21T21:35:20+07:00,operator_konten_12
ENT-02193,PIC_UKE,TERVALIDASI,2026-10-08T13:02:12+07:00,pic_uke_12
ENT-02194,,DRAFT,2025-12-09T15:53:51+07:00,pengusul_59
ENT-02194,DRAFT,OPERATOR_KONTEN,2025-12-11T07:54:34+07:00,pengusul_59
ENT-02194,OPERATOR_KONTEN,PIC_UKE,2025-12-18T03:16:33+07:00,operator_konten_59
ENT-02194,PIC_UKE,TERVALIDASI,2025-12-21T09:22:31+07:00,pic_uke_59
ENT-02194,TERVALIDASI,PUBLISH,2025-12-24T10:34:14+07:00,operator_konten_59
ENT-02195,,DRAFT,2025-12-11T09:58:46+07:00,pengusul_39
ENT-02195,DRAFT,OPERATOR_KONTEN,2026-03-19T23:43:15+07:00,pengusul_39
ENT-02195,OPERATOR_KONTEN,PIC_UKE,2026-04-18T17:00:02+07:00,operator_konten_39
ENT-02195,PIC_UKE,TERVALIDASI,2026-04-29T21:36:44+07:00,pic_uke_39
ENT-02195,TERVALIDASI,PUBLISH,2026-06-20T09:10:51+07:00,operator_konten_39
ENT-02196,,DRAFT,2025-12-12T14:32:08+07:00,pengusul_07
ENT-02196,DRAFT,OPERATOR_KONTEN,2026-03-29T13:27:37+07:00,pengusul_07
ENT-02196,OPERATOR_KONTEN,PIC_UKE,2026-05-08T01:22:26+07:00,operator_konten_07
ENT-02196,PIC_UKE,TERVALIDASI,2026-05-08T19:38:32+07:00,pic_uke_07
ENT-02196,TERVALIDASI,PUBLISH,2026-06-11T14:01:34+07:00,operator_konten_07
ENT-02197,,DRAFT,2025-12-14T10:39:16+07:00,pengusul_37
ENT-02197,DRAFT,OPERATOR_KONTEN,2026-01-09T22:56:41+07:00,pengusul_37
ENT-02197,OPERATOR_KONTEN,PIC_UKE,2026-01-22T09:30:51+07:00,operator_konten_37
ENT-02197,PIC_UKE,TERVALIDASI,2026-02-09T07:40:20+07:00,pic_uke_37
ENT-02197,TERVALIDASI,PUBLISH,2026-03-24T09:34:45+07:00,operator_konten_37
ENT-02198,,DRAFT,2025-12-14T10:39:28+07:00,pengusul_15
ENT-02198,DRAFT,OPERATOR_KONTEN,2026-10-05T16:59:51+07:00,pengusul_15
ENT-02199,,DRAFT,2025-12-14T12:26:46+07:00,pengusul_37
ENT-02199,DRAFT,OPERATOR_KONTEN,2025-12-30T09:17:43+07:00,pengusul_37
ENT-02199,OPERATOR_KONTEN,PIC_UKE,2026-02-11T16:24:20+07:00,operator_konten_37
ENT-02199,PIC_UKE,TERVALIDASI,2026-03-25T19:57:07+07:00,pic_uke_37
ENT-02199,TERVALIDASI,PUBLISH,2026-06-20T08:23:14+07:00,operator_konten_37
ENT-02200,,DRAFT,2025-12-14T16:11:06+07:00,pengusul_13
ENT-02200,DRAFT,OPERATOR_KONTEN,2025-12-28T18:11:14+07:00,pengusul_13
ENT-02200,OPERATOR_KONTEN,PIC_UKE,2026-01-27T05:35:09+07:00,operator_konten_13
ENT-02200,PIC_UKE,TERVALIDASI,2026-03-05T04:27:38+07:00,pic_uke_13
ENT-02200,TERVALIDASI,PUBLISH,2026-04-04T09:42:20+07:00,operator_konten_13
ENT-02201,,DRAFT,2025-12-14T16:58:48+07:00,pengusul_26
ENT-02201,DRAFT,OPERATOR_KONTEN,2025-12-18T21:13:28+07:00,pengusul_26
ENT-02201,OPERATOR_KONTEN,PIC_UKE,2026-02-17T02:32:27+07:00,operator_konten_26
ENT-02201,PIC_UKE,TERVALIDASI,2026-04-01T05:45:17+07:00,pic_uke_26
ENT-02201,TERVALIDASI,PUBLISH,2026-04-17T16:51:45+07:00,operator_konten_26
ENT-02202,,DRAFT,2025-12-15T12:58:40+07:00,pengusul_38
ENT-02202,DRAFT,OPERATOR_KONTEN,2026-01-31T14:41:22+07:00,pengusul_38
ENT-02202,OPERATOR_KONTEN,PIC_UKE,2026-02-11T15:13:24+07:00,operator_konten_38
ENT-02202,PIC_UKE,TERVALIDASI,2026-02-20T08:07:11+07:00,pic_uke_38
ENT-02202,TERVALIDASI,PUBLISH,2026-05-31T10:04:47+07:00,operator_konten_38
ENT-02203,,DRAFT,2025-12-15T15:16:38+07:00,pengusul_11
ENT-02203,DRAFT,OPERATOR_KONTEN,2025-12-18T02:34:25+07:00,pengusul_11
ENT-02203,OPERATOR_KONTEN,PIC_UKE,2025-12-27T02:17:11+07:00,operator_konten_11
ENT-02203,PIC_UKE,TERVALIDASI,2025-12-28T08:05:24+07:00,pic_uke_11
ENT-02203,TERVALIDASI,PUBLISH,2026-01-27T11:40:00+07:00,operator_konten_11
ENT-02204,,DRAFT,2025-12-15T16:16:24+07:00,pengusul_41
ENT-02204,DRAFT,OPERATOR_KONTEN,2026-03-08T18:11:18+07:00,pengusul_41
ENT-02204,OPERATOR_KONTEN,PIC_UKE,2026-03-15T04:08:53+07:00,operator_konten_41
ENT-02204,PIC_UKE,TERVALIDASI,2026-04-06T13:41:50+07:00,pic_uke_41
ENT-02204,TERVALIDASI,PUBLISH,2026-04-16T11:16:23+07:00,operator_konten_41
ENT-02205,,DRAFT,2025-12-16T09:10:46+07:00,pengusul_04
ENT-02205,DRAFT,OPERATOR_KONTEN,2026-05-04T12:36:42+07:00,pengusul_04
ENT-02205,OPERATOR_KONTEN,DITOLAK_OPERATOR,2026-05-31T11:02:11+07:00,operator_konten_04
ENT-02206,,DRAFT,2025-12-16T11:46:13+07:00,pengusul_22
ENT-02206,DRAFT,OPERATOR_KONTEN,2026-03-25T12:33:01+07:00,pengusul_22
ENT-02206,OPERATOR_KONTEN,PIC_UKE,2026-08-28T08:33:06+07:00,operator_konten_22
ENT-02207,,DRAFT,2025-12-16T12:26:10+07:00,pengusul_67
ENT-02207,DRAFT,OPERATOR_KONTEN,2026-09-12T05:55:04+07:00,pengusul_67
ENT-02207,OPERATOR_KONTEN,PIC_UKE,2026-09-25T09:33:52+07:00,operator_konten_67
ENT-02208,,DRAFT,2025-12-17T08:28:52+07:00,pengusul_24
ENT-02208,DRAFT,OPERATOR_KONTEN,2026-05-27T06:13:39+07:00,pengusul_24
ENT-02208,OPERATOR_KONTEN,PIC_UKE,2026-05-30T14:49:50+07:00,operator_konten_24
ENT-02208,PIC_UKE,TERVALIDASI,2026-08-14T22:42:10+07:00,pic_uke_24
ENT-02208,TERVALIDASI,PUBLISH,2026-08-23T16:19:21+07:00,operator_konten_24
ENT-02209,,DRAFT,2025-12-18T11:44:32+07:00,pengusul_18
ENT-02209,DRAFT,OPERATOR_KONTEN,2026-03-16T10:00:29+07:00,pengusul_18
ENT-02209,OPERATOR_KONTEN,PIC_UKE,2026-04-02T01:03:09+07:00,operator_konten_18
ENT-02209,PIC_UKE,TERVALIDASI,2026-04-05T05:10:52+07:00,pic_uke_18
ENT-02209,TERVALIDASI,PUBLISH,2026-08-06T15:00:26+07:00,operator_konten_18
ENT-02210,,DRAFT,2025-12-18T12:45:00+07:00,pengusul_34
ENT-02210,DRAFT,OPERATOR_KONTEN,2026-01-27T10:39:33+07:00,pengusul_34
ENT-02210,OPERATOR_KONTEN,DITOLAK_OPERATOR,2026-07-02T02:36:17+07:00,operator_konten_34
ENT-02210,DITOLAK_OPERATOR,DRAFT,2026-10-07T12:34:09+07:00,pengusul_34
ENT-02211,,DRAFT,2025-12-19T08:31:37+07:00,pengusul_05
ENT-02211,DRAFT,OPERATOR_KONTEN,2026-01-02T14:08:28+07:00,pengusul_05
ENT-02211,OPERATOR_KONTEN,PIC_UKE,2026-09-18T13:39:40+07:00,operator_konten_05
ENT-02212,,DRAFT,2025-12-19T12:43:12+07:00,pengusul_16
ENT-02212,DRAFT,OPERATOR_KONTEN,2026-01-16T05:47:52+07:00,pengusul_16
ENT-02212,OPERATOR_KONTEN,PIC_UKE,2026-02-17T20:17:31+07:00,operator_konten_16
ENT-02212,PIC_UKE,TERVALIDASI,2026-03-29T03:20:04+07:00,pic_uke_16
ENT-02212,TERVALIDASI,PUBLISH,2026-05-12T15:56:10+07:00,operator_konten_16
ENT-02213,,DRAFT,2025-12-20T11:55:32+07:00,pengusul_18
ENT-02213,DRAFT,OPERATOR_KONTEN,2026-01-21T21:15:27+07:00,pengusul_18
ENT-02213,OPERATOR_KONTEN,PIC_UKE,2026-02-28T17:54:32+07:00,operator_konten_18
ENT-02213,PIC_UKE,TERVALIDASI,2026-07-18T19:33:41+07:00,pic_uke_18
ENT-02213,TERVALIDASI,PUBLISH,2026-08-17T12:36:26+07:00,operator_konten_18
ENT-02214,,DRAFT,2025-12-20T12:34:57+07:00,pengusul_12
ENT-02214,DRAFT,OPERATOR_KONTEN,2025-12-20T19:58:58+07:00,pengusul_12
ENT-02214,OPERATOR_KONTEN,PIC_UKE,2025-12-20T22:17:53+07:00,operator_konten_12
ENT-02214,PIC_UKE,TERVALIDASI,2025-12-21T00:34:11+07:00,pic_uke_12
ENT-02214,TERVALIDASI,PUBLISH,2025-12-21T12:20:18+07:00,operator_konten_12
ENT-02215,,DRAFT,2025-12-20T12:43:08+07:00,pengusul_11
ENT-02215,DRAFT,OPERATOR_KONTEN,2026-07-18T11:45:06+07:00,pengusul_11
ENT-02215,OPERATOR_KONTEN,PIC_UKE,2026-10-07T15:45:52+07:00,operator_konten_11
ENT-02216,,DRAFT,2025-12-20T16:28:08+07:00,pengusul_13
ENT-02216,DRAFT,OPERATOR_KONTEN,2026-02-03T11:53:34+07:00,pengusul_13
ENT-02216,OPERATOR_KONTEN,PIC_UKE,2026-04-15T19:56:18+07:00,operator_konten_13
ENT-02216,PIC_UKE,TERVALIDASI,2026-06-08T19:02:34+07:00,pic_uke_13
ENT-02216,TERVALIDASI,PUBLISH,2026-06-18T12:40:43+07:00,operator_konten_13
ENT-02217,,DRAFT,2025-12-21T12:29:02+07:00,pengusul_53
ENT-02217,DRAFT,OPERATOR_KONTEN,2026-02-22T07:05:42+07:00,pengusul_53
ENT-02217,OPERATOR_KONTEN,PIC_UKE,2026-03-23T04:49:36+07:00,operator_konten_53
ENT-02217,PIC_UKE,TERVALIDASI,2026-06-09T16:59:26+07:00,pic_uke_53
ENT-02217,TERVALIDASI,PUBLISH,2026-08-05T13:00:08+07:00,operator_konten_53
ENT-02218,,DRAFT,2025-12-21T14:02:55+07:00,pengusul_16
ENT-02218,DRAFT,OPERATOR_KONTEN,2026-01-20T12:34:50+07:00,pengusul_16
ENT-02218,OPERATOR_KONTEN,PIC_UKE,2026-02-13T11:03:39+07:00,operator_konten_16
ENT-02218,PIC_UKE,TERVALIDASI,2026-05-20T23:21:00+07:00,pic_uke_16
ENT-02218,TERVALIDASI,PUBLISH,2026-10-07T09:34:18+07:00,operator_konten_16
ENT-02219,,DRAFT,2025-12-21T15:06:41+07:00,pengusul_36
ENT-02219,DRAFT,OPERATOR_KONTEN,2026-01-14T05:46:24+07:00,pengusul_36
ENT-02219,OPERATOR_KONTEN,PIC_UKE,2026-03-09T07:58:59+07:00,operator_konten_36
ENT-02219,PIC_UKE,TERVALIDASI,2026-03-17T02:55:19+07:00,pic_uke_36
ENT-02219,TERVALIDASI,PUBLISH,2026-05-01T12:20:15+07:00,operator_konten_36
ENT-02220,,DRAFT,2025-12-21T16:51:22+07:00,pengusul_18
ENT-02220,DRAFT,OPERATOR_KONTEN,2026-01-29T17:36:20+07:00,pengusul_18
ENT-02220,OPERATOR_KONTEN,PIC_UKE,2026-02-03T00:25:30+07:00,operator_konten_18
ENT-02220,PIC_UKE,TERVALIDASI,2026-06-03T12:06:09+07:00,pic_uke_18
ENT-02220,TERVALIDASI,PUBLISH,2026-07-29T11:48:12+07:00,operator_konten_18
ENT-02221,,DRAFT,2025-12-22T08:08:33+07:00,pengusul_06
ENT-02221,DRAFT,OPERATOR_KONTEN,2026-01-18T06:08:50+07:00,pengusul_06
ENT-02221,OPERATOR_KONTEN,PIC_UKE,2026-01-21T04:27:44+07:00,operator_konten_06
ENT-02221,PIC_UKE,TERVALIDASI,2026-05-05T14:49:39+07:00,pic_uke_06
ENT-02221,TERVALIDASI,PUBLISH,2026-05-26T10:07:28+07:00,operator_konten_06
ENT-02222,,DRAFT,2025-12-22T09:44:32+07:00,pengusul_30
ENT-02222,DRAFT,OPERATOR_KONTEN,2026-01-11T01:30:58+07:00,pengusul_30
ENT-02222,OPERATOR_KONTEN,PIC_UKE,2026-04-04T20:34:09+07:00,operator_konten_30
ENT-02222,PIC_UKE,TERVALIDASI,2026-04-05T18:47:21+07:00,pic_uke_30
ENT-02222,TERVALIDASI,PUBLISH,2026-04-12T11:33:24+07:00,operator_konten_30
ENT-02223,,DRAFT,2025-12-22T09:52:26+07:00,pengusul_43
ENT-02223,DRAFT,OPERATOR_KONTEN,2026-03-09T19:16:17+07:00,pengusul_43
ENT-02223,OPERATOR_KONTEN,PIC_UKE,2026-09-06T21:13:41+07:00,operator_konten_43
ENT-02223,PIC_UKE,TERVALIDASI,2026-09-14T16:56:01+07:00,pic_uke_43
ENT-02223,TERVALIDASI,PUBLISH,2026-10-05T09:40:33+07:00,operator_konten_43
ENT-02224,,DRAFT,2025-12-22T13:15:53+07:00,pengusul_63
ENT-02224,DRAFT,OPERATOR_KONTEN,2026-01-15T06:45:37+07:00,pengusul_63
ENT-02224,OPERATOR_KONTEN,PIC_UKE,2026-09-09T08:22:10+07:00,operator_konten_63
ENT-02225,,DRAFT,2025-12-23T08:52:28+07:00,pengusul_12
ENT-02225,DRAFT,OPERATOR_KONTEN,2026-01-02T08:25:08+07:00,pengusul_12
ENT-02225,OPERATOR_KONTEN,PIC_UKE,2026-04-13T12:55:17+07:00,operator_konten_12
ENT-02225,PIC_UKE,TERVALIDASI,2026-05-18T13:33:57+07:00,pic_uke_12
ENT-02225,TERVALIDASI,PUBLISH,2026-06-09T13:49:28+07:00,operator_konten_12
ENT-02226,,DRAFT,2025-12-23T09:39:06+07:00,pengusul_37
ENT-02226,DRAFT,OPERATOR_KONTEN,2026-01-04T09:47:54+07:00,pengusul_37
ENT-02226,OPERATOR_KONTEN,PIC_UKE,2026-02-25T02:15:22+07:00,operator_konten_37
ENT-02226,PIC_UKE,TERVALIDASI,2026-03-05T14:35:07+07:00,pic_uke_37
ENT-02226,TERVALIDASI,PUBLISH,2026-03-08T13:04:12+07:00,operator_konten_37
ENT-02227,,DRAFT,2025-12-23T11:21:39+07:00,pengusul_06
ENT-02227,DRAFT,OPERATOR_KONTEN,2026-01-01T21:56:02+07:00,pengusul_06
ENT-02227,OPERATOR_KONTEN,PIC_UKE,2026-01-02T06:28:05+07:00,operator_konten_06
ENT-02227,PIC_UKE,TERVALIDASI,2026-02-06T15:49:15+07:00,pic_uke_06
ENT-02227,TERVALIDASI,PUBLISH,2026-02-07T15:35:44+07:00,operator_konten_06
ENT-02228,,DRAFT,2025-12-23T13:27:23+07:00,pengusul_37
ENT-02228,DRAFT,OPERATOR_KONTEN,2026-04-02T02:19:06+07:00,pengusul_37
ENT-02228,OPERATOR_KONTEN,PIC_UKE,2026-06-19T10:55:31+07:00,operator_konten_37
ENT-02228,PIC_UKE,TERVALIDASI,2026-07-05T16:56:35+07:00,pic_uke_37
ENT-02228,TERVALIDASI,PUBLISH,2026-08-21T09:34:57+07:00,operator_konten_37
ENT-02229,,DRAFT,2025-12-23T13:50:43+07:00,pengusul_46
ENT-02229,DRAFT,OPERATOR_KONTEN,2026-04-29T21:49:51+07:00,pengusul_46
ENT-02229,OPERATOR_KONTEN,PIC_UKE,2026-09-25T12:32:18+07:00,operator_konten_46
ENT-02230,,DRAFT,2025-12-23T15:00:35+07:00,pengusul_66
ENT-02230,DRAFT,OPERATOR_KONTEN,2026-01-05T10:49:38+07:00,pengusul_66
ENT-02230,OPERATOR_KONTEN,PIC_UKE,2026-02-25T09:08:38+07:00,operator_konten_66
ENT-02230,PIC_UKE,TERVALIDASI,2026-03-22T08:12:42+07:00,pic_uke_66
ENT-02230,TERVALIDASI,PUBLISH,2026-03-25T12:58:27+07:00,operator_konten_66
ENT-02231,,DRAFT,2025-12-24T08:23:25+07:00,pengusul_47
ENT-02231,DRAFT,OPERATOR_KONTEN,2026-01-28T16:44:37+07:00,pengusul_47
ENT-02231,OPERATOR_KONTEN,PIC_UKE,2026-02-07T20:37:03+07:00,operator_konten_47
ENT-02231,PIC_UKE,TERVALIDASI,2026-03-05T02:38:14+07:00,pic_uke_47
ENT-02231,TERVALIDASI,PUBLISH,2026-04-10T08:32:42+07:00,operator_konten_47
ENT-02232,,DRAFT,2025-12-24T09:18:14+07:00,pengusul_58
ENT-02232,DRAFT,OPERATOR_KONTEN,2025-12-24T20:06:00+07:00,pengusul_58
ENT-02232,OPERATOR_KONTEN,PIC_UKE,2025-12-26T22:10:49+07:00,operator_konten_58
ENT-02232,PIC_UKE,TERVALIDASI,2025-12-28T00:05:44+07:00,pic_uke_58
ENT-02232,TERVALIDASI,PUBLISH,2026-01-01T13:23:17+07:00,operator_konten_58
ENT-02233,,DRAFT,2025-12-24T10:22:54+07:00,pengusul_05
ENT-02233,DRAFT,OPERATOR_KONTEN,2026-06-22T20:58:17+07:00,pengusul_05
ENT-02233,OPERATOR_KONTEN,PIC_UKE,2026-10-07T16:16:03+07:00,operator_konten_05
ENT-02234,,DRAFT,2025-12-24T10:28:15+07:00,pengusul_29
ENT-02234,DRAFT,OPERATOR_KONTEN,2026-06-05T15:10:07+07:00,pengusul_29
ENT-02234,OPERATOR_KONTEN,PIC_UKE,2026-10-01T16:25:20+07:00,operator_konten_29
ENT-02235,,DRAFT,2025-12-24T11:33:24+07:00,pengusul_06
ENT-02235,DRAFT,OPERATOR_KONTEN,2026-01-06T17:27:11+07:00,pengusul_06
ENT-02235,OPERATOR_KONTEN,PIC_UKE,2026-01-21T23:53:22+07:00,operator_konten_06
ENT-02235,PIC_UKE,TERVALIDASI,2026-02-16T06:13:19+07:00,pic_uke_06
ENT-02235,TERVALIDASI,PUBLISH,2026-03-02T09:55:35+07:00,operator_konten_06
ENT-02236,,DRAFT,2025-12-25T08:38:56+07:00,pengusul_42
ENT-02236,DRAFT,OPERATOR_KONTEN,2026-03-02T08:40:16+07:00,pengusul_42
ENT-02236,OPERATOR_KONTEN,PIC_UKE,2026-03-26T12:11:51+07:00,operator_konten_42
ENT-02236,PIC_UKE,TERVALIDASI,2026-05-03T12:25:03+07:00,pic_uke_42
ENT-02236,TERVALIDASI,PUBLISH,2026-05-20T12:29:29+07:00,operator_konten_42
ENT-02237,,DRAFT,2025-12-26T10:59:36+07:00,pengusul_58
ENT-02237,DRAFT,OPERATOR_KONTEN,2026-09-30T12:56:43+07:00,pengusul_58
ENT-02238,,DRAFT,2025-12-26T12:08:13+07:00,pengusul_07
ENT-02238,DRAFT,OPERATOR_KONTEN,2026-01-29T00:13:42+07:00,pengusul_07
ENT-02238,OPERATOR_KONTEN,PIC_UKE,2026-02-18T01:01:56+07:00,operator_konten_07
ENT-02238,PIC_UKE,TERVALIDASI,2026-03-20T12:32:43+07:00,pic_uke_07
ENT-02238,TERVALIDASI,PUBLISH,2026-04-28T16:38:01+07:00,operator_konten_07
ENT-02239,,DRAFT,2025-12-26T13:03:08+07:00,pengusul_06
ENT-02239,DRAFT,OPERATOR_KONTEN,2026-01-16T08:52:32+07:00,pengusul_06
ENT-02239,OPERATOR_KONTEN,PIC_UKE,2026-02-03T02:05:01+07:00,operator_konten_06
ENT-02239,PIC_UKE,TERVALIDASI,2026-04-08T21:06:18+07:00,pic_uke_06
ENT-02239,TERVALIDASI,PUBLISH,2026-04-26T12:19:27+07:00,operator_konten_06
ENT-02240,,DRAFT,2025-12-26T15:56:25+07:00,pengusul_32
ENT-02240,DRAFT,OPERATOR_KONTEN,2026-03-02T11:33:14+07:00,pengusul_32
ENT-02240,OPERATOR_KONTEN,DITOLAK_OPERATOR,2026-09-25T03:14:08+07:00,operator_konten_32
ENT-02240,DITOLAK_OPERATOR,DRAFT,2026-10-01T14:06:03+07:00,pengusul_32
ENT-02241,,DRAFT,2025-12-26T16:40:32+07:00,pengusul_47
ENT-02241,DRAFT,OPERATOR_KONTEN,2025-12-31T17:17:03+07:00,pengusul_47
ENT-02241,OPERATOR_KONTEN,PIC_UKE,2026-01-02T22:11:18+07:00,operator_konten_47
ENT-02241,PIC_UKE,TERVALIDASI,2026-02-19T21:16:11+07:00,pic_uke_47
ENT-02241,TERVALIDASI,PUBLISH,2026-04-06T11:44:21+07:00,operator_konten_47
ENT-02242,,DRAFT,2025-12-27T09:56:13+07:00,pengusul_22
ENT-02242,DRAFT,OPERATOR_KONTEN,2026-04-07T01:39:46+07:00,pengusul_22
ENT-02242,OPERATOR_KONTEN,PIC_UKE,2026-09-18T11:30:47+07:00,operator_konten_22
ENT-02243,,DRAFT,2025-12-27T11:05:09+07:00,pengusul_48
ENT-02243,DRAFT,OPERATOR_KONTEN,2026-01-09T04:35:16+07:00,pengusul_48
ENT-02243,OPERATOR_KONTEN,PIC_UKE,2026-09-28T15:38:13+07:00,operator_konten_48
ENT-02244,,DRAFT,2025-12-27T14:51:25+07:00,pengusul_33
ENT-02244,DRAFT,OPERATOR_KONTEN,2026-01-16T05:06:40+07:00,pengusul_33
ENT-02244,OPERATOR_KONTEN,PIC_UKE,2026-03-02T10:47:18+07:00,operator_konten_33
ENT-02244,PIC_UKE,TERVALIDASI,2026-03-22T06:45:52+07:00,pic_uke_33
ENT-02244,TERVALIDASI,PUBLISH,2026-04-14T10:10:34+07:00,operator_konten_33
ENT-02245,,DRAFT,2025-12-28T08:24:12+07:00,pengusul_57
ENT-02245,DRAFT,OPERATOR_KONTEN,2026-01-06T14:55:42+07:00,pengusul_57
ENT-02245,OPERATOR_KONTEN,PIC_UKE,2026-02-21T09:39:23+07:00,operator_konten_57
ENT-02245,PIC_UKE,TERVALIDASI,2026-03-01T19:48:44+07:00,pic_uke_57
ENT-02245,TERVALIDASI,PUBLISH,2026-08-16T11:45:18+07:00,operator_konten_57
ENT-02246,,DRAFT,2025-12-28T10:50:58+07:00,pengusul_13
ENT-02246,DRAFT,OPERATOR_KONTEN,2026-02-01T09:21:32+07:00,pengusul_13
ENT-02246,OPERATOR_KONTEN,PIC_UKE,2026-05-13T16:09:27+07:00,operator_konten_13
ENT-02246,PIC_UKE,TERVALIDASI,2026-05-25T01:52:09+07:00,pic_uke_13
ENT-02246,TERVALIDASI,PUBLISH,2026-06-02T10:03:32+07:00,operator_konten_13
ENT-02247,,DRAFT,2025-12-28T11:09:07+07:00,pengusul_02
ENT-02247,DRAFT,OPERATOR_KONTEN,2026-03-03T08:37:53+07:00,pengusul_02
ENT-02247,OPERATOR_KONTEN,PIC_UKE,2026-04-05T08:30:17+07:00,operator_konten_02
ENT-02247,PIC_UKE,TERVALIDASI,2026-04-20T21:58:05+07:00,pic_uke_02
ENT-02247,TERVALIDASI,PUBLISH,2026-08-30T14:12:36+07:00,operator_konten_02
ENT-02248,,DRAFT,2025-12-28T13:23:03+07:00,pengusul_45
ENT-02248,DRAFT,OPERATOR_KONTEN,2026-03-01T19:23:46+07:00,pengusul_45
ENT-02248,OPERATOR_KONTEN,PIC_UKE,2026-09-28T15:25:39+07:00,operator_konten_45
ENT-02249,,DRAFT,2025-12-28T14:29:53+07:00,pengusul_16
ENT-02249,DRAFT,OPERATOR_KONTEN,2026-04-09T04:33:40+07:00,pengusul_16
ENT-02249,OPERATOR_KONTEN,PIC_UKE,2026-05-18T22:43:44+07:00,operator_konten_16
ENT-02249,PIC_UKE,TERVALIDASI,2026-08-04T17:48:19+07:00,pic_uke_16
ENT-02249,TERVALIDASI,PUBLISH,2026-08-15T11:00:30+07:00,operator_konten_16
ENT-02250,,DRAFT,2025-12-29T10:24:08+07:00,pengusul_47
ENT-02250,DRAFT,OPERATOR_KONTEN,2026-02-12T16:01:02+07:00,pengusul_47
ENT-02250,OPERATOR_KONTEN,PIC_UKE,2026-02-23T03:57:04+07:00,operator_konten_47
ENT-02250,PIC_UKE,TERVALIDASI,2026-03-02T01:27:59+07:00,pic_uke_47
ENT-02250,TERVALIDASI,PUBLISH,2026-07-28T13:38:46+07:00,operator_konten_47
ENT-02251,,DRAFT,2025-12-29T10:49:45+07:00,pengusul_31
ENT-02251,DRAFT,OPERATOR_KONTEN,2026-06-22T02:44:14+07:00,pengusul_31
ENT-02251,OPERATOR_KONTEN,PIC_UKE,2026-07-07T15:36:57+07:00,operator_konten_31
ENT-02251,PIC_UKE,TERVALIDASI,2026-08-21T01:50:35+07:00,pic_uke_31
ENT-02251,TERVALIDASI,PUBLISH,2026-10-08T15:40:10+07:00,operator_konten_31
ENT-02252,,DRAFT,2025-12-29T12:01:48+07:00,pengusul_40
ENT-02252,DRAFT,OPERATOR_KONTEN,2026-01-02T21:41:48+07:00,pengusul_40
ENT-02252,OPERATOR_KONTEN,PIC_UKE,2026-01-03T10:47:41+07:00,operator_konten_40
ENT-02252,PIC_UKE,TERVALIDASI,2026-01-09T19:25:50+07:00,pic_uke_40
ENT-02252,TERVALIDASI,PUBLISH,2026-01-12T13:03:34+07:00,operator_konten_40
ENT-02253,,DRAFT,2025-12-29T15:51:36+07:00,pengusul_13
ENT-02253,DRAFT,OPERATOR_KONTEN,2026-06-15T15:10:35+07:00,pengusul_13
ENT-02253,OPERATOR_KONTEN,PIC_UKE,2026-09-22T10:53:42+07:00,operator_konten_13
ENT-02254,,DRAFT,2025-12-30T12:02:03+07:00,pengusul_40
ENT-02254,DRAFT,OPERATOR_KONTEN,2026-01-27T09:52:03+07:00,pengusul_40
ENT-02254,OPERATOR_KONTEN,PIC_UKE,2026-10-08T13:08:18+07:00,operator_konten_40
ENT-02255,,DRAFT,2025-12-30T14:39:42+07:00,pengusul_56
ENT-02255,DRAFT,OPERATOR_KONTEN,2026-03-19T20:01:19+07:00,pengusul_56
ENT-02255,OPERATOR_KONTEN,PIC_UKE,2026-05-14T03:32:12+07:00,operator_konten_56
ENT-02255,PIC_UKE,TERVALIDASI,2026-06-14T13:38:08+07:00,pic_uke_56
ENT-02255,TERVALIDASI,PUBLISH,2026-06-26T12:45:06+07:00,operator_konten_56
ENT-02256,,DRAFT,2025-12-31T08:55:00+07:00,pengusul_41
ENT-02256,DRAFT,OPERATOR_KONTEN,2026-09-30T15:33:35+07:00,pengusul_41
ENT-02257,,DRAFT,2025-12-31T09:14:13+07:00,pengusul_43
ENT-02257,DRAFT,OPERATOR_KONTEN,2026-10-01T15:55:03+07:00,pengusul_43
ENT-02258,,DRAFT,2025-12-31T14:55:08+07:00,pengusul_61
ENT-02258,DRAFT,OPERATOR_KONTEN,2026-01-19T04:24:56+07:00,pengusul_61
ENT-02258,OPERATOR_KONTEN,PIC_UKE,2026-01-20T20:03:07+07:00,operator_konten_61
ENT-02258,PIC_UKE,TERVALIDASI,2026-01-22T16:15:13+07:00,pic_uke_61
ENT-02258,TERVALIDASI,PUBLISH,2026-01-24T11:20:29+07:00,operator_konten_61
ENT-02259,,DRAFT,2025-12-31T15:26:28+07:00,pengusul_22
ENT-02259,DRAFT,OPERATOR_KONTEN,2026-01-14T04:21:01+07:00,pengusul_22
ENT-02259,OPERATOR_KONTEN,PIC_UKE,2026-01-16T17:35:28+07:00,operator_konten_22
ENT-02259,PIC_UKE,TERVALIDASI,2026-03-19T08:50:32+07:00,pic_uke_22
ENT-02259,TERVALIDASI,PUBLISH,2026-03-25T10:02:30+07:00,operator_konten_22
ENT-02260,,DRAFT,2025-12-31T16:23:56+07:00,pengusul_16
ENT-02260,DRAFT,OPERATOR_KONTEN,2026-09-01T10:10:50+07:00,pengusul_16
ENT-02260,OPERATOR_KONTEN,PIC_UKE,2026-09-28T09:59:03+07:00,operator_konten_16
ENT-02261,,DRAFT,2026-01-01T11:28:50+07:00,pengusul_00
ENT-02261,DRAFT,OPERATOR_KONTEN,2026-02-06T00:08:23+07:00,pengusul_00
ENT-02261,OPERATOR_KONTEN,PIC_UKE,2026-04-06T02:39:18+07:00,operator_konten_00
ENT-02261,PIC_UKE,TERVALIDASI,2026-04-24T00:33:50+07:00,pic_uke_00
ENT-02261,TERVALIDASI,PUBLISH,2026-09-16T09:31:55+07:00,operator_konten_00
ENT-02262,,DRAFT,2026-01-02T12:50:42+07:00,pengusul_43
ENT-02262,DRAFT,OPERATOR_KONTEN,2026-03-10T23:01:05+07:00,pengusul_43
ENT-02262,OPERATOR_KONTEN,PIC_UKE,2026-03-23T13:10:22+07:00,operator_konten_43
ENT-02262,PIC_UKE,TERVALIDASI,2026-03-27T17:44:29+07:00,pic_uke_43
ENT-02262,TERVALIDASI,PUBLISH,2026-04-18T15:27:43+07:00,operator_konten_43
ENT-02263,,DRAFT,2026-01-04T10:08:05+07:00,pengusul_43
ENT-02263,DRAFT,OPERATOR_KONTEN,2026-01-16T01:37:27+07:00,pengusul_43
ENT-02263,OPERATOR_KONTEN,PIC_UKE,2026-03-28T18:02:56+07:00,operator_konten_43
ENT-02263,PIC_UKE,TERVALIDASI,2026-07-10T11:08:57+07:00,pic_uke_43
ENT-02263,TERVALIDASI,PUBLISH,2026-08-11T12:17:46+07:00,operator_konten_43
ENT-02264,,DRAFT,2026-01-06T09:52:33+07:00,pengusul_25
ENT-02264,DRAFT,OPERATOR_KONTEN,2026-02-12T21:53:55+07:00,pengusul_25
ENT-02264,OPERATOR_KONTEN,PIC_UKE,2026-03-09T15:01:37+07:00,operator_konten_25
ENT-02264,PIC_UKE,TERVALIDASI,2026-03-20T09:03:18+07:00,pic_uke_25
ENT-02264,TERVALIDASI,PUBLISH,2026-04-09T09:07:02+07:00,operator_konten_25
ENT-02265,,DRAFT,2026-01-06T10:07:38+07:00,pengusul_31
ENT-02265,DRAFT,OPERATOR_KONTEN,2026-01-15T09:03:58+07:00,pengusul_31
ENT-02265,OPERATOR_KONTEN,PIC_UKE,2026-10-02T13:52:34+07:00,operator_konten_31
ENT-02266,,DRAFT,2026-01-06T13:17:37+07:00,pengusul_43
ENT-02266,DRAFT,OPERATOR_KONTEN,2026-04-29T12:07:19+07:00,pengusul_43
ENT-02266,OPERATOR_KONTEN,PIC_UKE,2026-05-08T18:42:37+07:00,operator_konten_43
ENT-02266,PIC_UKE,TERVALIDASI,2026-06-27T00:14:38+07:00,pic_uke_43
ENT-02266,TERVALIDASI,PUBLISH,2026-07-17T12:30:16+07:00,operator_konten_43
ENT-02267,,DRAFT,2026-01-08T16:29:20+07:00,pengusul_47
ENT-02267,DRAFT,OPERATOR_KONTEN,2026-04-06T12:00:32+07:00,pengusul_47
ENT-02267,OPERATOR_KONTEN,PIC_UKE,2026-06-16T11:23:19+07:00,operator_konten_47
ENT-02267,PIC_UKE,TERVALIDASI,2026-08-19T10:34:39+07:00,pic_uke_47
ENT-02267,TERVALIDASI,PUBLISH,2026-09-27T15:00:33+07:00,operator_konten_47
ENT-02268,,DRAFT,2026-01-11T08:28:04+07:00,pengusul_18
ENT-02268,DRAFT,OPERATOR_KONTEN,2026-02-06T18:48:52+07:00,pengusul_18
ENT-02268,OPERATOR_KONTEN,PIC_UKE,2026-03-23T22:42:31+07:00,operator_konten_18
ENT-02268,PIC_UKE,TERVALIDASI,2026-04-12T17:27:04+07:00,pic_uke_18
ENT-02268,TERVALIDASI,PUBLISH,2026-04-24T14:22:27+07:00,operator_konten_18
ENT-02269,,DRAFT,2026-01-11T12:55:07+07:00,pengusul_13
ENT-02269,DRAFT,OPERATOR_KONTEN,2026-01-23T22:44:33+07:00,pengusul_13
ENT-02269,OPERATOR_KONTEN,PIC_UKE,2026-05-08T05:33:01+07:00,operator_konten_13
ENT-02269,PIC_UKE,TERVALIDASI,2026-05-26T12:51:24+07:00,pic_uke_13
ENT-02269,TERVALIDASI,PUBLISH,2026-06-03T09:18:46+07:00,operator_konten_13
ENT-02270,,DRAFT,2026-01-12T13:18:35+07:00,pengusul_46
ENT-02270,DRAFT,OPERATOR_KONTEN,2026-02-16T22:21:44+07:00,pengusul_46
ENT-02270,OPERATOR_KONTEN,PIC_UKE,2026-09-02T15:32:12+07:00,operator_konten_46
ENT-02271,,DRAFT,2026-01-14T12:05:57+07:00,pengusul_53
ENT-02271,DRAFT,OPERATOR_KONTEN,2026-01-17T12:52:58+07:00,pengusul_53
ENT-02271,OPERATOR_KONTEN,PIC_UKE,2026-01-19T09:47:07+07:00,operator_konten_53
ENT-02271,PIC_UKE,TERVALIDASI,2026-01-19T18:58:35+07:00,pic_uke_53
ENT-02271,TERVALIDASI,PUBLISH,2026-01-21T08:29:27+07:00,operator_konten_53
ENT-02272,,DRAFT,2026-01-17T09:11:07+07:00,pengusul_02
ENT-02272,DRAFT,OPERATOR_KONTEN,2026-03-06T15:24:15+07:00,pengusul_02
ENT-02272,OPERATOR_KONTEN,PIC_UKE,2026-03-09T22:52:58+07:00,operator_konten_02
ENT-02272,PIC_UKE,TERVALIDASI,2026-07-06T01:23:18+07:00,pic_uke_02
ENT-02272,TERVALIDASI,PUBLISH,2026-07-12T14:27:37+07:00,operator_konten_02
ENT-02273,,DRAFT,2026-01-17T10:51:59+07:00,pengusul_06
ENT-02273,DRAFT,OPERATOR_KONTEN,2026-01-30T12:05:59+07:00,pengusul_06
ENT-02273,OPERATOR_KONTEN,PIC_UKE,2026-04-26T13:28:43+07:00,operator_konten_06
ENT-02273,PIC_UKE,TERVALIDASI,2026-05-07T07:44:08+07:00,pic_uke_06
ENT-02273,TERVALIDASI,PUBLISH,2026-09-04T08:54:37+07:00,operator_konten_06
ENT-02274,,DRAFT,2026-01-17T15:31:53+07:00,pengusul_60
ENT-02274,DRAFT,OPERATOR_KONTEN,2026-04-30T16:48:59+07:00,pengusul_60
ENT-02274,OPERATOR_KONTEN,PIC_UKE,2026-07-18T10:08:46+07:00,operator_konten_60
ENT-02274,PIC_UKE,TERVALIDASI,2026-08-19T10:11:33+07:00,pic_uke_60
ENT-02274,TERVALIDASI,PUBLISH,2026-09-01T14:22:11+07:00,operator_konten_60
ENT-02275,,DRAFT,2026-01-19T08:30:37+07:00,pengusul_37
ENT-02275,DRAFT,OPERATOR_KONTEN,2026-02-19T11:06:50+07:00,pengusul_37
ENT-02275,OPERATOR_KONTEN,PIC_UKE,2026-04-04T20:52:15+07:00,operator_konten_37
ENT-02275,PIC_UKE,TERVALIDASI,2026-04-06T08:19:55+07:00,pic_uke_37
ENT-02275,TERVALIDASI,PUBLISH,2026-05-05T14:38:55+07:00,operator_konten_37
ENT-02276,,DRAFT,2026-01-19T14:25:19+07:00,pengusul_06
ENT-02276,DRAFT,OPERATOR_KONTEN,2026-02-07T15:39:59+07:00,pengusul_06
ENT-02276,OPERATOR_KONTEN,PIC_UKE,2026-02-14T18:44:31+07:00,operator_konten_06
ENT-02276,PIC_UKE,TERVALIDASI,2026-06-04T11:24:13+07:00,pic_uke_06
ENT-02276,TERVALIDASI,PUBLISH,2026-06-15T13:02:53+07:00,operator_konten_06
ENT-02277,,DRAFT,2026-01-19T15:20:53+07:00,pengusul_07
ENT-02277,DRAFT,OPERATOR_KONTEN,2026-02-07T16:39:15+07:00,pengusul_07
ENT-02277,OPERATOR_KONTEN,PIC_UKE,2026-02-07T20:57:47+07:00,operator_konten_07
ENT-02277,PIC_UKE,TERVALIDASI,2026-02-23T13:38:25+07:00,pic_uke_07
ENT-02277,TERVALIDASI,PUBLISH,2026-05-19T11:44:34+07:00,operator_konten_07
ENT-02278,,DRAFT,2026-01-21T10:35:42+07:00,pengusul_31
ENT-02278,DRAFT,OPERATOR_KONTEN,2026-01-24T22:53:33+07:00,pengusul_31
ENT-02278,OPERATOR_KONTEN,PIC_UKE,2026-02-15T12:02:59+07:00,operator_konten_31
ENT-02278,PIC_UKE,TERVALIDASI,2026-03-15T20:57:42+07:00,pic_uke_31
ENT-02278,TERVALIDASI,PUBLISH,2026-05-01T11:33:40+07:00,operator_konten_31
ENT-02279,,DRAFT,2026-01-22T15:20:49+07:00,pengusul_27
ENT-02279,DRAFT,OPERATOR_KONTEN,2026-02-03T05:15:24+07:00,pengusul_27
ENT-02279,OPERATOR_KONTEN,PIC_UKE,2026-02-04T21:17:29+07:00,operator_konten_27
ENT-02279,PIC_UKE,TERVALIDASI,2026-02-18T08:43:36+07:00,pic_uke_27
ENT-02279,TERVALIDASI,PUBLISH,2026-02-24T08:33:40+07:00,operator_konten_27
ENT-02280,,DRAFT,2026-01-28T16:35:25+07:00,pengusul_06
ENT-02280,DRAFT,OPERATOR_KONTEN,2026-02-09T10:07:57+07:00,pengusul_06
ENT-02280,OPERATOR_KONTEN,PIC_UKE,2026-07-07T04:07:07+07:00,operator_konten_06
ENT-02280,PIC_UKE,TERVALIDASI,2026-07-21T16:56:11+07:00,pic_uke_06
ENT-02280,TERVALIDASI,PUBLISH,2026-09-14T10:01:18+07:00,operator_konten_06
ENT-02281,,DRAFT,2026-01-30T14:08:16+07:00,pengusul_02
ENT-02281,DRAFT,OPERATOR_KONTEN,2026-02-06T14:51:10+07:00,pengusul_02
ENT-02281,OPERATOR_KONTEN,PIC_UKE,2026-02-19T20:39:52+07:00,operator_konten_02
ENT-02281,PIC_UKE,TERVALIDASI,2026-03-11T23:31:01+07:00,pic_uke_02
ENT-02281,TERVALIDASI,PUBLISH,2026-06-08T08:00:35+07:00,operator_konten_02
ENT-02282,,DRAFT,2026-01-31T15:58:45+07:00,pengusul_49
ENT-02282,DRAFT,OPERATOR_KONTEN,2026-08-25T18:52:11+07:00,pengusul_49
ENT-02282,OPERATOR_KONTEN,PIC_UKE,2026-10-07T09:08:35+07:00,operator_konten_49
ENT-02283,,DRAFT,2026-02-02T14:08:26+07:00,pengusul_07
ENT-02283,DRAFT,OPERATOR_KONTEN,2026-02-03T17:22:57+07:00,pengusul_07
ENT-02283,OPERATOR_KONTEN,PIC_UKE,2026-02-28T23:32:42+07:00,operator_konten_07
ENT-02283,PIC_UKE,TERVALIDASI,2026-03-04T07:08:00+07:00,pic_uke_07
ENT-02283,TERVALIDASI,PUBLISH,2026-03-08T10:06:29+07:00,operator_konten_07
ENT-02284,,DRAFT,2026-02-04T14:21:22+07:00,pengusul_55
ENT-02284,DRAFT,OPERATOR_KONTEN,2026-03-03T18:20:00+07:00,pengusul_55
ENT-02284,OPERATOR_KONTEN,PIC_UKE,2026-03-14T18:57:56+07:00,operator_konten_55
ENT-02284,PIC_UKE,TERVALIDASI,2026-03-24T10:36:45+07:00,pic_uke_55
ENT-02284,TERVALIDASI,PUBLISH,2026-03-26T13:52:20+07:00,operator_konten_55
ENT-02285,,DRAFT,2026-02-17T12:26:08+07:00,pengusul_30
ENT-02285,DRAFT,OPERATOR_KONTEN,2026-02-26T05:00:24+07:00,pengusul_30
ENT-02285,OPERATOR_KONTEN,PIC_UKE,2026-02-28T23:16:38+07:00,operator_konten_30
ENT-02285,PIC_UKE,TERVALIDASI,2026-03-07T11:29:35+07:00,pic_uke_30
ENT-02285,TERVALIDASI,PUBLISH,2026-03-08T13:23:20+07:00,operator_konten_30
ENT-02286,,DRAFT,2026-02-17T16:53:03+07:00,pengusul_31
ENT-02286,DRAFT,OPERATOR_KONTEN,2026-04-24T22:28:22+07:00,pengusul_31
ENT-02286,OPERATOR_KONTEN,PIC_UKE,2026-05-13T12:10:55+07:00,operator_konten_31
ENT-02286,PIC_UKE,TERVALIDASI,2026-06-06T23:31:51+07:00,pic_uke_31
ENT-02286,TERVALIDASI,PUBLISH,2026-07-01T09:00:24+07:00,operator_konten_31
ENT-02287,,DRAFT,2026-02-21T12:10:59+07:00,pengusul_65
ENT-02287,DRAFT,OPERATOR_KONTEN,2026-04-06T08:59:59+07:00,pengusul_65
ENT-02287,OPERATOR_KONTEN,PIC_UKE,2026-04-29T13:41:25+07:00,operator_konten_65
ENT-02287,PIC_UKE,TERVALIDASI,2026-06-29T13:19:46+07:00,pic_uke_65
ENT-02287,TERVALIDASI,PUBLISH,2026-07-05T11:22:05+07:00,operator_konten_65
ENT-02288,,DRAFT,2026-02-22T08:13:37+07:00,pengusul_36
ENT-02288,DRAFT,OPERATOR_KONTEN,2026-03-02T05:08:47+07:00,pengusul_36
ENT-02288,OPERATOR_KONTEN,PIC_UKE,2026-03-16T13:01:21+07:00,operator_konten_36
ENT-02288,PIC_UKE,TERVALIDASI,2026-03-19T11:18:22+07:00,pic_uke_36
ENT-02288,TERVALIDASI,PUBLISH,2026-04-02T16:30:02+07:00,operator_konten_36
ENT-02289,,DRAFT,2026-03-03T11:24:17+07:00,pengusul_52
ENT-02289,DRAFT,OPERATOR_KONTEN,2026-08-31T20:46:16+07:00,pengusul_52
ENT-02289,OPERATOR_KONTEN,PIC_UKE,2026-10-07T08:15:59+07:00,operator_konten_52
ENT-02290,,DRAFT,2026-03-03T16:56:53+07:00,pengusul_22
ENT-02290,DRAFT,OPERATOR_KONTEN,2026-05-12T23:46:20+07:00,pengusul_22
ENT-02290,OPERATOR_KONTEN,PIC_UKE,2026-06-21T01:46:43+07:00,operator_konten_22
ENT-02290,PIC_UKE,TERVALIDASI,2026-07-09T20:45:03+07:00,pic_uke_22
ENT-02290,TERVALIDASI,PUBLISH,2026-08-11T14:46:24+07:00,operator_konten_22
ENT-02291,,DRAFT,2026-03-06T11:31:20+07:00,pengusul_45
ENT-02291,DRAFT,OPERATOR_KONTEN,2026-04-20T06:07:48+07:00,pengusul_45
ENT-02291,OPERATOR_KONTEN,PIC_UKE,2026-06-23T01:56:53+07:00,operator_konten_45
ENT-02291,PIC_UKE,TERVALIDASI,2026-07-16T07:09:56+07:00,pic_uke_45
ENT-02291,TERVALIDASI,PUBLISH,2026-09-16T11:23:53+07:00,operator_konten_45
ENT-02292,,DRAFT,2026-03-08T14:08:58+07:00,pengusul_06
ENT-02292,DRAFT,OPERATOR_KONTEN,2026-05-04T05:38:49+07:00,pengusul_06
ENT-02292,OPERATOR_KONTEN,PIC_UKE,2026-05-26T13:09:29+07:00,operator_konten_06
ENT-02292,PIC_UKE,TERVALIDASI,2026-05-31T23:31:19+07:00,pic_uke_06
ENT-02292,TERVALIDASI,PUBLISH,2026-06-17T08:44:46+07:00,operator_konten_06
ENT-02293,,DRAFT,2026-03-18T15:28:53+07:00,pengusul_28
ENT-02293,DRAFT,OPERATOR_KONTEN,2026-08-03T11:23:50+07:00,pengusul_28
ENT-02293,OPERATOR_KONTEN,PIC_UKE,2026-09-22T08:35:55+07:00,operator_konten_28
ENT-02294,,DRAFT,2026-03-22T08:13:48+07:00,pengusul_06
ENT-02294,DRAFT,OPERATOR_KONTEN,2026-04-01T00:38:44+07:00,pengusul_06
ENT-02294,OPERATOR_KONTEN,PIC_UKE,2026-04-05T10:23:47+07:00,operator_konten_06
ENT-02294,PIC_UKE,TERVALIDASI,2026-05-26T00:08:23+07:00,pic_uke_06
ENT-02294,TERVALIDASI,PUBLISH,2026-06-14T08:48:44+07:00,operator_konten_06
ENT-02295,,DRAFT,2026-03-24T11:34:31+07:00,pengusul_65
ENT-02295,DRAFT,OPERATOR_KONTEN,2026-06-15T22:25:18+07:00,pengusul_65
ENT-02295,OPERATOR_KONTEN,PIC_UKE,2026-06-18T01:09:04+07:00,operator_konten_65
ENT-02295,PIC_UKE,TERVALIDASI,2026-09-08T12:58:55+07:00,pic_uke_65
ENT-02295,TERVALIDASI,PUBLISH,2026-10-01T16:40:15+07:00,operator_konten_65
ENT-02296,,DRAFT,2026-03-27T11:22:28+07:00,pengusul_53
ENT-02296,DRAFT,OPERATOR_KONTEN,2026-04-30T12:03:19+07:00,pengusul_53
ENT-02296,OPERATOR_KONTEN,PIC_UKE,2026-05-14T02:12:21+07:00,operator_konten_53
ENT-02296,PIC_UKE,TERVALIDASI,2026-06-17T21:33:24+07:00,pic_uke_53
ENT-02296,TERVALIDASI,PUBLISH,2026-07-26T10:33:53+07:00,operator_konten_53
ENT-02297,,DRAFT,2026-03-29T12:31:04+07:00,pengusul_29
ENT-02297,DRAFT,OPERATOR_KONTEN,2026-04-24T06:44:44+07:00,pengusul_29
ENT-02297,OPERATOR_KONTEN,PIC_UKE,2026-05-07T21:42:27+07:00,operator_konten_29
ENT-02297,PIC_UKE,TERVALIDASI,2026-05-10T02:59:41+07:00,pic_uke_29
ENT-02297,TERVALIDASI,PUBLISH,2026-06-01T13:19:50+07:00,operator_konten_29
ENT-02298,,DRAFT,2026-03-29T15:03:37+07:00,pengusul_06
ENT-02298,DRAFT,OPERATOR_KONTEN,2026-05-24T09:00:36+07:00,pengusul_06
ENT-02298,OPERATOR_KONTEN,PIC_UKE,2026-06-07T08:04:33+07:00,operator_konten_06
ENT-02298,PIC_UKE,TERVALIDASI,2026-06-08T19:34:23+07:00,pic_uke_06
ENT-02298,TERVALIDASI,PUBLISH,2026-07-18T16:52:26+07:00,operator_konten_06
ENT-02299,,DRAFT,2026-03-30T12:44:10+07:00,pengusul_47
ENT-02299,DRAFT,OPERATOR_KONTEN,2026-10-02T08:17:25+07:00,pengusul_47
ENT-02300,,DRAFT,2026-04-01T11:25:03+07:00,pengusul_06
ENT-02300,DRAFT,OPERATOR_KONTEN,2026-04-17T21:08:44+07:00,pengusul_06
ENT-02300,OPERATOR_KONTEN,PIC_UKE,2026-04-19T14:18:08+07:00,operator_konten_06
ENT-02300,PIC_UKE,TERVALIDASI,2026-04-20T10:17:02+07:00,pic_uke_06
ENT-02300,TERVALIDASI,PUBLISH,2026-09-18T15:23:55+07:00,operator_konten_06
ENT-02301,,DRAFT,2026-04-02T14:48:48+07:00,pengusul_01
ENT-02301,DRAFT,OPERATOR_KONTEN,2026-08-09T23:16:15+07:00,pengusul_01
ENT-02301,OPERATOR_KONTEN,PIC_UKE,2026-09-24T13:02:15+07:00,operator_konten_01
ENT-02302,,DRAFT,2026-04-03T09:16:52+07:00,pengusul_45
ENT-02302,DRAFT,OPERATOR_KONTEN,2026-04-20T20:50:50+07:00,pengusul_45
ENT-02302,OPERATOR_KONTEN,PIC_UKE,2026-04-25T09:06:27+07:00,operator_konten_45
ENT-02302,PIC_UKE,TERVALIDASI,2026-05-14T04:47:36+07:00,pic_uke_45
ENT-02302,TERVALIDASI,PUBLISH,2026-05-24T15:16:52+07:00,operator_konten_45
ENT-02303,,DRAFT,2026-04-04T15:39:27+07:00,pengusul_10
ENT-02303,DRAFT,OPERATOR_KONTEN,2026-06-23T06:35:33+07:00,pengusul_10
ENT-02303,OPERATOR_KONTEN,PIC_UKE,2026-07-19T20:38:24+07:00,operator_konten_10
ENT-02303,PIC_UKE,TERVALIDASI,2026-08-06T10:28:51+07:00,pic_uke_10
ENT-02303,TERVALIDASI,PUBLISH,2026-09-12T12:46:15+07:00,operator_konten_10
ENT-02304,,DRAFT,2026-04-05T11:02:25+07:00,pengusul_06
ENT-02304,DRAFT,OPERATOR_KONTEN,2026-04-28T07:20:29+07:00,pengusul_06
ENT-02304,OPERATOR_KONTEN,PIC_UKE,2026-09-15T11:47:53+07:00,operator_konten_06
ENT-02305,,DRAFT,2026-04-06T14:57:25+07:00,pengusul_66
ENT-02305,DRAFT,OPERATOR_KONTEN,2026-04-12T21:23:54+07:00,pengusul_66
ENT-02305,OPERATOR_KONTEN,PIC_UKE,2026-04-18T07:04:58+07:00,operator_konten_66
ENT-02305,PIC_UKE,TERVALIDASI,2026-04-19T23:35:04+07:00,pic_uke_66
ENT-02305,TERVALIDASI,PUBLISH,2026-04-20T14:17:49+07:00,operator_konten_66
ENT-02306,,DRAFT,2026-04-09T16:22:49+07:00,pengusul_56
ENT-02306,DRAFT,OPERATOR_KONTEN,2026-06-24T11:38:48+07:00,pengusul_56
ENT-02306,OPERATOR_KONTEN,PIC_UKE,2026-09-30T10:26:47+07:00,operator_konten_56
ENT-02307,,DRAFT,2026-04-12T15:35:02+07:00,pengusul_30
ENT-02307,DRAFT,OPERATOR_KONTEN,2026-05-03T20:21:23+07:00,pengusul_30
ENT-02307,OPERATOR_KONTEN,PIC_UKE,2026-10-08T13:02:37+07:00,operator_konten_30
ENT-02308,,DRAFT,2026-04-12T16:34:07+07:00,pengusul_18
ENT-02308,DRAFT,OPERATOR_KONTEN,2026-04-20T06:40:20+07:00,pengusul_18
ENT-02308,OPERATOR_KONTEN,PIC_UKE,2026-06-02T17:40:59+07:00,operator_konten_18
ENT-02308,PIC_UKE,TERVALIDASI,2026-08-02T14:02:26+07:00,pic_uke_18
ENT-02308,TERVALIDASI,PUBLISH,2026-08-19T08:34:08+07:00,operator_konten_18
ENT-02309,,DRAFT,2026-04-13T13:33:56+07:00,pengusul_64
ENT-02309,DRAFT,OPERATOR_KONTEN,2026-06-23T20:47:58+07:00,pengusul_64
ENT-02309,OPERATOR_KONTEN,PIC_UKE,2026-09-02T13:26:44+07:00,operator_konten_64
ENT-02309,PIC_UKE,TERVALIDASI,2026-09-28T10:45:38+07:00,pic_uke_64
ENT-02310,,DRAFT,2026-04-13T13:34:00+07:00,pengusul_27
ENT-02310,DRAFT,OPERATOR_KONTEN,2026-04-15T17:44:24+07:00,pengusul_27
ENT-02310,OPERATOR_KONTEN,PIC_UKE,2026-04-22T08:43:53+07:00,operator_konten_27
ENT-02310,PIC_UKE,TERVALIDASI,2026-04-26T20:43:53+07:00,pic_uke_27
ENT-02310,TERVALIDASI,PUBLISH,2026-05-09T13:03:20+07:00,operator_konten_27
ENT-02311,,DRAFT,2026-04-15T16:27:35+07:00,pengusul_19
ENT-02311,DRAFT,OPERATOR_KONTEN,2026-04-24T11:26:02+07:00,pengusul_19
ENT-02311,OPERATOR_KONTEN,PIC_UKE,2026-05-12T13:51:32+07:00,operator_konten_19
ENT-02311,PIC_UKE,TERVALIDASI,2026-05-12T15:51:52+07:00,pic_uke_19
ENT-02311,TERVALIDASI,PUBLISH,2026-05-13T09:29:35+07:00,operator_konten_19
ENT-02312,,DRAFT,2026-04-16T14:10:47+07:00,pengusul_63
ENT-02312,DRAFT,OPERATOR_KONTEN,2026-09-30T14:47:11+07:00,pengusul_63
ENT-02313,,DRAFT,2026-04-18T08:12:45+07:00,pengusul_00
ENT-02313,DRAFT,OPERATOR_KONTEN,2026-08-06T05:15:53+07:00,pengusul_00
ENT-02313,OPERATOR_KONTEN,PIC_UKE,2026-09-30T14:51:01+07:00,operator_konten_00
ENT-02314,,DRAFT,2026-04-18T14:09:37+07:00,pengusul_17
ENT-02314,DRAFT,OPERATOR_KONTEN,2026-08-08T23:47:14+07:00,pengusul_17
ENT-02314,OPERATOR_KONTEN,PIC_UKE,2026-09-24T13:23:21+07:00,operator_konten_17
ENT-02315,,DRAFT,2026-04-19T10:28:04+07:00,pengusul_02
ENT-02315,DRAFT,OPERATOR_KONTEN,2026-04-25T10:44:39+07:00,pengusul_02
ENT-02315,OPERATOR_KONTEN,PIC_UKE,2026-05-12T15:27:30+07:00,operator_konten_02
ENT-02315,PIC_UKE,TERVALIDASI,2026-05-27T18:59:17+07:00,pic_uke_02
ENT-02315,TERVALIDASI,PUBLISH,2026-07-11T14:09:10+07:00,operator_konten_02
ENT-02316,,DRAFT,2026-04-19T16:11:03+07:00,pengusul_65
ENT-02316,DRAFT,OPERATOR_KONTEN,2026-08-26T23:23:41+07:00,pengusul_65
ENT-02316,OPERATOR_KONTEN,PIC_UKE,2026-09-11T12:03:11+07:00,operator_konten_65
ENT-02317,,DRAFT,2026-04-25T12:46:03+07:00,pengusul_06
ENT-02317,DRAFT,OPERATOR_KONTEN,2026-05-11T17:17:01+07:00,pengusul_06
ENT-02317,OPERATOR_KONTEN,PIC_UKE,2026-10-07T12:52:17+07:00,operator_konten_06
ENT-02318,,DRAFT,2026-04-27T10:19:36+07:00,pengusul_23
ENT-02318,DRAFT,OPERATOR_KONTEN,2026-05-24T17:07:07+07:00,pengusul_23
ENT-02318,OPERATOR_KONTEN,PIC_UKE,2026-09-14T08:02:22+07:00,operator_konten_23
ENT-02319,,DRAFT,2026-04-29T10:40:03+07:00,pengusul_60
ENT-02319,DRAFT,OPERATOR_KONTEN,2026-06-23T03:37:07+07:00,pengusul_60
ENT-02319,OPERATOR_KONTEN,PIC_UKE,2026-08-10T10:39:34+07:00,operator_konten_60
ENT-02319,PIC_UKE,TERVALIDASI,2026-09-11T23:37:43+07:00,pic_uke_60
ENT-02319,TERVALIDASI,PUBLISH,2026-09-21T08:06:09+07:00,operator_konten_60
ENT-02320,,DRAFT,2026-04-30T15:01:53+07:00,pengusul_27
ENT-02320,DRAFT,OPERATOR_KONTEN,2026-05-20T07:22:54+07:00,pengusul_27
ENT-02320,OPERATOR_KONTEN,PIC_UKE,2026-05-27T03:48:08+07:00,operator_konten_27
ENT-02320,PIC_UKE,TERVALIDASI,2026-05-31T18:16:00+07:00,pic_uke_27
ENT-02320,TERVALIDASI,PUBLISH,2026-06-02T15:00:34+07:00,operator_konten_27
ENT-02321,,DRAFT,2026-05-01T08:01:26+07:00,pengusul_05
ENT-02321,DRAFT,OPERATOR_KONTEN,2026-09-19T23:45:35+07:00,pengusul_05
ENT-02321,OPERATOR_KONTEN,PIC_UKE,2026-09-29T11:49:13+07:00,operator_konten_05
ENT-02322,,DRAFT,2026-05-01T10:42:05+07:00,pengusul_43
ENT-02322,DRAFT,OPERATOR_KONTEN,2026-05-15T03:44:52+07:00,pengusul_43
ENT-02322,OPERATOR_KONTEN,PIC_UKE,2026-10-06T16:33:29+07:00,operator_konten_43
ENT-02323,,DRAFT,2026-05-01T10:59:14+07:00,pengusul_55
ENT-02323,DRAFT,OPERATOR_KONTEN,2026-05-19T16:10:40+07:00,pengusul_55
ENT-02323,OPERATOR_KONTEN,PIC_UKE,2026-07-23T23:52:33+07:00,operator_konten_55
ENT-02323,PIC_UKE,TERVALIDASI,2026-08-20T18:56:54+07:00,pic_uke_55
ENT-02323,TERVALIDASI,PUBLISH,2026-08-23T08:08:29+07:00,operator_konten_55
ENT-02324,,DRAFT,2026-05-01T15:09:33+07:00,pengusul_05
ENT-02324,DRAFT,OPERATOR_KONTEN,2026-05-05T18:47:19+07:00,pengusul_05
ENT-02324,OPERATOR_KONTEN,PIC_UKE,2026-08-11T01:19:15+07:00,operator_konten_05
ENT-02324,PIC_UKE,TERVALIDASI,2026-08-14T22:13:13+07:00,pic_uke_05
ENT-02324,TERVALIDASI,PUBLISH,2026-10-04T11:17:53+07:00,operator_konten_05
ENT-02325,,DRAFT,2026-05-02T16:20:19+07:00,pengusul_07
ENT-02325,DRAFT,OPERATOR_KONTEN,2026-05-07T07:50:24+07:00,pengusul_07
ENT-02325,OPERATOR_KONTEN,PIC_UKE,2026-06-06T22:47:23+07:00,operator_konten_07
ENT-02325,PIC_UKE,TERVALIDASI,2026-06-07T01:42:49+07:00,pic_uke_07
ENT-02325,TERVALIDASI,PUBLISH,2026-06-08T02:05:43+07:00,operator_konten_07
ENT-02325,PUBLISH,UNPUBLISH,2026-06-11T09:33:50+07:00,admin_07
ENT-02326,,DRAFT,2026-05-03T12:03:31+07:00,pengusul_45
ENT-02326,DRAFT,OPERATOR_KONTEN,2026-06-11T17:51:09+07:00,pengusul_45
ENT-02326,OPERATOR_KONTEN,PIC_UKE,2026-06-15T05:35:50+07:00,operator_konten_45
ENT-02326,PIC_UKE,TERVALIDASI,2026-06-16T19:46:35+07:00,pic_uke_45
ENT-02326,TERVALIDASI,PUBLISH,2026-07-01T10:45:17+07:00,operator_konten_45
ENT-02327,,DRAFT,2026-05-03T13:22:52+07:00,pengusul_43
ENT-02327,DRAFT,OPERATOR_KONTEN,2026-05-11T20:18:24+07:00,pengusul_43
ENT-02327,OPERATOR_KONTEN,PIC_UKE,2026-09-04T09:29:25+07:00,operator_konten_43
ENT-02328,,DRAFT,2026-05-04T08:59:35+07:00,pengusul_36
ENT-02328,DRAFT,OPERATOR_KONTEN,2026-06-01T16:48:01+07:00,pengusul_36
ENT-02328,OPERATOR_KONTEN,PIC_UKE,2026-09-22T16:58:39+07:00,operator_konten_36
ENT-02329,,DRAFT,2026-05-05T09:38:10+07:00,pengusul_58
ENT-02329,DRAFT,OPERATOR_KONTEN,2026-05-17T18:53:51+07:00,pengusul_58
ENT-02329,OPERATOR_KONTEN,PIC_UKE,2026-05-24T20:10:55+07:00,operator_konten_58
ENT-02329,PIC_UKE,TERVALIDASI,2026-07-17T05:16:49+07:00,pic_uke_58
ENT-02329,TERVALIDASI,PUBLISH,2026-09-06T11:03:57+07:00,operator_konten_58
ENT-02330,,DRAFT,2026-05-05T10:22:42+07:00,pengusul_51
ENT-02330,DRAFT,OPERATOR_KONTEN,2026-05-24T17:54:32+07:00,pengusul_51
ENT-02330,OPERATOR_KONTEN,PIC_UKE,2026-06-05T23:55:10+07:00,operator_konten_51
ENT-02330,PIC_UKE,TERVALIDASI,2026-07-04T01:28:44+07:00,pic_uke_51
ENT-02330,TERVALIDASI,PUBLISH,2026-07-17T14:11:12+07:00,operator_konten_51
ENT-02331,,DRAFT,2026-05-05T11:23:38+07:00,pengusul_06
ENT-02331,DRAFT,OPERATOR_KONTEN,2026-07-12T07:02:32+07:00,pengusul_06
ENT-02331,OPERATOR_KONTEN,PIC_UKE,2026-07-26T21:35:50+07:00,operator_konten_06
ENT-02331,PIC_UKE,TERVALIDASI,2026-08-01T16:42:53+07:00,pic_uke_06
ENT-02331,TERVALIDASI,PUBLISH,2026-08-12T10:38:36+07:00,operator_konten_06
ENT-02332,,DRAFT,2026-05-05T12:26:14+07:00,pengusul_27
ENT-02332,DRAFT,OPERATOR_KONTEN,2026-06-09T19:48:35+07:00,pengusul_27
ENT-02332,OPERATOR_KONTEN,PIC_UKE,2026-06-21T21:54:21+07:00,operator_konten_27
ENT-02332,PIC_UKE,TERVALIDASI,2026-06-28T09:39:42+07:00,pic_uke_27
ENT-02332,TERVALIDASI,PUBLISH,2026-08-24T08:41:28+07:00,operator_konten_27
ENT-02333,,DRAFT,2026-05-05T15:52:20+07:00,pengusul_09
ENT-02333,DRAFT,OPERATOR_KONTEN,2026-05-14T18:31:43+07:00,pengusul_09
ENT-02333,OPERATOR_KONTEN,PIC_UKE,2026-05-15T13:52:00+07:00,operator_konten_09
ENT-02333,PIC_UKE,TERVALIDASI,2026-06-24T03:53:09+07:00,pic_uke_09
ENT-02333,TERVALIDASI,PUBLISH,2026-07-14T13:18:24+07:00,operator_konten_09
ENT-02334,,DRAFT,2026-05-05T16:05:11+07:00,pengusul_53
ENT-02334,DRAFT,OPERATOR_KONTEN,2026-08-31T15:22:22+07:00,pengusul_53
ENT-02334,OPERATOR_KONTEN,PIC_UKE,2026-09-21T13:54:39+07:00,operator_konten_53
ENT-02335,,DRAFT,2026-05-06T09:12:41+07:00,pengusul_70
ENT-02335,DRAFT,OPERATOR_KONTEN,2026-06-27T15:44:56+07:00,pengusul_70
ENT-02335,OPERATOR_KONTEN,PIC_UKE,2026-09-16T08:33:44+07:00,operator_konten_70
ENT-02336,,DRAFT,2026-05-06T10:12:12+07:00,pengusul_06
ENT-02336,DRAFT,OPERATOR_KONTEN,2026-07-16T01:25:13+07:00,pengusul_06
ENT-02336,OPERATOR_KONTEN,PIC_UKE,2026-07-30T11:59:36+07:00,operator_konten_06
ENT-02336,PIC_UKE,TERVALIDASI,2026-08-08T15:01:43+07:00,pic_uke_06
ENT-02336,TERVALIDASI,PUBLISH,2026-08-16T16:56:25+07:00,operator_konten_06
ENT-02337,,DRAFT,2026-05-06T12:38:58+07:00,pengusul_33
ENT-02337,DRAFT,OPERATOR_KONTEN,2026-05-28T21:25:08+07:00,pengusul_33
ENT-02337,OPERATOR_KONTEN,DITOLAK_OPERATOR,2026-08-20T03:41:22+07:00,operator_konten_33
ENT-02337,DITOLAK_OPERATOR,DRAFT,2026-10-07T10:39:05+07:00,pengusul_33
ENT-02338,,DRAFT,2026-05-06T13:38:58+07:00,pengusul_36
ENT-02338,DRAFT,OPERATOR_KONTEN,2026-09-06T10:46:26+07:00,pengusul_36
ENT-02338,OPERATOR_KONTEN,PIC_UKE,2026-09-24T14:31:34+07:00,operator_konten_36
ENT-02339,,DRAFT,2026-05-06T16:44:07+07:00,pengusul_22
ENT-02339,DRAFT,OPERATOR_KONTEN,2026-05-14T12:30:38+07:00,pengusul_22
ENT-02339,OPERATOR_KONTEN,PIC_UKE,2026-05-15T12:20:33+07:00,operator_konten_22
ENT-02339,PIC_UKE,TERVALIDASI,2026-05-18T17:57:27+07:00,pic_uke_22
ENT-02339,TERVALIDASI,PUBLISH,2026-05-19T13:35:52+07:00,operator_konten_22
ENT-02340,,DRAFT,2026-05-07T08:55:41+07:00,pengusul_17
ENT-02340,DRAFT,OPERATOR_KONTEN,2026-05-10T12:08:32+07:00,pengusul_17
ENT-02340,OPERATOR_KONTEN,PIC_UKE,2026-05-11T23:54:44+07:00,operator_konten_17
ENT-02340,PIC_UKE,TERVALIDASI,2026-05-13T22:41:23+07:00,pic_uke_17
ENT-02340,TERVALIDASI,PUBLISH,2026-06-14T12:16:27+07:00,operator_konten_17
ENT-02341,,DRAFT,2026-05-07T11:39:00+07:00,pengusul_24
ENT-02341,DRAFT,OPERATOR_KONTEN,2026-06-03T22:59:53+07:00,pengusul_24
ENT-02341,OPERATOR_KONTEN,DITOLAK_OPERATOR,2026-08-23T08:33:44+07:00,operator_konten_24
ENT-02341,DITOLAK_OPERATOR,DRAFT,2026-10-07T08:14:57+07:00,pengusul_24
ENT-02342,,DRAFT,2026-05-07T13:20:01+07:00,pengusul_12
ENT-02342,DRAFT,OPERATOR_KONTEN,2026-06-04T03:08:34+07:00,pengusul_12
ENT-02342,OPERATOR_KONTEN,PIC_UKE,2026-08-02T10:42:04+07:00,operator_konten_12
ENT-02342,PIC_UKE,TERVALIDASI,2026-09-07T07:52:38+07:00,pic_uke_12
ENT-02342,TERVALIDASI,PUBLISH,2026-09-16T13:38:23+07:00,operator_konten_12
ENT-02343,,DRAFT,2026-05-07T13:30:25+07:00,pengusul_07
ENT-02343,DRAFT,OPERATOR_KONTEN,2026-05-27T04:30:40+07:00,pengusul_07
ENT-02343,OPERATOR_KONTEN,PIC_UKE,2026-06-10T19:38:17+07:00,operator_konten_07
ENT-02343,PIC_UKE,TERVALIDASI,2026-08-16T15:29:13+07:00,pic_uke_07
ENT-02343,TERVALIDASI,PUBLISH,2026-09-28T10:09:43+07:00,operator_konten_07
ENT-02344,,DRAFT,2026-05-08T08:51:44+07:00,pengusul_19
ENT-02344,DRAFT,OPERATOR_KONTEN,2026-06-12T13:09:29+07:00,pengusul_19
ENT-02344,OPERATOR_KONTEN,PIC_UKE,2026-08-26T13:01:09+07:00,operator_konten_19
ENT-02345,,DRAFT,2026-05-08T10:21:38+07:00,pengusul_05
ENT-02345,DRAFT,OPERATOR_KONTEN,2026-05-26T16:42:17+07:00,pengusul_05
ENT-02345,OPERATOR_KONTEN,PIC_UKE,2026-09-24T10:13:32+07:00,operator_konten_05
ENT-02346,,DRAFT,2026-05-08T11:28:26+07:00,pengusul_15
ENT-02346,DRAFT,OPERATOR_KONTEN,2026-06-08T07:46:48+07:00,pengusul_15
ENT-02346,OPERATOR_KONTEN,PIC_UKE,2026-07-17T21:12:50+07:00,operator_konten_15
ENT-02346,PIC_UKE,TERVALIDASI,2026-08-10T11:36:04+07:00,pic_uke_15
ENT-02346,TERVALIDASI,PUBLISH,2026-08-31T09:08:27+07:00,operator_konten_15
ENT-02347,,DRAFT,2026-05-08T13:14:59+07:00,pengusul_40
ENT-02347,DRAFT,OPERATOR_KONTEN,2026-05-10T18:40:02+07:00,pengusul_40
ENT-02347,OPERATOR_KONTEN,PIC_UKE,2026-05-13T08:39:21+07:00,operator_konten_40
ENT-02347,PIC_UKE,TERVALIDASI,2026-05-14T07:27:10+07:00,pic_uke_40
ENT-02347,TERVALIDASI,PUBLISH,2026-05-16T15:00:05+07:00,operator_konten_40
ENT-02348,,DRAFT,2026-05-08T14:46:29+07:00,pengusul_43
ENT-02348,DRAFT,OPERATOR_KONTEN,2026-05-12T03:44:10+07:00,pengusul_43
ENT-02348,OPERATOR_KONTEN,PIC_UKE,2026-05-13T19:23:43+07:00,operator_konten_43
ENT-02348,PIC_UKE,TERVALIDASI,2026-05-26T05:55:36+07:00,pic_uke_43
ENT-02348,TERVALIDASI,PUBLISH,2026-06-01T13:42:06+07:00,operator_konten_43
ENT-02349,,DRAFT,2026-05-08T15:00:09+07:00,pengusul_06
ENT-02349,DRAFT,OPERATOR_KONTEN,2026-09-16T23:22:09+07:00,pengusul_06
ENT-02349,OPERATOR_KONTEN,PIC_UKE,2026-09-25T08:16:53+07:00,operator_konten_06
ENT-02350,,DRAFT,2026-05-08T15:20:30+07:00,pengusul_45
ENT-02350,DRAFT,OPERATOR_KONTEN,2026-10-03T10:10:28+07:00,pengusul_45
ENT-02350,OPERATOR_KONTEN,PIC_UKE,2026-10-06T16:07:23+07:00,operator_konten_45
ENT-02351,,DRAFT,2026-05-09T11:12:54+07:00,pengusul_61
ENT-02351,DRAFT,OPERATOR_KONTEN,2026-05-20T04:02:03+07:00,pengusul_61
ENT-02351,OPERATOR_KONTEN,PIC_UKE,2026-05-22T08:40:57+07:00,operator_konten_61
ENT-02351,PIC_UKE,TERVALIDASI,2026-05-30T19:10:46+07:00,pic_uke_61
ENT-02351,TERVALIDASI,PUBLISH,2026-06-25T14:37:12+07:00,operator_konten_61
ENT-02352,,DRAFT,2026-05-09T12:50:26+07:00,pengusul_59
ENT-02352,DRAFT,OPERATOR_KONTEN,2026-06-03T20:30:59+07:00,pengusul_59
ENT-02352,OPERATOR_KONTEN,PIC_UKE,2026-06-12T20:05:56+07:00,operator_konten_59
ENT-02352,PIC_UKE,TERVALIDASI,2026-07-01T02:50:59+07:00,pic_uke_59
ENT-02352,TERVALIDASI,PUBLISH,2026-09-04T08:45:04+07:00,operator_konten_59
ENT-02353,,DRAFT,2026-05-09T14:07:36+07:00,pengusul_20
ENT-02353,DRAFT,OPERATOR_KONTEN,2026-06-10T16:38:44+07:00,pengusul_20
ENT-02353,OPERATOR_KONTEN,PIC_UKE,2026-10-05T09:03:26+07:00,operator_konten_20
ENT-02354,,DRAFT,2026-05-10T11:57:29+07:00,pengusul_01
ENT-02354,DRAFT,OPERATOR_KONTEN,2026-08-17T02:41:54+07:00,pengusul_01
ENT-02354,OPERATOR_KONTEN,PIC_UKE,2026-09-25T10:59:01+07:00,operator_konten_01
ENT-02355,,DRAFT,2026-05-11T12:54:54+07:00,pengusul_07
ENT-02355,DRAFT,OPERATOR_KONTEN,2026-05-27T03:11:11+07:00,pengusul_07
ENT-02355,OPERATOR_KONTEN,PIC_UKE,2026-07-18T11:55:53+07:00,operator_konten_07
ENT-02355,PIC_UKE,TERVALIDASI,2026-08-22T23:33:35+07:00,pic_uke_07
ENT-02355,TERVALIDASI,PUBLISH,2026-09-17T12:34:23+07:00,operator_konten_07
ENT-02356,,DRAFT,2026-05-11T13:17:25+07:00,pengusul_63
ENT-02356,DRAFT,OPERATOR_KONTEN,2026-05-20T17:45:05+07:00,pengusul_63
ENT-02356,OPERATOR_KONTEN,PIC_UKE,2026-07-11T16:38:34+07:00,operator_konten_63
ENT-02356,PIC_UKE,TERVALIDASI,2026-07-20T21:24:54+07:00,pic_uke_63
ENT-02356,TERVALIDASI,PUBLISH,2026-08-11T14:44:13+07:00,operator_konten_63
ENT-02357,,DRAFT,2026-05-11T14:35:58+07:00,pengusul_60
ENT-02357,DRAFT,OPERATOR_KONTEN,2026-05-16T15:38:14+07:00,pengusul_60
ENT-02357,OPERATOR_KONTEN,PIC_UKE,2026-05-22T23:38:14+07:00,operator_konten_60
ENT-02357,PIC_UKE,TERVALIDASI,2026-06-07T02:42:32+07:00,pic_uke_60
ENT-02357,TERVALIDASI,PUBLISH,2026-06-14T10:06:53+07:00,operator_konten_60
ENT-02358,,DRAFT,2026-05-11T16:59:03+07:00,pengusul_28
ENT-02358,DRAFT,OPERATOR_KONTEN,2026-06-03T12:27:33+07:00,pengusul_28
ENT-02358,OPERATOR_KONTEN,PIC_UKE,2026-06-11T23:55:15+07:00,operator_konten_28
ENT-02358,PIC_UKE,TERVALIDASI,2026-06-26T20:31:23+07:00,pic_uke_28
ENT-02358,TERVALIDASI,PUBLISH,2026-09-26T15:14:23+07:00,operator_konten_28
ENT-02359,,DRAFT,2026-05-12T08:42:47+07:00,pengusul_64
ENT-02359,DRAFT,OPERATOR_KONTEN,2026-05-12T15:40:54+07:00,pengusul_64
ENT-02359,OPERATOR_KONTEN,PIC_UKE,2026-05-13T04:22:21+07:00,operator_konten_64
ENT-02359,PIC_UKE,TERVALIDASI,2026-05-13T09:31:15+07:00,pic_uke_64
ENT-02359,TERVALIDASI,PUBLISH,2026-05-14T16:48:48+07:00,operator_konten_64
ENT-02360,,DRAFT,2026-05-12T12:26:04+07:00,pengusul_60
ENT-02360,DRAFT,OPERATOR_KONTEN,2026-05-15T09:30:49+07:00,pengusul_60
ENT-02360,OPERATOR_KONTEN,PIC_UKE,2026-05-16T23:15:34+07:00,operator_konten_60
ENT-02360,PIC_UKE,TERVALIDASI,2026-05-16T23:18:58+07:00,pic_uke_60
ENT-02360,TERVALIDASI,PUBLISH,2026-05-22T12:31:29+07:00,operator_konten_60
ENT-02361,,DRAFT,2026-05-12T13:01:29+07:00,pengusul_66
ENT-02361,DRAFT,OPERATOR_KONTEN,2026-08-16T06:42:58+07:00,pengusul_66
ENT-02361,OPERATOR_KONTEN,PIC_UKE,2026-10-02T12:19:19+07:00,operator_konten_66
ENT-02362,,DRAFT,2026-05-12T15:06:52+07:00,pengusul_34
ENT-02362,DRAFT,OPERATOR_KONTEN,2026-07-03T23:47:16+07:00,pengusul_34
ENT-02362,OPERATOR_KONTEN,PIC_UKE,2026-07-05T02:48:11+07:00,operator_konten_34
ENT-02362,PIC_UKE,TERVALIDASI,2026-08-08T08:25:01+07:00,pic_uke_34
ENT-02362,TERVALIDASI,PUBLISH,2026-08-12T13:30:59+07:00,operator_konten_34
ENT-02363,,DRAFT,2026-05-12T15:17:28+07:00,pengusul_57
ENT-02363,DRAFT,OPERATOR_KONTEN,2026-06-24T07:41:44+07:00,pengusul_57
ENT-02363,OPERATOR_KONTEN,PIC_UKE,2026-09-23T12:04:51+07:00,operator_konten_57
ENT-02364,,DRAFT,2026-05-13T09:35:54+07:00,pengusul_13
ENT-02364,DRAFT,OPERATOR_KONTEN,2026-05-18T11:39:46+07:00,pengusul_13
ENT-02364,OPERATOR_KONTEN,PIC_UKE,2026-06-01T13:35:40+07:00,operator_konten_13
ENT-02364,PIC_UKE,TERVALIDASI,2026-06-03T07:52:21+07:00,pic_uke_13
ENT-02364,TERVALIDASI,PUBLISH,2026-07-06T13:52:17+07:00,operator_konten_13
ENT-02365,,DRAFT,2026-05-13T10:36:39+07:00,pengusul_57
ENT-02365,DRAFT,OPERATOR_KONTEN,2026-08-30T12:37:20+07:00,pengusul_57
ENT-02365,OPERATOR_KONTEN,PIC_UKE,2026-09-28T09:25:42+07:00,operator_konten_57
ENT-02366,,DRAFT,2026-05-13T12:31:34+07:00,pengusul_47
ENT-02366,DRAFT,OPERATOR_KONTEN,2026-05-28T07:01:15+07:00,pengusul_47
ENT-02366,OPERATOR_KONTEN,PIC_UKE,2026-06-04T14:48:31+07:00,operator_konten_47
ENT-02366,PIC_UKE,TERVALIDASI,2026-06-09T18:43:17+07:00,pic_uke_47
ENT-02366,TERVALIDASI,PUBLISH,2026-06-13T11:53:16+07:00,operator_konten_47
ENT-02367,,DRAFT,2026-05-13T15:46:38+07:00,pengusul_31
ENT-02367,DRAFT,OPERATOR_KONTEN,2026-08-03T08:03:01+07:00,pengusul_31
ENT-02367,OPERATOR_KONTEN,PIC_UKE,2026-09-28T12:43:37+07:00,operator_konten_31
ENT-02368,,DRAFT,2026-05-14T08:50:23+07:00,pengusul_43
ENT-02368,DRAFT,OPERATOR_KONTEN,2026-07-19T05:34:39+07:00,pengusul_43
ENT-02368,OPERATOR_KONTEN,PIC_UKE,2026-09-29T12:30:30+07:00,operator_konten_43
ENT-02369,,DRAFT,2026-05-14T10:41:26+07:00,pengusul_13
ENT-02369,DRAFT,OPERATOR_KONTEN,2026-05-18T14:00:05+07:00,pengusul_13
ENT-02369,OPERATOR_KONTEN,PIC_UKE,2026-05-19T01:18:00+07:00,operator_konten_13
ENT-02369,PIC_UKE,TERVALIDASI,2026-05-20T06:40:04+07:00,pic_uke_13
ENT-02369,TERVALIDASI,PUBLISH,2026-05-22T08:12:58+07:00,operator_konten_13
ENT-02370,,DRAFT,2026-05-14T14:33:43+07:00,pengusul_48
ENT-02370,DRAFT,OPERATOR_KONTEN,2026-06-04T21:30:12+07:00,pengusul_48
ENT-02370,OPERATOR_KONTEN,PIC_UKE,2026-08-07T07:36:56+07:00,operator_konten_48
ENT-02370,PIC_UKE,TERVALIDASI,2026-08-09T10:53:40+07:00,pic_uke_48
ENT-02370,TERVALIDASI,PUBLISH,2026-08-29T11:09:00+07:00,operator_konten_48
ENT-02371,,DRAFT,2026-05-14T16:14:51+07:00,pengusul_45
ENT-02371,DRAFT,OPERATOR_KONTEN,2026-06-11T22:41:54+07:00,pengusul_45
ENT-02371,OPERATOR_KONTEN,DITOLAK_OPERATOR,2026-07-28T16:12:05+07:00,operator_konten_45
ENT-02371,DITOLAK_OPERATOR,DRAFT,2026-10-02T13:22:40+07:00,pengusul_45
ENT-02372,,DRAFT,2026-05-14T16:17:01+07:00,pengusul_00
ENT-02372,DRAFT,OPERATOR_KONTEN,2026-06-28T18:55:42+07:00,pengusul_00
ENT-02372,OPERATOR_KONTEN,DITOLAK_OPERATOR,2026-07-16T00:04:18+07:00,operator_konten_00
ENT-02372,DITOLAK_OPERATOR,DRAFT,2026-09-30T13:04:48+07:00,pengusul_00
ENT-02373,,DRAFT,2026-05-14T16:44:36+07:00,pengusul_61
ENT-02373,DRAFT,OPERATOR_KONTEN,2026-05-24T13:40:57+07:00,pengusul_61
ENT-02373,OPERATOR_KONTEN,PIC_UKE,2026-07-02T23:47:47+07:00,operator_konten_61
ENT-02373,PIC_UKE,TERVALIDASI,2026-08-11T01:05:16+07:00,pic_uke_61
ENT-02373,TERVALIDASI,PUBLISH,2026-08-16T10:16:57+07:00,operator_konten_61
ENT-02374,,DRAFT,2026-05-15T14:09:21+07:00,pengusul_03
ENT-02374,DRAFT,OPERATOR_KONTEN,2026-05-16T02:19:16+07:00,pengusul_03
ENT-02374,OPERATOR_KONTEN,PIC_UKE,2026-05-27T14:38:19+07:00,operator_konten_03
ENT-02374,PIC_UKE,TERVALIDASI,2026-06-06T16:16:54+07:00,pic_uke_03
ENT-02374,TERVALIDASI,PUBLISH,2026-06-09T15:56:49+07:00,operator_konten_03
ENT-02375,,DRAFT,2026-05-15T16:57:04+07:00,pengusul_54
ENT-02375,DRAFT,OPERATOR_KONTEN,2026-05-16T16:15:37+07:00,pengusul_54
ENT-02375,OPERATOR_KONTEN,PIC_UKE,2026-05-18T02:53:10+07:00,operator_konten_54
ENT-02375,PIC_UKE,TERVALIDASI,2026-05-21T13:37:48+07:00,pic_uke_54
ENT-02375,TERVALIDASI,PUBLISH,2026-05-22T12:00:24+07:00,operator_konten_54
ENT-02376,,DRAFT,2026-05-16T12:56:49+07:00,pengusul_60
ENT-02376,DRAFT,OPERATOR_KONTEN,2026-06-12T14:49:52+07:00,pengusul_60
ENT-02376,OPERATOR_KONTEN,PIC_UKE,2026-10-02T09:43:29+07:00,operator_konten_60
ENT-02377,,DRAFT,2026-05-17T09:41:21+07:00,pengusul_57
ENT-02377,DRAFT,OPERATOR_KONTEN,2026-05-25T19:37:20+07:00,pengusul_57
ENT-02377,OPERATOR_KONTEN,PIC_UKE,2026-05-29T08:18:49+07:00,operator_konten_57
ENT-02377,PIC_UKE,TERVALIDASI,2026-05-30T16:40:41+07:00,pic_uke_57
ENT-02377,TERVALIDASI,PUBLISH,2026-06-01T11:21:27+07:00,operator_konten_57
ENT-02378,,DRAFT,2026-05-17T14:43:07+07:00,pengusul_13
ENT-02378,DRAFT,OPERATOR_KONTEN,2026-05-24T07:10:29+07:00,pengusul_13
ENT-02378,OPERATOR_KONTEN,PIC_UKE,2026-06-10T08:15:40+07:00,operator_konten_13
ENT-02378,PIC_UKE,TERVALIDASI,2026-07-17T07:52:02+07:00,pic_uke_13
ENT-02378,TERVALIDASI,PUBLISH,2026-07-25T12:36:50+07:00,operator_konten_13
ENT-02379,,DRAFT,2026-05-17T16:36:05+07:00,pengusul_53
ENT-02379,DRAFT,OPERATOR_KONTEN,2026-06-19T02:28:53+07:00,pengusul_53
ENT-02379,OPERATOR_KONTEN,PIC_UKE,2026-07-05T06:23:27+07:00,operator_konten_53
ENT-02379,PIC_UKE,TERVALIDASI,2026-07-09T17:06:55+07:00,pic_uke_53
ENT-02379,TERVALIDASI,PUBLISH,2026-08-27T12:05:01+07:00,operator_konten_53
ENT-02380,,DRAFT,2026-05-18T11:21:12+07:00,pengusul_60
ENT-02380,DRAFT,OPERATOR_KONTEN,2026-05-25T00:08:30+07:00,pengusul_60
ENT-02380,OPERATOR_KONTEN,PIC_UKE,2026-05-28T13:30:56+07:00,operator_konten_60
ENT-02380,PIC_UKE,TERVALIDASI,2026-06-07T17:40:51+07:00,pic_uke_60
ENT-02380,TERVALIDASI,PUBLISH,2026-06-15T11:34:10+07:00,operator_konten_60
ENT-02381,,DRAFT,2026-05-18T13:13:57+07:00,pengusul_11
ENT-02381,DRAFT,OPERATOR_KONTEN,2026-08-28T07:16:49+07:00,pengusul_11
ENT-02381,OPERATOR_KONTEN,PIC_UKE,2026-10-07T14:05:47+07:00,operator_konten_11
ENT-02382,,DRAFT,2026-05-18T13:29:14+07:00,pengusul_56
ENT-02382,DRAFT,OPERATOR_KONTEN,2026-05-26T22:45:17+07:00,pengusul_56
ENT-02382,OPERATOR_KONTEN,DITOLAK_OPERATOR,2026-09-10T12:21:11+07:00,operator_konten_56
ENT-02383,,DRAFT,2026-05-18T16:12:07+07:00,pengusul_59
ENT-02383,DRAFT,OPERATOR_KONTEN,2026-05-20T02:14:08+07:00,pengusul_59
ENT-02383,OPERATOR_KONTEN,PIC_UKE,2026-05-26T12:32:45+07:00,operator_konten_59
ENT-02383,PIC_UKE,TERVALIDASI,2026-07-05T07:44:16+07:00,pic_uke_59
ENT-02383,TERVALIDASI,PUBLISH,2026-07-12T10:44:52+07:00,operator_konten_59
ENT-02384,,DRAFT,2026-05-19T09:02:27+07:00,pengusul_60
ENT-02384,DRAFT,OPERATOR_KONTEN,2026-05-29T11:44:53+07:00,pengusul_60
ENT-02384,OPERATOR_KONTEN,PIC_UKE,2026-06-07T06:16:55+07:00,operator_konten_60
ENT-02384,PIC_UKE,TERVALIDASI,2026-06-11T00:49:36+07:00,pic_uke_60
ENT-02384,TERVALIDASI,PUBLISH,2026-07-03T11:39:22+07:00,operator_konten_60
ENT-02385,,DRAFT,2026-05-19T12:34:53+07:00,pengusul_31
ENT-02385,DRAFT,OPERATOR_KONTEN,2026-06-25T19:14:12+07:00,pengusul_31
ENT-02385,OPERATOR_KONTEN,PIC_UKE,2026-10-07T15:46:58+07:00,operator_konten_31
ENT-02386,,DRAFT,2026-05-19T13:25:44+07:00,pengusul_07
ENT-02386,DRAFT,OPERATOR_KONTEN,2026-07-30T06:11:22+07:00,pengusul_07
ENT-02386,OPERATOR_KONTEN,PIC_UKE,2026-10-06T11:36:29+07:00,operator_konten_07
ENT-02387,,DRAFT,2026-05-20T10:50:11+07:00,pengusul_23
ENT-02387,DRAFT,OPERATOR_KONTEN,2026-05-27T07:02:31+07:00,pengusul_23
ENT-02387,OPERATOR_KONTEN,PIC_UKE,2026-06-23T22:09:33+07:00,operator_konten_23
ENT-02387,PIC_UKE,TERVALIDASI,2026-06-29T17:44:51+07:00,pic_uke_23
ENT-02387,TERVALIDASI,PUBLISH,2026-07-19T13:52:58+07:00,operator_konten_23
ENT-02388,,DRAFT,2026-05-20T11:28:01+07:00,pengusul_67
ENT-02388,DRAFT,OPERATOR_KONTEN,2026-06-22T14:40:46+07:00,pengusul_67
ENT-02388,OPERATOR_KONTEN,PIC_UKE,2026-06-28T00:16:22+07:00,operator_konten_67
ENT-02388,PIC_UKE,TERVALIDASI,2026-06-30T16:49:37+07:00,pic_uke_67
ENT-02388,TERVALIDASI,PUBLISH,2026-08-03T15:00:25+07:00,operator_konten_67
ENT-02389,,DRAFT,2026-05-20T12:20:48+07:00,pengusul_00
ENT-02389,DRAFT,OPERATOR_KONTEN,2026-05-25T14:51:14+07:00,pengusul_00
ENT-02389,OPERATOR_KONTEN,PIC_UKE,2026-06-01T21:16:55+07:00,operator_konten_00
ENT-02389,PIC_UKE,TERVALIDASI,2026-06-13T10:11:36+07:00,pic_uke_00
ENT-02389,TERVALIDASI,PUBLISH,2026-06-21T14:16:53+07:00,operator_konten_00
ENT-02390,,DRAFT,2026-05-20T12:27:17+07:00,pengusul_69
ENT-02390,DRAFT,OPERATOR_KONTEN,2026-06-08T02:15:54+07:00,pengusul_69
ENT-02390,OPERATOR_KONTEN,PIC_UKE,2026-09-10T16:54:16+07:00,operator_konten_69
ENT-02391,,DRAFT,2026-05-20T14:00:04+07:00,pengusul_07
ENT-02391,DRAFT,OPERATOR_KONTEN,2026-06-03T13:52:46+07:00,pengusul_07
ENT-02391,OPERATOR_KONTEN,PIC_UKE,2026-06-22T09:25:10+07:00,operator_konten_07
ENT-02391,PIC_UKE,TERVALIDASI,2026-07-16T11:19:47+07:00,pic_uke_07
ENT-02391,TERVALIDASI,PUBLISH,2026-07-17T16:42:12+07:00,operator_konten_07
ENT-02392,,DRAFT,2026-05-20T14:40:12+07:00,pengusul_48
ENT-02392,DRAFT,OPERATOR_KONTEN,2026-09-30T09:35:38+07:00,pengusul_48
ENT-02393,,DRAFT,2026-05-21T08:53:34+07:00,pengusul_29
ENT-02393,DRAFT,OPERATOR_KONTEN,2026-10-07T13:25:07+07:00,pengusul_29
ENT-02394,,DRAFT,2026-05-21T14:57:46+07:00,pengusul_47
ENT-02394,DRAFT,OPERATOR_KONTEN,2026-07-16T17:35:47+07:00,pengusul_47
ENT-02394,OPERATOR_KONTEN,PIC_UKE,2026-08-03T12:51:03+07:00,operator_konten_47
ENT-02394,PIC_UKE,TERVALIDASI,2026-08-15T04:10:12+07:00,pic_uke_47
ENT-02394,TERVALIDASI,PUBLISH,2026-08-20T14:04:26+07:00,operator_konten_47
ENT-02395,,DRAFT,2026-05-22T08:21:17+07:00,pengusul_31
ENT-02395,DRAFT,OPERATOR_KONTEN,2026-05-24T23:39:20+07:00,pengusul_31
ENT-02395,OPERATOR_KONTEN,PIC_UKE,2026-06-03T06:53:40+07:00,operator_konten_31
ENT-02395,PIC_UKE,TERVALIDASI,2026-06-05T23:46:27+07:00,pic_uke_31
ENT-02395,TERVALIDASI,PUBLISH,2026-06-08T11:23:16+07:00,operator_konten_31
ENT-02396,,DRAFT,2026-05-22T09:53:20+07:00,pengusul_54
ENT-02396,DRAFT,OPERATOR_KONTEN,2026-05-26T09:00:26+07:00,pengusul_54
ENT-02396,OPERATOR_KONTEN,PIC_UKE,2026-06-05T23:22:51+07:00,operator_konten_54
ENT-02396,PIC_UKE,TERVALIDASI,2026-06-22T15:07:35+07:00,pic_uke_54
ENT-02396,TERVALIDASI,PUBLISH,2026-08-17T09:43:48+07:00,operator_konten_54
ENT-02397,,DRAFT,2026-05-22T10:17:41+07:00,pengusul_52
ENT-02397,DRAFT,OPERATOR_KONTEN,2026-06-12T09:10:16+07:00,pengusul_52
ENT-02397,OPERATOR_KONTEN,PIC_UKE,2026-06-22T07:18:17+07:00,operator_konten_52
ENT-02397,PIC_UKE,TERVALIDASI,2026-08-13T01:34:00+07:00,pic_uke_52
ENT-02397,TERVALIDASI,PUBLISH,2026-10-01T14:44:58+07:00,operator_konten_52
ENT-02398,,DRAFT,2026-05-22T10:26:51+07:00,pengusul_64
ENT-02398,DRAFT,OPERATOR_KONTEN,2026-06-08T17:02:14+07:00,pengusul_64
ENT-02398,OPERATOR_KONTEN,PIC_UKE,2026-07-02T11:35:28+07:00,operator_konten_64
ENT-02398,PIC_UKE,TERVALIDASI,2026-07-13T14:23:40+07:00,pic_uke_64
ENT-02398,TERVALIDASI,PUBLISH,2026-07-15T16:05:48+07:00,operator_konten_64
ENT-02399,,DRAFT,2026-05-23T10:04:37+07:00,pengusul_30
ENT-02399,DRAFT,OPERATOR_KONTEN,2026-06-11T00:37:38+07:00,pengusul_30
ENT-02399,OPERATOR_KONTEN,PIC_UKE,2026-10-02T09:26:53+07:00,operator_konten_30
ENT-02400,,DRAFT,2026-05-23T10:39:45+07:00,pengusul_02
ENT-02400,DRAFT,OPERATOR_KONTEN,2026-06-01T21:26:43+07:00,pengusul_02
ENT-02400,OPERATOR_KONTEN,PIC_UKE,2026-06-28T21:28:22+07:00,operator_konten_02
ENT-02400,PIC_UKE,TERVALIDASI,2026-07-11T13:30:52+07:00,pic_uke_02
ENT-02400,TERVALIDASI,PUBLISH,2026-07-25T09:30:32+07:00,operator_konten_02
ENT-02401,,DRAFT,2026-05-23T12:25:43+07:00,pengusul_21
ENT-02401,DRAFT,OPERATOR_KONTEN,2026-06-08T05:24:44+07:00,pengusul_21
ENT-02401,OPERATOR_KONTEN,PIC_UKE,2026-06-12T10:38:11+07:00,operator_konten_21
ENT-02401,PIC_UKE,TERVALIDASI,2026-06-16T21:06:53+07:00,pic_uke_21
ENT-02401,TERVALIDASI,PUBLISH,2026-06-18T11:06:15+07:00,operator_konten_21
ENT-02402,,DRAFT,2026-05-23T14:19:20+07:00,pengusul_57
ENT-02402,DRAFT,OPERATOR_KONTEN,2026-06-09T19:36:54+07:00,pengusul_57
ENT-02402,OPERATOR_KONTEN,PIC_UKE,2026-06-16T04:40:59+07:00,operator_konten_57
ENT-02402,PIC_UKE,TERVALIDASI,2026-07-21T18:49:57+07:00,pic_uke_57
ENT-02402,TERVALIDASI,PUBLISH,2026-09-28T15:08:38+07:00,operator_konten_57
ENT-02403,,DRAFT,2026-05-23T15:02:45+07:00,pengusul_43
ENT-02403,DRAFT,OPERATOR_KONTEN,2026-05-31T11:48:09+07:00,pengusul_43
ENT-02403,OPERATOR_KONTEN,PIC_UKE,2026-06-08T21:37:03+07:00,operator_konten_43
ENT-02403,PIC_UKE,TERVALIDASI,2026-06-10T12:31:00+07:00,pic_uke_43
ENT-02403,TERVALIDASI,PUBLISH,2026-06-24T14:29:10+07:00,operator_konten_43
ENT-02404,,DRAFT,2026-05-23T16:04:50+07:00,pengusul_12
ENT-02404,DRAFT,OPERATOR_KONTEN,2026-07-07T08:57:01+07:00,pengusul_12
ENT-02404,OPERATOR_KONTEN,PIC_UKE,2026-07-09T06:52:44+07:00,operator_konten_12
ENT-02404,PIC_UKE,TERVALIDASI,2026-07-12T13:33:48+07:00,pic_uke_12
ENT-02404,TERVALIDASI,PUBLISH,2026-09-26T08:09:08+07:00,operator_konten_12
ENT-02405,,DRAFT,2026-05-24T08:51:30+07:00,pengusul_05
ENT-02405,DRAFT,OPERATOR_KONTEN,2026-06-25T10:16:34+07:00,pengusul_05
ENT-02405,OPERATOR_KONTEN,PIC_UKE,2026-09-17T12:16:04+07:00,operator_konten_05
ENT-02406,,DRAFT,2026-05-24T11:00:55+07:00,pengusul_13
ENT-02406,DRAFT,OPERATOR_KONTEN,2026-06-02T14:01:59+07:00,pengusul_13
ENT-02406,OPERATOR_KONTEN,PIC_UKE,2026-06-17T03:52:23+07:00,operator_konten_13
ENT-02406,PIC_UKE,TERVALIDASI,2026-07-03T12:34:04+07:00,pic_uke_13
ENT-02406,TERVALIDASI,PUBLISH,2026-07-06T13:43:52+07:00,operator_konten_13
ENT-02407,,DRAFT,2026-05-24T12:37:14+07:00,pengusul_27
ENT-02407,DRAFT,OPERATOR_KONTEN,2026-06-08T07:13:55+07:00,pengusul_27
ENT-02407,OPERATOR_KONTEN,PIC_UKE,2026-06-08T08:47:50+07:00,operator_konten_27
ENT-02407,PIC_UKE,TERVALIDASI,2026-06-17T15:34:59+07:00,pic_uke_27
ENT-02407,TERVALIDASI,PUBLISH,2026-06-28T12:25:42+07:00,operator_konten_27
ENT-02408,,DRAFT,2026-05-24T12:46:33+07:00,pengusul_11
ENT-02408,DRAFT,OPERATOR_KONTEN,2026-05-27T11:03:12+07:00,pengusul_11
ENT-02408,OPERATOR_KONTEN,PIC_UKE,2026-06-05T08:18:00+07:00,operator_konten_11
ENT-02408,PIC_UKE,TERVALIDASI,2026-06-06T00:37:49+07:00,pic_uke_11
ENT-02408,TERVALIDASI,PUBLISH,2026-06-07T11:02:36+07:00,operator_konten_11
ENT-02409,,DRAFT,2026-05-24T16:50:19+07:00,pengusul_06
ENT-02409,DRAFT,OPERATOR_KONTEN,2026-08-16T19:31:17+07:00,pengusul_06
ENT-02409,OPERATOR_KONTEN,PIC_UKE,2026-08-25T19:20:11+07:00,operator_konten_06
ENT-02409,PIC_UKE,TERVALIDASI,2026-09-05T17:03:20+07:00,pic_uke_06
ENT-02409,TERVALIDASI,PUBLISH,2026-09-10T15:31:47+07:00,operator_konten_06
ENT-02410,,DRAFT,2026-05-25T09:07:12+07:00,pengusul_24
ENT-02410,DRAFT,OPERATOR_KONTEN,2026-08-09T12:43:31+07:00,pengusul_24
ENT-02410,OPERATOR_KONTEN,PIC_UKE,2026-09-17T22:49:52+07:00,operator_konten_24
ENT-02410,PIC_UKE,TERVALIDASI,2026-09-21T19:26:42+07:00,pic_uke_24
ENT-02410,TERVALIDASI,PUBLISH,2026-09-24T09:32:04+07:00,operator_konten_24
ENT-02411,,DRAFT,2026-05-25T09:32:22+07:00,pengusul_57
ENT-02411,DRAFT,OPERATOR_KONTEN,2026-06-11T06:09:06+07:00,pengusul_57
ENT-02411,OPERATOR_KONTEN,PIC_UKE,2026-07-10T01:30:39+07:00,operator_konten_57
ENT-02411,PIC_UKE,TERVALIDASI,2026-07-21T17:37:09+07:00,pic_uke_57
ENT-02411,TERVALIDASI,PUBLISH,2026-08-28T12:55:54+07:00,operator_konten_57
ENT-02412,,DRAFT,2026-05-25T10:33:43+07:00,pengusul_01
ENT-02412,DRAFT,OPERATOR_KONTEN,2026-05-28T10:09:27+07:00,pengusul_01
ENT-02412,OPERATOR_KONTEN,PIC_UKE,2026-10-08T16:06:17+07:00,operator_konten_01
ENT-02413,,DRAFT,2026-05-26T09:09:00+07:00,pengusul_66
ENT-02413,DRAFT,OPERATOR_KONTEN,2026-09-12T23:58:30+07:00,pengusul_66
ENT-02413,OPERATOR_KONTEN,PIC_UKE,2026-09-30T08:07:30+07:00,operator_konten_66
ENT-02414,,DRAFT,2026-05-26T10:23:17+07:00,pengusul_69
ENT-02414,DRAFT,OPERATOR_KONTEN,2026-07-03T21:59:48+07:00,pengusul_69
ENT-02414,OPERATOR_KONTEN,PIC_UKE,2026-07-06T08:29:41+07:00,operator_konten_69
ENT-02414,PIC_UKE,TERVALIDASI,2026-07-12T12:50:32+07:00,pic_uke_69
ENT-02414,TERVALIDASI,PUBLISH,2026-07-15T14:35:52+07:00,operator_konten_69
ENT-02415,,DRAFT,2026-05-26T10:26:34+07:00,pengusul_65
ENT-02415,DRAFT,OPERATOR_KONTEN,2026-09-22T18:35:45+07:00,pengusul_65
ENT-02415,OPERATOR_KONTEN,PIC_UKE,2026-10-05T12:38:37+07:00,operator_konten_65
ENT-02416,,DRAFT,2026-05-27T08:13:57+07:00,pengusul_40
ENT-02416,DRAFT,OPERATOR_KONTEN,2026-06-26T12:09:43+07:00,pengusul_40
ENT-02416,OPERATOR_KONTEN,PIC_UKE,2026-08-13T03:21:39+07:00,operator_konten_40
ENT-02416,PIC_UKE,TERVALIDASI,2026-08-14T08:27:48+07:00,pic_uke_40
ENT-02416,TERVALIDASI,PUBLISH,2026-08-26T12:55:38+07:00,operator_konten_40
ENT-02417,,DRAFT,2026-05-27T16:30:57+07:00,pengusul_63
ENT-02417,DRAFT,OPERATOR_KONTEN,2026-05-29T05:02:39+07:00,pengusul_63
ENT-02417,OPERATOR_KONTEN,PIC_UKE,2026-07-01T04:31:55+07:00,operator_konten_63
ENT-02417,PIC_UKE,TERVALIDASI,2026-07-17T00:14:00+07:00,pic_uke_63
ENT-02417,TERVALIDASI,PUBLISH,2026-07-22T12:04:18+07:00,operator_konten_63
ENT-02418,,DRAFT,2026-05-28T08:47:24+07:00,pengusul_17
ENT-02418,DRAFT,OPERATOR_KONTEN,2026-07-12T09:41:39+07:00,pengusul_17
ENT-02418,OPERATOR_KONTEN,PIC_UKE,2026-07-21T16:41:22+07:00,operator_konten_17
ENT-02418,PIC_UKE,TERVALIDASI,2026-08-07T22:18:31+07:00,pic_uke_17
ENT-02418,TERVALIDASI,PUBLISH,2026-08-09T11:24:55+07:00,operator_konten_17
ENT-02419,,DRAFT,2026-05-28T09:09:10+07:00,pengusul_52
ENT-02419,DRAFT,OPERATOR_KONTEN,2026-09-30T16:14:36+07:00,pengusul_52
ENT-02419,OPERATOR_KONTEN,PIC_UKE,2026-10-05T15:23:04+07:00,operator_konten_52
ENT-02420,,DRAFT,2026-05-28T14:32:57+07:00,pengusul_05
ENT-02420,DRAFT,OPERATOR_KONTEN,2026-05-30T22:50:01+07:00,pengusul_05
ENT-02420,OPERATOR_KONTEN,PIC_UKE,2026-06-04T17:28:53+07:00,operator_konten_05
ENT-02420,PIC_UKE,TERVALIDASI,2026-06-12T06:59:48+07:00,pic_uke_05
ENT-02420,TERVALIDASI,PUBLISH,2026-07-05T12:50:00+07:00,operator_konten_05
ENT-02421,,DRAFT,2026-05-28T15:39:16+07:00,pengusul_67
ENT-02421,DRAFT,OPERATOR_KONTEN,2026-06-28T13:28:23+07:00,pengusul_67
ENT-02421,OPERATOR_KONTEN,PIC_UKE,2026-08-07T03:11:54+07:00,operator_konten_67
ENT-02421,PIC_UKE,TERVALIDASI,2026-08-19T19:51:25+07:00,pic_uke_67
ENT-02421,TERVALIDASI,PUBLISH,2026-09-04T16:31:44+07:00,operator_konten_67
ENT-02422,,DRAFT,2026-05-29T08:42:27+07:00,pengusul_23
ENT-02422,DRAFT,OPERATOR_KONTEN,2026-06-03T23:08:53+07:00,pengusul_23
ENT-02422,OPERATOR_KONTEN,PIC_UKE,2026-06-09T20:22:44+07:00,operator_konten_23
ENT-02422,PIC_UKE,TERVALIDASI,2026-06-09T21:08:15+07:00,pic_uke_23
ENT-02422,TERVALIDASI,PUBLISH,2026-06-12T14:01:50+07:00,operator_konten_23
ENT-02423,,DRAFT,2026-05-29T11:32:08+07:00,pengusul_63
ENT-02423,DRAFT,OPERATOR_KONTEN,2026-10-07T12:18:26+07:00,pengusul_63
ENT-02424,,DRAFT,2026-05-29T12:29:15+07:00,pengusul_20
ENT-02424,DRAFT,OPERATOR_KONTEN,2026-10-06T15:11:57+07:00,pengusul_20
ENT-02425,,DRAFT,2026-05-29T12:59:40+07:00,pengusul_39
ENT-02425,DRAFT,OPERATOR_KONTEN,2026-06-28T08:26:57+07:00,pengusul_39
ENT-02425,OPERATOR_KONTEN,PIC_UKE,2026-09-29T12:37:01+07:00,operator_konten_39
ENT-02426,,DRAFT,2026-05-30T13:20:48+07:00,pengusul_27
ENT-02426,DRAFT,OPERATOR_KONTEN,2026-07-15T05:43:11+07:00,pengusul_27
ENT-02426,OPERATOR_KONTEN,PIC_UKE,2026-09-29T11:15:43+07:00,operator_konten_27
ENT-02427,,DRAFT,2026-05-31T14:37:21+07:00,pengusul_35
ENT-02427,DRAFT,OPERATOR_KONTEN,2026-07-16T09:24:43+07:00,pengusul_35
ENT-02427,OPERATOR_KONTEN,PIC_UKE,2026-10-07T14:09:55+07:00,operator_konten_35
ENT-02428,,DRAFT,2026-05-31T14:45:28+07:00,pengusul_19
ENT-02428,DRAFT,OPERATOR_KONTEN,2026-06-12T08:23:12+07:00,pengusul_19
ENT-02428,OPERATOR_KONTEN,PIC_UKE,2026-06-13T17:10:24+07:00,operator_konten_19
ENT-02428,PIC_UKE,TERVALIDASI,2026-07-18T14:38:53+07:00,pic_uke_19
ENT-02428,TERVALIDASI,PUBLISH,2026-08-10T16:32:37+07:00,operator_konten_19
ENT-02429,,DRAFT,2026-06-01T08:03:57+07:00,pengusul_01
ENT-02429,DRAFT,OPERATOR_KONTEN,2026-06-19T23:56:14+07:00,pengusul_01
ENT-02429,OPERATOR_KONTEN,PIC_UKE,2026-06-29T04:34:47+07:00,operator_konten_01
ENT-02429,PIC_UKE,TERVALIDASI,2026-07-02T23:27:09+07:00,pic_uke_01
ENT-02429,TERVALIDASI,PUBLISH,2026-07-08T14:37:22+07:00,operator_konten_01
ENT-02430,,DRAFT,2026-06-01T12:25:13+07:00,pengusul_29
ENT-02430,DRAFT,OPERATOR_KONTEN,2026-06-16T23:57:10+07:00,pengusul_29
ENT-02430,OPERATOR_KONTEN,PIC_UKE,2026-07-26T07:15:08+07:00,operator_konten_29
ENT-02430,PIC_UKE,TERVALIDASI,2026-10-08T08:08:29+07:00,pic_uke_29
ENT-02431,,DRAFT,2026-06-01T12:34:42+07:00,pengusul_58
ENT-02431,DRAFT,OPERATOR_KONTEN,2026-07-20T13:35:16+07:00,pengusul_58
ENT-02431,OPERATOR_KONTEN,PIC_UKE,2026-09-30T11:32:03+07:00,operator_konten_58
ENT-02432,,DRAFT,2026-06-01T14:39:37+07:00,pengusul_40
ENT-02432,DRAFT,OPERATOR_KONTEN,2026-06-09T09:51:58+07:00,pengusul_40
ENT-02432,OPERATOR_KONTEN,PIC_UKE,2026-07-13T03:28:17+07:00,operator_konten_40
ENT-02432,PIC_UKE,TERVALIDASI,2026-07-16T08:27:00+07:00,pic_uke_40
ENT-02432,TERVALIDASI,PUBLISH,2026-07-17T11:15:27+07:00,operator_konten_40
ENT-02433,,DRAFT,2026-06-03T12:56:06+07:00,pengusul_00
ENT-02433,DRAFT,OPERATOR_KONTEN,2026-07-02T14:53:43+07:00,pengusul_00
ENT-02433,OPERATOR_KONTEN,PIC_UKE,2026-07-13T23:23:59+07:00,operator_konten_00
ENT-02433,PIC_UKE,TERVALIDASI,2026-07-31T05:01:28+07:00,pic_uke_00
ENT-02433,TERVALIDASI,PUBLISH,2026-08-27T10:55:04+07:00,operator_konten_00
ENT-02434,,DRAFT,2026-06-03T15:43:20+07:00,pengusul_55
ENT-02434,DRAFT,OPERATOR_KONTEN,2026-06-19T01:20:42+07:00,pengusul_55
ENT-02434,OPERATOR_KONTEN,PIC_UKE,2026-06-20T04:24:15+07:00,operator_konten_55
ENT-02434,PIC_UKE,TERVALIDASI,2026-06-23T10:40:48+07:00,pic_uke_55
ENT-02434,TERVALIDASI,PUBLISH,2026-06-30T12:09:45+07:00,operator_konten_55
ENT-02435,,DRAFT,2026-06-05T15:35:22+07:00,pengusul_19
ENT-02435,DRAFT,OPERATOR_KONTEN,2026-07-25T19:08:58+07:00,pengusul_19
ENT-02435,OPERATOR_KONTEN,PIC_UKE,2026-09-30T15:49:27+07:00,operator_konten_19
ENT-02436,,DRAFT,2026-06-10T10:19:11+07:00,pengusul_34
ENT-02436,DRAFT,OPERATOR_KONTEN,2026-07-11T01:45:57+07:00,pengusul_34
ENT-02436,OPERATOR_KONTEN,PIC_UKE,2026-09-23T14:05:28+07:00,operator_konten_34
ENT-02436,PIC_UKE,TERVALIDASI,2026-10-05T10:54:01+07:00,pic_uke_34
ENT-02437,,DRAFT,2026-06-12T16:44:46+07:00,pengusul_49
ENT-02437,DRAFT,OPERATOR_KONTEN,2026-08-16T09:37:20+07:00,pengusul_49
ENT-02437,OPERATOR_KONTEN,PIC_UKE,2026-09-28T08:05:30+07:00,operator_konten_49
ENT-02438,,DRAFT,2026-06-14T13:04:22+07:00,pengusul_59
ENT-02438,DRAFT,OPERATOR_KONTEN,2026-07-01T15:43:51+07:00,pengusul_59
ENT-02438,OPERATOR_KONTEN,PIC_UKE,2026-07-08T15:21:49+07:00,operator_konten_59
ENT-02438,PIC_UKE,TERVALIDASI,2026-07-13T23:17:04+07:00,pic_uke_59
ENT-02438,TERVALIDASI,PUBLISH,2026-08-03T08:42:54+07:00,operator_konten_59
ENT-02439,,DRAFT,2026-06-15T09:34:41+07:00,pengusul_65
ENT-02439,DRAFT,OPERATOR_KONTEN,2026-07-22T22:52:54+07:00,pengusul_65
ENT-02439,OPERATOR_KONTEN,DITOLAK_OPERATOR,2026-07-30T16:57:06+07:00,operator_konten_65
ENT-02439,DITOLAK_OPERATOR,DRAFT,2026-10-07T11:24:16+07:00,pengusul_65
ENT-02440,,DRAFT,2026-06-15T10:07:36+07:00,pengusul_16
ENT-02440,DRAFT,OPERATOR_KONTEN,2026-06-29T04:47:53+07:00,pengusul_16
ENT-02440,OPERATOR_KONTEN,PIC_UKE,2026-07-21T15:27:48+07:00,operator_konten_16
ENT-02440,PIC_UKE,TERVALIDASI,2026-08-07T19:05:56+07:00,pic_uke_16
ENT-02440,TERVALIDASI,PUBLISH,2026-08-13T09:08:26+07:00,operator_konten_16
ENT-02441,,DRAFT,2026-06-16T09:03:14+07:00,pengusul_43
ENT-02441,DRAFT,OPERATOR_KONTEN,2026-07-17T12:44:59+07:00,pengusul_43
ENT-02441,OPERATOR_KONTEN,PIC_UKE,2026-08-26T12:29:59+07:00,operator_konten_43
ENT-02442,,DRAFT,2026-06-18T11:29:14+07:00,pengusul_32
ENT-02442,DRAFT,OPERATOR_KONTEN,2026-07-30T14:57:10+07:00,pengusul_32
ENT-02442,OPERATOR_KONTEN,PIC_UKE,2026-08-15T09:33:11+07:00,operator_konten_32
ENT-02442,PIC_UKE,TERVALIDASI,2026-08-18T20:25:05+07:00,pic_uke_32
ENT-02442,TERVALIDASI,PUBLISH,2026-08-31T09:11:48+07:00,operator_konten_32
ENT-02443,,DRAFT,2026-06-19T09:29:27+07:00,pengusul_35
ENT-02443,DRAFT,OPERATOR_KONTEN,2026-06-20T08:04:04+07:00,pengusul_35
ENT-02443,OPERATOR_KONTEN,PIC_UKE,2026-07-21T17:08:41+07:00,operator_konten_35
ENT-02443,PIC_UKE,TERVALIDASI,2026-07-27T09:07:05+07:00,pic_uke_35
ENT-02443,TERVALIDASI,PUBLISH,2026-08-05T09:51:47+07:00,operator_konten_35
ENT-02444,,DRAFT,2026-06-20T09:25:39+07:00,pengusul_04
ENT-02444,DRAFT,OPERATOR_KONTEN,2026-07-30T21:02:07+07:00,pengusul_04
ENT-02444,OPERATOR_KONTEN,PIC_UKE,2026-09-29T14:58:28+07:00,operator_konten_04
ENT-02445,,DRAFT,2026-06-20T11:46:48+07:00,pengusul_04
ENT-02445,DRAFT,OPERATOR_KONTEN,2026-08-07T09:17:22+07:00,pengusul_04
ENT-02445,OPERATOR_KONTEN,PIC_UKE,2026-09-23T15:36:41+07:00,operator_konten_04
ENT-02446,,DRAFT,2026-06-27T08:01:22+07:00,pengusul_59
ENT-02446,DRAFT,OPERATOR_KONTEN,2026-09-02T19:55:36+07:00,pengusul_59
ENT-02446,OPERATOR_KONTEN,PIC_UKE,2026-10-07T14:20:50+07:00,operator_konten_59
ENT-02447,,DRAFT,2026-06-28T11:34:26+07:00,pengusul_30
ENT-02447,DRAFT,OPERATOR_KONTEN,2026-07-02T14:17:49+07:00,pengusul_30
ENT-02447,OPERATOR_KONTEN,PIC_UKE,2026-07-05T13:40:27+07:00,operator_konten_30
ENT-02447,PIC_UKE,TERVALIDASI,2026-07-16T06:05:46+07:00,pic_uke_30
ENT-02447,TERVALIDASI,PUBLISH,2026-07-19T16:18:14+07:00,operator_konten_30
ENT-02448,,DRAFT,2026-06-30T12:00:22+07:00,pengusul_30
ENT-02448,DRAFT,OPERATOR_KONTEN,2026-07-25T08:33:48+07:00,pengusul_30
ENT-02448,OPERATOR_KONTEN,PIC_UKE,2026-10-08T09:29:43+07:00,operator_konten_30
ENT-02449,,DRAFT,2026-06-30T12:44:17+07:00,pengusul_15
ENT-02449,DRAFT,OPERATOR_KONTEN,2026-08-04T19:20:42+07:00,pengusul_15
ENT-02449,OPERATOR_KONTEN,PIC_UKE,2026-10-06T13:57:19+07:00,operator_konten_15
ENT-02450,,DRAFT,2026-06-30T14:29:10+07:00,pengusul_09
ENT-02450,DRAFT,OPERATOR_KONTEN,2026-08-03T12:32:19+07:00,pengusul_09
ENT-02450,OPERATOR_KONTEN,PIC_UKE,2026-08-09T18:35:19+07:00,operator_konten_09
ENT-02450,PIC_UKE,TERVALIDASI,2026-08-26T03:23:57+07:00,pic_uke_09
ENT-02450,TERVALIDASI,PUBLISH,2026-08-29T15:13:21+07:00,operator_konten_09
ENT-02451,,DRAFT,2026-07-01T13:26:44+07:00,pengusul_25
ENT-02451,DRAFT,OPERATOR_KONTEN,2026-08-17T14:34:00+07:00,pengusul_25
ENT-02451,OPERATOR_KONTEN,PIC_UKE,2026-10-08T13:17:31+07:00,operator_konten_25
ENT-02452,,DRAFT,2026-07-02T12:32:20+07:00,pengusul_41
ENT-02452,DRAFT,OPERATOR_KONTEN,2026-07-03T15:28:43+07:00,pengusul_41
ENT-02452,OPERATOR_KONTEN,PIC_UKE,2026-07-12T10:43:36+07:00,operator_konten_41
ENT-02452,PIC_UKE,TERVALIDASI,2026-07-15T10:26:08+07:00,pic_uke_41
ENT-02452,TERVALIDASI,PUBLISH,2026-08-01T09:36:49+07:00,operator_konten_41
ENT-02453,,DRAFT,2026-07-02T14:01:14+07:00,pengusul_67
ENT-02453,DRAFT,OPERATOR_KONTEN,2026-09-11T00:45:03+07:00,pengusul_67
ENT-02453,OPERATOR_KONTEN,PIC_UKE,2026-09-29T16:17:13+07:00,operator_konten_67
ENT-02454,,DRAFT,2026-07-02T14:42:24+07:00,pengusul_48
ENT-02454,DRAFT,OPERATOR_KONTEN,2026-08-28T15:28:11+07:00,pengusul_48
ENT-02454,OPERATOR_KONTEN,PIC_UKE,2026-09-01T14:05:16+07:00,operator_konten_48
ENT-02455,,DRAFT,2026-07-03T10:20:14+07:00,pengusul_28
ENT-02455,DRAFT,OPERATOR_KONTEN,2026-07-18T00:28:27+07:00,pengusul_28
ENT-02455,OPERATOR_KONTEN,PIC_UKE,2026-07-22T14:23:56+07:00,operator_konten_28
ENT-02455,PIC_UKE,TERVALIDASI,2026-08-17T11:13:16+07:00,pic_uke_28
ENT-02455,TERVALIDASI,PUBLISH,2026-09-03T15:02:02+07:00,operator_konten_28
ENT-02456,,DRAFT,2026-07-05T08:22:48+07:00,pengusul_21
ENT-02456,DRAFT,OPERATOR_KONTEN,2026-09-18T21:30:28+07:00,pengusul_21
ENT-02456,OPERATOR_KONTEN,PIC_UKE,2026-09-25T16:31:41+07:00,operator_konten_21
ENT-02457,,DRAFT,2026-07-05T08:45:19+07:00,pengusul_22
ENT-02457,DRAFT,OPERATOR_KONTEN,2026-08-10T00:47:30+07:00,pengusul_22
ENT-02457,OPERATOR_KONTEN,PIC_UKE,2026-08-14T19:27:23+07:00,operator_konten_22
ENT-02457,PIC_UKE,TERVALIDASI,2026-08-15T14:31:48+07:00,pic_uke_22
ENT-02457,TERVALIDASI,PUBLISH,2026-09-25T09:52:10+07:00,operator_konten_22
ENT-02458,,DRAFT,2026-07-05T09:50:51+07:00,pengusul_47
ENT-02458,DRAFT,OPERATOR_KONTEN,2026-07-08T09:17:22+07:00,pengusul_47
ENT-02458,OPERATOR_KONTEN,PIC_UKE,2026-07-16T15:35:30+07:00,operator_konten_47
ENT-02458,PIC_UKE,TERVALIDASI,2026-09-22T17:26:49+07:00,pic_uke_47
ENT-02458,TERVALIDASI,PUBLISH,2026-10-04T16:51:49+07:00,operator_konten_47
ENT-02459,,DRAFT,2026-07-05T13:09:19+07:00,pengusul_07
ENT-02459,DRAFT,OPERATOR_KONTEN,2026-07-11T19:27:31+07:00,pengusul_07
ENT-02459,OPERATOR_KONTEN,PIC_UKE,2026-08-08T20:41:58+07:00,operator_konten_07
ENT-02459,PIC_UKE,TERVALIDASI,2026-08-28T18:49:10+07:00,pic_uke_07
ENT-02459,TERVALIDASI,PUBLISH,2026-09-01T16:17:52+07:00,operator_konten_07
ENT-02460,,DRAFT,2026-07-05T14:09:16+07:00,pengusul_05
ENT-02460,DRAFT,OPERATOR_KONTEN,2026-07-11T08:51:05+07:00,pengusul_05
ENT-02460,OPERATOR_KONTEN,PIC_UKE,2026-07-12T16:31:55+07:00,operator_konten_05
ENT-02460,PIC_UKE,TERVALIDASI,2026-07-20T01:47:18+07:00,pic_uke_05
ENT-02460,TERVALIDASI,PUBLISH,2026-08-03T09:58:08+07:00,operator_konten_05
ENT-02461,,DRAFT,2026-07-05T14:23:09+07:00,pengusul_06
ENT-02461,DRAFT,OPERATOR_KONTEN,2026-07-18T09:05:28+07:00,pengusul_06
ENT-02461,OPERATOR_KONTEN,PIC_UKE,2026-10-06T11:28:35+07:00,operator_konten_06
ENT-02462,,DRAFT,2026-07-06T09:39:44+07:00,pengusul_45
ENT-02462,DRAFT,OPERATOR_KONTEN,2026-07-31T17:02:39+07:00,pengusul_45
ENT-02462,OPERATOR_KONTEN,PIC_UKE,2026-09-25T09:02:11+07:00,operator_konten_45
ENT-02463,,DRAFT,2026-07-06T09:54:55+07:00,pengusul_18
ENT-02463,DRAFT,OPERATOR_KONTEN,2026-07-14T20:25:01+07:00,pengusul_18
ENT-02463,OPERATOR_KONTEN,PIC_UKE,2026-07-17T05:09:20+07:00,operator_konten_18
ENT-02463,PIC_UKE,TERVALIDASI,2026-07-17T17:21:42+07:00,pic_uke_18
ENT-02463,TERVALIDASI,PUBLISH,2026-07-21T11:17:55+07:00,operator_konten_18
ENT-02464,,DRAFT,2026-07-06T10:32:33+07:00,pengusul_51
ENT-02464,DRAFT,OPERATOR_KONTEN,2026-07-11T22:48:42+07:00,pengusul_51
ENT-02464,OPERATOR_KONTEN,PIC_UKE,2026-07-24T01:15:46+07:00,operator_konten_51
ENT-02464,PIC_UKE,TERVALIDASI,2026-08-30T22:54:23+07:00,pic_uke_51
ENT-02464,TERVALIDASI,PUBLISH,2026-09-12T14:41:05+07:00,operator_konten_51
ENT-02465,,DRAFT,2026-07-07T12:26:55+07:00,pengusul_18
ENT-02465,DRAFT,OPERATOR_KONTEN,2026-07-26T10:18:37+07:00,pengusul_18
ENT-02465,OPERATOR_KONTEN,DITOLAK_OPERATOR,2026-09-14T17:35:39+07:00,operator_konten_18
ENT-02465,DITOLAK_OPERATOR,DRAFT,2026-10-02T12:38:46+07:00,pengusul_18
ENT-02466,,DRAFT,2026-07-09T13:24:51+07:00,pengusul_17
ENT-02466,DRAFT,OPERATOR_KONTEN,2026-07-25T09:21:12+07:00,pengusul_17
ENT-02466,OPERATOR_KONTEN,PIC_UKE,2026-09-24T13:24:55+07:00,operator_konten_17
ENT-02467,,DRAFT,2026-07-09T15:35:06+07:00,pengusul_44
ENT-02467,DRAFT,OPERATOR_KONTEN,2026-07-25T00:04:09+07:00,pengusul_44
ENT-02467,OPERATOR_KONTEN,PIC_UKE,2026-09-06T07:52:51+07:00,operator_konten_44
ENT-02467,PIC_UKE,TERVALIDASI,2026-09-20T13:03:15+07:00,pic_uke_44
ENT-02467,TERVALIDASI,PUBLISH,2026-09-22T08:14:23+07:00,operator_konten_44
ENT-02468,,DRAFT,2026-07-10T09:01:29+07:00,pengusul_69
ENT-02468,DRAFT,OPERATOR_KONTEN,2026-08-02T05:55:02+07:00,pengusul_69
ENT-02468,OPERATOR_KONTEN,PIC_UKE,2026-09-28T13:48:57+07:00,operator_konten_69
ENT-02469,,DRAFT,2026-07-10T10:03:51+07:00,pengusul_44
ENT-02469,DRAFT,OPERATOR_KONTEN,2026-07-29T07:35:57+07:00,pengusul_44
ENT-02469,OPERATOR_KONTEN,PIC_UKE,2026-10-07T09:56:56+07:00,operator_konten_44
ENT-02470,,DRAFT,2026-07-10T12:00:45+07:00,pengusul_49
ENT-02470,DRAFT,OPERATOR_KONTEN,2026-07-18T20:20:41+07:00,pengusul_49
ENT-02470,OPERATOR_KONTEN,PIC_UKE,2026-07-24T18:57:02+07:00,operator_konten_49
ENT-02470,PIC_UKE,TERVALIDASI,2026-07-26T22:25:37+07:00,pic_uke_49
ENT-02470,TERVALIDASI,PUBLISH,2026-07-28T18:08:56+07:00,operator_konten_49
ENT-02470,PUBLISH,UNPUBLISH,2026-08-04T16:52:41+07:00,admin_49
ENT-02471,,DRAFT,2026-07-11T08:05:19+07:00,pengusul_35
ENT-02471,DRAFT,OPERATOR_KONTEN,2026-08-03T03:02:43+07:00,pengusul_35
ENT-02471,OPERATOR_KONTEN,DITOLAK_OPERATOR,2026-08-28T14:36:15+07:00,operator_konten_35
ENT-02472,,DRAFT,2026-07-11T12:45:36+07:00,pengusul_37
ENT-02472,DRAFT,OPERATOR_KONTEN,2026-07-13T14:58:06+07:00,pengusul_37
ENT-02472,OPERATOR_KONTEN,PIC_UKE,2026-08-15T20:50:10+07:00,operator_konten_37
ENT-02472,PIC_UKE,TERVALIDASI,2026-09-04T11:21:34+07:00,pic_uke_37
ENT-02472,TERVALIDASI,PUBLISH,2026-09-25T11:23:03+07:00,operator_konten_37
ENT-02473,,DRAFT,2026-07-12T16:15:42+07:00,pengusul_35
ENT-02473,DRAFT,OPERATOR_KONTEN,2026-09-08T16:30:23+07:00,pengusul_35
ENT-02473,OPERATOR_KONTEN,PIC_UKE,2026-10-08T14:53:01+07:00,operator_konten_35
ENT-02474,,DRAFT,2026-07-12T16:39:42+07:00,pengusul_58
ENT-02474,DRAFT,OPERATOR_KONTEN,2026-08-29T08:04:36+07:00,pengusul_58
ENT-02474,OPERATOR_KONTEN,PIC_UKE,2026-09-24T11:15:24+07:00,operator_konten_58
ENT-02475,,DRAFT,2026-07-13T13:16:15+07:00,pengusul_47
ENT-02475,DRAFT,OPERATOR_KONTEN,2026-07-14T23:33:35+07:00,pengusul_47
ENT-02475,OPERATOR_KONTEN,PIC_UKE,2026-07-25T19:05:23+07:00,operator_konten_47
ENT-02475,PIC_UKE,TERVALIDASI,2026-08-04T09:22:56+07:00,pic_uke_47
ENT-02475,TERVALIDASI,PUBLISH,2026-08-09T14:23:20+07:00,operator_konten_47
ENT-02476,,DRAFT,2026-07-13T16:45:43+07:00,pengusul_67
ENT-02476,DRAFT,OPERATOR_KONTEN,2026-07-23T00:11:56+07:00,pengusul_67
ENT-02476,OPERATOR_KONTEN,PIC_UKE,2026-08-21T08:18:05+07:00,operator_konten_67
ENT-02477,,DRAFT,2026-07-14T10:14:36+07:00,pengusul_62
ENT-02477,DRAFT,OPERATOR_KONTEN,2026-07-15T23:52:26+07:00,pengusul_62
ENT-02477,OPERATOR_KONTEN,PIC_UKE,2026-08-29T07:01:30+07:00,operator_konten_62
ENT-02477,PIC_UKE,TERVALIDASI,2026-09-08T17:14:41+07:00,pic_uke_62
ENT-02477,TERVALIDASI,PUBLISH,2026-09-10T08:47:38+07:00,operator_konten_62
ENT-02478,,DRAFT,2026-07-14T10:34:04+07:00,pengusul_29
ENT-02478,DRAFT,OPERATOR_KONTEN,2026-07-21T06:16:38+07:00,pengusul_29
ENT-02478,OPERATOR_KONTEN,PIC_UKE,2026-07-28T08:18:43+07:00,operator_konten_29
ENT-02478,PIC_UKE,TERVALIDASI,2026-08-01T10:02:54+07:00,pic_uke_29
ENT-02478,TERVALIDASI,PUBLISH,2026-08-12T08:17:06+07:00,operator_konten_29
ENT-02479,,DRAFT,2026-07-14T16:09:09+07:00,pengusul_65
ENT-02479,DRAFT,OPERATOR_KONTEN,2026-07-26T19:40:04+07:00,pengusul_65
ENT-02479,OPERATOR_KONTEN,PIC_UKE,2026-08-02T08:31:23+07:00,operator_konten_65
ENT-02479,PIC_UKE,TERVALIDASI,2026-08-06T05:51:33+07:00,pic_uke_65
ENT-02479,TERVALIDASI,PUBLISH,2026-08-13T14:40:59+07:00,operator_konten_65
ENT-02480,,DRAFT,2026-07-16T11:12:14+07:00,pengusul_64
ENT-02480,DRAFT,OPERATOR_KONTEN,2026-07-17T20:28:26+07:00,pengusul_64
ENT-02480,OPERATOR_KONTEN,PIC_UKE,2026-08-19T14:23:03+07:00,operator_konten_64
ENT-02480,PIC_UKE,TERVALIDASI,2026-08-28T22:46:29+07:00,pic_uke_64
ENT-02480,TERVALIDASI,PUBLISH,2026-09-04T15:01:08+07:00,operator_konten_64
ENT-02481,,DRAFT,2026-07-16T13:21:51+07:00,pengusul_55
ENT-02481,DRAFT,OPERATOR_KONTEN,2026-07-30T10:06:04+07:00,pengusul_55
ENT-02481,OPERATOR_KONTEN,PIC_UKE,2026-08-11T18:21:29+07:00,operator_konten_55
ENT-02481,PIC_UKE,TERVALIDASI,2026-08-22T19:30:52+07:00,pic_uke_55
ENT-02481,TERVALIDASI,PUBLISH,2026-09-11T11:30:48+07:00,operator_konten_55
ENT-02482,,DRAFT,2026-07-16T14:33:38+07:00,pengusul_36
ENT-02482,DRAFT,OPERATOR_KONTEN,2026-07-17T08:48:55+07:00,pengusul_36
ENT-02482,OPERATOR_KONTEN,PIC_UKE,2026-07-17T21:31:40+07:00,operator_konten_36
ENT-02482,PIC_UKE,TERVALIDASI,2026-08-01T19:55:47+07:00,pic_uke_36
ENT-02482,TERVALIDASI,PUBLISH,2026-08-19T15:26:19+07:00,operator_konten_36
ENT-02483,,DRAFT,2026-07-16T15:30:29+07:00,pengusul_07
ENT-02483,DRAFT,OPERATOR_KONTEN,2026-08-11T01:37:22+07:00,pengusul_07
ENT-02483,OPERATOR_KONTEN,PIC_UKE,2026-08-11T05:45:43+07:00,operator_konten_07
ENT-02483,PIC_UKE,TERVALIDASI,2026-08-28T19:14:27+07:00,pic_uke_07
ENT-02483,TERVALIDASI,PUBLISH,2026-09-09T15:56:35+07:00,operator_konten_07
ENT-02484,,DRAFT,2026-07-17T08:36:14+07:00,pengusul_27
ENT-02484,DRAFT,OPERATOR_KONTEN,2026-07-25T15:38:23+07:00,pengusul_27
ENT-02484,OPERATOR_KONTEN,PIC_UKE,2026-09-01T12:19:02+07:00,operator_konten_27
ENT-02485,,DRAFT,2026-07-17T09:40:42+07:00,pengusul_06
ENT-02485,DRAFT,OPERATOR_KONTEN,2026-08-02T21:26:18+07:00,pengusul_06
ENT-02485,OPERATOR_KONTEN,PIC_UKE,2026-08-20T04:36:47+07:00,operator_konten_06
ENT-02485,PIC_UKE,TERVALIDASI,2026-09-17T03:33:20+07:00,pic_uke_06
ENT-02485,TERVALIDASI,PUBLISH,2026-10-07T12:42:12+07:00,operator_konten_06
ENT-02486,,DRAFT,2026-07-18T08:55:25+07:00,pengusul_35
ENT-02486,DRAFT,OPERATOR_KONTEN,2026-08-17T09:56:31+07:00,pengusul_35
ENT-02486,OPERATOR_KONTEN,PIC_UKE,2026-08-23T15:01:01+07:00,operator_konten_35
ENT-02486,PIC_UKE,TERVALIDASI,2026-08-24T13:42:11+07:00,pic_uke_35
ENT-02486,TERVALIDASI,PUBLISH,2026-09-08T11:40:24+07:00,operator_konten_35
ENT-02487,,DRAFT,2026-07-18T15:31:21+07:00,pengusul_50
ENT-02487,DRAFT,OPERATOR_KONTEN,2026-07-21T04:56:42+07:00,pengusul_50
ENT-02487,OPERATOR_KONTEN,PIC_UKE,2026-07-26T14:45:59+07:00,operator_konten_50
ENT-02487,PIC_UKE,TERVALIDASI,2026-08-02T16:16:28+07:00,pic_uke_50
ENT-02487,TERVALIDASI,PUBLISH,2026-08-28T15:27:07+07:00,operator_konten_50
ENT-02488,,DRAFT,2026-07-18T15:53:00+07:00,pengusul_41
ENT-02488,DRAFT,OPERATOR_KONTEN,2026-07-20T19:53:12+07:00,pengusul_41
ENT-02488,OPERATOR_KONTEN,PIC_UKE,2026-07-23T19:19:10+07:00,operator_konten_41
ENT-02488,PIC_UKE,TERVALIDASI,2026-07-24T07:01:35+07:00,pic_uke_41
ENT-02488,TERVALIDASI,PUBLISH,2026-07-25T13:35:58+07:00,operator_konten_41
ENT-02489,,DRAFT,2026-07-19T09:29:11+07:00,pengusul_07
ENT-02489,DRAFT,OPERATOR_KONTEN,2026-07-29T05:50:16+07:00,pengusul_07
ENT-02489,OPERATOR_KONTEN,PIC_UKE,2026-07-31T23:10:51+07:00,operator_konten_07
ENT-02489,PIC_UKE,TERVALIDASI,2026-08-08T02:32:39+07:00,pic_uke_07
ENT-02489,TERVALIDASI,PUBLISH,2026-08-09T09:24:51+07:00,operator_konten_07
ENT-02490,,DRAFT,2026-07-19T09:50:26+07:00,pengusul_53
ENT-02490,DRAFT,OPERATOR_KONTEN,2026-07-25T19:47:34+07:00,pengusul_53
ENT-02490,OPERATOR_KONTEN,PIC_UKE,2026-10-08T08:56:28+07:00,operator_konten_53
ENT-02491,,DRAFT,2026-07-19T14:09:36+07:00,pengusul_22
ENT-02491,DRAFT,OPERATOR_KONTEN,2026-09-17T17:05:40+07:00,pengusul_22
ENT-02491,OPERATOR_KONTEN,PIC_UKE,2026-09-30T14:29:31+07:00,operator_konten_22
ENT-02492,,DRAFT,2026-07-20T15:29:38+07:00,pengusul_53
ENT-02492,DRAFT,OPERATOR_KONTEN,2026-08-31T22:38:12+07:00,pengusul_53
ENT-02492,OPERATOR_KONTEN,PIC_UKE,2026-09-19T14:20:14+07:00,operator_konten_53
ENT-02492,PIC_UKE,TERVALIDASI,2026-10-02T11:57:32+07:00,pic_uke_53
ENT-02493,,DRAFT,2026-07-21T08:02:11+07:00,pengusul_64
ENT-02493,DRAFT,OPERATOR_KONTEN,2026-08-17T01:47:50+07:00,pengusul_64
ENT-02493,OPERATOR_KONTEN,PIC_UKE,2026-08-21T16:20:14+07:00,operator_konten_64
ENT-02493,PIC_UKE,TERVALIDASI,2026-08-27T05:02:12+07:00,pic_uke_64
ENT-02493,TERVALIDASI,PUBLISH,2026-09-15T12:54:25+07:00,operator_konten_64
ENT-02494,,DRAFT,2026-07-21T09:06:12+07:00,pengusul_12
ENT-02494,DRAFT,OPERATOR_KONTEN,2026-07-30T22:12:43+07:00,pengusul_12
ENT-02494,OPERATOR_KONTEN,DITOLAK_OPERATOR,2026-09-22T16:18:51+07:00,operator_konten_12
ENT-02495,,DRAFT,2026-07-21T11:38:22+07:00,pengusul_66
ENT-02495,DRAFT,OPERATOR_KONTEN,2026-10-04T11:30:01+07:00,pengusul_66
ENT-02495,OPERATOR_KONTEN,PIC_UKE,2026-10-08T08:02:00+07:00,operator_konten_66
ENT-02496,,DRAFT,2026-07-21T14:18:38+07:00,pengusul_07
ENT-02496,DRAFT,OPERATOR_KONTEN,2026-09-30T14:38:10+07:00,pengusul_07
ENT-02496,OPERATOR_KONTEN,PIC_UKE,2026-10-08T14:47:17+07:00,operator_konten_07
ENT-02497,,DRAFT,2026-07-21T15:02:57+07:00,pengusul_07
ENT-02497,DRAFT,OPERATOR_KONTEN,2026-07-26T01:51:27+07:00,pengusul_07
ENT-02497,OPERATOR_KONTEN,PIC_UKE,2026-07-27T23:06:35+07:00,operator_konten_07
ENT-02497,PIC_UKE,TERVALIDASI,2026-08-02T07:43:05+07:00,pic_uke_07
ENT-02497,TERVALIDASI,PUBLISH,2026-08-09T13:11:26+07:00,operator_konten_07
ENT-02498,,DRAFT,2026-07-22T09:36:56+07:00,pengusul_22
ENT-02498,DRAFT,OPERATOR_KONTEN,2026-09-07T22:56:01+07:00,pengusul_22
ENT-02498,OPERATOR_KONTEN,PIC_UKE,2026-10-06T10:42:50+07:00,operator_konten_22
ENT-02499,,DRAFT,2026-07-22T10:13:31+07:00,pengusul_60
ENT-02499,DRAFT,OPERATOR_KONTEN,2026-07-28T21:57:37+07:00,pengusul_60
ENT-02499,OPERATOR_KONTEN,PIC_UKE,2026-09-05T14:21:34+07:00,operator_konten_60
ENT-02499,PIC_UKE,TERVALIDASI,2026-10-06T14:00:15+07:00,pic_uke_60
ENT-02500,,DRAFT,2026-07-22T16:08:09+07:00,pengusul_22
ENT-02500,DRAFT,OPERATOR_KONTEN,2026-08-26T13:19:07+07:00,pengusul_22
ENT-02500,OPERATOR_KONTEN,PIC_UKE,2026-10-06T16:10:03+07:00,operator_konten_22
ENT-02501,,DRAFT,2026-07-23T13:39:22+07:00,pengusul_28
ENT-02501,DRAFT,OPERATOR_KONTEN,2026-08-29T08:14:31+07:00,pengusul_28
ENT-02501,OPERATOR_KONTEN,PIC_UKE,2026-09-30T08:28:36+07:00,operator_konten_28
ENT-02502,,DRAFT,2026-07-24T08:30:22+07:00,pengusul_56
ENT-02502,DRAFT,OPERATOR_KONTEN,2026-07-28T15:20:46+07:00,pengusul_56
ENT-02502,OPERATOR_KONTEN,PIC_UKE,2026-08-02T00:48:28+07:00,operator_konten_56
ENT-02502,PIC_UKE,TERVALIDASI,2026-08-10T20:08:44+07:00,pic_uke_56
ENT-02502,TERVALIDASI,PUBLISH,2026-08-12T14:38:13+07:00,operator_konten_56
ENT-02503,,DRAFT,2026-07-24T10:58:40+07:00,pengusul_12
ENT-02503,DRAFT,OPERATOR_KONTEN,2026-08-05T10:24:06+07:00,pengusul_12
ENT-02503,OPERATOR_KONTEN,PIC_UKE,2026-08-12T19:33:23+07:00,operator_konten_12
ENT-02503,PIC_UKE,TERVALIDASI,2026-08-17T18:53:10+07:00,pic_uke_12
ENT-02503,TERVALIDASI,PUBLISH,2026-09-06T15:11:25+07:00,operator_konten_12
ENT-02504,,DRAFT,2026-07-24T12:32:27+07:00,pengusul_60
ENT-02504,DRAFT,OPERATOR_KONTEN,2026-07-25T13:19:03+07:00,pengusul_60
ENT-02504,OPERATOR_KONTEN,PIC_UKE,2026-08-04T22:38:11+07:00,operator_konten_60
ENT-02504,PIC_UKE,TERVALIDASI,2026-08-14T06:16:02+07:00,pic_uke_60
ENT-02504,TERVALIDASI,PUBLISH,2026-08-29T16:10:17+07:00,operator_konten_60
ENT-02505,,DRAFT,2026-07-24T15:11:27+07:00,pengusul_39
ENT-02505,DRAFT,OPERATOR_KONTEN,2026-08-11T09:44:24+07:00,pengusul_39
ENT-02505,OPERATOR_KONTEN,PIC_UKE,2026-10-05T13:57:29+07:00,operator_konten_39
ENT-02506,,DRAFT,2026-07-25T08:55:08+07:00,pengusul_30
ENT-02506,DRAFT,OPERATOR_KONTEN,2026-08-03T06:48:36+07:00,pengusul_30
ENT-02506,OPERATOR_KONTEN,DITOLAK_OPERATOR,2026-10-01T20:01:40+07:00,operator_konten_30
ENT-02506,DITOLAK_OPERATOR,DRAFT,2026-10-07T09:47:32+07:00,pengusul_30
ENT-02507,,DRAFT,2026-07-26T08:05:17+07:00,pengusul_60
ENT-02507,DRAFT,OPERATOR_KONTEN,2026-07-30T18:25:13+07:00,pengusul_60
ENT-02507,OPERATOR_KONTEN,PIC_UKE,2026-08-06T06:54:44+07:00,operator_konten_60
ENT-02507,PIC_UKE,TERVALIDASI,2026-08-31T11:06:37+07:00,pic_uke_60
ENT-02507,TERVALIDASI,PUBLISH,2026-09-16T16:42:17+07:00,operator_konten_60
ENT-02508,,DRAFT,2026-07-26T10:41:36+07:00,pengusul_65
ENT-02508,DRAFT,OPERATOR_KONTEN,2026-08-10T23:26:05+07:00,pengusul_65
ENT-02508,OPERATOR_KONTEN,PIC_UKE,2026-10-02T09:45:46+07:00,operator_konten_65
ENT-02509,,DRAFT,2026-07-26T12:37:56+07:00,pengusul_67
ENT-02509,DRAFT,OPERATOR_KONTEN,2026-08-01T10:21:01+07:00,pengusul_67
ENT-02509,OPERATOR_KONTEN,PIC_UKE,2026-08-23T16:56:06+07:00,operator_konten_67
ENT-02509,PIC_UKE,TERVALIDASI,2026-08-31T03:31:24+07:00,pic_uke_67
ENT-02509,TERVALIDASI,PUBLISH,2026-09-08T11:59:56+07:00,operator_konten_67
ENT-02510,,DRAFT,2026-07-26T16:18:05+07:00,pengusul_05
ENT-02510,DRAFT,OPERATOR_KONTEN,2026-07-28T03:09:55+07:00,pengusul_05
ENT-02510,OPERATOR_KONTEN,PIC_UKE,2026-07-30T15:37:55+07:00,operator_konten_05
ENT-02510,PIC_UKE,TERVALIDASI,2026-08-02T05:00:44+07:00,pic_uke_05
ENT-02510,TERVALIDASI,PUBLISH,2026-08-11T12:17:29+07:00,operator_konten_05
ENT-02511,,DRAFT,2026-07-26T16:20:52+07:00,pengusul_41
ENT-02511,DRAFT,OPERATOR_KONTEN,2026-08-23T08:04:53+07:00,pengusul_41
ENT-02511,OPERATOR_KONTEN,PIC_UKE,2026-08-24T02:07:46+07:00,operator_konten_41
ENT-02511,PIC_UKE,TERVALIDASI,2026-08-27T16:33:50+07:00,pic_uke_41
ENT-02511,TERVALIDASI,PUBLISH,2026-09-11T14:54:35+07:00,operator_konten_41
ENT-02512,,DRAFT,2026-07-28T11:19:38+07:00,pengusul_55
ENT-02512,DRAFT,OPERATOR_KONTEN,2026-08-19T18:22:41+07:00,pengusul_55
ENT-02512,OPERATOR_KONTEN,PIC_UKE,2026-09-17T13:41:44+07:00,operator_konten_55
ENT-02513,,DRAFT,2026-07-28T12:33:42+07:00,pengusul_46
ENT-02513,DRAFT,OPERATOR_KONTEN,2026-08-16T23:19:41+07:00,pengusul_46
ENT-02513,OPERATOR_KONTEN,PIC_UKE,2026-09-14T13:09:36+07:00,operator_konten_46
ENT-02514,,DRAFT,2026-07-29T08:22:25+07:00,pengusul_05
ENT-02514,DRAFT,OPERATOR_KONTEN,2026-10-01T16:24:09+07:00,pengusul_05
ENT-02515,,DRAFT,2026-07-29T11:35:21+07:00,pengusul_59
ENT-02515,DRAFT,OPERATOR_KONTEN,2026-08-27T02:32:01+07:00,pengusul_59
ENT-02515,OPERATOR_KONTEN,PIC_UKE,2026-10-07T14:03:26+07:00,operator_konten_59
ENT-02516,,DRAFT,2026-07-29T11:54:40+07:00,pengusul_42
ENT-02516,DRAFT,OPERATOR_KONTEN,2026-07-31T11:20:18+07:00,pengusul_42
ENT-02516,OPERATOR_KONTEN,PIC_UKE,2026-08-01T21:39:23+07:00,operator_konten_42
ENT-02516,PIC_UKE,TERVALIDASI,2026-08-26T11:37:27+07:00,pic_uke_42
ENT-02516,TERVALIDASI,PUBLISH,2026-09-13T16:54:07+07:00,operator_konten_42
ENT-02517,,DRAFT,2026-07-29T13:02:28+07:00,pengusul_63
ENT-02517,DRAFT,OPERATOR_KONTEN,2026-08-23T13:04:17+07:00,pengusul_63
ENT-02517,OPERATOR_KONTEN,PIC_UKE,2026-10-07T08:12:47+07:00,operator_konten_63
ENT-02518,,DRAFT,2026-07-29T16:13:43+07:00,pengusul_12
ENT-02518,DRAFT,OPERATOR_KONTEN,2026-08-05T11:37:59+07:00,pengusul_12
ENT-02518,OPERATOR_KONTEN,PIC_UKE,2026-08-11T20:57:31+07:00,operator_konten_12
ENT-02518,PIC_UKE,TERVALIDASI,2026-08-26T00:17:28+07:00,pic_uke_12
ENT-02518,TERVALIDASI,PUBLISH,2026-10-04T08:20:41+07:00,operator_konten_12
ENT-02519,,DRAFT,2026-07-30T10:37:55+07:00,pengusul_66
ENT-02519,DRAFT,OPERATOR_KONTEN,2026-08-01T16:18:16+07:00,pengusul_66
ENT-02519,OPERATOR_KONTEN,PIC_UKE,2026-08-05T11:08:55+07:00,operator_konten_66
ENT-02519,PIC_UKE,TERVALIDASI,2026-08-11T10:40:52+07:00,pic_uke_66
ENT-02519,TERVALIDASI,PUBLISH,2026-09-03T01:06:32+07:00,operator_konten_66
ENT-02519,PUBLISH,UNPUBLISH,2026-09-06T15:42:44+07:00,admin_66
ENT-02520,,DRAFT,2026-07-31T08:47:47+07:00,pengusul_42
ENT-02520,DRAFT,OPERATOR_KONTEN,2026-08-17T13:27:25+07:00,pengusul_42
ENT-02520,OPERATOR_KONTEN,PIC_UKE,2026-09-15T00:08:08+07:00,operator_konten_42
ENT-02520,PIC_UKE,TERVALIDASI,2026-10-08T16:13:14+07:00,pic_uke_42
ENT-02521,,DRAFT,2026-07-31T12:46:16+07:00,pengusul_21
ENT-02521,DRAFT,OPERATOR_KONTEN,2026-08-06T15:28:38+07:00,pengusul_21
ENT-02521,OPERATOR_KONTEN,PIC_UKE,2026-08-12T08:59:39+07:00,operator_konten_21
ENT-02521,PIC_UKE,TERVALIDASI,2026-09-16T16:59:00+07:00,pic_uke_21
ENT-02521,TERVALIDASI,PUBLISH,2026-09-29T14:00:29+07:00,operator_konten_21
ENT-02522,,DRAFT,2026-07-31T13:34:41+07:00,pengusul_01
ENT-02522,DRAFT,OPERATOR_KONTEN,2026-08-03T08:54:22+07:00,pengusul_01
ENT-02522,OPERATOR_KONTEN,PIC_UKE,2026-09-11T11:29:19+07:00,operator_konten_01
ENT-02523,,DRAFT,2026-07-31T15:24:16+07:00,pengusul_58
ENT-02523,DRAFT,OPERATOR_KONTEN,2026-08-08T18:43:23+07:00,pengusul_58
ENT-02523,OPERATOR_KONTEN,PIC_UKE,2026-08-17T19:47:24+07:00,operator_konten_58
ENT-02523,PIC_UKE,TERVALIDASI,2026-08-29T14:35:00+07:00,pic_uke_58
ENT-02523,TERVALIDASI,PUBLISH,2026-09-22T16:44:53+07:00,operator_konten_58
ENT-02524,,DRAFT,2026-07-31T15:39:29+07:00,pengusul_22
ENT-02524,DRAFT,OPERATOR_KONTEN,2026-08-07T02:38:10+07:00,pengusul_22
ENT-02524,OPERATOR_KONTEN,PIC_UKE,2026-08-09T19:26:00+07:00,operator_konten_22
ENT-02524,PIC_UKE,TERVALIDASI,2026-08-13T00:49:11+07:00,pic_uke_22
ENT-02524,TERVALIDASI,PUBLISH,2026-08-13T09:37:21+07:00,operator_konten_22
ENT-02525,,DRAFT,2026-08-01T09:26:37+07:00,pengusul_20
ENT-02525,DRAFT,OPERATOR_KONTEN,2026-08-27T10:50:07+07:00,pengusul_20
ENT-02525,OPERATOR_KONTEN,PIC_UKE,2026-10-06T14:52:47+07:00,operator_konten_20
ENT-02526,,DRAFT,2026-08-01T10:13:28+07:00,pengusul_06
ENT-02526,DRAFT,OPERATOR_KONTEN,2026-08-12T10:18:00+07:00,pengusul_06
ENT-02526,OPERATOR_KONTEN,PIC_UKE,2026-08-26T14:52:25+07:00,operator_konten_06
ENT-02526,PIC_UKE,TERVALIDASI,2026-09-03T15:31:46+07:00,pic_uke_06
ENT-02526,TERVALIDASI,PUBLISH,2026-10-02T11:55:16+07:00,operator_konten_06
ENT-02527,,DRAFT,2026-08-04T14:18:42+07:00,pengusul_31
ENT-02527,DRAFT,OPERATOR_KONTEN,2026-08-14T05:06:26+07:00,pengusul_31
ENT-02527,OPERATOR_KONTEN,DITOLAK_OPERATOR,2026-08-26T12:05:50+07:00,operator_konten_31
ENT-02527,DITOLAK_OPERATOR,DRAFT,2026-10-07T12:21:35+07:00,pengusul_31
ENT-02528,,DRAFT,2026-08-05T12:03:01+07:00,pengusul_34
ENT-02528,DRAFT,OPERATOR_KONTEN,2026-08-08T15:46:35+07:00,pengusul_34
ENT-02528,OPERATOR_KONTEN,PIC_UKE,2026-08-16T08:27:35+07:00,operator_konten_34
ENT-02528,PIC_UKE,TERVALIDASI,2026-08-22T10:15:03+07:00,pic_uke_34
ENT-02528,TERVALIDASI,PUBLISH,2026-08-31T09:00:52+07:00,operator_konten_34
ENT-02529,,DRAFT,2026-08-06T12:05:48+07:00,pengusul_06
ENT-02529,DRAFT,OPERATOR_KONTEN,2026-09-10T01:57:01+07:00,pengusul_06
ENT-02529,OPERATOR_KONTEN,DITOLAK_OPERATOR,2026-09-24T07:21:24+07:00,operator_konten_06
ENT-02529,DITOLAK_OPERATOR,DRAFT,2026-09-30T09:27:41+07:00,pengusul_06
ENT-02530,,DRAFT,2026-08-09T11:37:46+07:00,pengusul_26
ENT-02530,DRAFT,OPERATOR_KONTEN,2026-08-31T14:39:06+07:00,pengusul_26
ENT-02530,OPERATOR_KONTEN,PIC_UKE,2026-09-22T12:12:27+07:00,operator_konten_26
ENT-02531,,DRAFT,2026-08-09T14:02:57+07:00,pengusul_04
ENT-02531,DRAFT,OPERATOR_KONTEN,2026-08-14T00:33:43+07:00,pengusul_04
ENT-02531,OPERATOR_KONTEN,PIC_UKE,2026-08-16T15:29:00+07:00,operator_konten_04
ENT-02531,PIC_UKE,TERVALIDASI,2026-08-23T20:10:49+07:00,pic_uke_04
ENT-02531,TERVALIDASI,PUBLISH,2026-10-02T13:07:52+07:00,operator_konten_04
ENT-02532,,DRAFT,2026-08-09T16:08:57+07:00,pengusul_16
ENT-02532,DRAFT,OPERATOR_KONTEN,2026-08-10T01:25:56+07:00,pengusul_16
ENT-02532,OPERATOR_KONTEN,PIC_UKE,2026-08-11T08:01:39+07:00,operator_konten_16
ENT-02532,PIC_UKE,TERVALIDASI,2026-08-11T17:49:20+07:00,pic_uke_16
ENT-02532,TERVALIDASI,PUBLISH,2026-08-12T11:51:46+07:00,operator_konten_16
ENT-02533,,DRAFT,2026-08-10T11:17:43+07:00,pengusul_65
ENT-02533,DRAFT,OPERATOR_KONTEN,2026-08-13T05:23:58+07:00,pengusul_65
ENT-02533,OPERATOR_KONTEN,PIC_UKE,2026-08-18T05:52:59+07:00,operator_konten_65
ENT-02533,PIC_UKE,TERVALIDASI,2026-08-25T18:39:32+07:00,pic_uke_65
ENT-02533,TERVALIDASI,PUBLISH,2026-09-04T15:08:58+07:00,operator_konten_65
ENT-02534,,DRAFT,2026-08-10T11:37:02+07:00,pengusul_59
ENT-02534,DRAFT,OPERATOR_KONTEN,2026-08-21T04:33:05+07:00,pengusul_59
ENT-02534,OPERATOR_KONTEN,PIC_UKE,2026-09-30T15:36:02+07:00,operator_konten_59
ENT-02535,,DRAFT,2026-08-10T11:40:21+07:00,pengusul_46
ENT-02535,DRAFT,OPERATOR_KONTEN,2026-09-25T11:45:21+07:00,pengusul_46
ENT-02535,OPERATOR_KONTEN,PIC_UKE,2026-09-29T14:24:29+07:00,operator_konten_46
ENT-02536,,DRAFT,2026-08-11T14:32:24+07:00,pengusul_28
ENT-02536,DRAFT,OPERATOR_KONTEN,2026-08-18T14:05:55+07:00,pengusul_28
ENT-02536,OPERATOR_KONTEN,PIC_UKE,2026-08-24T11:45:44+07:00,operator_konten_28
ENT-02536,PIC_UKE,TERVALIDASI,2026-09-16T04:59:01+07:00,pic_uke_28
ENT-02536,TERVALIDASI,PUBLISH,2026-09-22T15:07:58+07:00,operator_konten_28
ENT-02537,,DRAFT,2026-08-12T10:18:12+07:00,pengusul_60
ENT-02537,DRAFT,OPERATOR_KONTEN,2026-08-12T18:49:40+07:00,pengusul_60
ENT-02537,OPERATOR_KONTEN,PIC_UKE,2026-08-14T08:16:03+07:00,operator_konten_60
ENT-02537,PIC_UKE,TERVALIDASI,2026-08-15T19:26:56+07:00,pic_uke_60
ENT-02537,TERVALIDASI,PUBLISH,2026-08-17T14:15:35+07:00,operator_konten_60
ENT-02538,,DRAFT,2026-08-13T08:10:34+07:00,pengusul_61
ENT-02538,DRAFT,OPERATOR_KONTEN,2026-08-21T12:05:41+07:00,pengusul_61
ENT-02538,OPERATOR_KONTEN,PIC_UKE,2026-08-30T20:25:35+07:00,operator_konten_61
ENT-02538,PIC_UKE,TERVALIDASI,2026-09-08T22:43:45+07:00,pic_uke_61
ENT-02538,TERVALIDASI,PUBLISH,2026-09-10T13:23:30+07:00,operator_konten_61
ENT-02539,,DRAFT,2026-08-13T10:25:20+07:00,pengusul_22
ENT-02539,DRAFT,OPERATOR_KONTEN,2026-09-03T04:03:40+07:00,pengusul_22
ENT-02539,OPERATOR_KONTEN,PIC_UKE,2026-09-03T19:47:27+07:00,operator_konten_22
ENT-02539,PIC_UKE,TERVALIDASI,2026-09-17T11:04:22+07:00,pic_uke_22
ENT-02539,TERVALIDASI,PUBLISH,2026-09-23T09:46:07+07:00,operator_konten_22
ENT-02540,,DRAFT,2026-08-13T16:44:09+07:00,pengusul_53
ENT-02540,DRAFT,OPERATOR_KONTEN,2026-08-16T02:18:09+07:00,pengusul_53
ENT-02540,OPERATOR_KONTEN,PIC_UKE,2026-09-07T20:50:26+07:00,operator_konten_53
ENT-02540,PIC_UKE,TERVALIDASI,2026-09-14T07:30:59+07:00,pic_uke_53
ENT-02540,TERVALIDASI,PUBLISH,2026-09-16T12:58:50+07:00,operator_konten_53
ENT-02541,,DRAFT,2026-08-15T08:56:05+07:00,pengusul_04
ENT-02541,DRAFT,OPERATOR_KONTEN,2026-09-07T03:35:39+07:00,pengusul_04
ENT-02541,OPERATOR_KONTEN,PIC_UKE,2026-09-08T18:54:32+07:00,operator_konten_04
ENT-02541,PIC_UKE,TERVALIDASI,2026-09-14T13:34:25+07:00,pic_uke_04
ENT-02541,TERVALIDASI,PUBLISH,2026-09-19T18:41:19+07:00,operator_konten_04
ENT-02541,PUBLISH,UNPUBLISH,2026-10-08T14:08:19+07:00,admin_04
ENT-02542,,DRAFT,2026-08-15T09:20:12+07:00,pengusul_30
ENT-02542,DRAFT,OPERATOR_KONTEN,2026-08-15T21:34:37+07:00,pengusul_30
ENT-02542,OPERATOR_KONTEN,PIC_UKE,2026-08-16T03:41:18+07:00,operator_konten_30
ENT-02542,PIC_UKE,TERVALIDASI,2026-08-17T08:38:05+07:00,pic_uke_30
ENT-02542,TERVALIDASI,PUBLISH,2026-08-18T13:13:15+07:00,operator_konten_30
ENT-02543,,DRAFT,2026-08-15T10:54:24+07:00,pengusul_53
ENT-02543,DRAFT,OPERATOR_KONTEN,2026-09-24T19:04:02+07:00,pengusul_53
ENT-02543,OPERATOR_KONTEN,PIC_UKE,2026-10-06T15:44:50+07:00,operator_konten_53
ENT-02544,,DRAFT,2026-08-16T14:20:00+07:00,pengusul_06
ENT-02544,DRAFT,OPERATOR_KONTEN,2026-08-27T03:19:07+07:00,pengusul_06
ENT-02544,OPERATOR_KONTEN,PIC_UKE,2026-09-01T16:33:07+07:00,operator_konten_06
ENT-02544,PIC_UKE,TERVALIDASI,2026-09-04T07:20:41+07:00,pic_uke_06
ENT-02544,TERVALIDASI,PUBLISH,2026-09-30T11:25:42+07:00,operator_konten_06
ENT-02545,,DRAFT,2026-08-16T15:29:56+07:00,pengusul_29
ENT-02545,DRAFT,OPERATOR_KONTEN,2026-09-10T08:40:47+07:00,pengusul_29
ENT-02545,OPERATOR_KONTEN,PIC_UKE,2026-10-06T13:02:05+07:00,operator_konten_29
ENT-02546,,DRAFT,2026-08-18T10:16:24+07:00,pengusul_18
ENT-02546,DRAFT,OPERATOR_KONTEN,2026-08-23T06:33:22+07:00,pengusul_18
ENT-02546,OPERATOR_KONTEN,PIC_UKE,2026-08-27T11:08:02+07:00,operator_konten_18
ENT-02546,PIC_UKE,TERVALIDASI,2026-09-21T12:58:50+07:00,pic_uke_18
ENT-02546,TERVALIDASI,PUBLISH,2026-10-08T14:13:27+07:00,operator_konten_18
ENT-02547,,DRAFT,2026-08-18T15:34:51+07:00,pengusul_16
ENT-02547,DRAFT,OPERATOR_KONTEN,2026-08-25T19:37:53+07:00,pengusul_16
ENT-02547,OPERATOR_KONTEN,PIC_UKE,2026-09-02T20:22:10+07:00,operator_konten_16
ENT-02547,PIC_UKE,TERVALIDASI,2026-09-03T11:02:23+07:00,pic_uke_16
ENT-02547,TERVALIDASI,PUBLISH,2026-09-07T10:38:09+07:00,operator_konten_16
ENT-02548,,DRAFT,2026-08-19T11:19:56+07:00,pengusul_62
ENT-02549,,DRAFT,2026-08-19T11:38:35+07:00,pengusul_19
ENT-02549,DRAFT,OPERATOR_KONTEN,2026-09-18T13:40:55+07:00,pengusul_19
ENT-02549,OPERATOR_KONTEN,PIC_UKE,2026-10-07T08:47:41+07:00,operator_konten_19
ENT-02550,,DRAFT,2026-08-19T14:45:28+07:00,pengusul_45
ENT-02550,DRAFT,OPERATOR_KONTEN,2026-08-20T06:04:47+07:00,pengusul_45
ENT-02550,OPERATOR_KONTEN,PIC_UKE,2026-08-26T22:36:35+07:00,operator_konten_45
ENT-02550,PIC_UKE,TERVALIDASI,2026-09-03T14:32:20+07:00,pic_uke_45
ENT-02550,TERVALIDASI,PUBLISH,2026-09-06T12:02:57+07:00,operator_konten_45
ENT-02551,,DRAFT,2026-08-21T12:28:30+07:00,pengusul_64
ENT-02551,DRAFT,OPERATOR_KONTEN,2026-08-24T09:47:10+07:00,pengusul_64
ENT-02551,OPERATOR_KONTEN,PIC_UKE,2026-08-25T21:45:07+07:00,operator_konten_64
ENT-02551,PIC_UKE,TERVALIDASI,2026-08-26T08:07:03+07:00,pic_uke_64
ENT-02551,TERVALIDASI,PUBLISH,2026-08-28T13:46:45+07:00,operator_konten_64
ENT-02552,,DRAFT,2026-08-21T15:10:42+07:00,pengusul_38
ENT-02552,DRAFT,OPERATOR_KONTEN,2026-08-24T00:31:51+07:00,pengusul_38
ENT-02552,OPERATOR_KONTEN,PIC_UKE,2026-09-12T14:10:11+07:00,operator_konten_38
ENT-02552,PIC_UKE,TERVALIDASI,2026-09-19T16:34:41+07:00,pic_uke_38
ENT-02552,TERVALIDASI,PUBLISH,2026-09-21T11:40:07+07:00,operator_konten_38
ENT-02553,,DRAFT,2026-08-22T13:59:01+07:00,pengusul_51
ENT-02553,DRAFT,OPERATOR_KONTEN,2026-08-26T19:42:59+07:00,pengusul_51
ENT-02553,OPERATOR_KONTEN,PIC_UKE,2026-09-29T16:31:29+07:00,operator_konten_51
ENT-02554,,DRAFT,2026-08-22T15:54:50+07:00,pengusul_24
ENT-02554,DRAFT,OPERATOR_KONTEN,2026-09-02T02:08:34+07:00,pengusul_24
ENT-02554,OPERATOR_KONTEN,PIC_UKE,2026-09-08T21:21:18+07:00,operator_konten_24
ENT-02554,PIC_UKE,TERVALIDASI,2026-09-19T12:48:07+07:00,pic_uke_24
ENT-02554,TERVALIDASI,PUBLISH,2026-09-25T13:39:21+07:00,operator_konten_24
ENT-02555,,DRAFT,2026-08-24T08:38:58+07:00,pengusul_63
ENT-02556,,DRAFT,2026-08-25T09:52:07+07:00,pengusul_70
ENT-02557,,DRAFT,2026-08-25T16:51:31+07:00,pengusul_40
ENT-02557,DRAFT,OPERATOR_KONTEN,2026-09-05T14:50:57+07:00,pengusul_40
ENT-02557,OPERATOR_KONTEN,PIC_UKE,2026-09-06T13:35:07+07:00,operator_konten_40
ENT-02557,PIC_UKE,TERVALIDASI,2026-09-21T20:38:06+07:00,pic_uke_40
ENT-02557,TERVALIDASI,PUBLISH,2026-09-23T12:54:28+07:00,operator_konten_40
ENT-02558,,DRAFT,2026-08-26T13:16:52+07:00,pengusul_65
ENT-02558,DRAFT,OPERATOR_KONTEN,2026-08-28T05:16:42+07:00,pengusul_65
ENT-02558,OPERATOR_KONTEN,PIC_UKE,2026-08-31T14:55:10+07:00,operator_konten_65
ENT-02558,PIC_UKE,TERVALIDASI,2026-09-03T15:55:54+07:00,pic_uke_65
ENT-02558,TERVALIDASI,PUBLISH,2026-09-07T11:34:19+07:00,operator_konten_65
ENT-02559,,DRAFT,2026-08-27T08:40:52+07:00,pengusul_53
ENT-02559,DRAFT,OPERATOR_KONTEN,2026-09-02T06:05:34+07:00,pengusul_53
ENT-02559,OPERATOR_KONTEN,PIC_UKE,2026-09-15T07:02:18+07:00,operator_konten_53
ENT-02559,PIC_UKE,TERVALIDASI,2026-09-16T23:30:52+07:00,pic_uke_53
ENT-02559,TERVALIDASI,PUBLISH,2026-09-25T09:56:53+07:00,operator_konten_53
ENT-02560,,DRAFT,2026-08-29T09:28:08+07:00,pengusul_39
ENT-02560,DRAFT,OPERATOR_KONTEN,2026-08-31T21:36:14+07:00,pengusul_39
ENT-02560,OPERATOR_KONTEN,DITOLAK_OPERATOR,2026-09-11T15:16:35+07:00,operator_konten_39
ENT-02560,DITOLAK_OPERATOR,DRAFT,2026-10-08T15:42:34+07:00,pengusul_39
ENT-02561,,DRAFT,2026-08-30T15:16:43+07:00,pengusul_06
ENT-02561,DRAFT,OPERATOR_KONTEN,2026-08-31T19:48:50+07:00,pengusul_06
ENT-02561,OPERATOR_KONTEN,PIC_UKE,2026-09-07T23:13:18+07:00,operator_konten_06
ENT-02561,PIC_UKE,TERVALIDASI,2026-09-08T14:09:12+07:00,pic_uke_06
ENT-02561,TERVALIDASI,PUBLISH,2026-09-14T00:35:36+07:00,operator_konten_06
ENT-02561,PUBLISH,UNPUBLISH,2026-09-17T08:10:56+07:00,admin_06
ENT-02562,,DRAFT,2026-08-31T08:58:57+07:00,pengusul_29
ENT-02563,,DRAFT,2026-08-31T14:09:10+07:00,pengusul_01
ENT-02563,DRAFT,OPERATOR_KONTEN,2026-09-01T12:32:24+07:00,pengusul_01
ENT-02563,OPERATOR_KONTEN,PIC_UKE,2026-09-04T09:50:28+07:00,operator_konten_01
ENT-02563,PIC_UKE,TERVALIDASI,2026-09-06T05:04:07+07:00,pic_uke_01
ENT-02563,TERVALIDASI,PUBLISH,2026-09-06T09:43:10+07:00,operator_konten_01
ENT-02564,,DRAFT,2026-08-31T15:19:26+07:00,pengusul_30
ENT-02564,DRAFT,OPERATOR_KONTEN,2026-09-04T17:39:23+07:00,pengusul_30
ENT-02564,OPERATOR_KONTEN,PIC_UKE,2026-09-19T16:30:16+07:00,operator_konten_30
ENT-02564,PIC_UKE,TERVALIDASI,2026-09-27T22:05:30+07:00,pic_uke_30
ENT-02564,TERVALIDASI,PUBLISH,2026-10-03T14:46:05+07:00,operator_konten_30
ENT-02565,,DRAFT,2026-09-01T11:39:01+07:00,pengusul_34
ENT-02565,DRAFT,OPERATOR_KONTEN,2026-09-03T02:29:11+07:00,pengusul_34
ENT-02565,OPERATOR_KONTEN,PIC_UKE,2026-09-07T06:10:58+07:00,operator_konten_34
ENT-02565,PIC_UKE,TERVALIDASI,2026-09-07T06:52:45+07:00,pic_uke_34
ENT-02565,TERVALIDASI,PUBLISH,2026-09-17T12:47:32+07:00,operator_konten_34
ENT-02566,,DRAFT,2026-09-02T08:57:19+07:00,pengusul_43
ENT-02566,DRAFT,OPERATOR_KONTEN,2026-09-04T20:52:30+07:00,pengusul_43
ENT-02566,OPERATOR_KONTEN,PIC_UKE,2026-09-08T03:40:19+07:00,operator_konten_43
ENT-02566,PIC_UKE,TERVALIDASI,2026-09-08T06:22:20+07:00,pic_uke_43
ENT-02566,TERVALIDASI,PUBLISH,2026-09-08T11:27:32+07:00,operator_konten_43
ENT-02567,,DRAFT,2026-09-02T14:16:30+07:00,pengusul_06
ENT-02567,DRAFT,OPERATOR_KONTEN,2026-09-09T04:08:58+07:00,pengusul_06
ENT-02567,OPERATOR_KONTEN,PIC_UKE,2026-09-09T13:55:39+07:00,operator_konten_06
ENT-02568,,DRAFT,2026-09-02T14:17:39+07:00,pengusul_31
ENT-02568,DRAFT,OPERATOR_KONTEN,2026-09-12T03:52:30+07:00,pengusul_31
ENT-02568,OPERATOR_KONTEN,PIC_UKE,2026-09-15T10:02:13+07:00,operator_konten_31
ENT-02569,,DRAFT,2026-09-02T15:57:42+07:00,pengusul_23
ENT-02569,DRAFT,OPERATOR_KONTEN,2026-09-06T22:53:25+07:00,pengusul_23
ENT-02569,OPERATOR_KONTEN,PIC_UKE,2026-09-20T21:24:27+07:00,operator_konten_23
ENT-02569,PIC_UKE,TERVALIDASI,2026-09-30T14:02:15+07:00,pic_uke_23
ENT-02570,,DRAFT,2026-09-03T15:48:31+07:00,pengusul_40
ENT-02570,DRAFT,OPERATOR_KONTEN,2026-09-05T22:13:09+07:00,pengusul_40
ENT-02570,OPERATOR_KONTEN,PIC_UKE,2026-09-24T08:09:28+07:00,operator_konten_40
ENT-02571,,DRAFT,2026-09-04T11:32:51+07:00,pengusul_16
ENT-02571,DRAFT,OPERATOR_KONTEN,2026-09-11T14:28:06+07:00,pengusul_16
ENT-02571,OPERATOR_KONTEN,PIC_UKE,2026-09-16T12:53:03+07:00,operator_konten_16
ENT-02572,,DRAFT,2026-09-04T11:41:01+07:00,pengusul_66
ENT-02572,DRAFT,OPERATOR_KONTEN,2026-09-06T12:38:00+07:00,pengusul_66
ENT-02572,OPERATOR_KONTEN,PIC_UKE,2026-09-09T13:59:22+07:00,operator_konten_66
ENT-02573,,DRAFT,2026-09-04T12:27:25+07:00,pengusul_27
ENT-02574,,DRAFT,2026-09-04T14:19:55+07:00,pengusul_54
ENT-02574,DRAFT,OPERATOR_KONTEN,2026-09-12T10:14:18+07:00,pengusul_54
ENT-02574,OPERATOR_KONTEN,PIC_UKE,2026-09-21T09:18:43+07:00,operator_konten_54
ENT-02575,,DRAFT,2026-09-04T14:38:30+07:00,pengusul_52
ENT-02575,DRAFT,OPERATOR_KONTEN,2026-09-14T04:02:31+07:00,pengusul_52
ENT-02575,OPERATOR_KONTEN,PIC_UKE,2026-10-07T16:27:21+07:00,operator_konten_52
ENT-02576,,DRAFT,2026-09-04T15:52:15+07:00,pengusul_67
ENT-02576,DRAFT,OPERATOR_KONTEN,2026-09-08T17:44:59+07:00,pengusul_67
ENT-02576,OPERATOR_KONTEN,PIC_UKE,2026-09-22T08:50:55+07:00,operator_konten_67
ENT-02577,,DRAFT,2026-09-04T16:19:30+07:00,pengusul_22
ENT-02577,DRAFT,OPERATOR_KONTEN,2026-09-13T06:38:15+07:00,pengusul_22
ENT-02577,OPERATOR_KONTEN,PIC_UKE,2026-09-14T17:00:35+07:00,operator_konten_22
ENT-02577,PIC_UKE,TERVALIDASI,2026-09-18T03:25:39+07:00,pic_uke_22
ENT-02577,TERVALIDASI,PUBLISH,2026-10-04T14:11:29+07:00,operator_konten_22
ENT-02578,,DRAFT,2026-09-04T16:33:54+07:00,pengusul_37
ENT-02579,,DRAFT,2026-09-05T11:37:50+07:00,pengusul_62
ENT-02579,DRAFT,OPERATOR_KONTEN,2026-09-19T14:04:53+07:00,pengusul_62
ENT-02579,OPERATOR_KONTEN,PIC_UKE,2026-09-30T13:15:10+07:00,operator_konten_62
ENT-02580,,DRAFT,2026-09-05T13:00:18+07:00,pengusul_07
ENT-02580,DRAFT,OPERATOR_KONTEN,2026-09-06T20:17:59+07:00,pengusul_07
ENT-02580,OPERATOR_KONTEN,PIC_UKE,2026-09-07T11:03:35+07:00,operator_konten_07
ENT-02580,PIC_UKE,TERVALIDASI,2026-09-08T09:43:45+07:00,pic_uke_07
ENT-02580,TERVALIDASI,PUBLISH,2026-09-09T11:25:48+07:00,operator_konten_07
ENT-02581,,DRAFT,2026-09-05T13:41:56+07:00,pengusul_03
ENT-02581,DRAFT,OPERATOR_KONTEN,2026-09-14T17:23:34+07:00,pengusul_03
ENT-02581,OPERATOR_KONTEN,PIC_UKE,2026-09-14T21:52:26+07:00,operator_konten_03
ENT-02581,PIC_UKE,TERVALIDASI,2026-09-26T00:05:15+07:00,pic_uke_03
ENT-02581,TERVALIDASI,PUBLISH,2026-09-30T08:57:36+07:00,operator_konten_03
ENT-02582,,DRAFT,2026-09-05T16:38:27+07:00,pengusul_27
ENT-02582,DRAFT,OPERATOR_KONTEN,2026-09-09T16:28:38+07:00,pengusul_27
ENT-02582,OPERATOR_KONTEN,PIC_UKE,2026-09-16T13:55:59+07:00,operator_konten_27
ENT-02582,PIC_UKE,TERVALIDASI,2026-09-20T04:04:17+07:00,pic_uke_27
ENT-02582,TERVALIDASI,PUBLISH,2026-09-22T08:42:24+07:00,operator_konten_27
ENT-02583,,DRAFT,2026-09-06T08:29:02+07:00,pengusul_67
ENT-02583,DRAFT,OPERATOR_KONTEN,2026-10-07T12:56:41+07:00,pengusul_67
ENT-02584,,DRAFT,2026-09-06T08:40:42+07:00,pengusul_53
ENT-02584,DRAFT,OPERATOR_KONTEN,2026-09-08T11:15:07+07:00,pengusul_53
ENT-02584,OPERATOR_KONTEN,PIC_UKE,2026-09-13T17:01:07+07:00,operator_konten_53
ENT-02584,PIC_UKE,TERVALIDASI,2026-09-17T12:02:16+07:00,pic_uke_53
ENT-02584,TERVALIDASI,PUBLISH,2026-09-21T15:49:15+07:00,operator_konten_53
ENT-02585,,DRAFT,2026-09-07T10:20:27+07:00,pengusul_52
ENT-02585,DRAFT,OPERATOR_KONTEN,2026-09-08T10:21:27+07:00,pengusul_52
ENT-02585,OPERATOR_KONTEN,PIC_UKE,2026-09-22T13:28:33+07:00,operator_konten_52
ENT-02586,,DRAFT,2026-09-07T10:59:50+07:00,pengusul_54
ENT-02587,,DRAFT,2026-09-07T13:56:51+07:00,pengusul_46
ENT-02588,,DRAFT,2026-09-07T14:00:44+07:00,pengusul_69
ENT-02588,DRAFT,OPERATOR_KONTEN,2026-09-10T15:01:49+07:00,pengusul_69
ENT-02588,OPERATOR_KONTEN,PIC_UKE,2026-09-16T02:36:00+07:00,operator_konten_69
ENT-02588,PIC_UKE,TERVALIDASI,2026-09-16T03:48:48+07:00,pic_uke_69
ENT-02588,TERVALIDASI,PUBLISH,2026-09-16T15:09:21+07:00,operator_konten_69
ENT-02589,,DRAFT,2026-09-07T14:03:40+07:00,pengusul_14
ENT-02590,,DRAFT,2026-09-07T16:11:16+07:00,pengusul_10
ENT-02590,DRAFT,OPERATOR_KONTEN,2026-09-09T05:20:45+07:00,pengusul_10
ENT-02590,OPERATOR_KONTEN,PIC_UKE,2026-09-12T20:47:18+07:00,operator_konten_10
ENT-02590,PIC_UKE,TERVALIDASI,2026-09-13T23:23:54+07:00,pic_uke_10
ENT-02590,TERVALIDASI,PUBLISH,2026-09-18T15:59:27+07:00,operator_konten_10
ENT-02591,,DRAFT,2026-09-07T16:19:08+07:00,pengusul_67
ENT-02592,,DRAFT,2026-09-07T16:22:41+07:00,pengusul_22
ENT-02592,DRAFT,OPERATOR_KONTEN,2026-09-19T03:30:11+07:00,pengusul_22
ENT-02592,OPERATOR_KONTEN,PIC_UKE,2026-10-06T14:40:36+07:00,operator_konten_22
ENT-02593,,DRAFT,2026-09-07T16:41:57+07:00,pengusul_04
ENT-02594,,DRAFT,2026-09-08T12:20:01+07:00,pengusul_10
ENT-02594,DRAFT,OPERATOR_KONTEN,2026-09-09T00:34:08+07:00,pengusul_10
ENT-02594,OPERATOR_KONTEN,PIC_UKE,2026-09-11T03:32:52+07:00,operator_konten_10
ENT-02594,PIC_UKE,TERVALIDASI,2026-09-11T19:54:34+07:00,pic_uke_10
ENT-02594,TERVALIDASI,PUBLISH,2026-09-12T08:34:27+07:00,operator_konten_10
ENT-02595,,DRAFT,2026-09-08T16:25:38+07:00,pengusul_57
ENT-02595,DRAFT,OPERATOR_KONTEN,2026-09-09T12:19:44+07:00,pengusul_57
ENT-02595,OPERATOR_KONTEN,PIC_UKE,2026-09-20T02:29:09+07:00,operator_konten_57
ENT-02595,PIC_UKE,TERVALIDASI,2026-09-27T19:15:32+07:00,pic_uke_57
ENT-02595,TERVALIDASI,PUBLISH,2026-10-04T09:19:46+07:00,operator_konten_57
ENT-02596,,DRAFT,2026-09-08T16:42:17+07:00,pengusul_36
ENT-02596,DRAFT,OPERATOR_KONTEN,2026-09-08T20:08:31+07:00,pengusul_36
ENT-02596,OPERATOR_KONTEN,PIC_UKE,2026-09-09T11:23:40+07:00,operator_konten_36
ENT-02597,,DRAFT,2026-09-09T08:46:35+07:00,pengusul_18
ENT-02597,DRAFT,OPERATOR_KONTEN,2026-09-13T02:58:45+07:00,pengusul_18
ENT-02597,OPERATOR_KONTEN,PIC_UKE,2026-09-15T19:07:47+07:00,operator_konten_18
ENT-02597,PIC_UKE,TERVALIDASI,2026-09-27T16:17:39+07:00,pic_uke_18
ENT-02597,TERVALIDASI,PUBLISH,2026-09-28T12:00:57+07:00,operator_konten_18
ENT-02598,,DRAFT,2026-09-09T13:18:29+07:00,pengusul_57
ENT-02599,,DRAFT,2026-09-10T16:34:28+07:00,pengusul_69
ENT-02600,,DRAFT,2026-09-11T11:41:51+07:00,pengusul_27
ENT-02600,DRAFT,OPERATOR_KONTEN,2026-09-14T22:44:36+07:00,pengusul_27
ENT-02600,OPERATOR_KONTEN,PIC_UKE,2026-09-24T10:20:26+07:00,operator_konten_27
ENT-02600,PIC_UKE,TERVALIDASI,2026-10-06T10:47:23+07:00,pic_uke_27
ENT-02600,TERVALIDASI,PUBLISH,2026-10-08T11:39:24+07:00,operator_konten_27
ENT-02601,,DRAFT,2026-09-11T12:07:28+07:00,pengusul_25
ENT-02601,DRAFT,OPERATOR_KONTEN,2026-09-18T11:50:24+07:00,pengusul_25
ENT-02601,OPERATOR_KONTEN,PIC_UKE,2026-09-25T21:28:31+07:00,operator_konten_25
ENT-02601,PIC_UKE,TERVALIDASI,2026-10-01T21:27:51+07:00,pic_uke_25
ENT-02601,TERVALIDASI,PUBLISH,2026-10-03T16:07:45+07:00,operator_konten_25
ENT-02602,,DRAFT,2026-09-11T12:31:21+07:00,pengusul_13
ENT-02603,,DRAFT,2026-09-11T13:10:13+07:00,pengusul_25
ENT-02603,DRAFT,OPERATOR_KONTEN,2026-09-13T21:39:37+07:00,pengusul_25
ENT-02603,OPERATOR_KONTEN,PIC_UKE,2026-09-19T21:59:43+07:00,operator_konten_25
ENT-02603,PIC_UKE,TERVALIDASI,2026-09-27T10:47:11+07:00,pic_uke_25
ENT-02603,TERVALIDASI,PUBLISH,2026-10-02T10:21:26+07:00,operator_konten_25
ENT-02604,,DRAFT,2026-09-11T14:38:06+07:00,pengusul_00
ENT-02604,DRAFT,OPERATOR_KONTEN,2026-09-12T07:08:44+07:00,pengusul_00
ENT-02604,OPERATOR_KONTEN,PIC_UKE,2026-09-30T09:27:51+07:00,operator_konten_00
ENT-02605,,DRAFT,2026-09-11T16:43:18+07:00,pengusul_49
ENT-02605,DRAFT,OPERATOR_KONTEN,2026-09-15T22:55:50+07:00,pengusul_49
ENT-02605,OPERATOR_KONTEN,PIC_UKE,2026-09-23T08:39:54+07:00,operator_konten_49
ENT-02606,,DRAFT,2026-09-11T16:56:01+07:00,pengusul_16
ENT-02606,DRAFT,OPERATOR_KONTEN,2026-09-14T12:11:53+07:00,pengusul_16
ENT-02606,OPERATOR_KONTEN,PIC_UKE,2026-09-14T14:57:01+07:00,operator_konten_16
ENT-02607,,DRAFT,2026-09-13T13:31:10+07:00,pengusul_05
ENT-02607,DRAFT,OPERATOR_KONTEN,2026-09-15T01:51:57+07:00,pengusul_05
ENT-02607,OPERATOR_KONTEN,PIC_UKE,2026-09-15T16:58:55+07:00,operator_konten_05
ENT-02608,,DRAFT,2026-09-14T08:16:52+07:00,pengusul_17
ENT-02609,,DRAFT,2026-09-14T08:21:13+07:00,pengusul_66
ENT-02610,,DRAFT,2026-09-14T16:12:51+07:00,pengusul_62
ENT-02610,DRAFT,OPERATOR_KONTEN,2026-09-17T11:31:53+07:00,pengusul_62
ENT-02610,OPERATOR_KONTEN,PIC_UKE,2026-09-28T15:15:29+07:00,operator_konten_62
ENT-02611,,DRAFT,2026-09-15T09:49:44+07:00,pengusul_19
ENT-02611,DRAFT,OPERATOR_KONTEN,2026-09-16T06:59:59+07:00,pengusul_19
ENT-02611,OPERATOR_KONTEN,PIC_UKE,2026-09-18T23:19:35+07:00,operator_konten_19
ENT-02611,PIC_UKE,TERVALIDASI,2026-09-19T12:13:02+07:00,pic_uke_19
ENT-02611,TERVALIDASI,PUBLISH,2026-09-20T02:44:04+07:00,operator_konten_19
ENT-02611,PUBLISH,UNPUBLISH,2026-09-20T08:48:47+07:00,admin_19
ENT-02612,,DRAFT,2026-09-15T12:09:16+07:00,pengusul_08
ENT-02613,,DRAFT,2026-09-15T12:57:11+07:00,pengusul_57
ENT-02614,,DRAFT,2026-09-15T15:03:16+07:00,pengusul_49
ENT-02614,DRAFT,OPERATOR_KONTEN,2026-10-08T12:26:32+07:00,pengusul_49
ENT-02615,,DRAFT,2026-09-15T16:41:23+07:00,pengusul_50
ENT-02616,,DRAFT,2026-09-16T11:50:02+07:00,pengusul_58
ENT-02617,,DRAFT,2026-09-16T14:17:00+07:00,pengusul_65
ENT-02617,DRAFT,OPERATOR_KONTEN,2026-09-21T20:16:44+07:00,pengusul_65
ENT-02617,OPERATOR_KONTEN,PIC_UKE,2026-09-22T15:00:09+07:00,operator_konten_65
ENT-02618,,DRAFT,2026-09-17T08:22:22+07:00,pengusul_63
ENT-02618,DRAFT,OPERATOR_KONTEN,2026-09-17T11:36:59+07:00,pengusul_63
ENT-02618,OPERATOR_KONTEN,PIC_UKE,2026-09-17T21:42:35+07:00,operator_konten_63
ENT-02618,PIC_UKE,TERVALIDASI,2026-09-17T22:51:05+07:00,pic_uke_63
ENT-02618,TERVALIDASI,PUBLISH,2026-09-18T07:45:54+07:00,operator_konten_63
ENT-02618,PUBLISH,UNPUBLISH,2026-09-18T08:34:54+07:00,admin_63
ENT-02619,,DRAFT,2026-09-17T10:05:03+07:00,pengusul_57
ENT-02620,,DRAFT,2026-09-18T11:19:21+07:00,pengusul_47
ENT-02620,DRAFT,OPERATOR_KONTEN,2026-09-29T08:28:52+07:00,pengusul_47
ENT-02620,OPERATOR_KONTEN,PIC_UKE,2026-10-04T06:53:35+07:00,operator_konten_47
ENT-02620,PIC_UKE,TERVALIDASI,2026-10-04T12:39:53+07:00,pic_uke_47
ENT-02620,TERVALIDASI,PUBLISH,2026-10-05T14:17:52+07:00,operator_konten_47
ENT-02621,,DRAFT,2026-09-18T11:40:51+07:00,pengusul_49
ENT-02622,,DRAFT,2026-09-18T12:45:38+07:00,pengusul_40
ENT-02623,,DRAFT,2026-09-18T13:30:28+07:00,pengusul_18
ENT-02623,DRAFT,OPERATOR_KONTEN,2026-09-22T16:32:56+07:00,pengusul_18
ENT-02623,OPERATOR_KONTEN,PIC_UKE,2026-09-23T11:02:42+07:00,operator_konten_18
ENT-02623,PIC_UKE,TERVALIDASI,2026-09-30T17:35:19+07:00,pic_uke_18
ENT-02623,TERVALIDASI,PUBLISH,2026-10-05T09:36:39+07:00,operator_konten_18
ENT-02624,,DRAFT,2026-09-18T15:10:13+07:00,pengusul_35
ENT-02625,,DRAFT,2026-09-18T15:23:15+07:00,pengusul_02
ENT-02626,,DRAFT,2026-09-18T15:41:13+07:00,pengusul_05
ENT-02626,DRAFT,OPERATOR_KONTEN,2026-09-26T11:16:56+07:00,pengusul_05
ENT-02626,OPERATOR_KONTEN,PIC_UKE,2026-09-27T02:22:06+07:00,operator_konten_05
ENT-02626,PIC_UKE,TERVALIDASI,2026-09-27T21:05:10+07:00,pic_uke_05
ENT-02626,TERVALIDASI,PUBLISH,2026-10-02T15:16:20+07:00,operator_konten_05
ENT-02627,,DRAFT,2026-09-18T15:55:38+07:00,pengusul_05
ENT-02628,,DRAFT,2026-09-19T09:03:38+07:00,pengusul_17
ENT-02628,DRAFT,OPERATOR_KONTEN,2026-10-03T11:14:17+07:00,pengusul_17
ENT-02628,OPERATOR_KONTEN,PIC_UKE,2026-10-06T13:39:11+07:00,operator_konten_17
ENT-02629,,DRAFT,2026-09-19T12:10:27+07:00,pengusul_07
ENT-02629,DRAFT,OPERATOR_KONTEN,2026-09-20T04:21:59+07:00,pengusul_07
ENT-02629,OPERATOR_KONTEN,PIC_UKE,2026-09-24T11:41:45+07:00,operator_konten_07
ENT-02629,PIC_UKE,TERVALIDASI,2026-09-27T08:38:50+07:00,pic_uke_07
ENT-02629,TERVALIDASI,PUBLISH,2026-10-04T12:14:18+07:00,operator_konten_07
ENT-02630,,DRAFT,2026-09-19T12:24:05+07:00,pengusul_67
ENT-02630,DRAFT,OPERATOR_KONTEN,2026-09-21T07:24:24+07:00,pengusul_67
ENT-02630,OPERATOR_KONTEN,PIC_UKE,2026-09-29T16:11:44+07:00,operator_konten_67
ENT-02631,,DRAFT,2026-09-21T08:15:26+07:00,pengusul_28
ENT-02632,,DRAFT,2026-09-21T08:59:51+07:00,pengusul_28
ENT-02632,DRAFT,OPERATOR_KONTEN,2026-09-24T13:40:57+07:00,pengusul_28
ENT-02632,OPERATOR_KONTEN,PIC_UKE,2026-09-28T16:42:57+07:00,operator_konten_28
ENT-02633,,DRAFT,2026-09-21T10:04:17+07:00,pengusul_49
ENT-02633,DRAFT,OPERATOR_KONTEN,2026-09-21T21:56:01+07:00,pengusul_49
ENT-02633,OPERATOR_KONTEN,PIC_UKE,2026-09-26T06:37:44+07:00,operator_konten_49
ENT-02633,PIC_UKE,TERVALIDASI,2026-09-26T10:30:10+07:00,pic_uke_49
ENT-02633,TERVALIDASI,PUBLISH,2026-10-03T12:48:18+07:00,operator_konten_49
ENT-02634,,DRAFT,2026-09-21T10:10:00+07:00,pengusul_17
ENT-02634,DRAFT,OPERATOR_KONTEN,2026-09-21T16:11:25+07:00,pengusul_17
ENT-02634,OPERATOR_KONTEN,PIC_UKE,2026-09-22T19:30:16+07:00,operator_konten_17
ENT-02634,PIC_UKE,TERVALIDASI,2026-09-24T04:21:31+07:00,pic_uke_17
ENT-02634,TERVALIDASI,PUBLISH,2026-09-26T14:28:59+07:00,operator_konten_17
ENT-02635,,DRAFT,2026-09-21T11:02:23+07:00,pengusul_38
ENT-02636,,DRAFT,2026-09-21T11:40:44+07:00,pengusul_52
ENT-02636,DRAFT,OPERATOR_KONTEN,2026-09-30T09:14:21+07:00,pengusul_52
ENT-02636,OPERATOR_KONTEN,DITOLAK_OPERATOR,2026-10-03T12:47:22+07:00,operator_konten_52
ENT-02637,,DRAFT,2026-09-21T12:32:41+07:00,pengusul_46
ENT-02638,,DRAFT,2026-09-21T13:31:46+07:00,pengusul_04
ENT-02639,,DRAFT,2026-09-21T13:33:11+07:00,pengusul_62
ENT-02640,,DRAFT,2026-09-21T14:13:22+07:00,pengusul_51
ENT-02641,,DRAFT,2026-09-21T14:19:04+07:00,pengusul_30
ENT-02642,,DRAFT,2026-09-21T14:43:11+07:00,pengusul_58
ENT-02643,,DRAFT,2026-09-21T15:32:26+07:00,pengusul_33
ENT-02644,,DRAFT,2026-09-21T16:17:52+07:00,pengusul_45
ENT-02644,DRAFT,OPERATOR_KONTEN,2026-09-22T15:09:50+07:00,pengusul_45
ENT-02644,OPERATOR_KONTEN,PIC_UKE,2026-09-22T15:14:20+07:00,operator_konten_45
ENT-02644,PIC_UKE,TERVALIDASI,2026-09-23T13:54:02+07:00,pic_uke_45
ENT-02644,TERVALIDASI,PUBLISH,2026-09-29T15:44:42+07:00,operator_konten_45
ENT-02645,,DRAFT,2026-09-21T16:21:05+07:00,pengusul_16
ENT-02646,,DRAFT,2026-09-21T16:21:28+07:00,pengusul_49
ENT-02647,,DRAFT,2026-09-22T10:15:22+07:00,pengusul_02
ENT-02647,DRAFT,OPERATOR_KONTEN,2026-09-23T00:10:59+07:00,pengusul_02
ENT-02647,OPERATOR_KONTEN,PIC_UKE,2026-09-25T14:47:17+07:00,operator_konten_02
ENT-02648,,DRAFT,2026-09-22T11:10:53+07:00,pengusul_26
ENT-02649,,DRAFT,2026-09-22T11:48:57+07:00,pengusul_09
ENT-02649,DRAFT,OPERATOR_KONTEN,2026-09-23T12:05:36+07:00,pengusul_09
ENT-02649,OPERATOR_KONTEN,PIC_UKE,2026-09-28T13:54:56+07:00,operator_konten_09
ENT-02649,PIC_UKE,TERVALIDASI,2026-09-29T22:52:16+07:00,pic_uke_09
ENT-02649,TERVALIDASI,PUBLISH,2026-10-02T11:01:40+07:00,operator_konten_09
ENT-02650,,DRAFT,2026-09-22T13:12:02+07:00,pengusul_53
ENT-02651,,DRAFT,2026-09-22T14:16:23+07:00,pengusul_63
ENT-02652,,DRAFT,2026-09-22T14:18:10+07:00,pengusul_39
ENT-02653,,DRAFT,2026-09-22T14:37:13+07:00,pengusul_16
ENT-02654,,DRAFT,2026-09-22T15:17:17+07:00,pengusul_03
ENT-02655,,DRAFT,2026-09-22T15:45:13+07:00,pengusul_43
ENT-02656,,DRAFT,2026-09-22T16:54:29+07:00,pengusul_46
ENT-02657,,DRAFT,2026-09-23T09:59:18+07:00,pengusul_06
ENT-02658,,DRAFT,2026-09-23T10:36:30+07:00,pengusul_61
ENT-02659,,DRAFT,2026-09-23T10:52:49+07:00,pengusul_07
ENT-02659,DRAFT,OPERATOR_KONTEN,2026-10-01T17:16:53+07:00,pengusul_07
ENT-02659,OPERATOR_KONTEN,PIC_UKE,2026-10-03T16:04:51+07:00,operator_konten_07
ENT-02659,PIC_UKE,TERVALIDASI,2026-10-05T05:35:54+07:00,pic_uke_07
ENT-02659,TERVALIDASI,PUBLISH,2026-10-05T13:43:29+07:00,operator_konten_07
ENT-02660,,DRAFT,2026-09-23T11:50:22+07:00,pengusul_68
ENT-02660,DRAFT,OPERATOR_KONTEN,2026-09-25T21:12:26+07:00,pengusul_68
ENT-02660,OPERATOR_KONTEN,PIC_UKE,2026-09-29T12:07:21+07:00,operator_konten_68
ENT-02661,,DRAFT,2026-09-23T11:51:44+07:00,pengusul_46
ENT-02662,,DRAFT,2026-09-23T12:33:52+07:00,pengusul_55
ENT-02663,,DRAFT,2026-09-23T13:16:21+07:00,pengusul_35
ENT-02664,,DRAFT,2026-09-23T13:21:01+07:00,pengusul_22
ENT-02665,,DRAFT,2026-09-23T13:42:57+07:00,pengusul_10
ENT-02666,,DRAFT,2026-09-24T08:04:59+07:00,pengusul_15
ENT-02667,,DRAFT,2026-09-24T08:14:48+07:00,pengusul_52
ENT-02668,,DRAFT,2026-09-24T08:18:12+07:00,pengusul_13
ENT-02669,,DRAFT,2026-09-24T08:48:56+07:00,pengusul_37
ENT-02670,,DRAFT,2026-09-24T09:20:08+07:00,pengusul_00
ENT-02671,,DRAFT,2026-09-24T09:33:42+07:00,pengusul_05
ENT-02672,,DRAFT,2026-09-24T09:46:44+07:00,pengusul_05
ENT-02672,DRAFT,OPERATOR_KONTEN,2026-09-24T18:32:54+07:00,pengusul_05
ENT-02672,OPERATOR_KONTEN,PIC_UKE,2026-09-25T09:55:00+07:00,operator_konten_05
ENT-02672,PIC_UKE,TERVALIDASI,2026-09-26T01:51:03+07:00,pic_uke_05
ENT-02672,TERVALIDASI,PUBLISH,2026-09-27T09:38:25+07:00,operator_konten_05
ENT-02673,,DRAFT,2026-09-24T10:45:44+07:00,pengusul_36
ENT-02674,,DRAFT,2026-09-24T10:58:43+07:00,pengusul_49
ENT-02675,,DRAFT,2026-09-24T11:15:50+07:00,pengusul_58
ENT-02676,,DRAFT,2026-09-24T11:28:17+07:00,pengusul_66
ENT-02677,,DRAFT,2026-09-24T13:51:37+07:00,pengusul_00
ENT-02678,,DRAFT,2026-09-24T14:18:32+07:00,pengusul_67
ENT-02679,,DRAFT,2026-09-24T14:37:13+07:00,pengusul_38
ENT-02679,DRAFT,OPERATOR_KONTEN,2026-09-25T11:46:50+07:00,pengusul_38
ENT-02679,OPERATOR_KONTEN,PIC_UKE,2026-09-25T22:01:54+07:00,operator_konten_38
ENT-02679,PIC_UKE,TERVALIDASI,2026-09-27T00:41:00+07:00,pic_uke_38
ENT-02679,TERVALIDASI,PUBLISH,2026-10-02T15:33:28+07:00,operator_konten_38
ENT-02680,,DRAFT,2026-09-24T15:59:56+07:00,pengusul_06
ENT-02681,,DRAFT,2026-09-24T16:03:52+07:00,pengusul_36
ENT-02682,,DRAFT,2026-09-24T16:26:57+07:00,pengusul_67
ENT-02683,,DRAFT,2026-09-24T16:39:19+07:00,pengusul_46
ENT-02684,,DRAFT,2026-09-25T08:21:31+07:00,pengusul_40
ENT-02685,,DRAFT,2026-09-25T09:23:53+07:00,pengusul_48
ENT-02686,,DRAFT,2026-09-25T10:14:39+07:00,pengusul_27
ENT-02687,,DRAFT,2026-09-25T10:56:26+07:00,pengusul_47
ENT-02688,,DRAFT,2026-09-25T11:58:37+07:00,pengusul_64
ENT-02689,,DRAFT,2026-09-25T12:03:41+07:00,pengusul_27
ENT-02690,,DRAFT,2026-09-25T12:13:13+07:00,pengusul_04
ENT-02690,DRAFT,OPERATOR_KONTEN,2026-09-30T01:25:56+07:00,pengusul_04
ENT-02690,OPERATOR_KONTEN,PIC_UKE,2026-09-30T08:51:47+07:00,operator_konten_04
ENT-02691,,DRAFT,2026-09-25T12:54:56+07:00,pengusul_39
ENT-02692,,DRAFT,2026-09-25T13:29:29+07:00,pengusul_58
ENT-02693,,DRAFT,2026-09-25T14:07:28+07:00,pengusul_05
ENT-02694,,DRAFT,2026-09-25T15:17:10+07:00,pengusul_07
ENT-02695,,DRAFT,2026-09-25T15:42:22+07:00,pengusul_59
ENT-02696,,DRAFT,2026-09-25T16:38:23+07:00,pengusul_46
ENT-02697,,DRAFT,2026-09-26T08:01:59+07:00,pengusul_65
ENT-02697,DRAFT,OPERATOR_KONTEN,2026-09-26T10:11:26+07:00,pengusul_65
ENT-02697,OPERATOR_KONTEN,PIC_UKE,2026-09-28T12:36:48+07:00,operator_konten_65
ENT-02697,PIC_UKE,TERVALIDASI,2026-09-29T00:01:32+07:00,pic_uke_65
ENT-02697,TERVALIDASI,PUBLISH,2026-09-29T15:34:19+07:00,operator_konten_65
ENT-02698,,DRAFT,2026-09-26T09:11:24+07:00,pengusul_55
ENT-02698,DRAFT,OPERATOR_KONTEN,2026-10-05T04:59:37+07:00,pengusul_55
ENT-02698,OPERATOR_KONTEN,PIC_UKE,2026-10-06T14:07:43+07:00,operator_konten_55
ENT-02699,,DRAFT,2026-09-26T10:28:38+07:00,pengusul_17
ENT-02699,DRAFT,OPERATOR_KONTEN,2026-09-27T16:52:49+07:00,pengusul_17
ENT-02699,OPERATOR_KONTEN,PIC_UKE,2026-10-01T12:05:31+07:00,operator_konten_17
ENT-02700,,DRAFT,2026-09-26T12:20:27+07:00,pengusul_30
ENT-02700,DRAFT,OPERATOR_KONTEN,2026-09-26T22:23:35+07:00,pengusul_30
ENT-02700,OPERATOR_KONTEN,PIC_UKE,2026-10-01T01:30:51+07:00,operator_konten_30
ENT-02700,PIC_UKE,TERVALIDASI,2026-10-04T07:21:35+07:00,pic_uke_30
ENT-02700,TERVALIDASI,PUBLISH,2026-10-05T12:31:20+07:00,operator_konten_30
ENT-02701,,DRAFT,2026-09-27T09:33:35+07:00,pengusul_06
ENT-02701,DRAFT,OPERATOR_KONTEN,2026-09-30T21:45:38+07:00,pengusul_06
ENT-02701,OPERATOR_KONTEN,PIC_UKE,2026-10-01T14:44:20+07:00,operator_konten_06
ENT-02702,,DRAFT,2026-09-28T08:05:51+07:00,pengusul_58
ENT-02703,,DRAFT,2026-09-28T08:12:03+07:00,pengusul_57
ENT-02704,,DRAFT,2026-09-28T09:01:56+07:00,pengusul_11
ENT-02704,DRAFT,OPERATOR_KONTEN,2026-09-29T14:07:17+07:00,pengusul_11
ENT-02704,OPERATOR_KONTEN,PIC_UKE,2026-10-04T12:42:49+07:00,operator_konten_11
ENT-02704,PIC_UKE,TERVALIDASI,2026-10-06T21:58:52+07:00,pic_uke_11
ENT-02704,TERVALIDASI,PUBLISH,2026-10-08T12:29:55+07:00,operator_konten_11
ENT-02705,,DRAFT,2026-09-28T09:05:45+07:00,pengusul_05
ENT-02706,,DRAFT,2026-09-28T09:38:42+07:00,pengusul_48
ENT-02707,,DRAFT,2026-09-28T10:02:59+07:00,pengusul_02
ENT-02708,,DRAFT,2026-09-28T10:54:45+07:00,pengusul_66
ENT-02708,DRAFT,OPERATOR_KONTEN,2026-09-30T01:22:14+07:00,pengusul_66
ENT-02708,OPERATOR_KONTEN,PIC_UKE,2026-10-04T00:13:40+07:00,operator_konten_66
ENT-02708,PIC_UKE,TERVALIDASI,2026-10-06T10:29:46+07:00,pic_uke_66
ENT-02708,TERVALIDASI,PUBLISH,2026-10-08T13:35:24+07:00,operator_konten_66
ENT-02709,,DRAFT,2026-09-28T11:26:50+07:00,pengusul_17
ENT-02710,,DRAFT,2026-09-28T12:15:56+07:00,pengusul_62
ENT-02711,,DRAFT,2026-09-28T12:15:59+07:00,pengusul_58
ENT-02712,,DRAFT,2026-09-28T13:35:57+07:00,pengusul_48
ENT-02713,,DRAFT,2026-09-28T13:40:08+07:00,pengusul_67
ENT-02714,,DRAFT,2026-09-28T14:06:26+07:00,pengusul_48
ENT-02715,,DRAFT,2026-09-28T14:35:27+07:00,pengusul_63
ENT-02716,,DRAFT,2026-09-28T14:52:11+07:00,pengusul_67
ENT-02717,,DRAFT,2026-09-28T15:16:32+07:00,pengusul_32
ENT-02718,,DRAFT,2026-09-28T15:35:14+07:00,pengusul_05
ENT-02719,,DRAFT,2026-09-28T16:21:53+07:00,pengusul_41
ENT-02720,,DRAFT,2026-09-28T16:34:17+07:00,pengusul_04
ENT-02721,,DRAFT,2026-09-28T16:39:47+07:00,pengusul_50
ENT-02721,DRAFT,OPERATOR_KONTEN,2026-09-28T17:26:00+07:00,pengusul_50
ENT-02721,OPERATOR_KONTEN,PIC_UKE,2026-09-29T00:39:43+07:00,operator_konten_50
ENT-02721,PIC_UKE,TERVALIDASI,2026-09-29T08:23:39+07:00,pic_uke_50
ENT-02722,,DRAFT,2026-09-28T16:55:40+07:00,pengusul_27
ENT-02722,DRAFT,OPERATOR_KONTEN,2026-10-01T03:46:04+07:00,pengusul_27
ENT-02722,OPERATOR_KONTEN,PIC_UKE,2026-10-01T20:03:52+07:00,operator_konten_27
ENT-02722,PIC_UKE,TERVALIDASI,2026-10-02T02:50:21+07:00,pic_uke_27
ENT-02722,TERVALIDASI,PUBLISH,2026-10-03T16:45:55+07:00,operator_konten_27
ENT-02723,,DRAFT,2026-09-28T16:59:56+07:00,pengusul_26
ENT-02724,,DRAFT,2026-09-29T10:00:00+07:00,pengusul_13
ENT-02725,,DRAFT,2026-09-29T10:08:24+07:00,pengusul_41
ENT-02726,,DRAFT,2026-09-29T10:39:47+07:00,pengusul_57
ENT-02727,,DRAFT,2026-09-29T11:03:20+07:00,pengusul_10
ENT-02728,,DRAFT,2026-09-29T11:03:31+07:00,pengusul_11
ENT-02729,,DRAFT,2026-09-29T11:10:06+07:00,pengusul_05
ENT-02730,,DRAFT,2026-09-29T11:13:10+07:00,pengusul_18
ENT-02731,,DRAFT,2026-09-29T12:11:03+07:00,pengusul_02
ENT-02732,,DRAFT,2026-09-29T12:22:43+07:00,pengusul_67
ENT-02733,,DRAFT,2026-09-29T13:01:33+07:00,pengusul_13
ENT-02734,,DRAFT,2026-09-29T13:17:19+07:00,pengusul_05
ENT-02735,,DRAFT,2026-09-29T13:23:32+07:00,pengusul_61
ENT-02736,,DRAFT,2026-09-29T13:38:44+07:00,pengusul_20
ENT-02737,,DRAFT,2026-09-29T13:50:08+07:00,pengusul_10
ENT-02738,,DRAFT,2026-09-29T14:31:12+07:00,pengusul_58
ENT-02739,,DRAFT,2026-09-29T14:49:59+07:00,pengusul_68
ENT-02740,,DRAFT,2026-09-29T15:20:14+07:00,pengusul_43
ENT-02740,DRAFT,OPERATOR_KONTEN,2026-10-01T12:40:19+07:00,pengusul_43
ENT-02740,OPERATOR_KONTEN,PIC_UKE,2026-10-02T16:33:54+07:00,operator_konten_43
ENT-02740,PIC_UKE,TERVALIDASI,2026-10-08T03:33:38+07:00,pic_uke_43
ENT-02740,TERVALIDASI,PUBLISH,2026-10-08T11:22:54+07:00,operator_konten_43
ENT-02741,,DRAFT,2026-09-29T15:41:32+07:00,pengusul_12
ENT-02742,,DRAFT,2026-09-29T16:33:32+07:00,pengusul_67
ENT-02743,,DRAFT,2026-09-30T08:11:44+07:00,pengusul_23
ENT-02744,,DRAFT,2026-09-30T08:12:01+07:00,pengusul_43
ENT-02745,,DRAFT,2026-09-30T09:01:46+07:00,pengusul_54
ENT-02746,,DRAFT,2026-09-30T09:19:28+07:00,pengusul_37
ENT-02747,,DRAFT,2026-09-30T09:29:47+07:00,pengusul_24
ENT-02748,,DRAFT,2026-09-30T11:21:30+07:00,pengusul_05
ENT-02749,,DRAFT,2026-09-30T11:52:35+07:00,pengusul_68
ENT-02750,,DRAFT,2026-09-30T11:53:40+07:00,pengusul_02
ENT-02751,,DRAFT,2026-09-30T12:55:29+07:00,pengusul_19
ENT-02752,,DRAFT,2026-09-30T12:58:42+07:00,pengusul_68
ENT-02753,,DRAFT,2026-09-30T13:15:08+07:00,pengusul_34
ENT-02754,,DRAFT,2026-09-30T13:22:41+07:00,pengusul_05
ENT-02755,,DRAFT,2026-09-30T14:22:09+07:00,pengusul_27
ENT-02756,,DRAFT,2026-09-30T14:27:20+07:00,pengusul_04
ENT-02757,,DRAFT,2026-09-30T14:42:31+07:00,pengusul_64
ENT-02758,,DRAFT,2026-09-30T14:54:45+07:00,pengusul_11
ENT-02759,,DRAFT,2026-09-30T15:00:58+07:00,pengusul_02
ENT-02760,,DRAFT,2026-09-30T15:02:53+07:00,pengusul_69
ENT-02761,,DRAFT,2026-09-30T15:07:32+07:00,pengusul_48
ENT-02762,,DRAFT,2026-09-30T16:07:53+07:00,pengusul_23
ENT-02762,DRAFT,OPERATOR_KONTEN,2026-10-02T01:41:35+07:00,pengusul_23
ENT-02762,OPERATOR_KONTEN,PIC_UKE,2026-10-03T22:40:37+07:00,operator_konten_23
ENT-02762,PIC_UKE,TERVALIDASI,2026-10-07T20:46:30+07:00,pic_uke_23
ENT-02762,TERVALIDASI,PUBLISH,2026-10-08T14:52:44+07:00,operator_konten_23
ENT-02763,,DRAFT,2026-09-30T16:33:03+07:00,pengusul_13
ENT-02764,,DRAFT,2026-09-30T16:43:00+07:00,pengusul_05
ENT-02765,,DRAFT,2026-10-01T09:33:33+07:00,pengusul_23
ENT-02765,DRAFT,OPERATOR_KONTEN,2026-10-03T00:54:14+07:00,pengusul_23
ENT-02765,OPERATOR_KONTEN,PIC_UKE,2026-10-03T19:56:30+07:00,operator_konten_23
ENT-02765,PIC_UKE,TERVALIDASI,2026-10-04T12:21:53+07:00,pic_uke_23
ENT-02765,TERVALIDASI,PUBLISH,2026-10-06T10:20:45+07:00,operator_konten_23
ENT-02766,,DRAFT,2026-10-01T16:54:07+07:00,pengusul_67
ENT-02766,DRAFT,OPERATOR_KONTEN,2026-10-04T04:12:39+07:00,pengusul_67
ENT-02766,OPERATOR_KONTEN,PIC_UKE,2026-10-05T00:53:29+07:00,operator_konten_67
ENT-02766,PIC_UKE,TERVALIDASI,2026-10-05T01:33:29+07:00,pic_uke_67
ENT-02766,TERVALIDASI,PUBLISH,2026-10-05T11:54:52+07:00,operator_konten_67
ENT-02766,PUBLISH,UNPUBLISH,2026-10-06T16:10:38+07:00,admin_67
ENT-02767,,DRAFT,2026-10-02T14:14:21+07:00,pengusul_44
ENT-02768,,DRAFT,2026-10-02T16:29:01+07:00,pengusul_60
ENT-02769,,DRAFT,2026-10-05T10:35:59+07:00,pengusul_21
ENT-02770,,DRAFT,2026-10-05T15:17:32+07:00,pengusul_22
ENT-02770,DRAFT,OPERATOR_KONTEN,2026-10-05T15:49:21+07:00,pengusul_22
ENT-02770,OPERATOR_KONTEN,PIC_UKE,2026-10-06T13:49:49+07:00,operator_konten_22
ENT-02771,,DRAFT,2026-10-06T12:26:42+07:00,pengusul_13
ENT-02771,DRAFT,OPERATOR_KONTEN,2026-10-07T03:24:55+07:00,pengusul_13
ENT-02771,OPERATOR_KONTEN,PIC_UKE,2026-10-07T08:10:24+07:00,operator_konten_13
ENT-02771,PIC_UKE,TERVALIDASI,2026-10-07T10:59:26+07:00,pic_uke_13
ENT-02771,TERVALIDASI,PUBLISH,2026-10-08T08:53:02+07:00,operator_konten_13
ENT-02772,,DRAFT,2026-10-06T12:28:06+07:00,pengusul_52
ENT-02773,,DRAFT,2026-10-07T11:21:30+07:00,pengusul_15
ENT-02774,,DRAFT,2026-10-07T13:13:19+07:00,pengusul_10
ENT-02775,,DRAFT,2026-10-07T15:07:34+07:00,pengusul_51
ENT-02776,,DRAFT,2026-10-08T10:16:53+07:00,pengusul_03
