dokumen_id,tag
ENT-00001,SDGs
ENT-00001,transformasi digital
ENT-00002,IKN
ENT-00003,kemiskinan
ENT-00004,education
ENT-00004,kemiskinan
ENT-00005,air minum dan sanitasi
ENT-00006,pariwisata
ENT-00006,kemiskinan
ENT-00007,poverty
ENT-00008,perdesaan
ENT-00009,PRK
ENT-00009,pariwisata
ENT-00009,Rencana Pembangunan Jangka Menengah Nasional
ENT-00010,Perlindungan Sosial
ENT-00010,Transformasi Digital
ENT-00010,low carbon development
ENT-00011,kemaritiman
ENT-00011,stunting
ENT-00011,air minum dan sanitasi
ENT-00012,IKN
ENT-00012,UMKM
ENT-00013,kemiskinan
ENT-00013,UMKM
ENT-00014,tatakelola
ENT-00014,UMKM
ENT-00015,UMKM
ENT-00015,pembangunan rendah karbon
ENT-00015,reformasi birokrasi
ENT-00016,perdesaan
ENT-00016,air minum dan sanitasi
ENT-00016,RPJMN
ENT-00017,kesehatan
ENT-00018,Transformasi Digital
ENT-00018,infrastuktur
ENT-00019,perubahan iklim
ENT-00019,transformasi digital
ENT-00019,pariwisata
ENT-00020,energi baru terbarukan
ENT-00020,infrastructure
ENT-00020,tengkes
ENT-00021,pembangunan rendah karbon
ENT-00021,pariwisata
ENT-00021,RPJMN
ENT-00023,infrastructure
ENT-00024,Infrastuktur
ENT-00024,low carbon development
ENT-00024,RPJMN
ENT-00024,perlindungan sosial
ENT-00025,kemaritiman
ENT-00025,Ekonomi Hijau
ENT-00025,perdesaan
ENT-00026,pembangunan rendah karbon
ENT-00027,Ibu Kota Nusantara
ENT-00027,ketenagakerjaan
ENT-00028,IKN
ENT-00028,perdesaan
ENT-00028,kesehatan
ENT-00028,reformasi birokrasi
ENT-00030,tengkes
ENT-00032,Perubahan Iklim
ENT-00032,pedesaan
ENT-00032,low carbon development
ENT-00033,renewable energy
ENT-00033,air minum dan sanitasi
ENT-00034,ketenagakerjaan
ENT-00034,pendidikan
ENT-00034,kemiskinan
ENT-00034,IKN
ENT-00035,SDGs
ENT-00035,ketenagakerjaan
ENT-00036,pariwisata
ENT-00037,IKN
ENT-00037,pariwisata
ENT-00038,UMKM
ENT-00039,infrastruktur
ENT-00040,perubahan iklim
ENT-00040,SDGs
ENT-00040,IKN
ENT-00040,pedesaan
ENT-00041,RPJMN
ENT-00041,kemiskinan
ENT-00041,Tata Kelola
ENT-00042,PRK
ENT-00042,Kesehatan
ENT-00043,energi baru terbarukan
ENT-00043,transformasi digital
ENT-00044,infrastruktur
ENT-00045,ketahanan pangan
ENT-00045,air minum dan sanitasi
ENT-00046,SDGs
ENT-00046,tata kelola
ENT-00047,kemiskinan
ENT-00047,kesehtan
ENT-00048,perubahan iklim
ENT-00049,tujuan pembangunan berkelanjutan
ENT-00049,ketahanan pangan
ENT-00049,low carbon development
ENT-00050,kesehatan
ENT-00051,kemiskinan
ENT-00051,pembangunan rendah karbon
ENT-00052,stunting
ENT-00052,ketenagakerjaan
ENT-00052,gender
ENT-00053,climate change
ENT-00053,Ibu Kota Nusantara
ENT-00053,air minum dan sanitasi
ENT-00054,infrastruktur
ENT-00054,Rencana Pembangunan Jangka Menengah Nasional
ENT-00055,Food Security
ENT-00056,Rencana Pembangunan Jangka Menengah Nasional
ENT-00056,miskin
ENT-00056,pembangunan rendah karbon
ENT-00057,SDGs
ENT-00058,kemaritiman
ENT-00058,UMKM
ENT-00058,perubahan iklim
ENT-00059,energi baru terbarukan
ENT-00059,low carbon development
ENT-00060,EBT
ENT-00060,RPJMN
ENT-00060,ketenagakerjaan
ENT-00060,pendidkan
ENT-00061,kemiskinan
ENT-00061,investasi
ENT-00061,pariwisata
ENT-00061,UMKM
ENT-00062,evaluasi kinerja
ENT-00062,kesehatan
ENT-00063,kemaritiman
ENT-00063,perdesaan
ENT-00064,kesehatan
ENT-00064,SDGs
ENT-00064,perdesaan
ENT-00064,ekonomi hijau
ENT-00066,pembangunan rendah karbon
ENT-00066,infrastruktur
ENT-00067,kemaritiman
ENT-00067,air minum dan sanitasi
ENT-00068,perubahan iklim
ENT-00068,Infrastruktur
ENT-00069,investasi
ENT-00070,infrastructure
ENT-00070,SDGs
ENT-00070,statistik
ENT-00071,climate change
ENT-00071,transformasi digital
ENT-00072,investasi
ENT-00072,perubahan iklim
ENT-00072,reformasi birokrasi
ENT-00073,gender
ENT-00073,Tengkes
ENT-00073,perubahan iklim
ENT-00074,Stunting
ENT-00074,transformasi digital
ENT-00075,reformasi birokrasi
ENT-00076,infrastruktur
ENT-00076,RPJMN
ENT-00077,perdesaan
ENT-00077,investasi
ENT-00078,statistik
ENT-00079,TPB
ENT-00079,kemiskinan
ENT-00079,Infrastructure
ENT-00080,pembangunan rendah karbon
ENT-00080,investasi
ENT-00081,RPJMN
ENT-00082,RPJMN
ENT-00082,kemiskinan
ENT-00083,SDGs
ENT-00083,reformasi birokrasi
ENT-00083,IKN
ENT-00084,energi baru terbarukan
ENT-00084,evaluasi kinerja
ENT-00085,stunting
ENT-00085,infrastruktur
ENT-00086,kemaritiman
ENT-00086,poverty
ENT-00087,Evaluasi Kinerja
ENT-00088,RPJMN
ENT-00088,transformasi digital
ENT-00089,ketenagakerjaan
ENT-00089,food security
ENT-00089,investasi
ENT-00090,ekonomi hijau
ENT-00090,infrastuktur
ENT-00090,ketahanan pangan
ENT-00091,perubahan iklim
ENT-00091,Perlindungan Sosial
ENT-00092,perlindungan-sosial
ENT-00092,pendidikan
ENT-00093,infrastruktur
ENT-00093,pembangunan rendah karbon
ENT-00094,transformasi digital
ENT-00094,RPJMN
ENT-00094,SDGs
ENT-00095,UMKM
ENT-00095,kesehatan
ENT-00096,transformasi digital
ENT-00096,infrastruktur
ENT-00097,RPJMN
ENT-00099,energi baru terbarukan
ENT-00099,kemiskinan
ENT-00100,kemaritiman
ENT-00100,kemiskinan
ENT-00100,Digitalisasi
ENT-00101,transformasi digital
ENT-00102,UMKM
ENT-00102,ibukota nusantara
ENT-00102,Perdesaan
ENT-00103,investasi
ENT-00103,perubahan iklim
ENT-00103,perdesaan
ENT-00104,evaluasi kinerja
ENT-00105,perubahan iklim
ENT-00105,stunting
ENT-00106,pembangunan rendah karbon
ENT-00107,RPJMN
ENT-00107,perdesaan
ENT-00108,stunting
ENT-00109,investasi
ENT-00109,tata kelola
ENT-00110,low carbon development
ENT-00111,infrastruktur
ENT-00111,perdesaan
ENT-00112,Kesehatan
ENT-00112,tata kelola
ENT-00113,SDGs
ENT-00113,UMKM
ENT-00114,Rencana Pembangunan Jangka Menengah Nasional
ENT-00114,infrastruktur
ENT-00114,evaluasi kinerja
ENT-00115,governance
ENT-00115,gender
ENT-00116,kesehatan
ENT-00116,kemaritiman
ENT-00116,pendidkan
ENT-00117,IKN
ENT-00117,reformasi birokrasi
ENT-00117,Pariwisata
ENT-00118,low carbon development
ENT-00119,pendidikan
ENT-00120,tata kelola
ENT-00120,ketahanan pangan
ENT-00121,perlindungan sosial
ENT-00121,evaluasi kinerja
ENT-00122,kemiskinan
ENT-00123,kemiskinan
ENT-00123,Perubahan Iklim
ENT-00123,Education
ENT-00124,Gender
ENT-00124,tata kelola
ENT-00124,SDGs
ENT-00125,reformasi birokrasi
ENT-00125,kesehatan
ENT-00125,perdesaan
ENT-00126,UMKM
ENT-00126,IKN
ENT-00126,renewable energy
ENT-00127,ketenagakerjaan
ENT-00128,kemaritiman
ENT-00129,IKN
ENT-00129,reformasi birokrasi
ENT-00131,RPJMN
ENT-00131,gender
ENT-00131,transformasi digital
ENT-00131,SDGs
ENT-00132,gagal tumbuh
ENT-00132,pendidikan
ENT-00132,kemaritiman
ENT-00134,gender
ENT-00134,tata kelola
ENT-00135,Sdgs
ENT-00135,transformasi digital
ENT-00135,UMKM
ENT-00136,IKN
ENT-00136,tata kelola
ENT-00137,UMKM
ENT-00137,kemaritiman
ENT-00138,SDGs
ENT-00139,RPJMN
ENT-00139,pembangunan rendah karbon
ENT-00140,pembangunan rendah karbon
ENT-00140,perlindungan sosial
ENT-00140,pariwisata
ENT-00141,stunting
ENT-00142,perubahan iklim
ENT-00142,RPJMN
ENT-00142,governance
ENT-00143,TPB
ENT-00143,statistik
ENT-00144,perdesaan
ENT-00145,perdesaan
ENT-00146,investasi
ENT-00148,SDGs
ENT-00148,UMKM
ENT-00149,health
ENT-00149,perlindungan sosial
ENT-00149,Investasi
ENT-00150,Kesehatan
ENT-00150,stunting
ENT-00151,reformasi birokrasi
ENT-00151,gender
ENT-00152,IKN
ENT-00152,transformasi digital
ENT-00153,kemiskinan
ENT-00153,IKN
ENT-00154,perdesaan
ENT-00154,Stunting
ENT-00155,ketahanan pangan
ENT-00155,energi baru terbarukan
ENT-00156,stunting
ENT-00157,SDGs
ENT-00157,Tata Kelola
ENT-00157,ketahanan pangan
ENT-00158,gender
ENT-00158,reformasi birokrasi
ENT-00159,perdesaan
ENT-00159,reformasi birokrasi
ENT-00160,stunting
ENT-00160,Climate Change
ENT-00160,SDGs
ENT-00160,perdesaan
ENT-00161,ketenagakerjaan
ENT-00161,transformasi digital
ENT-00162,IKN
ENT-00163,RPJMN
ENT-00163,Perubahan Iklim
ENT-00164,UMKM
ENT-00164,ketahanan pangan
ENT-00165,Reformasi Birokrasi
ENT-00166,evaluasi kinerja
ENT-00166,ketahanan pangan
ENT-00166,digitalisasi
ENT-00166,infrastruktur
ENT-00167,kemiskinan
ENT-00167,ketenagakerjaan
ENT-00168,pedesaan
ENT-00168,kesehatan
ENT-00168,infrastruktur
ENT-00169,tata kelola
ENT-00169,kemaritiman
ENT-00169,kemiskinan
ENT-00170,kesehatan
ENT-00170,perlindungan sosial
ENT-00170,Rencana Pembangunan Jangka Menengah Nasional
ENT-00171,stunting
ENT-00171,kemaritiman
ENT-00171,Kemiskinan
ENT-00171,UMKM
ENT-00172,digital transformation
ENT-00172,tujuan pembangunan berkelanjutan
ENT-00172,ekonomi hijau
ENT-00173,infrastructure
ENT-00173,ekonomi hijau
ENT-00174,tata kelola
ENT-00174,Statistik
ENT-00174,Ketenagakerjaan
ENT-00175,RPJMN
ENT-00175,perlindungan sosial
ENT-00176,usaha mikro kecil dan menengah
ENT-00176,RPJMN
ENT-00177,kemiskinan
ENT-00177,pendidikan
ENT-00178,pembangunan rendah karbon
ENT-00178,perdesaan
ENT-00178,kemaritiman
ENT-00179,tata-kelola
ENT-00179,kemaritiman
ENT-00179,statistik
ENT-00180,Rencana Pembangunan Jangka Menengah Nasional
ENT-00180,pendidikan
ENT-00181,gender
ENT-00181,Kemiskinan
ENT-00181,UMKM
ENT-00181,infrastructure
ENT-00182,ekonomi hijau
ENT-00182,reformasi birokrasi
ENT-00182,tata kelola
ENT-00182,ketenagakerjaan
ENT-00183,kemiskinan
ENT-00183,UMKM
ENT-00184,infrastructure
ENT-00184,kesehatan
ENT-00184,SDGs
ENT-00185,RPJMN
ENT-00185,pembangunan rendah karbon
ENT-00185,infrastuktur
ENT-00187,perlindungan sosial
ENT-00187,IKN
ENT-00187,UMKM
ENT-00188,pendidikan
ENT-00188,tatakelola
ENT-00188,pembangunan rendah karbon
ENT-00189,UMKM
ENT-00189,infrastuktur
ENT-00189,air minum dan sanitasi
ENT-00191,ketenagakerjaan
ENT-00191,pariwisata
ENT-00192,RPJMN
ENT-00192,perubahan iklim
ENT-00192,kemiskinan
ENT-00193,pembangunan rendah karbon
ENT-00193,reformasi birokrasi
ENT-00194,evaluasi kinerja
ENT-00194,infrastructure
ENT-00194,pembangunan rendah karbon
ENT-00195,pendidikan
ENT-00195,tujuan pembangunan berkelanjutan
ENT-00197,stunting
ENT-00198,EBT
ENT-00198,kemiskinan
ENT-00198,reformasi birokrasi
ENT-00199,pendidikan
ENT-00199,reformasi birokrasi
ENT-00200,ekonomi hijau
ENT-00200,Kemiskinan
ENT-00201,perlindungan sosial
ENT-00202,investasi
ENT-00202,UMKM
ENT-00203,RPJMN
ENT-00203,infrastuktur
ENT-00203,health
ENT-00204,IKN
ENT-00204,pendidikan
ENT-00204,kesehatan
ENT-00205,ketahanan pangan
ENT-00205,governance
ENT-00206,usaha mikro kecil dan menengah
ENT-00206,IKN
ENT-00207,Tata Kelola
ENT-00208,perdesaan
ENT-00208,gagal tumbuh
ENT-00209,Stunting
ENT-00209,SDGs
ENT-00210,Investasi
ENT-00210,pendidikan
ENT-00210,statistik
ENT-00211,stunting
ENT-00211,pendidikan
ENT-00212,Digital Transformation
ENT-00212,infrastruktur
ENT-00212,green-economy
ENT-00213,reformasi birokrasi
ENT-00213,evaluasi kinerja
ENT-00214,transformasi digital
ENT-00215,investasi
ENT-00215,SDGs
ENT-00218,air minum dan sanitasi
ENT-00218,investasi
ENT-00218,pendidikan
ENT-00219,reformasi birokrasi
ENT-00220,Ketahanan Pangan
ENT-00220,perdesaan
ENT-00221,PRK
ENT-00221,pariwisata
ENT-00222,UMKM
ENT-00222,transformasi digital
ENT-00223,infrastruktur
ENT-00223,pembangunan rendah karbon
ENT-00224,pembangunan-rendah karbon
ENT-00224,perdesaan
ENT-00224,RPJMN
ENT-00225,stunting
ENT-00225,perlindungan sosial
ENT-00225,tata kelola
ENT-00226,UMKM
ENT-00226,pendidikan
ENT-00227,kemiskinan
ENT-00227,transformasi digital
ENT-00227,energi baru terbarukan
ENT-00227,Low Carbon Development
ENT-00228,kemiskinan
ENT-00228,statistik
ENT-00229,health
ENT-00229,gender
ENT-00230,transformasi digital
ENT-00230,climate change
ENT-00231,evaluasi kinerja
ENT-00231,pendidikan
ENT-00232,RPJMN
ENT-00232,transformasi digital
ENT-00232,Stunting
ENT-00233,pendidikan
ENT-00233,infrastruktur
ENT-00234,perubahan iklim
ENT-00234,Infrastruktur
ENT-00234,health
ENT-00234,stunting
ENT-00235,Perubahan Iklim
ENT-00236,statistik
ENT-00236,air minum dan sanitasi
ENT-00237,Digitalisasi
ENT-00237,kesehatan
ENT-00238,air minum dan sanitasi
ENT-00238,kesehatan
ENT-00239,perubahan iklim
ENT-00239,Gender
ENT-00239,RPJMN
ENT-00239,tata kelola
ENT-00240,pariwisata
ENT-00240,tata kelola
ENT-00240,Energi Baru Terbarukan
ENT-00241,perdesaan
ENT-00241,tata-kelola
ENT-00241,investasi
ENT-00242,pembangunan rendah karbon
ENT-00243,transformasi digital
ENT-00243,pendidikan
ENT-00244,gender
ENT-00245,education
ENT-00245,SDGs
ENT-00245,RPJMN
ENT-00246,energi baru terbarukan
ENT-00247,gender
ENT-00247,pembangunan rendah karbon
ENT-00247,kemiskinan
ENT-00248,pendidikan
ENT-00249,IKN
ENT-00249,stunting
ENT-00250,kesehatan
ENT-00250,ekonomi hijau
ENT-00251,ketahanan pangan
ENT-00251,Sdgs
ENT-00252,RPJMN
ENT-00252,tata kelola
ENT-00253,RPJMN
ENT-00254,Kesehatan
ENT-00255,air minum dan sanitasi
ENT-00255,kemiskinan
ENT-00256,perubahan iklim
ENT-00256,ketahanan pangan
ENT-00257,perubahan iklim
ENT-00257,UMKM
ENT-00257,IKN
ENT-00257,pembangunan rendah karbon
ENT-00258,ekonomi hijau
ENT-00259,transformasi digital
ENT-00259,energi baru terbarukan
ENT-00260,stunting
ENT-00260,ketahanan pangan
ENT-00261,education
ENT-00261,pariwisata
ENT-00261,Sdgs
ENT-00262,gender
ENT-00262,UMKM
ENT-00262,pendidikan
ENT-00263,Rencana Pembangunan Jangka Menengah Nasional
ENT-00263,transformasi digital
ENT-00263,evaluasi kinerja
ENT-00264,SDGs
ENT-00264,investasi
ENT-00264,pembangunan rendah karbon
ENT-00265,low carbon development
ENT-00266,infrastruktur
ENT-00266,ketahanan-pangan
ENT-00267,tatakelola
ENT-00267,UMKM
ENT-00268,tata kelola
ENT-00268,kesehatan
ENT-00268,transformasi digital
ENT-00268,kemiskinan
ENT-00269,ketenagakerjaan
ENT-00270,Pariwisata
ENT-00270,ketenagakerjaan
ENT-00270,infrastruktur
ENT-00271,Investasi
ENT-00272,statistik
ENT-00272,transformasi digital
ENT-00273,UMKM
ENT-00273,kesehatan
ENT-00273,infrastruktur
ENT-00274,tata kelola
ENT-00274,stunting
ENT-00275,SDGs
ENT-00275,IKN
ENT-00276,usaha mikro kecil dan menengah
ENT-00277,IKN
ENT-00277,investasi
ENT-00278,perdesaan
ENT-00278,ekonomi hijau
ENT-00279,infrastructure
ENT-00279,stunting
ENT-00280,kesehtan
ENT-00281,stunting
ENT-00281,Pendidikan
ENT-00282,digital transformation
ENT-00283,ketahanan pangan
ENT-00283,reformasi birokrasi
ENT-00285,perubahan iklim
ENT-00285,digitalisasi
ENT-00286,perlindungan sosial
ENT-00286,transformasi digital
ENT-00286,infrastruktur
ENT-00287,reformasi-birokrasi
ENT-00287,SDGs
ENT-00288,education
ENT-00288,SDGs
ENT-00288,IKN
ENT-00289,stunting
ENT-00289,tata kelola
ENT-00289,pariwisata
ENT-00290,food security
ENT-00290,perubahan iklim
ENT-00291,Rencana Pembangunan Jangka Menengah Nasional
ENT-00291,kemaritiman
ENT-00291,TPB
ENT-00292,digitalisasi
ENT-00292,gender
ENT-00293,statistik
ENT-00293,perdesaan
ENT-00293,UMKM
ENT-00294,pendidikan
ENT-00294,gender
ENT-00295,air minum dan sanitasi
ENT-00297,TPB
ENT-00297,transformasi digital
ENT-00298,pembangunan rendah karbon
ENT-00298,Ketahanan Pangan
ENT-00298,Perubahan Iklim
ENT-00299,RPJMN
ENT-00300,kemaritiman
ENT-00301,Pembangunan Rendah Karbon
ENT-00301,energi baru terbarukan
ENT-00301,reformasi birokrasi
ENT-00302,TPB
ENT-00303,pembangunan rendah karbon
ENT-00303,perdesaan
ENT-00304,Tata Kelola
ENT-00305,kesehtan
ENT-00305,pendidikan
ENT-00306,perdesaan
ENT-00306,RPJMN
ENT-00306,tata kelola
ENT-00307,UMKM
ENT-00307,evaluasi kinerja
ENT-00308,perubahan iklim
ENT-00308,RPJMN
ENT-00308,pendidikan
ENT-00309,pariwisata
ENT-00309,pembangunan rendah karbon
ENT-00310,Rencana Pembangunan Jangka Menengah Nasional
ENT-00310,kemaritiman
ENT-00310,tata kelola
ENT-00311,kesehatan
ENT-00311,pariwisata
ENT-00311,pembangunan rendah karbon
ENT-00312,evaluasi kinerja
ENT-00312,tata kelola
ENT-00313,RB
ENT-00313,kemiskinan
ENT-00314,infrastuktur
ENT-00314,air minum dan sanitasi
ENT-00314,transformasi digital
ENT-00316,SDGs
ENT-00316,pendidikan
ENT-00317,pendidkan
ENT-00317,Kesehatan
ENT-00317,pariwisata
ENT-00318,kemaritiman
ENT-00318,Sdgs
ENT-00318,RPJMN
ENT-00319,infrastruktur
ENT-00319,transformasi digital
ENT-00319,Perubahan Iklim
ENT-00320,transformasi digital
ENT-00321,ekonomi hijau
ENT-00321,perubahan iklim
ENT-00322,perlindungan sosial
ENT-00322,Pembangunan Rendah Karbon
ENT-00323,Ibu Kota Nusantara
ENT-00323,RPJMN
ENT-00324,pendidikan
ENT-00324,SDGs
ENT-00324,RPJMN
ENT-00325,gender
ENT-00325,reformasi birokrasi
ENT-00325,PRK
ENT-00325,perubahan iklim
ENT-00327,green economy
ENT-00327,Perlindungan Sosial
ENT-00327,reformasi birokrasi
ENT-00328,pendidikan
ENT-00328,Ketenagakerjaan
ENT-00328,UMKM
ENT-00329,Kemaritiman
ENT-00330,RPJMN
ENT-00330,transformasi digital
ENT-00330,perdesaan
ENT-00331,kemaritiman
ENT-00332,perubahan iklim
ENT-00332,perlindungan sosial
ENT-00332,evaluasi kinerja
ENT-00333,UMKM
ENT-00333,Food Security
ENT-00333,SDGs
ENT-00334,food security
ENT-00334,reformasi birokrasi
ENT-00335,ketenagakerjaan
ENT-00335,reformasi birokrasi
ENT-00336,perlindungan sosial
ENT-00336,energi baru terbarukan
ENT-00336,ekonomi hijau
ENT-00337,ketahanan pangan
ENT-00337,governance
ENT-00337,digital transformation
ENT-00338,SDGs
ENT-00338,kesehatan
ENT-00339,pariwisata
ENT-00340,RPJMN
ENT-00340,evaluasi kinerja
ENT-00341,tata kelola
ENT-00341,energi baru terbarukan
ENT-00342,ketahanan pangan
ENT-00342,investasi
ENT-00343,tata kelola
ENT-00343,gender
ENT-00344,perubahan iklim
ENT-00344,digital transformation
ENT-00344,pendidikan
ENT-00345,reformasi birokrasi
ENT-00345,kemaritiman
ENT-00345,stunting
ENT-00346,pendidikan
ENT-00346,RPJMN
ENT-00347,energi baru terbarukan
ENT-00347,SDGs
ENT-00347,pendidikan
ENT-00349,reformasi birokrasi
ENT-00349,kemiskinan
ENT-00350,kemaritiman
ENT-00351,ketahanan pangan
ENT-00351,ketenagakerjaan
ENT-00351,RPJMN
ENT-00352,SDGs
ENT-00352,pariwisata
ENT-00353,statistik
ENT-00353,perdesaan
ENT-00354,investasi
ENT-00355,ketahanan pangan
ENT-00355,perubahan iklim
ENT-00356,RPJMN
ENT-00356,UMKM
ENT-00357,air minum dan sanitasi
ENT-00357,perlindungan sosial
ENT-00358,digital transformation
ENT-00358,air minum dan sanitasi
ENT-00359,perdesaan
ENT-00360,kemiskinan
ENT-00360,statistik
ENT-00360,IKN
ENT-00361,perubahan iklim
ENT-00361,Tata Kelola
ENT-00363,perubahan iklim
ENT-00363,pariwisata
ENT-00364,Stunting
ENT-00364,perubahan iklim
ENT-00364,Air Minum Dan Sanitasi
ENT-00365,kemaritiman
ENT-00365,kemiskinan
ENT-00365,UMKM
ENT-00366,SDGs
ENT-00366,reformasi birokrasi
ENT-00367,energi baru terbarukan
ENT-00367,IKN
ENT-00368,kesehatan
ENT-00368,poverty
ENT-00369,energi baru terbarukan
ENT-00370,reformasi birokrasi
ENT-00370,SDGs
ENT-00371,Pembangunan Rendah Karbon
ENT-00371,statistik
ENT-00371,gender
ENT-00372,evaluasi kinerja
ENT-00373,ketahanan pangan
ENT-00374,pariwisata
ENT-00374,evaluasi kinerja
ENT-00375,pariwisata
ENT-00375,statistik
ENT-00376,Ketahanan Pangan
ENT-00376,perubahan iklim
ENT-00376,statistik
ENT-00377,Gender
ENT-00377,perlindungan sosial
ENT-00377,infrastruktur
ENT-00378,RPJMN
ENT-00378,energi baru terbarukan
ENT-00379,Pendidikan
ENT-00379,transformasi digital
ENT-00379,perubahan iklim
ENT-00380,pendidikan
ENT-00381,perlindungan sosial
ENT-00381,gagal tumbuh
ENT-00381,health
ENT-00382,tujuan pembangunan berkelanjutan
ENT-00382,UMKM
ENT-00383,ekonomi hijau
ENT-00383,stunting
ENT-00384,Ibu Kota Nusantara
ENT-00384,reformasi birokrasi
ENT-00384,pariwisata
ENT-00385,kesehatan
ENT-00386,gagal tumbuh
ENT-00386,kemaritiman
ENT-00386,statistik
ENT-00386,ekonomi hijau
ENT-00387,infrastruktur
ENT-00388,tujuan pembangunan berkelanjutan
ENT-00389,perubahan iklim
ENT-00389,ketahanan pangan
ENT-00389,stunting
ENT-00389,RB
ENT-00390,perdesaan
ENT-00390,Ketenagakerjaan
ENT-00391,Ekonomi Hijau
ENT-00391,perubahan iklim
ENT-00392,Ekonomi Hijau
ENT-00392,statistik
ENT-00393,pariwisata
ENT-00393,RPJMN
ENT-00393,transformasi digital
ENT-00394,gagal tumbuh
ENT-00394,SDGs
ENT-00394,transformasi digital
ENT-00395,pembangunan rendah karbon
ENT-00395,ketahanan pangan
ENT-00396,reformasi birokrasi
ENT-00396,ekonomi-hijau
ENT-00397,Energi Baru Terbarukan
ENT-00397,education
ENT-00398,energi baru terbarukan
ENT-00399,energi baru terbarukan
ENT-00399,Statistik
ENT-00400,Gender
ENT-00400,Reformasi Birokrasi
ENT-00400,transformasi digital
ENT-00401,perubahan iklim
ENT-00401,ketenagakerjaan
ENT-00402,kemaritiman
ENT-00402,perdesaan
ENT-00402,evaluasi kinerja
ENT-00402,investasi
ENT-00403,pendidikan
ENT-00403,tujuan pembangunan berkelanjutan
ENT-00404,IKN
ENT-00404,perdesaan
ENT-00404,Evaluasi Kinerja
ENT-00405,pariwisata
ENT-00406,kemiskinan
ENT-00406,perdesaan
ENT-00407,RPJMN
ENT-00407,perlindungan sosial
ENT-00407,miskin
ENT-00408,perubahan iklim
ENT-00409,infrastruktur
ENT-00409,pembangunan rendah karbon
ENT-00410,Kemaritiman
ENT-00410,transformasi digital
ENT-00411,Rencana Pembangunan Jangka Menengah Nasional
ENT-00412,RPJMN
ENT-00412,infrastruktur
ENT-00413,infrastruktur
ENT-00413,SDGs
ENT-00413,kesehatan
ENT-00414,UMKM
ENT-00414,transformasi digital
ENT-00415,Investasi
ENT-00415,gender
ENT-00416,infrastruktur
ENT-00416,perlindungan sosial
ENT-00417,stunting
ENT-00417,kesehatan
ENT-00417,kemiskinan
ENT-00417,infrastruktur
ENT-00418,perdesaan
ENT-00418,transformasi digital
ENT-00418,tata kelola
ENT-00419,infrastructure
ENT-00419,SDGs
ENT-00419,statistik
ENT-00420,ketenagakerjaan
ENT-00420,RPJMN
ENT-00420,ekonomi hijau
ENT-00421,Ekonomi Hijau
ENT-00421,kemiskinan
ENT-00421,RPJMN
ENT-00422,evaluasi kinerja
ENT-00422,reformasi birokrasi
ENT-00423,Kemaritiman
ENT-00423,air minum dan sanitasi
ENT-00424,Ekonomi Hijau
ENT-00424,kemiskinan
ENT-00424,pendidikan
ENT-00425,infrastruktur
ENT-00425,kesehatan
ENT-00425,tujuan pembangunan berkelanjutan
ENT-00426,ketahanan pangan
ENT-00426,perlindungan sosial
ENT-00427,transformasi digital
ENT-00427,kesehtan
ENT-00428,kesehatan
ENT-00429,evaluasi kinerja
ENT-00429,UMKM
ENT-00430,gender
ENT-00432,investasi
ENT-00432,tata kelola
ENT-00432,pariwisata
ENT-00433,IKN
ENT-00433,evaluasi kinerja
ENT-00433,pembangunan rendah karbon
ENT-00434,Ketahanan Pangan
ENT-00434,poverty
ENT-00435,perubahan iklim
ENT-00435,statistik
ENT-00435,SDGs
ENT-00436,UMKM
ENT-00437,PRK
ENT-00437,transformasi digital
ENT-00437,miskin
ENT-00438,digitalisasi
ENT-00438,ketahanan pangan
ENT-00438,investasi
ENT-00438,pendidikan
ENT-00439,evaluasi kinerja
ENT-00439,pembangunan rendah karbon
ENT-00439,ketahanan pangan
ENT-00440,investasi
ENT-00440,Perubahan Iklim
ENT-00441,tata kelola
ENT-00441,Pembangunan Rendah Karbon
ENT-00443,perubahan iklim
ENT-00444,food security
ENT-00444,kesehatan
ENT-00444,TPB
ENT-00445,kemaritiman
ENT-00445,stunting
ENT-00445,gender
ENT-00446,perdesaan
ENT-00446,perubahan iklim
ENT-00447,stunting
ENT-00447,kemaritiman
ENT-00447,transformasi digital
ENT-00448,SDGs
ENT-00448,gender
ENT-00448,IKN
ENT-00448,stunting
ENT-00449,RPJMN
ENT-00450,investasi
ENT-00450,pendidikan
ENT-00450,Statistik
ENT-00451,perubahan iklim
ENT-00451,green economy
ENT-00452,perubahan iklim
ENT-00452,kemiskinan
ENT-00452,air minum dan sanitasi
ENT-00454,kemiskinan
ENT-00454,RPJMN
ENT-00454,governance
ENT-00455,ketahanan pangan
ENT-00455,UMKM
ENT-00455,Infrastuktur
ENT-00456,evaluasi kinerja
ENT-00456,low carbon development
ENT-00456,infrastruktur
ENT-00457,tatakelola
ENT-00457,evaluasi kinerja
ENT-00458,RPJMN
ENT-00458,ketahanan pangan
ENT-00458,renewable energy
ENT-00459,stunting
ENT-00459,infrastruktur
ENT-00459,kesehatan
ENT-00460,transformasi digital
ENT-00460,pembangunan rendah karbon
ENT-00460,evaluasi kinerja
ENT-00461,pendidikan
ENT-00461,infrastruktur
ENT-00462,ketahanan pangan
ENT-00462,kemiskinan
ENT-00463,ketenagakerjaan
ENT-00463,infrastruktur
ENT-00463,SDGs
ENT-00463,UMKM
ENT-00464,infrastruktur
ENT-00464,pembangunan rendah karbon
ENT-00465,RPJMN
ENT-00465,infrastuktur
ENT-00466,ketahanan pangan
ENT-00466,kesehtan
ENT-00467,infrastructure
ENT-00467,ketenagakerjaan
ENT-00467,investasi
ENT-00468,infrastruktur
ENT-00469,energi baru terbarukan
ENT-00469,kemaritiman
ENT-00469,investasi
ENT-00470,pariwisata
ENT-00470,PRK
ENT-00470,SDGs
ENT-00471,stunting
ENT-00471,EBT
ENT-00472,pariwisata
ENT-00472,infrastruktur
ENT-00473,RPJMN
ENT-00475,RPJMN
ENT-00475,infrastuktur
ENT-00476,RPJMN
ENT-00476,Pembangunan Rendah Karbon
ENT-00476,kemiskinan
ENT-00477,perubahan iklim
ENT-00477,statistik
ENT-00478,governance
ENT-00478,kemiskinan
ENT-00478,evaluasi kinerja
ENT-00478,pendidkan
ENT-00479,Ketenagakerjaan
ENT-00479,pariwisata
ENT-00480,pembangunan rendah karbon
ENT-00480,kemiskinan
ENT-00481,air minum dan sanitasi
ENT-00481,pendidikan
ENT-00481,Kesehtan
ENT-00482,UMKM
ENT-00483,kesehatan
ENT-00483,pembangunan rendah karbon
ENT-00484,ekonomi hijau
ENT-00484,IKN
ENT-00484,investasi
ENT-00485,energi-baru terbarukan
ENT-00485,statistik
ENT-00485,miskin
ENT-00486,UMKM
ENT-00486,Perlindungan Sosial
ENT-00487,perubahan iklim
ENT-00487,investasi
ENT-00488,pendidikan
ENT-00488,tata kelola
ENT-00489,perubahan iklim
ENT-00489,kemiskinan
ENT-00489,evaluasi kinerja
ENT-00489,pendidikan
ENT-00490,IKN
ENT-00491,gender
ENT-00491,RPJMN
ENT-00492,RPJMN
ENT-00492,low carbon development
ENT-00493,kemaritiman
ENT-00494,kemiskinan
ENT-00494,infrastruktur
ENT-00494,kemaritiman
ENT-00495,SDGs
ENT-00495,pembangunan rendah karbon
ENT-00496,statistik
ENT-00496,stunting
ENT-00497,energi-baru terbarukan
ENT-00497,ketahanan pangan
ENT-00498,Pendidikan
ENT-00498,tata kelola
ENT-00498,infrastructure
ENT-00499,Transformasi Digital
ENT-00499,RPJMN
ENT-00500,RPJMN
ENT-00500,kemiskinan
ENT-00501,evaluasi kinerja
ENT-00501,stunting
ENT-00501,air minum dan sanitasi
ENT-00502,evaluasi kinerja
ENT-00502,pendidikan
ENT-00502,ketenagakerjaan
ENT-00503,Transformasi Digital
ENT-00503,kemiskinan
ENT-00503,ketenagakerjaan
ENT-00504,perubahan iklim
ENT-00504,IKN
ENT-00504,perdesaan
ENT-00505,perubahan iklim
ENT-00506,air minum dan sanitasi
ENT-00506,kemiskinan
ENT-00506,ketahanan pangan
ENT-00507,kemaritiman
ENT-00507,ekonomi hijau
ENT-00507,reformasi birokrasi
ENT-00508,pariwisata
ENT-00508,UMKM
ENT-00509,perdesaan
ENT-00510,gender
ENT-00510,reformasi birokrasi
ENT-00511,education
ENT-00512,perdesaan
ENT-00512,UMKM
ENT-00513,kesehatan
ENT-00513,ketenagakerjaan
ENT-00513,ekonomi hijau
ENT-00514,RB
ENT-00514,pembangunan rendah emisi
ENT-00515,Rencana Pembangunan Jangka Menengah Nasional
ENT-00515,evaluasi kinerja
ENT-00516,perlindungan sosial
ENT-00516,IKN
ENT-00517,Kemiskinan
ENT-00517,stunting
ENT-00518,green economy
ENT-00518,pariwisata
ENT-00518,SDGs
ENT-00519,Investasi
ENT-00520,tujuan pembangunan berkelanjutan
ENT-00520,ekonomi hijau
ENT-00521,Pembangunan Rendah Emisi
ENT-00521,perubahan iklim
ENT-00522,energi baru terbarukan
ENT-00522,evaluasi kinerja
ENT-00522,perlindungan sosial
ENT-00523,perlindungan sosial
ENT-00523,tujuan pembangunan berkelanjutan
ENT-00523,infrastructure
ENT-00523,pendidikan
ENT-00524,air-minum dan sanitasi
ENT-00524,evaluasi kinerja
ENT-00524,pendidkan
ENT-00525,kesehatan
ENT-00525,kemiskinan
ENT-00525,RPJMN
ENT-00526,ekonomi hijau
ENT-00526,pembangunan rendah karbon
ENT-00527,governance
ENT-00527,kesehtan
ENT-00527,ketahanan pangan
ENT-00528,kemiskinan
ENT-00528,infrastructure
ENT-00528,Perubahan Iklim
ENT-00529,pendidkan
ENT-00529,air minum dan sanitasi
ENT-00529,Sdgs
ENT-00530,perubahan iklim
ENT-00530,ekonomi hijau
ENT-00531,statistik
ENT-00531,tata kelola
ENT-00531,pembangunan rendah karbon
ENT-00532,transformasi digital
ENT-00532,Health
ENT-00532,IKN
ENT-00533,infrastruktur
ENT-00533,energi baru terbarukan
ENT-00533,RPJMN
ENT-00534,transformasi digital
ENT-00534,perubahan iklim
ENT-00534,gagal tumbuh
ENT-00535,kemiskinan
ENT-00535,UMKM
ENT-00536,tata kelola
ENT-00537,Ketenagakerjaan
ENT-00537,PRK
ENT-00537,pariwisata
ENT-00538,transformasi digital
ENT-00538,infrastructure
ENT-00538,kesehtan
ENT-00538,ketenagakerjaan
ENT-00539,pembangunan-rendah karbon
ENT-00540,RPJMN
ENT-00540,Kemiskinan
ENT-00541,IKN
ENT-00541,pariwisata
ENT-00542,pembangunan rendah karbon
ENT-00542,IKN
ENT-00543,reformasi birokrasi
ENT-00544,perubahan iklim
ENT-00544,pendidikan
ENT-00544,Investasi
ENT-00545,tujuan pembangunan berkelanjutan
ENT-00545,Ekonomi Hijau
ENT-00546,evaluasi kinerja
ENT-00547,gender
ENT-00547,kemiskinan
ENT-00548,investasi
ENT-00548,ketahanan pangan
ENT-00549,IKN
ENT-00549,PRK
ENT-00550,statistik
ENT-00550,RPJMN
ENT-00551,usaha mikro kecil dan menengah
ENT-00551,kemiskinan
ENT-00553,ekonomi hijau
ENT-00553,Kemaritiman
ENT-00553,infrastruktur
ENT-00554,perubahan iklim
ENT-00554,energi baru terbarukan
ENT-00555,ketahanan pangan
ENT-00555,infrastructure
ENT-00555,evaluasi kinerja
ENT-00556,transformasi digital
ENT-00556,evaluasi kinerja
ENT-00557,miskin
ENT-00557,stunting
ENT-00557,Rencana Pembangunan Jangka Menengah Nasional
ENT-00558,stunting
ENT-00558,ketahanan pangan
ENT-00558,air minum dan sanitasi
ENT-00559,pendidikan
ENT-00559,food security
ENT-00560,UMKM
ENT-00561,perlindungan sosial
ENT-00561,Infrastruktur
ENT-00561,TPB
ENT-00564,kemiskinan
ENT-00565,ketenagakerjaan
ENT-00565,gender
ENT-00565,IKN
ENT-00566,SDGs
ENT-00567,IKN
ENT-00567,perubahan iklim
ENT-00567,kemiskinan
ENT-00570,stunting
ENT-00570,perdesaan
ENT-00571,kemiskinan
ENT-00572,perdesaan
ENT-00573,pendidikan
ENT-00574,IKN
ENT-00574,stunting
ENT-00574,reformasi birokrasi
ENT-00575,IKN
ENT-00575,infrastruktur
ENT-00575,perdesaan
ENT-00577,reformasi birokrasi
ENT-00577,kemiskinan
ENT-00578,investasi
ENT-00578,infrastruktur
ENT-00579,perdesaan
ENT-00579,gender
ENT-00580,kemiskinan
ENT-00580,IKN
ENT-00580,UMKM
ENT-00581,evaluasi kinerja
ENT-00582,EBT
ENT-00582,Sdgs
ENT-00583,perlindungan sosial
ENT-00584,kemiskinan
ENT-00585,IKN
ENT-00586,kesehatan
ENT-00586,UMKM
ENT-00586,tujuan pembangunan berkelanjutan
ENT-00587,kesehatan
ENT-00587,infrastruktur
ENT-00587,ekonomi hijau
ENT-00588,ekonomi hijau
ENT-00588,transformasi digital
ENT-00588,kemaritiman
ENT-00589,ekonomi hijau
ENT-00589,stunting
ENT-00590,ketenagakerjaan
ENT-00590,UKM
ENT-00590,RPJMN
ENT-00591,pembangunan rendah karbon
ENT-00592,infrastruktur
ENT-00592,Pariwisata
ENT-00593,perubahan iklim
ENT-00594,kemaritiman
ENT-00595,kemiskinan
ENT-00596,Air Minum Dan Sanitasi
ENT-00596,transformasi digital
ENT-00597,ketenagakerjaan
ENT-00597,investasi
ENT-00597,Transformasi Digital
ENT-00598,transformasi digital
ENT-00598,infrastuktur
ENT-00598,kemiskinan
ENT-00599,perubahan iklim
ENT-00599,transformasi digital
ENT-00600,pendidikan
ENT-00601,RPJMN
ENT-00601,ketahanan pangan
ENT-00601,statistik
ENT-00602,ketahanan pangan
ENT-00602,pariwisata
ENT-00603,tata kelola
ENT-00603,health
ENT-00604,RPJMN
ENT-00604,air minum dan sanitasi
ENT-00605,ekonomi hijau
ENT-00605,infrastruktur
ENT-00606,transformasi digital
ENT-00606,perlindungan sosial
ENT-00606,green economy
ENT-00607,energi baru terbarukan
ENT-00607,gender
ENT-00608,pariwisata
ENT-00608,perlindungan sosial
ENT-00609,tata kelola
ENT-00609,Perubahan Iklim
ENT-00609,energi baru terbarukan
ENT-00609,gender
ENT-00610,Pariwisata
ENT-00610,statistik
ENT-00610,usaha mikro kecil dan menengah
ENT-00611,climate change
ENT-00611,education
ENT-00612,perubahan iklim
ENT-00612,stunting
ENT-00612,RPJMN
ENT-00612,pariwisata
ENT-00613,perlindungan sosial
ENT-00614,kemaritiman
ENT-00614,RPJMN
ENT-00614,ketenagakerjaan
ENT-00615,infrastruktur
ENT-00615,tujuan pembangunan berkelanjutan
ENT-00616,investasi
ENT-00616,kemaritiman
ENT-00617,transformasi digital
ENT-00617,perdesaan
ENT-00618,EBT
ENT-00618,RPJMN
ENT-00619,ketenagakerjaan
ENT-00619,pariwisata
ENT-00619,UMKM
ENT-00620,kemiskinan
ENT-00620,statistik
ENT-00620,UMKM
ENT-00621,pendidkan
ENT-00621,kesehatan
ENT-00621,food security
ENT-00622,pariwisata
ENT-00622,EBT
ENT-00622,infrastruktur
ENT-00623,pariwisata
ENT-00623,kesehatan
ENT-00623,kemiskinan
ENT-00624,gender
ENT-00626,RPJMN
ENT-00626,perdesaan
ENT-00626,pembangunan rendah karbon
ENT-00627,UMKM
ENT-00627,tatakelola
ENT-00627,TPB
ENT-00628,SDGs
ENT-00628,pariwisata
ENT-00628,investasi
ENT-00629,evaluasi kinerja
ENT-00629,investasi
ENT-00629,SDGs
ENT-00630,Tata Kelola
ENT-00630,ketenagakerjaan
ENT-00631,kemiskinan
ENT-00631,IKN
ENT-00632,infrastruktur
ENT-00632,perubahan iklim
ENT-00632,evaluasi kinerja
ENT-00633,transformasi digital
ENT-00633,Air Minum Dan Sanitasi
ENT-00633,Reformasi Birokrasi
ENT-00634,evaluasi kinerja
ENT-00634,gender
ENT-00634,stunting
ENT-00635,pembangunan rendah karbon
ENT-00635,Tata Kelola
ENT-00636,ketahanan pangan
ENT-00636,IKN
ENT-00636,gender
ENT-00637,UMKM
ENT-00637,energi baru terbarukan
ENT-00637,perubahan iklim
ENT-00637,stunting
ENT-00638,stunting
ENT-00638,usaha mikro kecil dan menengah
ENT-00638,Gender
ENT-00639,kemiskinan
ENT-00639,stunting
ENT-00641,UMKM
ENT-00642,evaluasi kinerja
ENT-00642,governance
ENT-00643,investasi
ENT-00643,stunting
ENT-00643,perdesaan
ENT-00644,kesehatan
ENT-00644,pendidikan
ENT-00645,kemiskinan
ENT-00645,evaluasi kinerja
ENT-00646,ketahanan pangan
ENT-00646,stunting
ENT-00647,Ibu Kota Nusantara
ENT-00648,TPB
ENT-00648,UMKM
ENT-00649,tata kelola
ENT-00649,UMKM
ENT-00650,Perlindungan Sosial
ENT-00651,tata kelola
ENT-00651,UMKM
ENT-00651,perdesaan
ENT-00652,kemaritiman
ENT-00652,kesehtan
ENT-00653,gender
ENT-00653,infrastruktur
ENT-00654,pendidikan
ENT-00654,pedesaan
ENT-00656,perdesaan
ENT-00656,kesehatan
ENT-00657,pendidikan
ENT-00657,perdesaan
ENT-00657,tengkes
ENT-00658,Tata Kelola
ENT-00658,perdesaan
ENT-00658,ekonomi hijau
ENT-00659,perlindungan sosial
ENT-00659,pembangunan rendah karbon
ENT-00659,evaluasi kinerja
ENT-00660,kemiskinan
ENT-00660,ketenagakerjaan
ENT-00661,kemaritiman
ENT-00661,kemiskinan
ENT-00661,reformasi birokrasi
ENT-00661,SDGs
ENT-00662,perlindungan sosial
ENT-00662,pendidikan
ENT-00662,RPJMN
ENT-00663,pembangunan rendah karbon
ENT-00663,energi baru terbarukan
ENT-00663,perlindungan sosial
ENT-00664,Reformasi Birokrasi
ENT-00664,Rencana Pembangunan Jangka Menengah Nasional
ENT-00664,investasi
ENT-00665,gender
ENT-00665,ketenagakerjaan
ENT-00666,poverty
ENT-00666,stunting
ENT-00666,kemaritiman
ENT-00667,pembangunan rendah karbon
ENT-00667,evaluasi kinerja
ENT-00668,pendidikan
ENT-00669,ketahanan pangan
ENT-00669,Investasi
ENT-00670,TPB
ENT-00670,Digitalisasi
ENT-00670,perdesaan
ENT-00671,ekonomi hijau
ENT-00671,tata kelola
ENT-00671,perlindungan sosial
ENT-00671,kesehatan
ENT-00672,infrastruktur
ENT-00672,RPJMN
ENT-00673,tata kelola
ENT-00673,kesehatan
ENT-00673,EBT
ENT-00674,transformasi digital
ENT-00674,pariwisata
ENT-00674,statistik
ENT-00675,Rencana Pembangunan Jangka Menengah Nasional
ENT-00675,SDGs
ENT-00676,UMKM
ENT-00676,perdesaan
ENT-00676,infrastruktur
ENT-00676,kesehatan
ENT-00677,ekonomi hijau
ENT-00678,evaluasi kinerja
ENT-00678,perdesaan
ENT-00678,ketahanan pangan
ENT-00680,tata kelola
ENT-00680,UMKM
ENT-00681,perdesaan
ENT-00681,ketenagakerjaan
ENT-00681,miskin
ENT-00681,reformasi birokrasi
ENT-00682,perlindungan sosial
ENT-00683,food security
ENT-00684,SDGs
ENT-00685,ketenagakerjaan
ENT-00685,health
ENT-00685,evaluasi kinerja
ENT-00686,kemaritiman
ENT-00686,kemiskinan
ENT-00686,transformasi digital
ENT-00687,pembangunan rendah karbon
ENT-00687,kemiskinan
ENT-00688,education
ENT-00688,SDGs
ENT-00688,Gagal Tumbuh
ENT-00689,kesehatan
ENT-00689,transformasi digital
ENT-00690,education
ENT-00690,ekonomi hijau
ENT-00691,ketahanan pangan
ENT-00691,tata kelola
ENT-00692,infrastruktur
ENT-00692,UMKM
ENT-00692,reformasi birokrasi
ENT-00692,RPJMN
ENT-00693,perdesaan
ENT-00693,PRK
ENT-00694,gender
ENT-00694,Air Minum Dan Sanitasi
ENT-00695,pariwisata
ENT-00698,air minum dan sanitasi
ENT-00698,tatakelola
ENT-00699,transformasi digital
ENT-00699,pendidikan
ENT-00699,IKN
ENT-00701,infrastructure
ENT-00701,IKN
ENT-00702,stunting
ENT-00702,Reformasi Birokrasi
ENT-00702,air minum dan sanitasi
ENT-00703,pariwisata
ENT-00703,Stunting
ENT-00703,digital transformation
ENT-00705,pendidikan
ENT-00705,stunting
ENT-00705,kemaritiman
ENT-00706,evaluasi kinerja
ENT-00707,governance
ENT-00709,energi baru terbarukan
ENT-00709,Stunting
ENT-00709,infrastructure
ENT-00710,gender
ENT-00711,kesehatan
ENT-00711,UMKM
ENT-00712,kemaritiman
ENT-00712,reformasi birokrasi
ENT-00712,pendidikan
ENT-00712,perubahan iklim
ENT-00713,IKN
ENT-00713,infrastruktur
ENT-00714,kesehatan
ENT-00714,UMKM
ENT-00714,gender
ENT-00715,pendidikan
ENT-00715,kesehatan
ENT-00716,renewable energy
ENT-00716,pendidikan
ENT-00716,gagal tumbuh
ENT-00717,ekonomi hijau
ENT-00717,infrastruktur
ENT-00717,pendidikan
ENT-00718,SDGs
ENT-00718,perubahan iklim
ENT-00719,pembangunan rendah karbon
ENT-00719,tata kelola
ENT-00720,UMKM
ENT-00720,SDGs
ENT-00721,IKN
ENT-00721,statistik
ENT-00721,infrastruktur
ENT-00722,investasi
ENT-00723,miskin
ENT-00723,tujuan pembangunan berkelanjutan
ENT-00723,tata kelola
ENT-00724,energi baru terbarukan
ENT-00725,perubahan iklim
ENT-00725,kemiskinan
ENT-00726,infrastruktur
ENT-00726,stunting
ENT-00726,Perdesaan
ENT-00727,SDGs
ENT-00727,pariwisata
ENT-00727,Perubahan Iklim
ENT-00727,kemiskinan
ENT-00728,stunting
ENT-00728,Kemiskinan
ENT-00729,infrastruktur
ENT-00730,infrastruktur
ENT-00730,kemaritiman
ENT-00730,ekonomi hijau
ENT-00731,Tata Kelola
ENT-00731,RPJMN
ENT-00732,ketahanan pangan
ENT-00732,pedesaan
ENT-00732,perubahan iklim
ENT-00733,ketenagakerjaan
ENT-00733,stunting
ENT-00733,statistik
ENT-00734,pariwisata
ENT-00734,pendidkan
ENT-00734,infrastruktur
ENT-00737,pembangunan rendah karbon
ENT-00737,SDGs
ENT-00737,energi baru terbarukan
ENT-00738,ketahanan pangan
ENT-00738,IKN
ENT-00739,evaluasi kinerja
ENT-00739,IKN
ENT-00739,perdesaan
ENT-00740,air minum dan sanitasi
ENT-00740,investasi
ENT-00740,perubahan iklim
ENT-00741,kesehatan
ENT-00741,pariwisata
ENT-00742,Sdgs
ENT-00742,perdesaan
ENT-00743,investasi
ENT-00743,miskin
ENT-00743,infrastruktur
ENT-00744,evaluasi kinerja
ENT-00745,stunting
ENT-00745,pembangunan rendah karbon
ENT-00746,IKN
ENT-00746,food security
ENT-00748,UMKM
ENT-00751,air minum dan sanitasi
ENT-00751,pembangunan rendah karbon
ENT-00751,transformasi digital
ENT-00752,kemaritiman
ENT-00752,energi baru terbarukan
ENT-00753,air minum dan sanitasi
ENT-00753,ekonomi hijau
ENT-00754,Energi Baru Terbarukan
ENT-00755,tata kelola
ENT-00755,perubahan iklim
ENT-00755,kesehatan
ENT-00756,perubahan iklim
ENT-00756,investasi
ENT-00756,stunting
ENT-00757,transformasi digital
ENT-00757,pariwisata
ENT-00758,infrastruktur
ENT-00759,ketenagakerjaan
ENT-00759,stunting
ENT-00759,gender
ENT-00760,SDGs
ENT-00760,Evaluasi Kinerja
ENT-00761,SDGs
ENT-00761,low carbon development
ENT-00762,SDGs
ENT-00762,pariwisata
ENT-00763,pariwisata
ENT-00763,UMKM
ENT-00763,perdesaan
ENT-00763,Evaluasi Kinerja
ENT-00764,evaluasi kinerja
ENT-00764,EBT
ENT-00766,digitalisasi
ENT-00767,energi baru terbarukan
ENT-00767,IKN
ENT-00770,kesehatan
ENT-00770,stunting
ENT-00771,transformasi digital
ENT-00771,Kemiskinan
ENT-00772,kemiskinan
ENT-00772,air minum dan sanitasi
ENT-00773,energi baru terbarukan
ENT-00773,SDGs
ENT-00774,transformasi digital
ENT-00774,ketahanan pangan
ENT-00776,Pendidikan
ENT-00776,kemiskinan
ENT-00776,ketahanan pangan
ENT-00777,stunting
ENT-00777,Kesehtan
ENT-00777,air minum dan sanitasi
ENT-00777,renewable energy
ENT-00778,ketahanan pangan
ENT-00778,air minum dan sanitasi
ENT-00778,pariwisata
ENT-00780,stunting
ENT-00780,perlindungan sosial
ENT-00780,pendidikan
ENT-00782,ketahanan pangan
ENT-00782,energi baru terbarukan
ENT-00782,kesehatan
ENT-00783,tata kelola
ENT-00783,perlindungan sosial
ENT-00784,Ibu Kota Nusantara
ENT-00784,kesehatan
ENT-00784,infrastuktur
ENT-00785,UMKM
ENT-00785,energi baru terbarukan
ENT-00785,kesehtan
ENT-00786,Pedesaan
ENT-00786,ketahanan pangan
ENT-00786,climate change
ENT-00787,tata kelola
ENT-00787,ekonomi hijau
ENT-00787,investasi
ENT-00787,Infrastruktur
ENT-00788,reformasi birokrasi
ENT-00788,perlindungan sosial
ENT-00789,ketahanan pangan
ENT-00789,Pendidikan
ENT-00790,Poverty
ENT-00790,tata kelola
ENT-00791,transformasi digital
ENT-00791,pembangunan rendah karbon
ENT-00792,digital transformation
ENT-00792,energi baru terbarukan
ENT-00793,perdesaan
ENT-00793,investasi
ENT-00793,stunting
ENT-00794,SDGs
ENT-00794,infrastruktur
ENT-00795,transformasi digital
ENT-00795,kesehatan
ENT-00796,UMKM
ENT-00796,pembangunan-rendah karbon
ENT-00797,infrastruktur
ENT-00797,air minum dan sanitasi
ENT-00797,pedesaan
ENT-00798,health
ENT-00798,infrastruktur
ENT-00798,IKN
ENT-00799,kesehatan
ENT-00799,Infrastruktur
ENT-00799,UMKM
ENT-00800,reformasi birokrasi
ENT-00800,IKN
ENT-00801,energi baru terbarukan
ENT-00801,perlindungan sosial
ENT-00801,pembangunan rendah emisi
ENT-00802,IKN
ENT-00802,UMKM
ENT-00802,poverty
ENT-00803,kemiskinan
ENT-00803,infrastruktur
ENT-00804,ekonomi hijau
ENT-00804,UMKM
ENT-00805,pendidikan
ENT-00805,evaluasi kinerja
ENT-00806,kesehatan
ENT-00807,IKN
ENT-00807,Reformasi Birokrasi
ENT-00807,perubahan iklim
ENT-00807,Energi Baru Terbarukan
ENT-00808,Climate Change
ENT-00808,Ketahanan Pangan
ENT-00809,ketahanan pangan
ENT-00809,renewable energy
ENT-00809,IKN
ENT-00810,pembangunan rendah karbon
ENT-00810,kesehatan
ENT-00811,ekonomi hijau
ENT-00811,health
ENT-00811,investasi
ENT-00812,RPJMN
ENT-00812,Sdgs
ENT-00812,air minum dan sanitasi
ENT-00812,infrastruktur
ENT-00813,air minum dan sanitasi
ENT-00814,UMKM
ENT-00815,kemaritiman
ENT-00815,ketenagakerjaan
ENT-00815,SDGs
ENT-00816,perubahan iklim
ENT-00817,kemaritiman
ENT-00817,statistik
ENT-00817,transformasi digital
ENT-00818,poverty
ENT-00818,infrastruktur
ENT-00819,PRK
ENT-00819,kemaritiman
ENT-00821,perlindungan sosial
ENT-00821,Reformasi Birokrasi
ENT-00821,gagal tumbuh
ENT-00822,UMKM
ENT-00823,SDGs
ENT-00823,ketahanan pangan
ENT-00823,kesehatan
ENT-00824,pendidikan
ENT-00824,kemaritiman
ENT-00826,energi baru terbarukan
ENT-00826,RB
ENT-00827,statistik
ENT-00828,pendidikan
ENT-00828,stunting
ENT-00828,investasi
ENT-00829,usaha mikro kecil dan menengah
ENT-00830,infrastructure
ENT-00830,Ekonomi Hijau
ENT-00831,perubahan iklim
ENT-00831,reformasi birokrasi
ENT-00831,RPJMN
ENT-00832,infrastructure
ENT-00833,infrastructure
ENT-00833,Ketahanan Pangan
ENT-00834,kemiskinan
ENT-00835,evaluasi kinerja
ENT-00835,kemaritiman
ENT-00836,Pembangunan Rendah Karbon
ENT-00836,air minum dan sanitasi
ENT-00836,infrastruktur
ENT-00836,UMKM
ENT-00837,ketenagakerjaan
ENT-00837,RPJMN
ENT-00837,investasi
ENT-00838,gagal tumbuh
ENT-00838,kemaritiman
ENT-00838,pariwisata
ENT-00839,pendidikan
ENT-00839,UMKM
ENT-00839,perlindungan-sosial
ENT-00840,RB
ENT-00841,pendidikan
ENT-00841,Ketenagakerjaan
ENT-00842,ketenagakerjaan
ENT-00842,UMKM
ENT-00843,ketenagakerjaan
ENT-00843,Perlindungan Sosial
ENT-00844,RPJMN
ENT-00844,infrastruktur
ENT-00845,ketahanan pangan
ENT-00845,tata kelola
ENT-00845,air minum dan sanitasi
ENT-00845,kemaritiman
ENT-00846,food security
ENT-00847,kesehatan
ENT-00847,tata kelola
ENT-00848,ketenagakerjaan
ENT-00848,IKN
ENT-00849,evaluasi kinerja
ENT-00849,pendidkan
ENT-00850,ketenagakerjaan
ENT-00851,TPB
ENT-00852,pendidikan
ENT-00852,transformasi digital
ENT-00853,Miskin
ENT-00853,TPB
ENT-00854,RPJMN
ENT-00855,green economy
ENT-00855,energi baru terbarukan
ENT-00856,infrastruktur
ENT-00856,kemiskinan
ENT-00858,air minum dan sanitasi
ENT-00858,kemaritiman
ENT-00859,pendidikan
ENT-00859,ketenagakerjaan
ENT-00860,poverty
ENT-00861,stunting
ENT-00861,air minum dan sanitasi
ENT-00862,Pembangunan Rendah Emisi
ENT-00862,Education
ENT-00863,transformasi digital
ENT-00865,ketahanan-pangan
ENT-00865,UMKM
ENT-00865,perubahan iklim
ENT-00866,infrastruktur
ENT-00866,perubahan iklim
ENT-00866,RPJMN
ENT-00867,ketahanan-pangan
ENT-00867,perdesaan
ENT-00868,Reformasi Birokrasi
ENT-00868,perubahan iklim
ENT-00869,air minum dan sanitasi
ENT-00869,perlindungan sosial
ENT-00869,RPJMN
ENT-00870,stunting
ENT-00870,kesehatan
ENT-00870,Rencana Pembangunan Jangka Menengah Nasional
ENT-00871,evaluasi kinerja
ENT-00872,IKN
ENT-00872,digital transformation
ENT-00872,Investasi
ENT-00873,IKN
ENT-00873,tata kelola
ENT-00874,tata kelola
ENT-00874,evaluasi kinerja
ENT-00874,transformasi digital
ENT-00875,stunting
ENT-00875,perubahan iklim
ENT-00876,pendidikan
ENT-00877,evaluasi kinerja
ENT-00878,Tatakelola
ENT-00878,RB
ENT-00878,RPJMN
ENT-00879,Pendidikan
ENT-00879,pembangunan rendah karbon
ENT-00880,kemaritiman
ENT-00880,SDGs
ENT-00880,UMKM
ENT-00881,RPJMN
ENT-00881,transformasi digital
ENT-00881,reformasi birokrasi
ENT-00882,Kemiskinan
ENT-00882,SDGs
ENT-00882,investasi
ENT-00883,pembangunan rendah karbon
ENT-00883,IKN
ENT-00884,RPJMN
ENT-00884,Perubahan Iklim
ENT-00885,kesehatan
ENT-00886,tata kelola
ENT-00886,pendidkan
ENT-00886,perdesaan
ENT-00887,kesehatan
ENT-00887,gender
ENT-00887,pendidikan
ENT-00888,SDGs
ENT-00888,RPJMN
ENT-00888,Kesehtan
ENT-00889,RPJMN
ENT-00889,infrastuktur
ENT-00890,infrastruktur
ENT-00890,perubahan iklim
ENT-00890,IKN
ENT-00891,pendidkan
ENT-00891,energi baru terbarukan
ENT-00891,infrastuktur
ENT-00892,PRK
ENT-00892,transformasi digital
ENT-00892,reformasi birokrasi
ENT-00892,miskin
ENT-00893,pendidikan
ENT-00893,investasi
ENT-00893,pembangunan rendah karbon
ENT-00894,ketahanan pangan
ENT-00894,ketenagakerjaan
ENT-00894,pendidikan
ENT-00895,UMKM
ENT-00895,pendidkan
ENT-00896,evaluasi kinerja
ENT-00897,statistik
ENT-00897,stunting
ENT-00898,renewable energy
ENT-00898,infrastuktur
ENT-00898,Governance
ENT-00900,tata kelola
ENT-00900,investasi
ENT-00900,kemaritiman
ENT-00901,IKN
ENT-00901,pendidikan
ENT-00902,energi baru terbarukan
ENT-00902,kesehatan
ENT-00903,reformasi birokrasi
ENT-00904,kemiskinan
ENT-00904,infrastruktur
ENT-00905,energi baru terbarukan
ENT-00906,miskin
ENT-00906,transformasi digital
ENT-00907,kemaritiman
ENT-00907,ekonomi hijau
ENT-00908,IKN
ENT-00908,perubahan iklim
ENT-00909,SDGs
ENT-00909,infrastruktur
ENT-00909,pembangunan rendah karbon
ENT-00910,pariwisata
ENT-00910,infrastruktur
ENT-00911,investasi
ENT-00911,RPJMN
ENT-00912,ketahanan pangan
ENT-00912,PRK
ENT-00913,Rencana Pembangunan Jangka Menengah Nasional
ENT-00913,energi baru terbarukan
ENT-00913,UMKM
ENT-00914,digitalisasi
ENT-00914,pendidikan
ENT-00914,IKN
ENT-00915,RPJMN
ENT-00915,kemiskinan
ENT-00916,Tata Kelola
ENT-00916,SDGs
ENT-00917,perlindungan sosial
ENT-00917,stunting
ENT-00918,Renewable Energy
ENT-00918,RPJMN
ENT-00919,perlindungan sosial
ENT-00919,pembangunan-rendah karbon
ENT-00919,perubahan iklim
ENT-00920,kemaritiman
ENT-00920,tatakelola
ENT-00921,ketenagakerjaan
ENT-00921,infrastruktur
ENT-00921,kemiskinan
ENT-00922,RB
ENT-00922,evaluasi kinerja
ENT-00922,poverty
ENT-00923,perdesaan
ENT-00923,infrastruktur
ENT-00923,air minum dan sanitasi
ENT-00924,perubahan iklim
ENT-00924,Ketahanan Pangan
ENT-00924,IKN
ENT-00925,perubahan iklim
ENT-00925,transformasi digital
ENT-00925,kemiskinan
ENT-00926,stunting
ENT-00926,kemiskinan
ENT-00927,UMKM
ENT-00927,Kemiskinan
ENT-00927,perdesaan
ENT-00928,pariwisata
ENT-00928,UMKM
ENT-00929,ekonomi hijau
ENT-00929,kemiskinan
ENT-00929,TPB
ENT-00929,infrastruktur
ENT-00930,low carbon development
ENT-00930,investasi
ENT-00930,poverty
ENT-00931,reformasi birokrasi
ENT-00931,transformasi digital
ENT-00932,UMKM
ENT-00932,stunting
ENT-00932,ketenagakerjaan
ENT-00933,RPJMN
ENT-00933,reformasi birokrasi
ENT-00934,pariwisata
ENT-00934,reformasi birokrasi
ENT-00935,Ketenagakerjaan
ENT-00935,statistik
ENT-00936,Air Minum Dan Sanitasi
ENT-00936,UMKM
ENT-00936,RPJMN
ENT-00937,Green Economy
ENT-00937,PRK
ENT-00938,kemiskinan
ENT-00938,RB
ENT-00938,perdesaan
ENT-00939,digital transformation
ENT-00939,RPJMN
ENT-00939,SDGs
ENT-00940,SDGs
ENT-00940,evaluasi kinerja
ENT-00941,Ekonomi Hijau
ENT-00941,perdesaan
ENT-00942,infrastruktur
ENT-00942,Perubahan Iklim
ENT-00942,Perlindungan Sosial
ENT-00943,investasi
ENT-00943,infrastruktur
ENT-00943,low carbon development
ENT-00944,ketahanan pangan
ENT-00944,RPJMN
ENT-00945,perlindungan sosial
ENT-00945,Perubahan Iklim
ENT-00945,kesehatan
ENT-00946,gender
ENT-00946,perlindungan sosial
ENT-00946,energi baru terbarukan
ENT-00948,ekonomi hijau
ENT-00948,PRK
ENT-00948,tata kelola
ENT-00949,pembangunan rendah karbon
ENT-00949,stunting
ENT-00950,ekonomi hijau
ENT-00950,ketahanan pangan
ENT-00951,pembangunan rendah karbon
ENT-00951,transformasi digital
ENT-00952,energi baru terbarukan
ENT-00952,investasi
ENT-00952,infrastruktur
ENT-00953,kemiskinan
ENT-00953,RPJMN
ENT-00953,Pendidikan
ENT-00953,ketenagakerjaan
ENT-00954,pendidikan
ENT-00954,pariwisata
ENT-00955,evaluasi kinerja
ENT-00956,investasi
ENT-00956,Air Minum Dan Sanitasi
ENT-00956,education
ENT-00957,stunting
ENT-00957,perubahan iklim
ENT-00957,perdesaan
ENT-00958,tata kelola
ENT-00958,perdesaan
ENT-00959,RPJMN
ENT-00959,Pembangunan Rendah Karbon
ENT-00960,transformasi digital
ENT-00960,usaha mikro kecil dan menengah
ENT-00961,infrastruktur
ENT-00961,pendidikan
ENT-00961,climate change
ENT-00962,pembangunan rendah karbon
ENT-00962,reformasi birokrasi
ENT-00963,energi baru terbarukan
ENT-00964,ketenagakerjaan
ENT-00964,RPJMN
ENT-00964,SDGs
ENT-00965,food security
ENT-00965,Investasi
ENT-00966,SDGs
ENT-00966,transformasi digital
ENT-00966,infrastuktur
ENT-00967,transformasi digital
ENT-00967,perubahan iklim
ENT-00969,kemiskinan
ENT-00970,kemiskinan
ENT-00970,ibukota nusantara
ENT-00972,energi baru terbarukan
ENT-00972,UMKM
ENT-00973,kesehatan
ENT-00973,perubahan iklim
ENT-00974,Pendidikan
ENT-00974,kesehatan
ENT-00974,tata kelola
ENT-00975,UMKM
ENT-00976,perubahan iklim
ENT-00977,RPJMN
ENT-00977,pariwisata
ENT-00978,IKN
ENT-00978,reformasi birokrasi
ENT-00978,ketahanan-pangan
ENT-00978,evaluasi kinerja
ENT-00979,kesehatan
ENT-00980,reformasi-birokrasi
ENT-00983,RPJMN
ENT-00983,evaluasi kinerja
ENT-00983,UMKM
ENT-00984,tatakelola
ENT-00984,pendidikan
ENT-00984,kemiskinan
ENT-00984,kesehatan
ENT-00986,ketenagakerjaan
ENT-00987,pembangunan rendah karbon
ENT-00987,perdesaan
ENT-00987,kesehatan
ENT-00988,SDGs
ENT-00988,reformasi birokrasi
ENT-00988,miskin
ENT-00989,Energi Baru Terbarukan
ENT-00990,pembangunan rendah karbon
ENT-00991,ketahanan pangan
ENT-00991,RPJMN
ENT-00992,SDGs
ENT-00992,pembangunan rendah karbon
ENT-00992,kemaritiman
ENT-00993,perubahan iklim
ENT-00993,ekonomi hijau
ENT-00993,Statistik
ENT-00993,pariwisata
ENT-00994,kemiskinan
ENT-00994,governance
ENT-00994,infrastruktur
ENT-00995,perubahan iklim
ENT-00996,ketenagakerjaan
ENT-00996,Rencana Pembangunan Jangka Menengah Nasional
ENT-00996,pendidikan
ENT-00997,UMKM
ENT-00997,tatakelola
ENT-00997,infrastruktur
ENT-00998,kemaritiman
ENT-00998,perubahan iklim
ENT-00999,investasi
ENT-00999,ekonomi hijau
ENT-01000,kemaritiman
ENT-01001,pendidikan
ENT-01001,evaluasi kinerja
ENT-01002,kemaritiman
ENT-01002,ketenagakerjaan
ENT-01003,Air Minum Dan Sanitasi
ENT-01003,SDGs
ENT-01003,Infrastruktur
ENT-01003,perdesaan
ENT-01004,RPJMN
ENT-01006,perlindungan sosial
ENT-01006,UMKM
ENT-01006,pendidikan
ENT-01007,perlindungan sosial
ENT-01007,miskin
ENT-01007,EBT
ENT-01008,perlindungan sosial
ENT-01009,usaha mikro kecil dan menengah
ENT-01009,IKN
ENT-01010,statistik
ENT-01010,kemiskinan
ENT-01010,SDGs
ENT-01011,kemiskinan
ENT-01011,tujuan pembangunan berkelanjutan
ENT-01012,gender
ENT-01012,kemaritiman
ENT-01012,kemiskinan
ENT-01013,air minum dan sanitasi
ENT-01013,ekonomi hijau
ENT-01013,ketenagakerjaan
ENT-01014,perubahan iklim
ENT-01014,IKN
ENT-01014,reformasi birokrasi
ENT-01016,evaluasi kinerja
ENT-01016,RPJMN
ENT-01016,kemiskinan
ENT-01017,perdesaan
ENT-01017,RB
ENT-01018,Perdesaan
ENT-01018,food security
ENT-01019,investasi
ENT-01019,pendidkan
ENT-01020,UMKM
ENT-01020,RPJMN
ENT-01020,SDGs
ENT-01021,UMKM
ENT-01021,low carbon development
ENT-01022,Pendidikan
ENT-01023,RPJMN
ENT-01023,transformasi digital
ENT-01023,stunting
ENT-01024,pariwisata
ENT-01024,gender
ENT-01027,air minum dan sanitasi
ENT-01027,kesehatan
ENT-01028,infrastuktur
ENT-01028,pembangunan rendah karbon
ENT-01029,health
ENT-01029,governance
ENT-01029,energi baru terbarukan
ENT-01030,stunting
ENT-01031,EBT
ENT-01031,ketahanan-pangan
ENT-01032,investasi
ENT-01032,infrastruktur
ENT-01033,RPJMN
ENT-01033,IKN
ENT-01034,kesehatan
ENT-01034,Kemiskinan
ENT-01034,TPB
ENT-01034,ekonomi hijau
ENT-01035,transformasi digital
ENT-01035,perdesaan
ENT-01036,perlindungan sosial
ENT-01036,kesehatan
ENT-01037,infrastruktur
ENT-01038,kemiskinan
ENT-01038,reformasi birokrasi
ENT-01039,stunting
ENT-01039,pendidikan
ENT-01040,tata kelola
ENT-01040,air minum dan sanitasi
ENT-01040,perdesaan
ENT-01041,UMKM
ENT-01041,EBT
ENT-01041,RPJMN
ENT-01042,gender
ENT-01043,Reformasi Birokrasi
ENT-01043,pendidkan
ENT-01043,kemiskinan
ENT-01044,perlindungan sosial
ENT-01044,Kesehatan
ENT-01045,perdesaan
ENT-01045,infrastuktur
ENT-01045,Kemaritiman
ENT-01046,statistik
ENT-01046,pariwisata
ENT-01047,ekonomi hijau
ENT-01048,ekonomi hijau
ENT-01049,ketahanan-pangan
ENT-01049,UMKM
ENT-01050,reformasi birokrasi
ENT-01051,education
ENT-01051,investasi
ENT-01051,ketenagakerjaan
ENT-01052,pendidikan
ENT-01052,pembangunan rendah karbon
ENT-01053,SDGs
ENT-01053,Pendidikan
ENT-01053,pariwisata
ENT-01054,ekonomi hijau
ENT-01055,pendidikan
ENT-01055,RPJMN
ENT-01056,ketahanan pangan
ENT-01056,ketenagakerjaan
ENT-01056,perlindungan sosial
ENT-01056,RPJMN
ENT-01057,perlindungan sosial
ENT-01057,perubahan-iklim
ENT-01058,kesehatan
ENT-01058,ketenagakerjaan
ENT-01058,education
ENT-01059,pembangunan rendah karbon
ENT-01059,Kesehatan
ENT-01059,tatakelola
ENT-01059,kemaritiman
ENT-01060,RPJMN
ENT-01060,kesehatan
ENT-01060,ketenagakerjaan
ENT-01061,Rencana Pembangunan Jangka Menengah Nasional
ENT-01061,pariwisata
ENT-01062,perubahan iklim
ENT-01062,transformasi digital
ENT-01062,IKN
ENT-01063,infrastructure
ENT-01063,digital transformation
ENT-01063,PRK
ENT-01063,ketahanan pangan
ENT-01064,infrastruktur
ENT-01065,infrastruktur
ENT-01066,perdesaan
ENT-01066,infrastuktur
ENT-01067,energi baru terbarukan
ENT-01067,SDGs
ENT-01068,energi baru terbarukan
ENT-01068,pariwisata
ENT-01068,tata kelola
ENT-01069,investasi
ENT-01069,ketenagakerjaan
ENT-01069,gender
ENT-01070,SDGs
ENT-01070,poverty
ENT-01070,reformasi birokrasi
ENT-01071,pembangunan rendah karbon
ENT-01071,RPJMN
ENT-01071,pariwisata
ENT-01072,RPJMN
ENT-01072,stunting
ENT-01073,food security
ENT-01073,investasi
ENT-01073,ekonomi hijau
ENT-01073,kemaritiman
ENT-01074,IKN
ENT-01074,pariwisata
ENT-01075,pedesaan
ENT-01075,Ekonomi Hijau
ENT-01076,RPJMN
ENT-01076,pembangunan rendah karbon
ENT-01076,air minum dan sanitasi
ENT-01077,EBT
ENT-01077,RPJMN
ENT-01077,perlindungan sosial
ENT-01078,RPJMN
ENT-01078,Perubahan Iklim
ENT-01078,infrastruktur
ENT-01078,pendidikan
ENT-01080,perdesaan
ENT-01080,stunting
ENT-01080,transformasi-digital
ENT-01081,investasi
ENT-01081,perdesaan
ENT-01081,tata kelola
ENT-01082,infrastuktur
ENT-01082,energi baru terbarukan
ENT-01083,statistik
ENT-01083,pendidikan
ENT-01084,IKN
ENT-01084,climate change
ENT-01085,kemiskinan
ENT-01085,IKN
ENT-01085,reformasi birokrasi
ENT-01087,education
ENT-01087,Air Minum Dan Sanitasi
ENT-01088,Infrastruktur
ENT-01088,TPB
ENT-01088,ketenagakerjaan
ENT-01088,gender
ENT-01089,energi baru terbarukan
ENT-01089,transformasi digital
ENT-01090,digitalisasi
ENT-01090,Perubahan Iklim
ENT-01091,PRK
ENT-01092,investasi
ENT-01093,kemaritiman
ENT-01093,Perubahan Iklim
ENT-01094,ketahanan pangan
ENT-01094,pendidikan
ENT-01095,kemaritiman
ENT-01095,UMKM
ENT-01096,ketenagakerjaan
ENT-01096,kemaritiman
ENT-01096,Ketahanan Pangan
ENT-01096,UMKM
ENT-01097,perubahan iklim
ENT-01097,kesehatan
ENT-01097,transformasi digital
ENT-01098,stunting
ENT-01098,gender
ENT-01098,RPJMN
ENT-01099,tengkes
ENT-01099,Perubahan Iklim
ENT-01100,pembangunan rendah karbon
ENT-01100,air minum dan sanitasi
ENT-01100,Reformasi Birokrasi
ENT-01101,kemiskinan
ENT-01101,IKN
ENT-01102,kemiskinan
ENT-01103,ketenagakerjaan
ENT-01104,Rencana Pembangunan Jangka Menengah Nasional
ENT-01104,Perdesaan
ENT-01105,perdesaan
ENT-01105,air minum dan sanitasi
ENT-01105,pendidikan
ENT-01106,UMKM
ENT-01106,RPJMN
ENT-01107,infrastruktur
ENT-01107,IKN
ENT-01107,reformasi birokrasi
ENT-01108,reformasi birokrasi
ENT-01108,PRK
ENT-01109,pariwisata
ENT-01109,Pendidikan
ENT-01110,infrastuktur
ENT-01110,kemiskinan
ENT-01112,RPJMN
ENT-01114,RPJMN
ENT-01115,energi baru terbarukan
ENT-01115,perubahan iklim
ENT-01116,Ibu Kota Nusantara
ENT-01116,kemiskinan
ENT-01117,perdesaan
ENT-01117,ekonomi hijau
ENT-01117,kesehatan
ENT-01118,RPJMN
ENT-01118,UMKM
ENT-01119,statistik
ENT-01119,RPJMN
ENT-01119,ketenagakerjaan
ENT-01120,tujuan pembangunan berkelanjutan
ENT-01121,SDGs
ENT-01121,UMKM
ENT-01121,green economy
ENT-01122,pembangunan rendah karbon
ENT-01122,stunting
ENT-01122,infrastruktur
ENT-01123,reformasi birokrasi
ENT-01123,UMKM
ENT-01123,SDGs
ENT-01124,RPJMN
ENT-01124,transformasi digital
ENT-01124,SDGs
ENT-01124,tata kelola
ENT-01125,UMKM
ENT-01125,RPJMN
ENT-01125,Air Minum Dan Sanitasi
ENT-01126,gender
ENT-01126,kesehatan
ENT-01127,RPJMN
ENT-01128,tengkes
ENT-01128,perubahan iklim
ENT-01129,Rencana Pembangunan Jangka Menengah Nasional
ENT-01129,green economy
ENT-01130,evaluasi-kinerja
ENT-01130,IKN
ENT-01131,usaha mikro kecil dan menengah
ENT-01131,perlindungan sosial
ENT-01131,SDGs
ENT-01131,kesehatan
ENT-01132,infrastruktur
ENT-01132,kesehatan
ENT-01134,ketenagakerjaan
ENT-01134,transformasi digital
ENT-01136,low carbon development
ENT-01136,green economy
ENT-01137,Pendidikan
ENT-01137,gender
ENT-01137,perlindungan sosial
ENT-01139,pariwisata
ENT-01139,gender
ENT-01140,perubahan iklim
ENT-01140,air minum dan sanitasi
ENT-01141,kemiskinan
ENT-01141,ekonomi hijau
ENT-01141,energi baru terbarukan
ENT-01141,gender
ENT-01142,infrastruktur
ENT-01142,energi baru terbarukan
ENT-01143,RPJMN
ENT-01143,stunting
ENT-01143,perdesaan
ENT-01144,kemaritiman
ENT-01144,kesehatan
ENT-01145,kesehatan
ENT-01145,infrastuktur
ENT-01145,ketahanan pangan
ENT-01146,Gender
ENT-01146,ketenagakerjaan
ENT-01147,Energi Baru Terbarukan
ENT-01147,ekonomi hijau
ENT-01147,RPJMN
ENT-01148,investasi
ENT-01148,RPJMN
ENT-01148,infrastuktur
ENT-01149,SDGs
ENT-01149,energi baru terbarukan
ENT-01149,RPJMN
ENT-01150,perubahan iklim
ENT-01150,kemiskinan
ENT-01151,UMKM
ENT-01151,ketahanan pangan
ENT-01151,SDGs
ENT-01152,perlindungan sosial
ENT-01152,pembangunan rendah karbon
ENT-01153,Renewable Energy
ENT-01154,infrastruktur
ENT-01154,perlindungan sosial
ENT-01155,RPJMN
ENT-01155,pedesaan
ENT-01156,ketahanan pangan
ENT-01156,gender
ENT-01156,evaluasi kinerja
ENT-01157,kesehtan
ENT-01157,pembangunan rendah karbon
ENT-01157,EBT
ENT-01158,statistik
ENT-01158,Kesehatan
ENT-01159,Gender
ENT-01159,perubahan iklim
ENT-01159,Tata Kelola
ENT-01160,stunting
ENT-01160,UMKM
ENT-01161,kemiskinan
ENT-01161,Ketenagakerjaan
ENT-01162,statistik
ENT-01162,air minum dan sanitasi
ENT-01163,energi baru terbarukan
ENT-01165,digitalisasi
ENT-01165,education
ENT-01165,SDGs
ENT-01166,digital transformation
ENT-01166,Sdgs
ENT-01167,ekonomi hijau
ENT-01167,investasi
ENT-01168,reformasi-birokrasi
ENT-01168,RPJMN
ENT-01169,kemiskinan
ENT-01169,transformasi digital
ENT-01170,air minum dan sanitasi
ENT-01170,RPJMN
ENT-01171,ketenagakerjaan
ENT-01171,energi baru terbarukan
ENT-01172,pariwisata
ENT-01172,kesehatan
ENT-01172,Reformasi Birokrasi
ENT-01173,ketahanan pangan
ENT-01173,kesehatan
ENT-01173,kemiskinan
ENT-01174,UMKM
ENT-01174,transformasi digital
ENT-01175,IKN
ENT-01175,stunting
ENT-01176,kemaritiman
ENT-01176,Investasi
ENT-01177,SDGs
ENT-01177,UMKM
ENT-01177,tata kelola
ENT-01178,gender
ENT-01178,transformasi digital
ENT-01178,kesehatan
ENT-01179,tata kelola
ENT-01179,IKN
ENT-01180,reformasi birokrasi
ENT-01180,pendidikan
ENT-01181,stunting
ENT-01181,gender
ENT-01181,kesehatan
ENT-01183,tata kelola
ENT-01183,kemiskinan
ENT-01183,infrastruktur
ENT-01184,kemiskinan
ENT-01185,kesehatan
ENT-01185,evaluasi kinerja
ENT-01186,investasi
ENT-01186,RPJMN
ENT-01187,reformasi birokrasi
ENT-01187,Rencana Pembangunan Jangka Menengah Nasional
ENT-01188,perubahan iklim
ENT-01188,UMKM
ENT-01189,Pendidikan
ENT-01189,RPJMN
ENT-01189,transformasi digital
ENT-01190,energi baru terbarukan
ENT-01190,pendidikan
ENT-01191,pendidikan
ENT-01191,gender
ENT-01192,tengkes
ENT-01192,kemiskinan
ENT-01192,tata kelola
ENT-01193,perlindungan sosial
ENT-01193,transformasi digital
ENT-01194,perdesaan
ENT-01194,kesehatan
ENT-01194,kemiskinan
ENT-01195,reformasi birokrasi
ENT-01196,Perdesaan
ENT-01196,gender
ENT-01197,SDGs
ENT-01198,pendidkan
ENT-01199,perubahan iklim
ENT-01200,Investasi
ENT-01200,stunting
ENT-01201,perubahan iklim
ENT-01202,Ekonomi Hijau
ENT-01202,perubahan-iklim
ENT-01203,perlindungan sosial
ENT-01203,reformasi birokrasi
ENT-01204,Air Minum Dan Sanitasi
ENT-01204,stunting
ENT-01204,gender
ENT-01205,SDGs
ENT-01205,gender
ENT-01206,investasi
ENT-01206,energi baru terbarukan
ENT-01206,transformasi digital
ENT-01207,Kesehatan
ENT-01207,infrastruktur
ENT-01207,transformasi digital
ENT-01208,tujuan pembangunan berkelanjutan
ENT-01209,kemaritiman
ENT-01210,stunting
ENT-01210,tata kelola
ENT-01212,transformasi digital
ENT-01212,pariwisata
ENT-01212,UMKM
ENT-01213,kemiskinan
ENT-01213,ketenagakerjaan
ENT-01214,ketenagakerjaan
ENT-01214,transformasi digital
ENT-01214,pendidikan
ENT-01215,Stunting
ENT-01215,transformasi digital
ENT-01215,education
ENT-01217,perubahan iklim
ENT-01218,climate change
ENT-01218,ketahanan pangan
ENT-01219,ketahanan pangan
ENT-01219,kesehatan
ENT-01220,kesehatan
ENT-01220,Ibu Kota Nusantara
ENT-01220,RPJMN
ENT-01220,pendidikan
ENT-01221,gender
ENT-01221,kesehatan
ENT-01222,pariwisata
ENT-01222,IKN
ENT-01223,SDGs
ENT-01223,RPJMN
ENT-01224,pariwisata
ENT-01225,SDGs
ENT-01225,tata kelola
ENT-01226,kemiskinan
ENT-01226,statistik
ENT-01227,low carbon development
ENT-01227,transformasi digital
ENT-01228,perubahan iklim
ENT-01228,UMKM
ENT-01229,usaha mikro kecil dan menengah
ENT-01229,air minum dan sanitasi
ENT-01230,energi baru terbarukan
ENT-01230,kesehatan
ENT-01231,perdesaan
ENT-01231,education
ENT-01232,Pembangunan Rendah Karbon
ENT-01232,investasi
ENT-01232,IKN
ENT-01232,UMKM
ENT-01233,infrastuktur
ENT-01233,UMKM
ENT-01234,reformasi birokrasi
ENT-01234,tata kelola
ENT-01234,Statistik
ENT-01235,pariwisata
ENT-01236,perdesaan
ENT-01236,Pariwisata
ENT-01237,pendidikan
ENT-01237,transformasi digital
ENT-01238,energi baru terbarukan
ENT-01238,Kemiskinan
ENT-01239,renewable energy
ENT-01239,infrastruktur
ENT-01239,Rencana Pembangunan Jangka Menengah Nasional
ENT-01240,kesehatan
ENT-01240,ketahanan pangan
ENT-01241,reformasi birokrasi
ENT-01242,poverty
ENT-01242,ekonomi hijau
ENT-01243,statistik
ENT-01243,ekonomi hijau
ENT-01243,pendidikan
ENT-01244,SDGs
ENT-01244,gender
ENT-01245,transformasi digital
ENT-01246,air minum dan sanitasi
ENT-01246,gender
ENT-01247,digitalisasi
ENT-01247,perlindungan sosial
ENT-01248,RPJMN
ENT-01249,investasi
ENT-01249,Tata Kelola
ENT-01249,statistik
ENT-01250,perlindungan sosial
ENT-01250,kemaritiman
ENT-01251,perdesaan
ENT-01251,UMKM
ENT-01252,perlindungan sosial
ENT-01252,SDGs
ENT-01252,ketenagakerjaan
ENT-01253,evaluasi kinerja
ENT-01253,digital transformation
ENT-01253,UKM
ENT-01254,RPJMN
ENT-01254,kemaritiman
ENT-01255,tata kelola
ENT-01255,perdesaan
ENT-01256,infrastruktur
ENT-01256,ketahanan pangan
ENT-01256,perubahan iklim
ENT-01257,perubahan iklim
ENT-01257,IKN
ENT-01260,energi baru terbarukan
ENT-01261,pendidikan
ENT-01263,transformasi digital
ENT-01264,statistik
ENT-01264,kemiskinan
ENT-01264,gender
ENT-01265,kemiskinan
ENT-01266,digital transformation
ENT-01267,kesehatan
ENT-01267,pendidikan
ENT-01268,pendidikan
ENT-01269,pembangunan rendah karbon
ENT-01269,ekonomi hijau
ENT-01270,Sdgs
ENT-01270,infrastruktur
ENT-01271,kesehatan
ENT-01271,ketahanan pangan
ENT-01271,perdesaan
ENT-01272,UMKM
ENT-01272,statistik
ENT-01273,ketahanan pangan
ENT-01273,ibukota nusantara
ENT-01275,RPJMN
ENT-01275,stunting
ENT-01275,kesehatan
ENT-01276,governance
ENT-01276,IKN
ENT-01277,infrastruktur
ENT-01277,pendidikan
ENT-01278,statistik
ENT-01278,ketahanan pangan
ENT-01279,tata kelola
ENT-01280,poverty
ENT-01280,ketahanan pangan
ENT-01280,energi baru terbarukan
ENT-01281,investasi
ENT-01281,green economy
ENT-01281,evaluasi kinerja
ENT-01282,tata kelola
ENT-01282,ekonomi hijau
ENT-01282,perlindungan sosial
ENT-01283,kesehtan
ENT-01283,infrastruktur
ENT-01284,UMKM
ENT-01284,kesehatan
ENT-01285,kesehtan
ENT-01285,energi baru terbarukan
ENT-01285,poverty
ENT-01286,investasi
ENT-01286,pendidikan
ENT-01286,kesehatan
ENT-01286,pembangunan rendah karbon
ENT-01287,tata kelola
ENT-01287,kemiskinan
ENT-01288,Reformasi Birokrasi
ENT-01288,RPJMN
ENT-01289,perubahan iklim
ENT-01289,IKN
ENT-01289,kemiskinan
ENT-01290,stunting
ENT-01290,gender
ENT-01290,ibukota nusantara
ENT-01291,IKN
ENT-01291,transformasi digital
ENT-01291,kemiskinan
ENT-01292,transformasi digital
ENT-01293,tata kelola
ENT-01293,kemaritiman
ENT-01293,pariwisata
ENT-01294,SDGs
ENT-01294,ketahanan pangan
ENT-01294,kemiskinan
ENT-01295,pembangunan rendah karbon
ENT-01295,reformasi birokrasi
ENT-01295,investasi
ENT-01296,Kemiskinan
ENT-01296,reformasi birokrasi
ENT-01296,RPJMN
ENT-01297,kemaritiman
ENT-01297,Pariwisata
ENT-01297,low carbon development
ENT-01298,investasi
ENT-01300,RPJMN
ENT-01300,Infrastruktur
ENT-01300,green economy
ENT-01301,transformasi digital
ENT-01301,UMKM
ENT-01302,low carbon development
ENT-01304,ketenagakerjaan
ENT-01304,UMKM
ENT-01305,RPJMN
ENT-01305,IKN
ENT-01305,kemaritiman
ENT-01306,pariwisata
ENT-01306,transformasi digital
ENT-01307,gender
ENT-01307,energi baru terbarukan
ENT-01307,kemiskinan
ENT-01308,evaluasi kinerja
ENT-01308,transformasi digital
ENT-01309,perdesaan
ENT-01309,ketahanan pangan
ENT-01310,SDGs
ENT-01311,RPJMN
ENT-01311,IKN
ENT-01312,pembangunan rendah karbon
ENT-01312,RPJMN
ENT-01312,education
ENT-01312,UMKM
ENT-01313,digital transformation
ENT-01313,air minum dan sanitasi
ENT-01314,infrastruktur
ENT-01315,reformasi birokrasi
ENT-01315,tata kelola
ENT-01315,perlindungan sosial
ENT-01316,RPJMN
ENT-01316,perubahan iklim
ENT-01316,transformasi digital
ENT-01317,Gender
ENT-01317,perlindungan sosial
ENT-01318,infrastruktur
ENT-01318,governance
ENT-01318,pendidkan
ENT-01319,PRK
ENT-01319,digitalisasi
ENT-01320,tata kelola
ENT-01320,kemiskinan
ENT-01320,pendidikan
ENT-01321,reformasi birokrasi
ENT-01321,UMKM
ENT-01322,tata kelola
ENT-01322,IKN
ENT-01323,RPJMN
ENT-01323,pariwisata
ENT-01324,infrastruktur
ENT-01324,Perdesaan
ENT-01325,transformasi digital
ENT-01325,UMKM
ENT-01325,perdesaan
ENT-01326,evaluasi kinerja
ENT-01326,air minum dan sanitasi
ENT-01326,perdesaan
ENT-01327,ketahanan pangan
ENT-01327,transformasi digital
ENT-01328,evaluasi kinerja
ENT-01328,UMKM
ENT-01329,transformasi digital
ENT-01329,stunting
ENT-01330,UMKM
ENT-01330,miskin
ENT-01330,IKN
ENT-01331,pembangunan rendah karbon
ENT-01332,statistik
ENT-01332,RPJMN
ENT-01333,Ketahanan Pangan
ENT-01333,Air Minum Dan Sanitasi
ENT-01333,SDGs
ENT-01334,Reformasi Birokrasi
ENT-01335,ekonomi hijau
ENT-01335,investasi
ENT-01335,perubahan iklim
ENT-01337,investasi
ENT-01337,stunting
ENT-01337,evaluasi kinerja
ENT-01338,RPJMN
ENT-01338,UMKM
ENT-01339,RPJMN
ENT-01339,perubahan iklim
ENT-01340,ketenagakerjaan
ENT-01340,investasi
ENT-01341,SDGs
ENT-01341,Pariwisata
ENT-01342,transformasi digital
ENT-01343,pendidikan
ENT-01343,Miskin
ENT-01344,poverty
ENT-01344,Rencana Pembangunan Jangka Menengah Nasional
ENT-01345,UMKM
ENT-01345,ketahanan pangan
ENT-01345,health
ENT-01346,pariwisata
ENT-01346,education
ENT-01347,kemiskinan
ENT-01347,air minum dan sanitasi
ENT-01347,reformasi birokrasi
ENT-01348,air minum dan sanitasi
ENT-01348,stunting
ENT-01348,perubahan iklim
ENT-01349,ketenagakerjaan
ENT-01349,air minum dan sanitasi
ENT-01350,RPJMN
ENT-01350,transformasi digital
ENT-01351,Pembangunan Rendah Karbon
ENT-01352,Investasi
ENT-01352,perlindungan sosial
ENT-01353,poverty
ENT-01353,RPJMN
ENT-01353,transformasi digital
ENT-01353,ketenagakerjaan
ENT-01354,kemaritiman
ENT-01354,UMKM
ENT-01355,RPJMN
ENT-01355,perdesaan
ENT-01355,stunting
ENT-01356,pembangunan rendah karbon
ENT-01356,ketahanan pangan
ENT-01357,governance
ENT-01357,Poverty
ENT-01358,reformasi birokrasi
ENT-01359,IKN
ENT-01360,kesehatan
ENT-01360,pariwisata
ENT-01361,perubahan iklim
ENT-01361,Rencana Pembangunan Jangka Menengah Nasional
ENT-01361,Pembangunan Rendah Karbon
ENT-01362,Ketenagakerjaan
ENT-01362,Investasi
ENT-01363,RPJMN
ENT-01363,statistik
ENT-01364,evaluasi kinerja
ENT-01364,kesehatan
ENT-01365,ketahanan pangan
ENT-01365,perubahan iklim
ENT-01366,miskin
ENT-01366,renewable energy
ENT-01367,Rencana Pembangunan Jangka Menengah Nasional
ENT-01368,energi baru terbarukan
ENT-01368,SDGs
ENT-01368,Infrastruktur
ENT-01369,Pembangunan Rendah Karbon
ENT-01369,pariwisata
ENT-01369,kemiskinan
ENT-01370,pariwisata
ENT-01370,RPJMN
ENT-01371,perdesaan
ENT-01371,perlindungan sosial
ENT-01371,kesehtan
ENT-01372,kemiskinan
ENT-01372,Pendidkan
ENT-01372,ketenagakerjaan
ENT-01373,perubahan iklim
ENT-01374,energi baru terbarukan
ENT-01374,kemiskinan
ENT-01375,ekonomi-hijau
ENT-01375,energi baru terbarukan
ENT-01376,ketahanan pangan
ENT-01376,gagal tumbuh
ENT-01377,RPJMN
ENT-01378,ketenagakerjaan
ENT-01378,perlindungan sosial
ENT-01379,SDGs
ENT-01379,transformasi digital
ENT-01379,stunting
ENT-01380,kesehatan
ENT-01380,perlindungan sosial
ENT-01380,reformasi birokrasi
ENT-01381,kesehatan
ENT-01381,ketahanan pangan
ENT-01382,transformasi digital
ENT-01382,Infrastruktur
ENT-01383,infrastruktur
ENT-01383,RPJMN
ENT-01384,ketenagakerjaan
ENT-01384,infrastruktur
ENT-01385,RPJMN
ENT-01385,energi baru terbarukan
ENT-01386,SDGs
ENT-01386,digital transformation
ENT-01387,ketenagakerjaan
ENT-01387,IKN
ENT-01388,Ibu Kota Nusantara
ENT-01388,pendidkan
ENT-01388,pedesaan
ENT-01389,infrastruktur
ENT-01389,evaluasi kinerja
ENT-01389,perubahan iklim
ENT-01390,kesehatan
ENT-01390,climate change
ENT-01390,reformasi birokrasi
ENT-01391,ketenagakerjaan
ENT-01391,pariwisata
ENT-01392,statistik
ENT-01393,evaluasi kinerja
ENT-01393,reformasi birokrasi
ENT-01393,UMKM
ENT-01394,pariwisata
ENT-01394,perlindungan sosial
ENT-01394,perubahan-iklim
ENT-01394,IKN
ENT-01395,pendidikan
ENT-01395,RPJMN
ENT-01396,pendidkan
ENT-01396,ketahanan pangan
ENT-01397,gender
ENT-01397,transformasi digital
ENT-01398,tata kelola
ENT-01398,IKN
ENT-01399,IKN
ENT-01399,infrastruktur
ENT-01399,pendidikan
ENT-01400,RB
ENT-01400,Ketenagakerjaan
ENT-01400,energi baru terbarukan
ENT-01401,infrastruktur
ENT-01401,ketenagakerjaan
ENT-01402,air minum dan sanitasi
ENT-01403,Statistik
ENT-01403,RPJMN
ENT-01403,perubahan iklim
ENT-01403,Ibu Kota Nusantara
ENT-01404,pembangunan rendah karbon
ENT-01404,RPJMN
ENT-01405,kemiskinan
ENT-01405,gender
ENT-01405,ibukota nusantara
ENT-01407,ketahanan pangan
ENT-01407,tata kelola
ENT-01408,RPJMN
ENT-01408,perlindungan sosial
ENT-01408,digital transformation
ENT-01409,Energi Baru Terbarukan
ENT-01409,tata kelola
ENT-01409,poverty
ENT-01410,IKN
ENT-01410,ekonomi hijau
ENT-01411,ketahanan pangan
ENT-01411,Pembangunan Rendah Karbon
ENT-01411,pendidikan
ENT-01412,Pendidikan
ENT-01412,pembangunan rendah karbon
ENT-01414,air minum dan sanitasi
ENT-01414,gender
ENT-01414,kemaritiman
ENT-01415,RPJMN
ENT-01416,gender
ENT-01417,RPJMN
ENT-01417,ketahanan pangan
ENT-01417,pendidkan
ENT-01418,RPJMN
ENT-01418,UMKM
ENT-01419,ketahanan pangan
ENT-01420,kesehtan
ENT-01420,investasi
ENT-01421,transformasi digital
ENT-01421,Miskin
ENT-01422,Air Minum Dan Sanitasi
ENT-01422,perubahan iklim
ENT-01423,infrastruktur
ENT-01424,RPJMN
ENT-01424,evaluasi kinerja
ENT-01424,perubahan iklim
ENT-01425,perubahan iklim
ENT-01425,ketahanan pangan
ENT-01425,Rencana Pembangunan Jangka Menengah Nasional
ENT-01426,kemiskinan
ENT-01426,perubahan iklim
ENT-01426,education
ENT-01427,infrastruktur
ENT-01428,pariwisata
ENT-01428,energi baru terbarukan
ENT-01429,governance
ENT-01429,miskin
ENT-01429,Pendidikan
ENT-01430,RPJMN
ENT-01430,reformasi birokrasi
ENT-01432,pembangunan rendah karbon
ENT-01432,stunting
ENT-01432,kemaritiman
ENT-01433,perdesaan
ENT-01433,reformasi birokrasi
ENT-01433,pariwisata
ENT-01434,RPJMN
ENT-01434,energi baru terbarukan
ENT-01435,perdesaan
ENT-01435,reformasi birokrasi
ENT-01436,stunting
ENT-01436,perdesaan
ENT-01437,kemiskinan
ENT-01437,pembangunan rendah karbon
ENT-01438,reformasi birokrasi
ENT-01439,UMKM
ENT-01439,evaluasi kinerja
ENT-01439,infrastuktur
ENT-01440,tengkes
ENT-01440,tata kelola
ENT-01440,perlindungan sosial
ENT-01441,evaluasi kinerja
ENT-01441,ketenagakerjaan
ENT-01441,pendidikan
ENT-01442,Rencana Pembangunan Jangka Menengah Nasional
ENT-01442,gender
ENT-01443,kemiskinan
ENT-01443,RB
ENT-01443,gender
ENT-01444,SDGs
ENT-01444,climate change
ENT-01445,perdesaan
ENT-01445,pembangunan rendah karbon
ENT-01445,UMKM
ENT-01446,Pendidikan
ENT-01446,energi baru terbarukan
ENT-01446,RPJMN
ENT-01447,transformasi digital
ENT-01448,RPJMN
ENT-01448,green economy
ENT-01448,energi baru terbarukan
ENT-01449,ketahanan pangan
ENT-01449,infrastruktur
ENT-01449,Pendidikan
ENT-01450,pembangunan rendah karbon
ENT-01450,energi baru terbarukan
ENT-01450,Sdgs
ENT-01451,transformasi digital
ENT-01451,RPJMN
ENT-01452,ketenagakerjaan
ENT-01453,investasi
ENT-01453,health
ENT-01454,SDGs
ENT-01454,energi baru terbarukan
ENT-01454,reformasi birokrasi
ENT-01455,pendidkan
ENT-01455,ketahanan pangan
ENT-01455,poverty
ENT-01456,air minum dan sanitasi
ENT-01456,education
ENT-01457,Pariwisata
ENT-01457,TPB
ENT-01457,air minum dan sanitasi
ENT-01457,tata kelola
ENT-01458,perubahan iklim
ENT-01458,infrastruktur
ENT-01459,stunting
ENT-01459,kemiskinan
ENT-01460,gender
ENT-01460,perlindungan sosial
ENT-01460,kemaritiman
ENT-01462,perdesaan
ENT-01462,infrastruktur
ENT-01462,transformasi digital
ENT-01463,air minum dan sanitasi
ENT-01463,kesehatan
ENT-01464,ketenagakerjaan
ENT-01464,perubahan iklim
ENT-01464,pendidikan
ENT-01464,miskin
ENT-01465,gender
ENT-01465,reformasi birokrasi
ENT-01466,RPJMN
ENT-01468,RPJMN
ENT-01468,investasi
ENT-01469,reformasi birokrasi
ENT-01469,UMKM
ENT-01469,tata kelola
ENT-01470,investasi
ENT-01470,SDGs
ENT-01470,pendidikan
ENT-01471,stunting
ENT-01471,investasi
ENT-01471,perubahan iklim
ENT-01472,Statistik
ENT-01472,perubahan iklim
ENT-01472,infrastruktur
ENT-01473,SDGs
ENT-01474,Rencana Pembangunan Jangka Menengah Nasional
ENT-01474,poverty
ENT-01476,RPJMN
ENT-01476,Pembangunan Rendah Karbon
ENT-01476,ketahanan pangan
ENT-01477,Kesehatan
ENT-01477,stunting
ENT-01478,tata kelola
ENT-01478,UMKM
ENT-01479,Infrastruktur
ENT-01479,energi baru terbarukan
ENT-01480,pembangunan rendah karbon
ENT-01480,kesehatan
ENT-01481,ketenagakerjaan
ENT-01481,transformasi digital
ENT-01482,ketenagakerjaan
ENT-01482,UKM
ENT-01482,tujuan pembangunan berkelanjutan
ENT-01483,pembangunan rendah karbon
ENT-01485,Ketahanan Pangan
ENT-01485,pendidikan
ENT-01485,statistik
ENT-01486,kesehatan
ENT-01486,ketenagakerjaan
ENT-01487,pariwisata
ENT-01487,reformasi birokrasi
ENT-01487,kesehatan
ENT-01488,tata kelola
ENT-01488,pembangunan rendah karbon
ENT-01489,UMKM
ENT-01489,infrastruktur
ENT-01489,pariwisata
ENT-01490,gender
ENT-01490,ketenagakerjaan
ENT-01491,Ketahanan Pangan
ENT-01491,perlindungan sosial
ENT-01491,kemaritiman
ENT-01492,perdesaan
ENT-01493,air minum dan sanitasi
ENT-01493,RPJMN
ENT-01493,infrastruktur
ENT-01494,ketenagakerjaan
ENT-01494,SDGs
ENT-01494,evaluasi kinerja
ENT-01495,low carbon development
ENT-01495,kemiskinan
ENT-01495,tata kelola
ENT-01496,Kemaritiman
ENT-01496,ketenagakerjaan
ENT-01497,investasi
ENT-01497,kesehatan
ENT-01497,food security
ENT-01498,infrastruktur
ENT-01498,reformasi birokrasi
ENT-01499,kesehatan
ENT-01499,UMKM
ENT-01499,Tata Kelola
ENT-01500,perubahan iklim
ENT-01500,air minum dan sanitasi
ENT-01501,Perlindungan Sosial
ENT-01502,EBT
ENT-01502,kemiskinan
ENT-01502,stunting
ENT-01503,UMKM
ENT-01503,Reformasi Birokrasi
ENT-01504,Air Minum Dan Sanitasi
ENT-01504,poverty
ENT-01505,air minum dan sanitasi
ENT-01506,infrastruktur
ENT-01506,Kemaritiman
ENT-01507,perubahan iklim
ENT-01507,perlindungan sosial
ENT-01507,kemaritiman
ENT-01507,food security
ENT-01508,kesehatan
ENT-01508,ketenagakerjaan
ENT-01509,kemaritiman
ENT-01509,RPJMN
ENT-01510,perdesaan
ENT-01510,low carbon development
ENT-01510,IKN
ENT-01510,perubahan iklim
ENT-01511,Investasi
ENT-01511,kemaritiman
ENT-01511,pembangunan rendah karbon
ENT-01511,infrastruktur
ENT-01512,pendidikan
ENT-01512,statistik
ENT-01513,air minum dan sanitasi
ENT-01514,digital transformation
ENT-01514,pariwisata
ENT-01515,gender
ENT-01515,energi baru terbarukan
ENT-01515,RPJMN
ENT-01516,RPJMN
ENT-01516,perdesaan
ENT-01516,Kemiskinan
ENT-01517,infrastructure
ENT-01517,kemaritiman
ENT-01518,infrastruktur
ENT-01518,kesehatan
ENT-01520,IKN
ENT-01520,pendidikan
ENT-01521,usaha mikro kecil dan menengah
ENT-01521,Investasi
ENT-01522,Reformasi Birokrasi
ENT-01522,pendidkan
ENT-01522,ketenagakerjaan
ENT-01523,IKN
ENT-01523,tata kelola
ENT-01523,gender
ENT-01524,ibukota nusantara
ENT-01524,kesehatan
ENT-01524,UMKM
ENT-01524,reformasi birokrasi
ENT-01525,ketahanan pangan
ENT-01525,kesehatan
ENT-01525,EBT
ENT-01526,perlindungan sosial
ENT-01526,Kemiskinan
ENT-01527,health
ENT-01527,perubahan iklim
ENT-01527,UMKM
ENT-01528,kemiskinan
ENT-01528,energi baru terbarukan
ENT-01528,Perlindungan Sosial
ENT-01529,perlindungan sosial
ENT-01529,stunting
ENT-01529,pembangunan rendah karbon
ENT-01530,kemiskinan
ENT-01530,UMKM
ENT-01531,pariwisata
ENT-01531,ketahanan pangan
ENT-01532,perubahan iklim
ENT-01532,ketenagakerjaan
ENT-01533,RPJMN
ENT-01533,Tata Kelola
ENT-01534,digital transformation
ENT-01534,pendidikan
ENT-01535,Kemiskinan
ENT-01535,perlindungan sosial
ENT-01536,air minum dan sanitasi
ENT-01536,ketahanan pangan
ENT-01537,evaluasi kinerja
ENT-01537,infrastructure
ENT-01538,infrastruktur
ENT-01539,perubahan iklim
ENT-01539,Evaluasi Kinerja
ENT-01539,UMKM
ENT-01540,UMKM
ENT-01540,low carbon development
ENT-01540,energi-baru terbarukan
ENT-01541,ekonomi hijau
ENT-01542,kemaritiman
ENT-01542,pembangunan rendah karbon
ENT-01543,perdesaan
ENT-01543,PRK
ENT-01544,kemiskinan
ENT-01544,perdesaan
ENT-01545,Investasi
ENT-01547,perlindungan sosial
ENT-01547,perubahan iklim
ENT-01547,kemiskinan
ENT-01548,stunting
ENT-01548,Perubahan Iklim
ENT-01549,low carbon development
ENT-01549,governance
ENT-01550,energi baru terbarukan
ENT-01550,ketenagakerjaan
ENT-01550,RPJMN
ENT-01551,stunting
ENT-01551,kemiskinan
ENT-01552,ekonomi hijau
ENT-01553,stunting
ENT-01554,RPJMN
ENT-01554,Kemaritiman
ENT-01554,gender
ENT-01555,governance
ENT-01555,statistik
ENT-01555,infrastruktur
ENT-01556,Perubahan Iklim
ENT-01556,EBT
ENT-01556,SDGs
ENT-01556,infrastructure
ENT-01557,UMKM
ENT-01558,energi baru terbarukan
ENT-01558,pendidikan
ENT-01559,investasi
ENT-01559,UMKM
ENT-01561,RPJMN
ENT-01562,Miskin
ENT-01562,stunting
ENT-01563,kesehatan
ENT-01563,kemaritiman
ENT-01563,kemiskinan
ENT-01564,ekonomi hijau
ENT-01564,kesehatan
ENT-01564,kemiskinan
ENT-01565,governance
ENT-01565,investasi
ENT-01566,Perubahan Iklim
ENT-01566,pariwisata
ENT-01566,UMKM
ENT-01567,IKN
ENT-01568,SDGs
ENT-01568,kemiskinan
ENT-01568,evaluasi kinerja
ENT-01569,investasi
ENT-01569,tengkes
ENT-01569,RPJMN
ENT-01570,digitalisasi
ENT-01570,pendidikan
ENT-01571,IKN
ENT-01571,kemiskinan
ENT-01571,infrastruktur
ENT-01572,UMKM
ENT-01572,pendidikan
ENT-01574,perdesaan
ENT-01575,infrastruktur
ENT-01576,perdesaan
ENT-01576,infrastruktur
ENT-01576,ketenagakerjaan
ENT-01577,stunting
ENT-01578,tata kelola
ENT-01578,SDGs
ENT-01579,digital transformation
ENT-01579,infrastruktur
ENT-01580,PRK
ENT-01580,energi baru terbarukan
ENT-01581,air minum dan sanitasi
ENT-01582,perlindungan sosial
ENT-01582,air minum dan sanitasi
ENT-01583,pembangunan rendah karbon
ENT-01583,evaluasi kinerja
ENT-01583,pariwisata
ENT-01584,digital transformation
ENT-01584,usaha mikro kecil dan menengah
ENT-01585,UMKM
ENT-01585,transformasi digital
ENT-01585,Statistik
ENT-01587,pendidkan
ENT-01588,ketahanan pangan
ENT-01588,gender
ENT-01588,RPJMN
ENT-01590,pariwisata
ENT-01590,health
ENT-01590,tata kelola
ENT-01590,infrastruktur
ENT-01591,SDGs
ENT-01591,ekonomi hijau
ENT-01592,kemiskinan
ENT-01592,UMKM
ENT-01592,SDGs
ENT-01593,pendidikan
ENT-01593,transformasi digital
ENT-01594,perubahan iklim
ENT-01594,Gender
ENT-01594,transformasi digital
ENT-01595,pembangunan rendah karbon
ENT-01595,tatakelola
ENT-01595,kemaritiman
ENT-01596,governance
ENT-01596,kesehatan
ENT-01597,gender
ENT-01597,ketenagakerjaan
ENT-01598,kemiskinan
ENT-01598,perlindungan sosial
ENT-01599,RPJMN
ENT-01599,kesehtan
ENT-01600,Tata Kelola
ENT-01600,perubahan iklim
ENT-01601,perubahan iklim
ENT-01602,kemiskinan
ENT-01604,low carbon development
ENT-01604,air minum dan sanitasi
ENT-01604,transformasi digital
ENT-01604,SDGs
ENT-01605,IKN
ENT-01606,ketahanan pangan
ENT-01606,tata kelola
ENT-01606,RPJMN
ENT-01607,UMKM
ENT-01607,ketahanan pangan
ENT-01608,UMKM
ENT-01608,TPB
ENT-01609,RPJMN
ENT-01609,infrastruktur
ENT-01609,stunting
ENT-01610,infrastruktur
ENT-01610,air minum dan sanitasi
ENT-01610,ketahanan pangan
ENT-01611,renewable energy
ENT-01612,perlindungan sosial
ENT-01613,Perubahan Iklim
ENT-01613,kemiskinan
ENT-01613,kesehatan
ENT-01614,evaluasi kinerja
ENT-01614,Kesehatan
ENT-01615,IKN
ENT-01615,pendidikan
ENT-01615,stunting
ENT-01616,miskin
ENT-01616,ketahanan pangan
ENT-01616,transformasi digital
ENT-01617,ketahanan pangan
ENT-01617,ketenagakerjaan
ENT-01617,perubahan iklim
ENT-01618,ketenagakerjaan
ENT-01618,stunting
ENT-01618,energi baru terbarukan
ENT-01618,kesehatan
ENT-01619,perubahan iklim
ENT-01619,renewable energy
ENT-01619,pendidikan
ENT-01620,RPJMN
ENT-01620,air minum dan sanitasi
ENT-01620,pembangunan rendah karbon
ENT-01622,Kesehatan
ENT-01622,tata kelola
ENT-01622,kemaritiman
ENT-01623,RPJMN
ENT-01623,kemiskinan
ENT-01624,reformasi birokrasi
ENT-01624,pendidikan
ENT-01624,RPJMN
ENT-01625,ekonomi hijau
ENT-01625,IKN
ENT-01626,Perdesaan
ENT-01626,infrastuktur
ENT-01626,ekonomi hijau
ENT-01627,Pariwisata
ENT-01627,infrastruktur
ENT-01627,pendidikan
ENT-01628,stunting
ENT-01628,kesehatan
ENT-01628,infrastructure
ENT-01629,infrastruktur
ENT-01629,education
ENT-01630,SDGs
ENT-01631,perubahan iklim
ENT-01631,ketenagakerjaan
ENT-01631,Rencana Pembangunan Jangka Menengah Nasional
ENT-01633,ekonomi hijau
ENT-01633,kemaritiman
ENT-01633,kemiskinan
ENT-01634,pembangunan rendah karbon
ENT-01634,kemiskinan
ENT-01634,infrastuktur
ENT-01635,UMKM
ENT-01635,pariwisata
ENT-01636,perlindungan sosial
ENT-01636,pendidikan
ENT-01637,investasi
ENT-01637,UMKM
ENT-01638,pendidikan
ENT-01638,tata kelola
ENT-01638,ekonomi hijau
ENT-01639,transformasi digital
ENT-01639,stunting
ENT-01639,IKN
ENT-01640,statistik
ENT-01640,Ketenagakerjaan
ENT-01640,investasi
ENT-01641,pariwisata
ENT-01642,kesehatan
ENT-01642,pariwisata
ENT-01642,kemaritiman
ENT-01642,Rencana Pembangunan Jangka Menengah Nasional
ENT-01643,evaluasi kinerja
ENT-01643,EBT
ENT-01643,RPJMN
ENT-01644,evaluasi kinerja
ENT-01644,stunting
ENT-01645,ekonomi hijau
ENT-01645,tengkes
ENT-01646,tengkes
ENT-01646,SDGs
ENT-01646,infrastruktur
ENT-01647,pariwisata
ENT-01647,energi baru terbarukan
ENT-01648,kemaritiman
ENT-01648,perlindungan sosial
ENT-01649,Perdesaan
ENT-01650,tata kelola
ENT-01650,statistik
ENT-01650,digitalisasi
ENT-01650,kemiskinan
ENT-01651,pariwisata
ENT-01651,UMKM
ENT-01652,transformasi digital
ENT-01652,statistik
ENT-01653,kemaritiman
ENT-01653,ekonomi-hijau
ENT-01653,Infrastruktur
ENT-01654,pendidikan
ENT-01654,kemiskinan
ENT-01654,health
ENT-01655,ekonomi hijau
ENT-01655,perdesaan
ENT-01656,tujuan pembangunan berkelanjutan
ENT-01656,pedesaan
ENT-01657,infrastruktur
ENT-01657,Ekonomi Hijau
ENT-01657,stunting
ENT-01658,education
ENT-01658,statistik
ENT-01658,Ketahanan Pangan
ENT-01659,perubahan iklim
ENT-01659,SDGs
ENT-01659,Infrastuktur
ENT-01660,RPJMN
ENT-01660,tujuan pembangunan berkelanjutan
ENT-01661,UMKM
ENT-01661,kemiskinan
ENT-01661,RPJMN
ENT-01661,transformasi digital
ENT-01662,Reformasi Birokrasi
ENT-01662,ketenagakerjaan
ENT-01662,ketahanan pangan
ENT-01663,perdesaan
ENT-01663,kemiskinan
ENT-01664,evaluasi kinerja
ENT-01664,Energi Baru Terbarukan
ENT-01664,ketenagakerjaan
ENT-01665,ekonomi hijau
ENT-01665,ketahanan pangan
ENT-01665,RPJMN
ENT-01666,kesehatan
ENT-01666,Kemiskinan
ENT-01667,transformasi digital
ENT-01667,infrastruktur
ENT-01668,kemiskinan
ENT-01669,UMKM
ENT-01669,statistik
ENT-01670,infrastruktur
ENT-01670,pembangunan rendah karbon
ENT-01670,RPJMN
ENT-01671,ketahanan pangan
ENT-01671,tata kelola
ENT-01672,Tata Kelola
ENT-01672,perdesaan
ENT-01673,UMKM
ENT-01673,investasi
ENT-01674,perdesaan
ENT-01674,infrastruktur
ENT-01675,Pembangunan Rendah Karbon
ENT-01675,perubahan iklim
ENT-01675,Energi Baru Terbarukan
ENT-01676,pembangunan rendah karbon
ENT-01677,tujuan pembangunan berkelanjutan
ENT-01677,kemiskinan
ENT-01678,perubahan iklim
ENT-01679,gender
ENT-01679,perlindungan sosial
ENT-01680,TPB
ENT-01680,ketahanan pangan
ENT-01681,tata kelola
ENT-01682,pendidikan
ENT-01682,poverty
ENT-01683,reformasi birokrasi
ENT-01683,perdesaan
ENT-01683,low carbon development
ENT-01683,pendidikan
ENT-01684,kemiskinan
ENT-01684,evaluasi kinerja
ENT-01684,digitalisasi
ENT-01684,reformasi birokrasi
ENT-01685,perlindungan sosial
ENT-01685,RPJMN
ENT-01686,investasi
ENT-01686,air minum dan sanitasi
ENT-01687,governance
ENT-01687,Pendidkan
ENT-01687,kemaritiman
ENT-01688,evaluasi kinerja
ENT-01688,pendidikan
ENT-01688,RPJMN
ENT-01689,Kemiskinan
ENT-01689,infrastruktur
ENT-01689,pembangunan rendah karbon
ENT-01690,transformasi digital
ENT-01690,perlindungan sosial
ENT-01690,gender
ENT-01691,RPJMN
ENT-01692,Perlindungan Sosial
ENT-01692,statistik
ENT-01693,ketenagakerjaan
ENT-01693,air minum dan sanitasi
ENT-01694,pendidikan
ENT-01694,health
ENT-01695,pariwisata
ENT-01696,UMKM
ENT-01696,perlindungan sosial
ENT-01696,RPJMN
ENT-01697,stunting
ENT-01697,IKN
ENT-01697,pariwisata
ENT-01698,infrastuktur
ENT-01698,UMKM
ENT-01698,kemiskinan
ENT-01700,SDGs
ENT-01701,stunting
ENT-01703,stunting
ENT-01703,perdesaan
ENT-01703,ekonomi hijau
ENT-01704,perlindungan sosial
ENT-01704,ketahanan pangan
ENT-01705,ketenagakerjaan
ENT-01705,reformasi birokrasi
ENT-01705,food security
ENT-01706,pendidikan
ENT-01707,Ibu Kota Nusantara
ENT-01707,perubahan iklim
ENT-01708,energi baru terbarukan
ENT-01708,Rencana Pembangunan Jangka Menengah Nasional
ENT-01708,digital transformation
ENT-01709,Rencana Pembangunan Jangka Menengah Nasional
ENT-01709,kesehatan
ENT-01709,ekonomi hijau
ENT-01710,perubahan iklim
ENT-01711,perubahan iklim
ENT-01711,pendidikan
ENT-01712,gender
ENT-01713,Perubahan Iklim
ENT-01713,infrastruktur
ENT-01714,stunting
ENT-01714,infrastuktur
ENT-01715,IKN
ENT-01715,Statistik
ENT-01715,tujuan pembangunan berkelanjutan
ENT-01716,statistik
ENT-01716,kesehatan
ENT-01716,Infrastruktur
ENT-01717,ketenagakerjaan
ENT-01717,air minum dan sanitasi
ENT-01718,perubahan iklim
ENT-01718,RPJMN
ENT-01718,IKN
ENT-01718,evaluasi kinerja
ENT-01719,tata kelola
ENT-01719,perubahan iklim
ENT-01719,statistik
ENT-01719,poverty
ENT-01720,RPJMN
ENT-01720,energi baru terbarukan
ENT-01720,PRK
ENT-01721,statistik
ENT-01721,health
ENT-01722,Sdgs
ENT-01722,infrastuktur
ENT-01722,Pendidkan
ENT-01723,infrastruktur
ENT-01724,Pendidikan
ENT-01724,perubahan iklim
ENT-01724,reformasi birokrasi
ENT-01724,ketahanan-pangan
ENT-01725,perdesaan
ENT-01725,kemiskinan
ENT-01726,tata kelola
ENT-01726,perlindungan sosial
ENT-01727,air minum dan sanitasi
ENT-01727,Infrastruktur
ENT-01728,ketenagakerjaan
ENT-01728,reformasi birokrasi
ENT-01730,transformasi digital
ENT-01730,kemiskinan
ENT-01730,reformasi birokrasi
ENT-01731,kemaritiman
ENT-01731,pendidikan
ENT-01731,perdesaan
ENT-01732,tujuan pembangunan berkelanjutan
ENT-01732,poverty
ENT-01733,UMKM
ENT-01733,infrastruktur
ENT-01734,ketahanan pangan
ENT-01734,infrastruktur
ENT-01735,IKN
ENT-01736,kesehatan
ENT-01736,gender
ENT-01737,RPJMN
ENT-01738,Infrastruktur
ENT-01740,perubahan iklim
ENT-01740,governance
ENT-01741,ekonomi hijau
ENT-01741,statistik
ENT-01742,green economy
ENT-01742,gender
ENT-01742,pembangunan rendah karbon
ENT-01743,pendidikan
ENT-01743,kemiskinan
ENT-01743,SDGs
ENT-01744,pembangunan rendah karbon
ENT-01744,kemiskinan
ENT-01744,reformasi birokrasi
ENT-01745,SDGs
ENT-01745,tengkes
ENT-01745,UMKM
ENT-01746,investasi
ENT-01746,reformasi birokrasi
ENT-01747,education
ENT-01747,infrastruktur
ENT-01747,perubahan iklim
ENT-01748,pendidikan
ENT-01748,SDGs
ENT-01749,infrastruktur
ENT-01749,pariwisata
ENT-01750,evaluasi kinerja
ENT-01750,health
ENT-01750,transformasi digital
ENT-01750,pariwisata
ENT-01751,perdesaan
ENT-01751,reformasi birokrasi
ENT-01751,perlindungan sosial
ENT-01752,infrastruktur
ENT-01752,TPB
ENT-01752,Reformasi Birokrasi
ENT-01753,kemiskinan
ENT-01753,kemaritiman
ENT-01754,kemiskinan
ENT-01755,SDGs
ENT-01755,Stunting
ENT-01756,reformasi birokrasi
ENT-01756,infrastuktur
ENT-01756,statistik
ENT-01758,infrastruktur
ENT-01758,perlindungan-sosial
ENT-01758,perdesaan
ENT-01759,kemaritiman
ENT-01760,evaluasi kinerja
ENT-01762,evaluasi kinerja
ENT-01762,UMKM
ENT-01763,RPJMN
ENT-01763,evaluasi kinerja
ENT-01764,food security
ENT-01764,UMKM
ENT-01764,gender
ENT-01765,transformasi digital
ENT-01765,evaluasi kinerja
ENT-01765,Kesehatan
ENT-01766,perubahan iklim
ENT-01766,poverty
ENT-01767,RPJMN
ENT-01767,investasi
ENT-01768,transformasi digital
ENT-01769,Green Economy
ENT-01769,ketenagakerjaan
ENT-01770,ketenagakerjaan
ENT-01770,perubahan iklim
ENT-01770,kesehatan
ENT-01771,UMKM
ENT-01771,energi baru terbarukan
ENT-01772,RPJMN
ENT-01773,kemiskinan
ENT-01773,infrastruktur
ENT-01773,perubahan iklim
ENT-01774,Stunting
ENT-01774,ketenagakerjaan
ENT-01775,IKN
ENT-01776,perlindungan sosial
ENT-01776,stunting
ENT-01777,perlindungan sosial
ENT-01778,education
ENT-01780,tata kelola
ENT-01780,kesehatan
ENT-01781,kemaritiman
ENT-01781,gender
ENT-01782,RB
ENT-01783,kesehtan
ENT-01783,perubahan iklim
ENT-01783,pembangunan rendah karbon
ENT-01784,kesehatan
ENT-01784,digitalisasi
ENT-01784,Pembangunan Rendah Karbon
ENT-01785,kemiskinan
ENT-01785,stunting
ENT-01786,RPJMN
ENT-01786,pedesaan
ENT-01786,Ketenagakerjaan
ENT-01787,transformasi digital
ENT-01787,tujuan pembangunan berkelanjutan
ENT-01788,Pariwisata
ENT-01788,pembangunan rendah karbon
ENT-01789,pembangunan rendah karbon
ENT-01789,pendidkan
ENT-01790,kemiskinan
ENT-01791,ketahanan pangan
ENT-01791,pariwisata
ENT-01791,kesehatan
ENT-01791,TPB
ENT-01792,transformasi digital
ENT-01792,UMKM
ENT-01792,perdesaan
ENT-01793,pendidikan
ENT-01793,perlindungan sosial
ENT-01793,health
ENT-01795,transformasi digital
ENT-01795,evaluasi kinerja
ENT-01795,pedesaan
ENT-01796,poverty
ENT-01796,pembangunan rendah karbon
ENT-01796,infrastructure
ENT-01797,kesehatan
ENT-01798,Sdgs
ENT-01798,reformasi birokrasi
ENT-01798,kesehatan
ENT-01799,transformasi digital
ENT-01800,ketenagakerjaan
ENT-01800,ketahanan pangan
ENT-01801,RPJMN
ENT-01801,energi baru terbarukan
ENT-01801,investasi
ENT-01802,education
ENT-01802,perubahan iklim
ENT-01802,miskin
ENT-01803,gender
ENT-01803,energi baru terbarukan
ENT-01803,statistik
ENT-01804,kemiskinan
ENT-01804,air minum dan sanitasi
ENT-01804,IKN
ENT-01804,TPB
ENT-01805,governance
ENT-01805,kesehatan
ENT-01806,kesehatan
ENT-01806,RPJMN
ENT-01806,perubahan iklim
ENT-01807,tata kelola
ENT-01807,perlindungan sosial
ENT-01808,investasi
ENT-01808,tata kelola
ENT-01808,UMKM
ENT-01808,Climate Change
ENT-01809,kemiskinan
ENT-01809,pariwisata
ENT-01809,infrastruktur
ENT-01810,transformasi digital
ENT-01811,pendidikan
ENT-01813,transformasi digital
ENT-01813,governance
ENT-01814,infrastuktur
ENT-01814,IKN
ENT-01816,food security
ENT-01816,transformasi digital
ENT-01817,infrastruktur
ENT-01818,RPJMN
ENT-01819,evaluasi kinerja
ENT-01819,RPJMN
ENT-01819,Infrastruktur
ENT-01820,perubahan iklim
ENT-01820,poverty
ENT-01821,ekonomi hijau
ENT-01821,UMKM
ENT-01821,ketahanan pangan
ENT-01822,poverty
ENT-01822,statistik
ENT-01823,tatakelola
ENT-01824,ketahanan pangan
ENT-01825,pariwisata
ENT-01825,ketahanan pangan
ENT-01826,health
ENT-01826,reformasi birokrasi
ENT-01826,ketenagakerjaan
ENT-01827,Miskin
ENT-01828,reformasi birokrasi
ENT-01828,SDGs
ENT-01829,infrastuktur
ENT-01830,perubahan iklim
ENT-01831,stunting
ENT-01831,ketahanan pangan
ENT-01831,kesehtan
ENT-01832,infrastuktur
ENT-01833,pariwisata
ENT-01833,perlindungan sosial
ENT-01834,IKN
ENT-01834,Infrastructure
ENT-01835,Tatakelola
ENT-01835,gender
ENT-01835,evaluasi kinerja
ENT-01836,infrastruktur
ENT-01836,governance
ENT-01836,pariwisata
ENT-01836,air minum dan sanitasi
ENT-01837,poverty
ENT-01837,pariwisata
ENT-01837,pendidikan
ENT-01838,kemaritiman
ENT-01838,miskin
ENT-01839,energi baru terbarukan
ENT-01839,IKN
ENT-01839,ketenagakerjaan
ENT-01839,RPJMN
ENT-01840,tata kelola
ENT-01840,investasi
ENT-01841,kemaritiman
ENT-01841,miskin
ENT-01842,ketahanan-pangan
ENT-01842,usaha mikro kecil dan menengah
ENT-01843,Transformasi Digital
ENT-01843,statistik
ENT-01843,IKN
ENT-01844,kesehatan
ENT-01844,Digitalisasi
ENT-01844,kemiskinan
ENT-01845,ketahanan pangan
ENT-01846,kesehatan
ENT-01846,evaluasi kinerja
ENT-01848,UMKM
ENT-01848,perdesaan
ENT-01849,renewable energy
ENT-01849,pendidikan
ENT-01849,infrastuktur
ENT-01850,reformasi birokrasi
ENT-01850,pembangunan rendah karbon
ENT-01851,gagal tumbuh
ENT-01851,perdesaan
ENT-01852,perdesaan
ENT-01852,SDGs
ENT-01853,kemiskinan
ENT-01853,gender
ENT-01854,kemiskinan
ENT-01854,ketenagakerjaan
ENT-01854,perlindungan sosial
ENT-01855,tata kelola
ENT-01855,reformasi birokrasi
ENT-01855,UMKM
ENT-01855,Pariwisata
ENT-01856,evaluasi kinerja
ENT-01857,pariwisata
ENT-01857,energi baru terbarukan
ENT-01857,RPJMN
ENT-01859,statistik
ENT-01859,perlindungan sosial
ENT-01859,energi baru terbarukan
ENT-01860,pembangunan rendah karbon
ENT-01860,pariwisata
ENT-01860,infrastruktur
ENT-01861,Perubahan Iklim
ENT-01861,Pendidikan
ENT-01863,investasi
ENT-01863,Reformasi Birokrasi
ENT-01863,kemiskinan
ENT-01864,pendidikan
ENT-01864,investasi
ENT-01865,kemiskinan
ENT-01865,perlindungan sosial
ENT-01866,Ketenagakerjaan
ENT-01866,kesehtan
ENT-01866,ekonomi hijau
ENT-01867,pembangunan rendah karbon
ENT-01868,perubahan iklim
ENT-01869,transformasi digital
ENT-01869,perdesaan
ENT-01870,pendidikan
ENT-01870,tata kelola
ENT-01870,pembangunan rendah karbon
ENT-01871,infrastruktur
ENT-01871,ekonomi hijau
ENT-01871,air minum dan sanitasi
ENT-01871,RB
ENT-01872,perubahan iklim
ENT-01872,investasi
ENT-01873,gagal tumbuh
ENT-01873,Infrastructure
ENT-01873,UMKM
ENT-01873,ketahanan pangan
ENT-01874,SDGs
ENT-01874,UMKM
ENT-01874,infrastruktur
ENT-01875,kesehatan
ENT-01875,EBT
ENT-01875,perlindungan sosial
ENT-01876,Ketahanan Pangan
ENT-01876,evaluasi kinerja
ENT-01876,energi baru terbarukan
ENT-01876,kemiskinan
ENT-01877,tujuan pembangunan berkelanjutan
ENT-01877,kesehatan
ENT-01878,pendidikan
ENT-01878,UMKM
ENT-01879,air minum dan sanitasi
ENT-01880,Ibu Kota Nusantara
ENT-01881,infrastruktur
ENT-01881,tata kelola
ENT-01882,statistik
ENT-01882,air minum dan sanitasi
ENT-01883,Ekonomi Hijau
ENT-01884,RPJMN
ENT-01884,SDGs
ENT-01885,stunting
ENT-01885,ekonomi hijau
ENT-01886,evaluasi kinerja
ENT-01886,education
ENT-01886,Kesehatan
ENT-01887,RPJMN
ENT-01887,transformasi digital
ENT-01887,stunting
ENT-01887,pariwisata
ENT-01888,perdesaan
ENT-01888,statistik
ENT-01889,digital transformation
ENT-01889,energi baru terbarukan
ENT-01889,low carbon development
ENT-01890,investasi
ENT-01891,stunting
ENT-01891,evaluasi kinerja
ENT-01892,Investasi
ENT-01892,transformasi-digital
ENT-01893,ekonomi hijau
ENT-01893,kemaritiman
ENT-01894,pembangunan rendah karbon
ENT-01895,infrastruktur
ENT-01895,ketahanan pangan
ENT-01895,Statistik
ENT-01896,energi baru terbarukan
ENT-01896,miskin
ENT-01896,ekonomi hijau
ENT-01897,reformasi birokrasi
ENT-01898,PRK
ENT-01898,kemiskinan
ENT-01898,perdesaan
ENT-01898,tatakelola
ENT-01899,RPJMN
ENT-01899,reformasi birokrasi
ENT-01900,gender
ENT-01900,energi baru terbarukan
ENT-01900,miskin
ENT-01901,pendidikan
ENT-01901,perdesaan
ENT-01901,investasi
ENT-01902,air minum dan sanitasi
ENT-01902,evaluasi kinerja
ENT-01903,miskin
ENT-01903,evaluasi kinerja
ENT-01904,kesehatan
ENT-01904,kemaritiman
ENT-01905,transformasi digital
ENT-01905,perubahan iklim
ENT-01906,SDGs
ENT-01906,renewable energy
ENT-01906,transformasi digital
ENT-01907,transformasi digital
ENT-01907,reformasi birokrasi
ENT-01908,kemiskinan
ENT-01908,transformasi digital
ENT-01909,air minum dan sanitasi
ENT-01909,pendidikan
ENT-01909,pembangunan rendah karbon
ENT-01910,Sdgs
ENT-01910,investasi
ENT-01911,stunting
ENT-01911,infrastruktur
ENT-01912,Evaluasi Kinerja
ENT-01912,energi baru terbarukan
ENT-01913,Air Minum Dan Sanitasi
ENT-01913,pembangunan rendah karbon
ENT-01914,air minum dan sanitasi
ENT-01914,pariwisata
ENT-01915,ketenagakerjaan
ENT-01915,stunting
ENT-01915,RPJMN
ENT-01916,perdesaan
ENT-01916,green economy
ENT-01918,RPJMN
ENT-01918,transformasi digital
ENT-01918,perubahan iklim
ENT-01919,reformasi birokrasi
ENT-01919,health
ENT-01919,investasi
ENT-01919,infrastruktur
ENT-01920,Infrastructure
ENT-01920,gender
ENT-01921,tata kelola
ENT-01921,EBT
ENT-01922,SDGs
ENT-01922,kemiskinan
ENT-01923,evaluasi kinerja
ENT-01923,Stunting
ENT-01924,pendidikan
ENT-01925,tata kelola
ENT-01925,gender
ENT-01926,infrastructure
ENT-01926,stunting
ENT-01927,health
ENT-01927,digitalisasi
ENT-01927,pariwisata
ENT-01928,reformasi birokrasi
ENT-01928,perubahan iklim
ENT-01929,ketenagakerjaan
ENT-01929,infrastuktur
ENT-01929,reformasi birokrasi
ENT-01930,stunting
ENT-01931,evaluasi kinerja
ENT-01932,tatakelola
ENT-01932,perubahan iklim
ENT-01932,transformasi digital
ENT-01933,stunting
ENT-01933,SDGs
ENT-01933,RPJMN
ENT-01933,evaluasi kinerja
ENT-01934,Pendidikan
ENT-01934,perlindungan sosial
ENT-01934,transformasi digital
ENT-01935,gender
ENT-01935,tata kelola
ENT-01936,pembangunan rendah karbon
ENT-01936,kemaritiman
ENT-01937,ketenagakerjaan
ENT-01937,perlindungan sosial
ENT-01938,kesehatan
ENT-01938,education
ENT-01939,kesehatan
ENT-01939,pendidikan
ENT-01939,ketahanan-pangan
ENT-01940,perlindungan sosial
ENT-01940,investasi
ENT-01941,ketahanan pangan
ENT-01941,pembangunan rendah karbon
ENT-01941,SDGs
ENT-01941,kemiskinan
ENT-01942,transformasi digital
ENT-01942,air minum dan sanitasi
ENT-01943,reformasi birokrasi
ENT-01943,infrastruktur
ENT-01944,kesehatan
ENT-01944,reformasi birokrasi
ENT-01944,UMKM
ENT-01945,infrastruktur
ENT-01946,evaluasi kinerja
ENT-01946,investasi
ENT-01947,IKN
ENT-01947,perubahan iklim
ENT-01947,Education
ENT-01947,transformasi digital
ENT-01948,ketahanan pangan
ENT-01948,gender
ENT-01948,kesehatan
ENT-01948,statistik
ENT-01949,ketenagakerjaan
ENT-01949,investasi
ENT-01950,Low Carbon Development
ENT-01950,infrastruktur
ENT-01950,ketahanan pangan
ENT-01951,tata kelola
ENT-01951,ketahanan pangan
ENT-01951,infrastruktur
ENT-01951,IKN
ENT-01952,transformasi digital
ENT-01952,air minum dan sanitasi
ENT-01953,pembangunan rendah karbon
ENT-01954,pendidikan
ENT-01954,perlindungan sosial
ENT-01955,tata kelola
ENT-01955,RPJMN
ENT-01956,kemiskinan
ENT-01956,kesehatan
ENT-01957,reformasi birokrasi
ENT-01957,Perubahan Iklim
ENT-01958,kemiskinan
ENT-01958,Pembangunan Rendah Karbon
ENT-01958,Pendidikan
ENT-01959,perubahan iklim
ENT-01959,stunting
ENT-01959,reformasi birokrasi
ENT-01960,usaha mikro kecil dan menengah
ENT-01961,ketahanan pangan
ENT-01961,evaluasi kinerja
ENT-01961,RPJMN
ENT-01962,low carbon development
ENT-01962,pendidikan
ENT-01962,UMKM
ENT-01963,RPJMN
ENT-01964,perubahan iklim
ENT-01964,ketahanan pangan
ENT-01965,tata kelola
ENT-01965,RPJMN
ENT-01965,pariwisata
ENT-01966,ketahanan pangan
ENT-01966,RPJMN
ENT-01966,pariwisata
ENT-01968,pembangunan rendah karbon
ENT-01968,UMKM
ENT-01969,infrastruktur
ENT-01969,energi baru terbarukan
ENT-01970,pendidikan
ENT-01970,perlindungan sosial
ENT-01971,kemiskinan
ENT-01972,tujuan pembangunan berkelanjutan
ENT-01972,infrastruktur
ENT-01972,kemaritiman
ENT-01973,pendidikan
ENT-01973,kemiskinan
ENT-01974,gender
ENT-01974,SDGs
ENT-01974,perubahan iklim
ENT-01975,food security
ENT-01975,pariwisata
ENT-01975,pembangunan rendah karbon
ENT-01976,RPJMN
ENT-01976,governance
ENT-01977,kemiskinan
ENT-01978,TPB
ENT-01978,pembangunan rendah karbon
ENT-01978,kemaritiman
ENT-01979,Ibu Kota Nusantara
ENT-01979,EBT
ENT-01980,RPJMN
ENT-01980,SDGs
ENT-01980,ketahanan pangan
ENT-01981,infrastruktur
ENT-01981,digital transformation
ENT-01981,pendidikan
ENT-01982,energi baru terbarukan
ENT-01982,evaluasi kinerja
ENT-01982,investasi
ENT-01982,perubahan iklim
ENT-01983,SDGs
ENT-01983,kesehatan
ENT-01984,ketahanan pangan
ENT-01984,UKM
ENT-01984,kemaritiman
ENT-01985,Pariwisata
ENT-01985,kemaritiman
ENT-01986,infrastruktur
ENT-01986,SDGs
ENT-01986,ketahanan pangan
ENT-01986,pariwisata
ENT-01987,RPJMN
ENT-01987,stunting
ENT-01988,Kemiskinan
ENT-01988,transformasi digital
ENT-01988,tata kelola
ENT-01989,IKN
ENT-01989,Green Economy
ENT-01990,Perlindungan Sosial
ENT-01990,IKN
ENT-01991,ekonomi hijau
ENT-01991,kemiskinan
ENT-01992,kemiskinan
ENT-01992,RPJMN
ENT-01992,pariwisata
ENT-01993,investasi
ENT-01993,UMKM
ENT-01993,tujuan pembangunan berkelanjutan
ENT-01994,pendidkan
ENT-01994,usaha mikro kecil dan menengah
ENT-01995,health
ENT-01996,SDGs
ENT-01996,RPJMN
ENT-01997,perdesaan
ENT-01997,ekonomi hijau
ENT-01997,kemiskinan
ENT-01998,SDGs
ENT-01998,transformasi digital
ENT-01999,ketahanan pangan
ENT-01999,RPJMN
ENT-02000,RPJMN
ENT-02000,PRK
ENT-02000,UMKM
ENT-02001,stunting
ENT-02001,poverty
ENT-02001,infrastruktur
ENT-02002,Rencana Pembangunan Jangka Menengah Nasional
ENT-02002,gender
ENT-02002,evaluasi kinerja
ENT-02002,tata kelola
ENT-02003,perlindungan-sosial
ENT-02003,health
ENT-02004,infrastruktur
ENT-02004,statistik
ENT-02005,evaluasi kinerja
ENT-02005,kemiskinan
ENT-02008,Kemiskinan
ENT-02008,digital transformation
ENT-02009,Gagal Tumbuh
ENT-02009,usaha mikro kecil dan menengah
ENT-02009,reformasi birokrasi
ENT-02010,infrastruktur
ENT-02010,low carbon development
ENT-02011,transformasi digital
ENT-02011,pariwisata
ENT-02011,pendidikan
ENT-02012,Perdesaan
ENT-02012,Pendidikan
ENT-02013,air minum dan sanitasi
ENT-02013,Rencana Pembangunan Jangka Menengah Nasional
ENT-02013,SDGs
ENT-02014,pembangunan rendah karbon
ENT-02014,tatakelola
ENT-02015,SDGs
ENT-02015,pariwisata
ENT-02016,RPJMN
ENT-02017,transformasi digital
ENT-02017,IKN
ENT-02018,ketahanan pangan
ENT-02018,PRK
ENT-02018,tata-kelola
ENT-02019,kesehatan
ENT-02019,green economy
ENT-02019,perlindungan sosial
ENT-02020,gender
ENT-02021,climate change
ENT-02022,Perubahan Iklim
ENT-02022,education
ENT-02022,statistik
ENT-02023,tata kelola
ENT-02024,perlindungan sosial
ENT-02024,kemaritiman
ENT-02024,kesehtan
ENT-02025,TPB
ENT-02025,RPJMN
ENT-02025,perdesaan
ENT-02026,kesehatan
ENT-02026,ekonomi hijau
ENT-02027,tata kelola
ENT-02027,evaluasi kinerja
ENT-02028,ketahanan pangan
ENT-02028,stunting
ENT-02028,pembangunan rendah karbon
ENT-02029,perlindungan sosial
ENT-02031,UMKM
ENT-02031,SDGs
ENT-02031,energi baru terbarukan
ENT-02032,RPJMN
ENT-02032,investasi
ENT-02032,green economy
ENT-02033,kemiskinan
ENT-02034,kemaritiman
ENT-02034,tata kelola
ENT-02035,pendidikan
ENT-02035,ketahanan pangan
ENT-02036,IKN
ENT-02036,SDGs
ENT-02037,low carbon development
ENT-02037,transformasi digital
ENT-02038,stunting
ENT-02038,RPJMN
ENT-02038,transformasi digital
ENT-02039,RPJMN
ENT-02040,infrastruktur
ENT-02042,perubahan iklim
ENT-02042,kemiskinan
ENT-02042,pendidikan
ENT-02043,ekonomi hijau
ENT-02043,miskin
ENT-02044,kesehtan
ENT-02044,pendidikan
ENT-02046,perubahan iklim
ENT-02047,pembangunan rendah karbon
ENT-02047,IKN
ENT-02048,green economy
ENT-02048,pembangunan rendah karbon
ENT-02048,infrastruktur
ENT-02049,UMKM
ENT-02050,statistik
ENT-02050,infrastuktur
ENT-02050,investasi
ENT-02051,perlindungan sosial
ENT-02051,SDGs
ENT-02051,infrastruktur
ENT-02051,pembangunan rendah karbon
ENT-02052,air minum dan sanitasi
ENT-02053,kemaritiman
ENT-02053,energi baru terbarukan
ENT-02053,kemiskinan
ENT-02054,pembangunan rendah karbon
ENT-02055,RPJMN
ENT-02055,SDGs
ENT-02056,perlindungan sosial
ENT-02056,renewable energy
ENT-02056,ketahanan pangan
ENT-02056,kemiskinan
ENT-02058,RPJMN
ENT-02059,kemiskinan
ENT-02059,transformasi digital
ENT-02059,evaluasi kinerja
ENT-02060,tata kelola
ENT-02061,energi baru terbarukan
ENT-02061,transformasi digital
ENT-02062,SDGs
ENT-02063,infrastruktur
ENT-02063,ekonomi hijau
ENT-02063,perdesaan
ENT-02064,kesehatan
ENT-02064,transformasi digital
ENT-02065,Sdgs
ENT-02066,UMKM
ENT-02066,evaluasi kinerja
ENT-02067,ekonomi hijau
ENT-02067,stunting
ENT-02068,UMKM
ENT-02068,gender
ENT-02069,perdesaan
ENT-02069,reformasi birokrasi
ENT-02070,air minum dan sanitasi
ENT-02070,ketahanan pangan
ENT-02070,perubahan-iklim
ENT-02071,statistik
ENT-02071,perubahan iklim
ENT-02071,pendidikan
ENT-02071,ketahanan pangan
ENT-02072,UMKM
ENT-02072,PRK
ENT-02072,tata kelola
ENT-02073,transformasi digital
ENT-02073,pendidikan
ENT-02073,investasi
ENT-02074,infrastruktur
ENT-02074,perdesaan
ENT-02075,perlindungan sosial
ENT-02075,Transformasi Digital
ENT-02075,UMKM
ENT-02076,pendidikan
ENT-02076,perubahan iklim
ENT-02078,tata kelola
ENT-02078,reformasi birokrasi
ENT-02080,SDGs
ENT-02080,pendidikan
ENT-02080,tata kelola
ENT-02081,energi baru terbarukan
ENT-02081,IKN
ENT-02081,education
ENT-02082,UMKM
ENT-02082,kemaritiman
ENT-02083,tujuan pembangunan berkelanjutan
ENT-02083,air minum dan sanitasi
ENT-02083,IKN
ENT-02084,RPJMN
ENT-02084,kesehatan
ENT-02085,kemiskinan
ENT-02085,reformasi birokrasi
ENT-02085,kesehatan
ENT-02086,RPJMN
ENT-02086,IKN
ENT-02087,UMKM
ENT-02087,statistik
ENT-02088,tatakelola
ENT-02089,IKN
ENT-02089,ketahanan pangan
ENT-02090,pariwisata
ENT-02090,PRK
ENT-02091,infrastruktur
ENT-02091,education
ENT-02091,evaluasi-kinerja
ENT-02092,ketenagakerjaan
ENT-02092,perlindungan sosial
ENT-02093,investasi
ENT-02093,UMKM
ENT-02094,transformasi digital
ENT-02094,energi baru terbarukan
ENT-02094,pariwisata
ENT-02095,ketenagakerjaan
ENT-02095,Digitalisasi
ENT-02096,education
ENT-02096,transformasi digital
ENT-02097,SDGs
ENT-02097,perdesaan
ENT-02098,stunting
ENT-02098,pedesaan
ENT-02098,Sdgs
ENT-02099,pariwisata
ENT-02099,IKN
ENT-02100,RPJMN
ENT-02100,pembangunan rendah karbon
ENT-02101,UMKM
ENT-02101,kemiskinan
ENT-02102,ketenagakerjaan
ENT-02102,RPJMN
ENT-02102,kemaritiman
ENT-02103,reformasi birokrasi
ENT-02104,Perdesaan
ENT-02104,ketahanan pangan
ENT-02105,Statistik
ENT-02106,kemiskinan
ENT-02106,Tatakelola
ENT-02106,transformasi digital
ENT-02107,evaluasi kinerja
ENT-02107,pendidikan
ENT-02108,EBT
ENT-02108,digital transformation
ENT-02109,investasi
ENT-02109,kemiskinan
ENT-02110,Pembangunan Rendah Karbon
ENT-02110,tengkes
ENT-02111,transformasi digital
ENT-02111,stunting
ENT-02111,Low Carbon Development
ENT-02112,kemaritiman
ENT-02112,digital transformation
ENT-02113,pendidikan
ENT-02113,investasi
ENT-02113,infrastuktur
ENT-02114,Pariwisata
ENT-02114,pendidikan
ENT-02114,tata-kelola
ENT-02114,Stunting
ENT-02115,Sdgs
ENT-02116,energi baru terbarukan
ENT-02117,RPJMN
ENT-02117,infrastuktur
ENT-02118,ketahanan pangan
ENT-02118,infrastructure
ENT-02118,investasi
ENT-02119,perdesaan
ENT-02119,Reformasi Birokrasi
ENT-02120,kemiskinan
ENT-02120,ketahanan pangan
ENT-02120,reformasi birokrasi
ENT-02121,stunting
ENT-02121,kesehatan
ENT-02121,air minum dan sanitasi
ENT-02122,evaluasi kinerja
ENT-02122,perubahan iklim
ENT-02124,tata kelola
ENT-02124,kesehatan
ENT-02124,kemaritiman
ENT-02124,reformasi-birokrasi
ENT-02125,RPJMN
ENT-02125,UMKM
ENT-02126,perubahan iklim
ENT-02126,IKN
ENT-02127,perdesaan
ENT-02127,UMKM
ENT-02127,perubahan iklim
ENT-02128,energi baru terbarukan
ENT-02128,reformasi birokrasi
ENT-02129,air minum dan sanitasi
ENT-02129,gagal tumbuh
ENT-02130,pendidikan
ENT-02131,UMKM
ENT-02131,kesehatan
ENT-02132,evaluasi kinerja
ENT-02132,investasi
ENT-02132,reformasi birokrasi
ENT-02133,ketenagakerjaan
ENT-02133,perdesaan
ENT-02134,UMKM
ENT-02135,gender
ENT-02135,IKN
ENT-02136,RPJMN
ENT-02136,reformasi birokrasi
ENT-02136,perdesaan
ENT-02136,UMKM
ENT-02137,stunting
ENT-02137,energi baru terbarukan
ENT-02138,Pariwisata
ENT-02138,stunting
ENT-02138,kemaritiman
ENT-02139,evaluasi kinerja
ENT-02140,infrastruktur
ENT-02140,investasi
ENT-02140,SDGs
ENT-02141,RPJMN
ENT-02141,stunting
ENT-02143,UMKM
ENT-02143,RPJMN
ENT-02144,air minum dan sanitasi
ENT-02146,transformasi digital
ENT-02147,Perdesaan
ENT-02147,tatakelola
ENT-02148,evaluasi kinerja
ENT-02148,UMKM
ENT-02148,Perubahan Iklim
ENT-02150,UMKM
ENT-02150,miskin
ENT-02151,TPB
ENT-02151,reformasi birokrasi
ENT-02151,IKN
ENT-02152,perlindungan sosial
ENT-02152,SDGs
ENT-02152,RPJMN
ENT-02152,pembangunan rendah karbon
ENT-02153,stunting
ENT-02153,perdesaan
ENT-02154,transformasi digital
ENT-02154,RPJMN
ENT-02154,UMKM
ENT-02155,stunting
ENT-02155,Pembangunan Rendah Karbon
ENT-02156,pariwisata
ENT-02156,transformasi digital
ENT-02156,ekonomi hijau
ENT-02157,investasi
ENT-02157,reformasi birokrasi
ENT-02157,kesehatan
ENT-02158,RPJMN
ENT-02158,digital transformation
ENT-02159,infrastruktur
ENT-02160,reformasi birokrasi
ENT-02160,poverty
ENT-02161,SDGs
ENT-02161,RPJMN
ENT-02162,infrastruktur
ENT-02162,perdesaan
ENT-02162,kemaritiman
ENT-02162,Rencana Pembangunan Jangka Menengah Nasional
ENT-02163,RB
ENT-02163,tata kelola
ENT-02164,perlindungan sosial
ENT-02165,pembangunan rendah karbon
ENT-02165,kemiskinan
ENT-02166,reformasi birokrasi
ENT-02167,evaluasi kinerja
ENT-02167,energi baru terbarukan
ENT-02167,stunting
ENT-02168,investasi
ENT-02168,IKN
ENT-02169,ketahanan pangan
ENT-02170,kesehatan
ENT-02170,pembangunan rendah karbon
ENT-02171,ketahanan pangan
ENT-02171,kesehtan
ENT-02172,RB
ENT-02172,pendidikan
ENT-02173,PRK
ENT-02173,kesehatan
ENT-02174,pariwisata
ENT-02174,tata kelola
ENT-02174,reformasi birokrasi
ENT-02175,reformasi birokrasi
ENT-02175,Energi Baru Terbarukan
ENT-02176,gender
ENT-02177,investasi
ENT-02177,ketenagakerjaan
ENT-02177,air minum dan sanitasi
ENT-02178,UMKM
ENT-02178,kemiskinan
ENT-02178,energi baru terbarukan
ENT-02180,RPJMN
ENT-02180,tata kelola
ENT-02181,transformasi digital
ENT-02181,pembangunan rendah karbon
ENT-02181,investasi
ENT-02182,ekonomi hijau
ENT-02183,stunting
ENT-02183,kesehatan
ENT-02184,kemiskinan
ENT-02184,Pembangunan Rendah Karbon
ENT-02185,usaha mikro kecil dan menengah
ENT-02185,ekonomi hijau
ENT-02186,perdesaan
ENT-02186,UMKM
ENT-02186,stunting
ENT-02187,energi baru terbarukan
ENT-02187,transformasi digital
ENT-02188,kesehatan
ENT-02188,UMKM
ENT-02189,investasi
ENT-02189,TPB
ENT-02191,SDGs
ENT-02191,pariwisata
ENT-02192,energi baru terbarukan
ENT-02192,perdesaan
ENT-02193,Pembangunan Rendah Karbon
ENT-02193,SDGs
ENT-02193,infrastruktur
ENT-02194,kemaritiman
ENT-02194,investasi
ENT-02194,IKN
ENT-02195,stunting
ENT-02195,pariwisata
ENT-02195,kemaritiman
ENT-02196,infrastruktur
ENT-02196,Perlindungan Sosial
ENT-02196,RPJMN
ENT-02197,reformasi birokrasi
ENT-02197,investasi
ENT-02198,kemaritiman
ENT-02198,RPJMN
ENT-02198,energi baru terbarukan
ENT-02199,stunting
ENT-02200,ketenagakerjaan
ENT-02201,tatakelola
ENT-02201,energi baru terbarukan
ENT-02202,RPJMN
ENT-02203,investasi
ENT-02203,ketahanan pangan
ENT-02204,perubahan iklim
ENT-02204,perlindungan sosial
ENT-02205,reformasi birokrasi
ENT-02205,UMKM
ENT-02205,gender
ENT-02206,RPJMN
ENT-02206,gender
ENT-02206,reformasi birokrasi
ENT-02207,health
ENT-02207,IKN
ENT-02207,ekonomi hijau
ENT-02208,perubahan iklim
ENT-02209,pariwisata
ENT-02209,IKN
ENT-02209,UMKM
ENT-02210,RPJMN
ENT-02211,gagal tumbuh
ENT-02211,ekonomi hijau
ENT-02211,kemiskinan
ENT-02211,transformasi digital
ENT-02213,reformasi birokrasi
ENT-02213,renewable energy
ENT-02214,RPJMN
ENT-02214,UMKM
ENT-02215,UMKM
ENT-02216,RB
ENT-02217,pembangunan rendah karbon
ENT-02217,transformasi digital
ENT-02217,infrastruktur
ENT-02218,reformasi birokrasi
ENT-02218,TPB
ENT-02218,energi baru terbarukan
ENT-02219,IKN
ENT-02220,energi baru terbarukan
ENT-02220,transformasi digital
ENT-02221,RPJMN
ENT-02221,tata kelola
ENT-02221,reformasi birokrasi
ENT-02222,infrastuktur
ENT-02222,Kemaritiman
ENT-02222,perdesaan
ENT-02223,Perubahan Iklim
ENT-02223,IKN
ENT-02223,Rencana Pembangunan Jangka Menengah Nasional
ENT-02224,perlindungan sosial
ENT-02224,UMKM
ENT-02225,perubahan iklim
ENT-02225,pendidkan
ENT-02225,kemiskinan
ENT-02226,perlindungan sosial
ENT-02226,RPJMN
ENT-02227,food security
ENT-02229,renewable energy
ENT-02229,kemaritiman
ENT-02230,kemaritiman
ENT-02230,UMKM
ENT-02230,Tata Kelola
ENT-02232,usaha mikro kecil dan menengah
ENT-02233,pedesaan
ENT-02233,TPB
ENT-02234,infrastructure
ENT-02235,ketahanan pangan
ENT-02235,tata kelola
ENT-02236,UKM
ENT-02237,IKN
ENT-02238,pariwisata
ENT-02238,perubahan iklim
ENT-02238,RPJMN
ENT-02239,ekonomi hijau
ENT-02239,reformasi birokrasi
ENT-02240,UMKM
ENT-02240,IKN
ENT-02241,infrastruktur
ENT-02241,UMKM
ENT-02241,SDGs
ENT-02242,reformasi birokrasi
ENT-02243,UMKM
ENT-02243,reformasi birokrasi
ENT-02244,investasi
ENT-02244,Pendidikan
ENT-02244,infrastruktur
ENT-02245,kesehatan
ENT-02245,evaluasi kinerja
ENT-02245,gender
ENT-02246,UMKM
ENT-02247,infrastruktur
ENT-02247,ketahanan pangan
ENT-02248,statistik
ENT-02248,transformasi digital
ENT-02248,pembangunan rendah karbon
ENT-02249,Food Security
ENT-02249,evaluasi kinerja
ENT-02250,reformasi birokrasi
ENT-02250,UMKM
ENT-02250,perlindungan sosial
ENT-02251,perubahan iklim
ENT-02251,pembangunan rendah karbon
ENT-02252,perubahan iklim
ENT-02253,transformasi digital
ENT-02254,reformasi birokrasi
ENT-02254,Stunting
ENT-02254,kesehatan
ENT-02254,kemaritiman
ENT-02255,kemiskinan
ENT-02255,investasi
ENT-02256,UMKM
ENT-02256,kemiskinan
ENT-02257,kesehtan
ENT-02257,kemaritiman
ENT-02258,stunting
ENT-02258,pariwisata
ENT-02259,EBT
ENT-02259,investasi
ENT-02259,pembangunan rendah karbon
ENT-02260,Perlindungan Sosial
ENT-02260,energi baru terbarukan
ENT-02261,reformasi birokrasi
ENT-02261,perlindungan sosial
ENT-02262,investasi
ENT-02262,kesehatan
ENT-02263,perubahan iklim
ENT-02263,kesehtan
ENT-02264,IKN
ENT-02264,reformasi birokrasi
ENT-02264,RPJMN
ENT-02265,kesehatan
ENT-02265,ketenagakerjaan
ENT-02265,Infrastruktur
ENT-02267,pariwisata
ENT-02269,Sdgs
ENT-02269,tata kelola
ENT-02271,Kemaritiman
ENT-02271,kesehtan
ENT-02271,RPJMN
ENT-02272,pariwisata
ENT-02272,ketahanan pangan
ENT-02273,kemaritiman
ENT-02273,pedesaan
ENT-02273,SDGs
ENT-02274,SDGs
ENT-02274,perubahan iklim
ENT-02275,kemiskinan
ENT-02275,kesehatan
ENT-02276,investasi
ENT-02276,perubahan iklim
ENT-02277,energi-baru terbarukan
ENT-02278,perlindungan sosial
ENT-02279,perubahan iklim
ENT-02280,infrastructure
ENT-02280,pembangunan rendah karbon
ENT-02281,UMKM
ENT-02281,Perlindungan Sosial
ENT-02281,food security
ENT-02282,UMKM
ENT-02282,Transformasi Digital
ENT-02283,pariwisata
ENT-02283,RPJMN
ENT-02283,ketenagakerjaan
ENT-02284,investasi
ENT-02284,Energi Baru Terbarukan
ENT-02285,energi baru terbarukan
ENT-02285,ketahanan pangan
ENT-02285,pendidikan
ENT-02286,kesehatan
ENT-02286,perubahan iklim
ENT-02287,ekonomi hijau
ENT-02287,statistik
ENT-02287,RPJMN
ENT-02288,kesehatan
ENT-02289,transformasi digital
ENT-02289,IKN
ENT-02290,kemaritiman
ENT-02290,perubahan iklim
ENT-02291,TPB
ENT-02291,UMKM
ENT-02291,transformasi digital
ENT-02292,education
ENT-02292,infrastruktur
ENT-02292,transformasi digital
ENT-02293,kemiskinan
ENT-02293,SDGs
ENT-02294,perlindungan sosial
ENT-02295,evaluasi kinerja
ENT-02295,renewable energy
ENT-02296,transformasi digital
ENT-02296,IKN
ENT-02296,pembangunan rendah karbon
ENT-02296,air minum dan sanitasi
ENT-02297,pariwisata
ENT-02297,infrastruktur
ENT-02298,EBT
ENT-02298,pembangunan rendah karbon
ENT-02299,UMKM
ENT-02299,investasi
ENT-02300,perlindungan sosial
ENT-02300,tata kelola
ENT-02300,pariwisata
ENT-02301,poverty
ENT-02301,tata kelola
ENT-02301,perdesaan
ENT-02302,SDGs
ENT-02302,perlindungan sosial
ENT-02303,kesehtan
ENT-02303,air minum dan sanitasi
ENT-02303,infrastruktur
ENT-02304,green economy
ENT-02304,tata kelola
ENT-02305,energi baru terbarukan
ENT-02306,perlindungan sosial
ENT-02306,energi baru terbarukan
ENT-02307,TPB
ENT-02307,Pembangunan Rendah Karbon
ENT-02307,infrastruktur
ENT-02307,ekonomi hijau
ENT-02308,perlindungan sosial
ENT-02309,perubahan iklim
ENT-02310,ketenagakerjaan
ENT-02310,infrastruktur
ENT-02310,reformasi birokrasi
ENT-02311,evaluasi kinerja
ENT-02312,perlindungan sosial
ENT-02313,evaluasi kinerja
ENT-02313,kesehatan
ENT-02313,poverty
ENT-02315,stunting
ENT-02315,kemiskinan
ENT-02316,perlindungan sosial
ENT-02316,kesehatan
ENT-02317,evaluasi kinerja
ENT-02317,EBT
ENT-02317,perubahan iklim
ENT-02318,reformasi birokrasi
ENT-02318,miskin
ENT-02319,infrastruktur
ENT-02320,pendidikan
ENT-02320,Tatakelola
ENT-02320,gender
ENT-02320,air minum dan sanitasi
ENT-02321,Ketenagakerjaan
ENT-02321,miskin
ENT-02321,perlindungan sosial
ENT-02322,pembangunan rendah karbon
ENT-02322,energi baru terbarukan
ENT-02323,reformasi birokrasi
ENT-02323,ketenagakerjaan
ENT-02325,evaluasi kinerja
ENT-02325,digitalisasi
ENT-02326,pendidikan
ENT-02326,kesehatan
ENT-02328,ketenagakerjaan
ENT-02329,perdesaan
ENT-02329,kemiskinan
ENT-02330,kesehatan
ENT-02330,kemaritiman
ENT-02330,governance
ENT-02331,ketahanan pangan
ENT-02331,pembangunan rendah karbon
ENT-02331,TPB
ENT-02332,education
ENT-02332,infrastructure
ENT-02332,kesehtan
ENT-02333,TPB
ENT-02333,RPJMN
ENT-02334,infrastuktur
ENT-02334,EBT
ENT-02335,transformasi digital
ENT-02335,tata kelola
ENT-02336,ketahanan pangan
ENT-02336,UMKM
ENT-02336,poverty
ENT-02337,Ekonomi Hijau
ENT-02337,RPJMN
ENT-02337,infrastruktur
ENT-02338,SDGs
ENT-02338,ketahanan pangan
ENT-02339,UMKM
ENT-02340,poverty
ENT-02340,reformasi birokrasi
ENT-02341,pedesaan
ENT-02342,infrastructure
ENT-02342,energi baru terbarukan
ENT-02342,Transformasi Digital
ENT-02343,reformasi birokrasi
ENT-02343,tujuan pembangunan berkelanjutan
ENT-02343,kemaritiman
ENT-02344,UMKM
ENT-02344,ketahanan pangan
ENT-02345,infrastructure
ENT-02345,ketenagakerjaan
ENT-02346,ketahanan pangan
ENT-02347,Kemaritiman
ENT-02347,pendidikan
ENT-02347,kemiskinan
ENT-02348,kesehatan
ENT-02348,pendidikan
ENT-02348,kemaritiman
ENT-02349,IKN
ENT-02350,RPJMN
ENT-02350,poverty
ENT-02351,pembangunan rendah karbon
ENT-02351,SDGs
ENT-02352,RPJMN
ENT-02352,UMKM
ENT-02353,perdesaan
ENT-02353,infrastruktur
ENT-02353,green economy
ENT-02354,kesehatan
ENT-02354,Infrastruktur
ENT-02354,investasi
ENT-02355,renewable-energy
ENT-02355,pembangunan rendah karbon
ENT-02355,kemiskinan
ENT-02356,Kesehatan
ENT-02356,infrastruktur
ENT-02356,pembangunan rendah karbon
ENT-02357,UMKM
ENT-02358,RB
ENT-02358,stunting
ENT-02359,health
ENT-02360,RPJMN
ENT-02360,SDGs
ENT-02361,UMKM
ENT-02361,digital transformation
ENT-02361,pendidikan
ENT-02362,Stunting
ENT-02362,pembangunan rendah karbon
ENT-02363,SDGs
ENT-02364,Sdgs
ENT-02364,RPJMN
ENT-02365,gender
ENT-02365,kesehatan
ENT-02366,ketenagakerjaan
ENT-02366,pendidikan
ENT-02366,statistik
ENT-02367,low carbon development
ENT-02367,ketenagakerjaan
ENT-02367,ketahanan pangan
ENT-02369,UMKM
ENT-02369,kesehatan
ENT-02370,pariwisata
ENT-02371,reformasi birokrasi
ENT-02371,pendidikan
ENT-02372,kemiskinan
ENT-02372,health
ENT-02372,pembangunan rendah karbon
ENT-02373,pendidikan
ENT-02373,perlindungan sosial
ENT-02374,perlindungan sosial
ENT-02375,transformasi-digital
ENT-02375,ketenagakerjaan
ENT-02376,evaluasi kinerja
ENT-02377,perubahan iklim
ENT-02377,Energi Baru Terbarukan
ENT-02378,pembangunan rendah karbon
ENT-02378,pendidikan
ENT-02379,ekonomi hijau
ENT-02379,infrastruktur
ENT-02379,transformasi digital
ENT-02380,Kemaritiman
ENT-02380,renewable energy
ENT-02381,IKN
ENT-02383,perubahan iklim
ENT-02383,stunting
ENT-02384,reformasi birokrasi
ENT-02384,infrastruktur
ENT-02384,ketahanan pangan
ENT-02385,ketenagakerjaan
ENT-02385,stunting
ENT-02386,kesehatan
ENT-02386,ekonomi hijau
ENT-02386,RPJMN
ENT-02387,perlindungan sosial
ENT-02387,Kesehatan
ENT-02390,ekonomi hijau
ENT-02390,pembangunan rendah karbon
ENT-02391,Rencana Pembangunan Jangka Menengah Nasional
ENT-02391,infrastuktur
ENT-02392,air minum dan sanitasi
ENT-02392,UMKM
ENT-02393,ekonomi hijau
ENT-02393,perlindungan sosial
ENT-02393,food-security
ENT-02394,tata kelola
ENT-02394,Ketahanan Pangan
ENT-02395,kesehatan
ENT-02395,digitalisasi
ENT-02396,perubahan iklim
ENT-02396,kesehatan
ENT-02397,gender
ENT-02397,Statistik
ENT-02397,UMKM
ENT-02398,statistik
ENT-02399,UMKM
ENT-02400,pedesaan
ENT-02401,tata kelola
ENT-02401,investasi
ENT-02401,reformasi birokrasi
ENT-02402,tata kelola
ENT-02403,kemaritiman
ENT-02403,gender
ENT-02403,pariwisata
ENT-02404,air minum dan sanitasi
ENT-02404,perubahan iklim
ENT-02405,ketahanan pangan
ENT-02406,kesehatan
ENT-02407,ketahanan pangan
ENT-02407,pariwisata
ENT-02408,pendidikan
ENT-02408,SDGs
ENT-02408,ekonomi hijau
ENT-02409,perlindungan sosial
ENT-02409,kemiskinan
ENT-02409,RPJMN
ENT-02410,ekonomi hijau
ENT-02410,perubahan iklim
ENT-02410,infrastruktur
ENT-02411,gender
ENT-02411,infrastruktur
ENT-02411,UMKM
ENT-02412,infrastruktur
ENT-02413,UMKM
ENT-02413,perubahan iklim
ENT-02413,reformasi birokrasi
ENT-02414,ketenagakerjaan
ENT-02414,infrastruktur
ENT-02414,kemiskinan
ENT-02415,ketenagakerjaan
ENT-02415,air minum dan sanitasi
ENT-02416,perdesaan
ENT-02416,energi baru terbarukan
ENT-02416,RPJMN
ENT-02417,UMKM
ENT-02417,health
ENT-02418,pendidikan
ENT-02419,UMKM
ENT-02419,ekonomi hijau
ENT-02420,digital transformation
ENT-02420,gender
ENT-02420,infrastruktur
ENT-02420,RPJMN
ENT-02421,SDGs
ENT-02421,perlindungan sosial
ENT-02422,SDGs
ENT-02423,ketahanan pangan
ENT-02423,evaluasi kinerja
ENT-02423,perlindungan sosial
ENT-02424,tata kelola
ENT-02424,perubahan iklim
ENT-02424,perlindungan sosial
ENT-02425,RPJMN
ENT-02426,pembangunan rendah karbon
ENT-02426,digitalisasi
ENT-02427,Evaluasi Kinerja
ENT-02427,IKN
ENT-02427,Investasi
ENT-02428,investasi
ENT-02428,pendidikan
ENT-02428,air minum dan sanitasi
ENT-02429,pembangunan rendah karbon
ENT-02429,pariwisata
ENT-02430,gender
ENT-02431,statistik
ENT-02432,tata kelola
ENT-02432,kemiskinan
ENT-02432,infrastruktur
ENT-02433,Perubahan Iklim
ENT-02433,governance
ENT-02434,investasi
ENT-02434,renewable energy
ENT-02435,infrastruktur
ENT-02435,reformasi birokrasi
ENT-02436,Kemaritiman
ENT-02436,infrastruktur
ENT-02437,pembangunan rendah karbon
ENT-02437,investasi
ENT-02437,ketenagakerjaan
ENT-02438,infrastructure
ENT-02438,poverty
ENT-02438,perlindungan sosial
ENT-02439,statistik
ENT-02439,IKN
ENT-02441,pembangunan rendah emisi
ENT-02441,kemiskinan
ENT-02442,climate change
ENT-02442,transformasi digital
ENT-02443,infrastruktur
ENT-02443,tata kelola
ENT-02443,kesehatan
ENT-02444,air minum dan sanitasi
ENT-02445,ketenagakerjaan
ENT-02445,Stunting
ENT-02445,infrastruktur
ENT-02447,RPJMN
ENT-02447,perubahan iklim
ENT-02447,miskin
ENT-02447,UMKM
ENT-02448,SDGs
ENT-02449,transformasi digital
ENT-02449,tujuan pembangunan berkelanjutan
ENT-02449,ketenagakerjaan
ENT-02450,kemiskinan
ENT-02450,Kesehatan
ENT-02450,IKN
ENT-02451,ketahanan pangan
ENT-02451,energi baru terbarukan
ENT-02451,ekonomi hijau
ENT-02452,infrastruktur
ENT-02452,UMKM
ENT-02453,RPJMN
ENT-02453,gender
ENT-02454,perubahan iklim
ENT-02454,IKN
ENT-02454,UMKM
ENT-02455,UMKM
ENT-02455,perdesaan
ENT-02456,RPJMN
ENT-02456,ketenagakerjaan
ENT-02456,perlindungan sosial
ENT-02457,kesehatan
ENT-02457,evaluasi kinerja
ENT-02458,kesehatan
ENT-02458,IKN
ENT-02458,governance
ENT-02459,RPJMN
ENT-02460,PRK
ENT-02460,miskin
ENT-02461,evaluasi kinerja
ENT-02461,pendidikan
ENT-02462,infrastruktur
ENT-02462,Perdesaan
ENT-02463,reformasi birokrasi
ENT-02463,ekonomi hijau
ENT-02463,perubahan iklim
ENT-02464,RPJMN
ENT-02464,Ketenagakerjaan
ENT-02464,SDGs
ENT-02464,perdesaan
ENT-02465,Energi Baru Terbarukan
ENT-02465,air minum dan sanitasi
ENT-02466,statistik
ENT-02466,RPJMN
ENT-02467,reformasi-birokrasi
ENT-02467,Transformasi Digital
ENT-02467,SDGs
ENT-02467,perlindungan sosial
ENT-02468,ketahanan pangan
ENT-02468,statistik
ENT-02469,ketahanan pangan
ENT-02469,infrastruktur
ENT-02470,pendidikan
ENT-02470,pariwisata
ENT-02471,transformasi digital
ENT-02471,pendidikan
ENT-02472,infrastruktur
ENT-02472,RPJMN
ENT-02474,ekonomi hijau
ENT-02474,stunting
ENT-02475,gagal-tumbuh
ENT-02475,ketenagakerjaan
ENT-02476,food security
ENT-02476,kemiskinan
ENT-02476,ketenagakerjaan
ENT-02477,pembangunan rendah karbon
ENT-02477,air minum dan sanitasi
ENT-02478,RPJMN
ENT-02478,pembangunan-rendah karbon
ENT-02479,investasi
ENT-02479,kemiskinan
ENT-02480,infrastruktur
ENT-02480,kemaritiman
ENT-02480,Perdesaan
ENT-02480,transformasi-digital
ENT-02481,Rencana-Pembangunan Jangka Menengah Nasional
ENT-02481,perlindungan sosial
ENT-02482,kemiskinan
ENT-02482,ketahanan pangan
ENT-02483,perubahan iklim
ENT-02483,evaluasi kinerja
ENT-02483,RPJMN
ENT-02483,pariwisata
ENT-02484,ketenagakerjaan
ENT-02484,Evaluasi Kinerja
ENT-02484,tata-kelola
ENT-02485,poverty
ENT-02485,tengkes
ENT-02486,Statistik
ENT-02486,tujuan pembangunan berkelanjutan
ENT-02486,Kemiskinan
ENT-02488,pendidikan
ENT-02489,Rencana Pembangunan Jangka Menengah Nasional
ENT-02490,gender
ENT-02490,ekonomi hijau
ENT-02490,reformasi birokrasi
ENT-02491,kesehatan
ENT-02491,pendidkan
ENT-02491,tata kelola
ENT-02492,low-carbon development
ENT-02492,SDGs
ENT-02492,pendidikan
ENT-02493,perdesaan
ENT-02493,ekonomi hijau
ENT-02494,Investasi
ENT-02494,perlindungan sosial
ENT-02495,pembangunan rendah karbon
ENT-02495,energi baru terbarukan
ENT-02496,green economy
ENT-02497,ketahanan pangan
ENT-02497,kemiskinan
ENT-02498,energi baru terbarukan
ENT-02498,IKN
ENT-02498,ekonomi hijau
ENT-02499,infrastruktur
ENT-02499,pendidikan
ENT-02500,air minum dan sanitasi
ENT-02502,ekonomi hijau
ENT-02502,air minum dan sanitasi
ENT-02503,UMKM
ENT-02503,stunting
ENT-02503,Kesehatan
ENT-02504,transformasi digital
ENT-02504,ketahanan pangan
ENT-02504,education
ENT-02505,SDGs
ENT-02505,RB
ENT-02505,transformasi digital
ENT-02507,stunting
ENT-02507,infrastuktur
ENT-02508,pendidikan
ENT-02509,Rencana Pembangunan Jangka Menengah Nasional
ENT-02509,pendidikan
ENT-02509,ekonomi hijau
ENT-02510,UMKM
ENT-02512,reformasi birokrasi
ENT-02512,pendidikan
ENT-02512,kemiskinan
ENT-02513,ketahanan-pangan
ENT-02513,UMKM
ENT-02514,infrastructure
ENT-02514,RPJMN
ENT-02515,RPJMN
ENT-02515,Perubahan Iklim
ENT-02516,air minum dan sanitasi
ENT-02516,UMKM
ENT-02516,Ibu Kota Nusantara
ENT-02517,PRK
ENT-02517,transformasi digital
ENT-02518,RB
ENT-02518,ekonomi-hijau
ENT-02519,education
ENT-02519,reformasi birokrasi
ENT-02519,Tata Kelola
ENT-02520,investasi
ENT-02521,pembangunan rendah karbon
ENT-02521,RPJMN
ENT-02522,perubahan iklim
ENT-02522,TPB
ENT-02522,poverty
ENT-02524,reformasi birokrasi
ENT-02524,ketahanan pangan
ENT-02525,RPJMN
ENT-02525,perlindungan sosial
ENT-02526,energi baru terbarukan
ENT-02526,infrastruktur
ENT-02526,PRK
ENT-02526,RB
ENT-02527,EBT
ENT-02527,reformasi birokrasi
ENT-02528,Infrastruktur
ENT-02529,tengkes
ENT-02529,perlindungan sosial
ENT-02530,kemiskinan
ENT-02530,pembangunan rendah karbon
ENT-02531,investasi
ENT-02531,stunting
ENT-02531,air minum dan sanitasi
ENT-02532,transformasi digital
ENT-02533,perubahan iklim
ENT-02533,Reformasi Birokrasi
ENT-02533,energi baru terbarukan
ENT-02534,renewable energy
ENT-02534,RPJMN
ENT-02534,reformasi birokrasi
ENT-02535,evaluasi kinerja
ENT-02535,pembangunan rendah karbon
ENT-02535,gender
ENT-02536,ekonomi hijau
ENT-02536,ketenagakerjaan
ENT-02537,infrastuktur
ENT-02537,kesehatan
ENT-02537,poverty
ENT-02538,gender
ENT-02538,digital transformation
ENT-02539,pendidikan
ENT-02539,perdesaan
ENT-02539,investasi
ENT-02540,ketahanan pangan
ENT-02541,pariwisata
ENT-02541,digitalisasi
ENT-02541,evaluasi kinerja
ENT-02542,Ketahanan Pangan
ENT-02542,Rencana Pembangunan Jangka Menengah Nasional
ENT-02542,gender
ENT-02543,digitalisasi
ENT-02543,perdesaan
ENT-02543,IKN
ENT-02544,SDGs
ENT-02544,RB
ENT-02545,ketenagakerjaan
ENT-02545,kesehatan
ENT-02546,Pembangunan Rendah Karbon
ENT-02546,tujuan pembangunan berkelanjutan
ENT-02546,Perubahan Iklim
ENT-02546,ekonomi hijau
ENT-02547,education
ENT-02547,ekonomi hijau
ENT-02547,RPJMN
ENT-02548,stunting
ENT-02548,perlindungan sosial
ENT-02549,pedesaan
ENT-02549,reformasi birokrasi
ENT-02549,RPJMN
ENT-02550,reformasi birokrasi
ENT-02550,Rencana Pembangunan Jangka Menengah Nasional
ENT-02551,pedesaan
ENT-02551,pembangunan rendah karbon
ENT-02551,investasi
ENT-02552,RPJMN
ENT-02552,food security
ENT-02553,pendidikan
ENT-02553,IKN
ENT-02553,usaha mikro kecil dan menengah
ENT-02554,Rencana Pembangunan Jangka Menengah Nasional
ENT-02554,air minum dan sanitasi
ENT-02555,pembangunan rendah karbon
ENT-02555,Transformasi Digital
ENT-02556,kemiskinan
ENT-02556,perdesaan
ENT-02557,governance
ENT-02557,infrastructure
ENT-02558,pendidkan
ENT-02559,kemiskinan
ENT-02560,gender
ENT-02561,kesehatan
ENT-02562,Pendidikan
ENT-02564,air minum dan sanitasi
ENT-02564,Kemaritiman
ENT-02565,ekonomi hijau
ENT-02565,investasi
ENT-02565,kesehatan
ENT-02566,renewable energy
ENT-02566,SDGs
ENT-02567,pembangunan rendah karbon
ENT-02567,Energi Baru Terbarukan
ENT-02568,transformasi digital
ENT-02568,Ibu Kota Nusantara
ENT-02569,pendidikan
ENT-02569,investasi
ENT-02570,energi baru terbarukan
ENT-02571,investasi
ENT-02571,UMKM
ENT-02571,pembangunan rendah karbon
ENT-02572,gender
ENT-02572,education
ENT-02573,poverty
ENT-02573,pedesaan
ENT-02574,kemiskinan
ENT-02574,tujuan pembangunan berkelanjutan
ENT-02575,ekonomi hijau
ENT-02576,pendidikan
ENT-02576,investasi
ENT-02576,tujuan pembangunan berkelanjutan
ENT-02577,investasi
ENT-02577,kemiskinan
ENT-02579,Kemaritiman
ENT-02579,infrastuktur
ENT-02579,pembangunan rendah karbon
ENT-02581,transformasi digital
ENT-02582,SDGs
ENT-02582,transformasi digital
ENT-02582,pariwisata
ENT-02583,ketenagakerjaan
ENT-02583,governance
ENT-02584,stunting
ENT-02584,investasi
ENT-02584,gender
ENT-02585,statistik
ENT-02585,transformasi digital
ENT-02585,ekonomi hijau
ENT-02586,infrastruktur
ENT-02586,kemiskinan
ENT-02586,pendidikan
ENT-02587,kesehatan
ENT-02587,infrastuktur
ENT-02587,pariwisata
ENT-02588,RPJMN
ENT-02588,pembangunan rendah karbon
ENT-02588,perubahan iklim
ENT-02589,kesehatan
ENT-02589,investasi
ENT-02589,IKN
ENT-02589,gender
ENT-02590,kemaritiman
ENT-02590,perdesaan
ENT-02591,perubahan iklim
ENT-02591,reformasi birokrasi
ENT-02592,Infrastruktur
ENT-02592,transformasi digital
ENT-02592,ketahanan pangan
ENT-02592,pembangunan rendah karbon
ENT-02593,kemiskinan
ENT-02593,RPJMN
ENT-02593,usaha mikro kecil dan menengah
ENT-02594,perubahan iklim
ENT-02594,kemiskinan
ENT-02595,perdesaan
ENT-02595,transformasi digital
ENT-02596,IKN
ENT-02597,pembangunan rendah karbon
ENT-02597,stunting
ENT-02598,pembangunan rendah karbon
ENT-02598,Perdesaan
ENT-02599,infrastructure
ENT-02600,RPJMN
ENT-02600,investasi
ENT-02600,kesehatan
ENT-02601,pembangunan rendah karbon
ENT-02601,Tata Kelola
ENT-02601,pariwisata
ENT-02602,ekonomi hijau
ENT-02602,pembangunan rendah karbon
ENT-02602,energi-baru terbarukan
ENT-02603,food security
ENT-02603,tata kelola
ENT-02603,UMKM
ENT-02603,energi baru terbarukan
ENT-02604,stunting
ENT-02605,transformasi digital
ENT-02606,perubahan iklim
ENT-02606,transformasi digital
ENT-02606,air minum dan sanitasi
ENT-02607,usaha mikro kecil dan menengah
ENT-02607,perdesaan
ENT-02608,pariwisata
ENT-02608,Tujuan Pembangunan Berkelanjutan
ENT-02608,energi baru terbarukan
ENT-02609,SDGs
ENT-02610,air minum dan sanitasi
ENT-02610,Pariwisata
ENT-02610,kemiskinan
ENT-02611,kemiskinan
ENT-02612,ketahanan pangan
ENT-02612,infrastruktur
ENT-02612,Perubahan Iklim
ENT-02612,investasi
ENT-02613,kesehatan
ENT-02613,digitalisasi
ENT-02613,kemiskinan
ENT-02614,ketahanan pangan
ENT-02614,perubahan iklim
ENT-02615,SDGs
ENT-02615,tata kelola
ENT-02616,pembangunan rendah karbon
ENT-02617,UMKM
ENT-02617,kemiskinan
ENT-02617,pendidikan
ENT-02620,Kesehatan
ENT-02620,Sdgs
ENT-02620,pedesaan
ENT-02621,IKN
ENT-02621,ketenagakerjaan
ENT-02622,pariwisata
ENT-02623,Sdgs
ENT-02623,stunting
ENT-02623,pembangunan rendah karbon
ENT-02624,reformasi birokrasi
ENT-02624,kesehatan
ENT-02625,Ibukota Nusantara
ENT-02626,infrastruktur
ENT-02626,UMKM
ENT-02626,perubahan iklim
ENT-02627,kemiskinan
ENT-02627,Climate Change
ENT-02628,stunting
ENT-02629,pendidikan
ENT-02629,Digital Transformation
ENT-02630,pendidikan
ENT-02631,infrastruktur
ENT-02632,pariwisata
ENT-02633,perubahan iklim
ENT-02633,tata kelola
ENT-02634,energi baru terbarukan
ENT-02634,kemiskinan
ENT-02634,perubahan iklim
ENT-02635,evaluasi kinerja
ENT-02635,pembangunan rendah karbon
ENT-02636,pendidikan
ENT-02636,UMKM
ENT-02637,UMKM
ENT-02638,Ketahanan Pangan
ENT-02638,transformasi digital
ENT-02638,energi baru terbarukan
ENT-02639,tata kelola
ENT-02639,stunting
ENT-02639,pendidikan
ENT-02640,Tata Kelola
ENT-02640,Pembangunan Rendah Emisi
ENT-02641,low carbon development
ENT-02641,RPJMN
ENT-02641,IKN
ENT-02642,usaha mikro kecil dan menengah
ENT-02642,RPJMN
ENT-02643,kesehtan
ENT-02643,evaluasi kinerja
ENT-02643,RPJMN
ENT-02643,UMKM
ENT-02644,RPJMN
ENT-02644,TPB
ENT-02645,energi baru terbarukan
ENT-02645,perlindungan sosial
ENT-02645,kesehatan
ENT-02646,gender
ENT-02646,stunting
ENT-02646,energi baru terbarukan
ENT-02647,Ketenagakerjaan
ENT-02647,transformasi digital
ENT-02648,perdesaan
ENT-02648,air minum dan sanitasi
ENT-02649,miskin
ENT-02650,kesehatan
ENT-02650,stunting
ENT-02650,pembangunan rendah karbon
ENT-02651,perlindungan sosial
ENT-02652,energi baru terbarukan
ENT-02652,transformasi digital
ENT-02652,stunting
ENT-02653,statistik
ENT-02653,kemaritiman
ENT-02654,investasi
ENT-02655,RB
ENT-02655,evaluasi kinerja
ENT-02655,miskin
ENT-02656,kesehatan
ENT-02656,statistik
ENT-02657,statistik
ENT-02658,RPJMN
ENT-02658,perlindungan sosial
ENT-02658,UMKM
ENT-02659,pendidkan
ENT-02659,tata kelola
ENT-02660,pendidikan
ENT-02660,air minum dan sanitasi
ENT-02661,IKN
ENT-02661,ketenagakerjaan
ENT-02662,Ketahanan Pangan
ENT-02662,infrastruktur
ENT-02662,kemiskinan
ENT-02663,Pariwisata
ENT-02663,poverty
ENT-02664,TPB
ENT-02664,Kemaritiman
ENT-02664,ketahanan pangan
ENT-02664,gender
ENT-02665,perubahan iklim
ENT-02665,stunting
ENT-02666,IKN
ENT-02666,pendidikan
ENT-02667,kemiskinan
ENT-02667,RPJMN
ENT-02667,Infrastructure
ENT-02668,ekonomi hijau
ENT-02668,gagal tumbuh
ENT-02669,investasi
ENT-02669,IKN
ENT-02670,pembangunan rendah karbon
ENT-02670,pendidikan
ENT-02670,Statistik
ENT-02671,stunting
ENT-02671,kemiskinan
ENT-02671,transformasi digital
ENT-02672,Kemiskinan
ENT-02672,energi baru terbarukan
ENT-02672,investasi
ENT-02672,kemaritiman
ENT-02673,pembangunan rendah karbon
ENT-02673,tata kelola
ENT-02673,transformasi digital
ENT-02673,UMKM
ENT-02674,pembangunan-rendah karbon
ENT-02674,RPJMN
ENT-02675,reformasi birokrasi
ENT-02675,kesehatan
ENT-02676,pariwisata
ENT-02677,Pendidikan
ENT-02677,IKN
ENT-02677,RPJMN
ENT-02678,renewable energy
ENT-02678,SDGs
ENT-02678,pendidikan
ENT-02679,perdesaan
ENT-02679,evaluasi kinerja
ENT-02680,pariwisata
ENT-02680,IKN
ENT-02680,Food Security
ENT-02681,Evaluasi Kinerja
ENT-02681,transformasi digital
ENT-02681,pendidikan
ENT-02682,stunting
ENT-02682,gender
ENT-02682,Miskin
ENT-02683,ekonomi hijau
ENT-02683,transformasi digital
ENT-02683,UMKM
ENT-02685,green economy
ENT-02685,perubahan iklim
ENT-02686,poverty
ENT-02686,stunting
ENT-02686,Kesehatan
ENT-02687,energi baru terbarukan
ENT-02687,kesehatan
ENT-02688,IKN
ENT-02688,RPJMN
ENT-02689,kemaritiman
ENT-02689,infrastruktur
ENT-02689,air minum dan sanitasi
ENT-02690,tatakelola
ENT-02690,gender
ENT-02691,Miskin
ENT-02691,ekonomi hijau
ENT-02691,ketahanan pangan
ENT-02692,Tata Kelola
ENT-02692,pariwisata
ENT-02692,air minum dan sanitasi
ENT-02693,tatakelola
ENT-02693,ketahanan pangan
ENT-02694,infrastruktur
ENT-02694,pendidikan
ENT-02694,investasi
ENT-02695,kemiskinan
ENT-02695,reformasi birokrasi
ENT-02696,energi baru terbarukan
ENT-02696,infrastruktur
ENT-02697,food security
ENT-02698,food security
ENT-02698,reformasi birokrasi
ENT-02699,kesehatan
ENT-02699,stunting
ENT-02699,UMKM
ENT-02700,RPJMN
ENT-02701,pembangunan-rendah karbon
ENT-02703,ketahanan pangan
ENT-02703,transformasi digital
ENT-02704,kemiskinan
ENT-02704,transformasi digital
ENT-02705,IKN
ENT-02706,perlindungan sosial
ENT-02706,RB
ENT-02706,UMKM
ENT-02707,Kemaritiman
ENT-02707,stunting
ENT-02708,air minum dan sanitasi
ENT-02708,SDGs
ENT-02709,pendidikan
ENT-02709,transformasi digital
ENT-02710,Low Carbon Development
ENT-02710,perdesaan
ENT-02710,tata kelola
ENT-02711,reformasi birokrasi
ENT-02711,RPJMN
ENT-02712,UMKM
ENT-02712,kesehatan
ENT-02712,transformasi digital
ENT-02713,gender
ENT-02713,stunting
ENT-02713,ketahanan pangan
ENT-02714,RPJMN
ENT-02714,digital transformation
ENT-02714,stunting
ENT-02715,stunting
ENT-02717,infrastruktur
ENT-02717,RPJMN
ENT-02717,stunting
ENT-02717,ekonomi hijau
ENT-02718,stunting
ENT-02718,perubahan iklim
ENT-02718,Perlindungan Sosial
ENT-02719,investasi
ENT-02719,pendidikan
ENT-02719,tatakelola
ENT-02719,perdesaan
ENT-02721,pembangunan rendah karbon
ENT-02721,Ekonomi Hijau
ENT-02722,infrastruktur
ENT-02722,RPJMN
ENT-02723,pendidikan
ENT-02723,stunting
ENT-02724,gender
ENT-02724,RPJMN
ENT-02724,pembangunan rendah karbon
ENT-02724,tatakelola
ENT-02725,pendidikan
ENT-02725,ekonomi hijau
ENT-02726,infrastruktur
ENT-02727,stunting
ENT-02727,perdesaan
ENT-02729,perubahan iklim
ENT-02729,stunting
ENT-02730,Pembangunan Rendah Karbon
ENT-02730,statistik
ENT-02731,IKN
ENT-02732,ketenagakerjaan
ENT-02732,reformasi birokrasi
ENT-02732,investasi
ENT-02733,investasi
ENT-02733,SDGs
ENT-02733,infrastuktur
ENT-02734,ketenagakerjaan
ENT-02734,perdesaan
ENT-02735,pariwisata
ENT-02735,pendidikan
ENT-02735,miskin
ENT-02736,tata kelola
ENT-02736,perdesaan
ENT-02737,pendidikan
ENT-02737,SDGs
ENT-02737,evaluasi kinerja
ENT-02738,EBT
ENT-02738,pariwisata
ENT-02739,kemiskinan
ENT-02739,gender
ENT-02740,ekonomi hijau
ENT-02741,ketenagakerjaan
ENT-02742,energi baru terbarukan
ENT-02742,stunting
ENT-02742,SDGs
ENT-02743,Stunting
ENT-02743,infrastruktur
ENT-02744,perdesaan
ENT-02744,perlindungan sosial
ENT-02744,pembangunan rendah karbon
ENT-02745,climate change
ENT-02745,UMKM
ENT-02745,ketenagakerjaan
ENT-02746,Kesehatan
ENT-02747,pembangunan rendah karbon
ENT-02747,governance
ENT-02747,SDGs
ENT-02748,infrastruktur
ENT-02748,IKN
ENT-02749,pendidikan
ENT-02749,kemiskinan
ENT-02749,kemaritiman
ENT-02750,stunting
ENT-02750,pembangunan rendah karbon
ENT-02751,stunting
ENT-02751,pembangunan rendah karbon
ENT-02752,gender
ENT-02752,SDGs
ENT-02752,RPJMN
ENT-02753,statistik
ENT-02754,statistik
ENT-02754,kemiskinan
ENT-02755,Infrastruktur
ENT-02755,kemiskinan
ENT-02755,health
ENT-02756,kesehatan
ENT-02757,UMKM
ENT-02757,tata kelola
ENT-02758,air minum dan sanitasi
ENT-02758,stunting
ENT-02759,ketenagakerjaan
ENT-02760,UMKM
ENT-02760,stunting
ENT-02761,ketahanan-pangan
ENT-02761,Perubahan Iklim
ENT-02761,infrastruktur
ENT-02762,kemiskinan
ENT-02762,SDGs
ENT-02763,perdesaan
ENT-02763,kemaritiman
ENT-02764,ketenagakerjaan
ENT-02764,air minum dan sanitasi
ENT-02765,Transformasi Digital
ENT-02766,UMKM
ENT-02766,RPJMN
ENT-02767,transformasi digital
ENT-02767,ekonomi hijau
ENT-02768,statistik
ENT-02769,perdesaan
ENT-02769,RPJMN
ENT-02769,kesehatan
ENT-02770,gender
ENT-02770,ketahanan pangan
ENT-02771,RPJMN
ENT-02771,infrastruktur
ENT-02771,Ibukota Nusantara
ENT-02772,RPJMN
ENT-02773,perlindungan sosial
ENT-02773,air minum dan sanitasi
ENT-02773,Rencana Pembangunan Jangka Menengah Nasional
ENT-02774,UMKM
ENT-02774,pendidikan
ENT-02775,tata kelola
ENT-02776,investasi
ENT-02776,Perubahan Iklim
ENT-02776,Rencana Pembangunan Jangka Menengah Nasional
ENT-02776,Pendidikan
PRG-00001,stunting
PRG-00001,pendidikan
PRG-00002,kemiskinan
PRG-00002,Infrastruktur
PRG-00002,RPJMN
PRG-00003,food security
PRG-00003,ketenagakerjaan
PRG-00003,statistik
PRG-00004,pariwisata
PRG-00005,kemaritiman
PRG-00006,transformasi digital
PRG-00006,pembangunan rendah karbon
PRG-00006,tujuan pembangunan berkelanjutan
PRG-00007,Perdesaan
PRG-00007,stunting
PRG-00007,pembangunan rendah karbon
PRG-00008,UMKM
PRG-00008,miskin
PRG-00009,IKN
PRG-00009,stunting
PRG-00010,investasi
PRG-00011,tujuan-pembangunan berkelanjutan
PRG-00011,ketahanan pangan
PRG-00011,perubahan iklim
PRG-00012,transformasi digital
PRG-00013,Perlindungan Sosial
PRG-00015,RPJMN
PRG-00016,pendidikan
PRG-00016,air-minum dan sanitasi
PRG-00016,kesehatan
PRG-00017,pariwisata
PRG-00017,ekonomi hijau
PRG-00018,perdesaan
PRG-00018,Rencana Pembangunan Jangka Menengah Nasional
PRG-00018,kemaritiman
PRG-00019,IKN
PRG-00019,TPB
PRG-00019,kesehatan
PRG-00020,UMKM
PRG-00020,tata kelola
PRG-00020,energi baru terbarukan
PRG-00021,infrastuktur
PRG-00021,stunting
PRG-00021,energi baru terbarukan
PRG-00022,evaluasi kinerja
PRG-00022,pedesaan
PRG-00023,infrastruktur
PRG-00024,perdesaan
PRG-00024,kesehatan
PRG-00024,RPJMN
PRG-00025,Tengkes
PRG-00025,ketenagakerjaan
PRG-00025,Kemaritiman
PRG-00026,energi baru terbarukan
PRG-00026,air minum dan sanitasi
PRG-00026,UMKM
PRG-00027,ketahanan pangan
PRG-00027,Tata Kelola
PRG-00028,infrastruktur
PRG-00028,gender
PRG-00028,RPJMN
PRG-00029,Evaluasi Kinerja
PRG-00029,infrastruktur
PRG-00029,investasi
PRG-00030,kemiskinan
PRG-00030,kemaritiman
PRG-00030,RPJMN
PRG-00031,statistik
PRG-00031,evaluasi kinerja
PRG-00032,pendidikan
PRG-00032,ketahanan pangan
PRG-00032,investasi
PRG-00033,ketenagakerjaan
PRG-00034,ketahanan pangan
PRG-00034,infrastruktur
PRG-00034,ketenagakerjaan
PRG-00036,RPJMN
PRG-00036,kemiskinan
PRG-00037,UMKM
PRG-00037,digital transformation
PRG-00038,evaluasi kinerja
PRG-00038,pariwisata
PRG-00038,kemiskinan
PRG-00039,perubahan iklim
PRG-00039,perdesaan
PRG-00040,perdesaan
PRG-00040,ekonomi-hijau
PRG-00041,Kemaritiman
PRG-00041,Gender
PRG-00041,IKN
PRG-00042,statistik
PRG-00042,kemiskinan
PRG-00043,energi baru terbarukan
PRG-00043,reformasi birokrasi
PRG-00044,statistik
PRG-00044,Kesehatan
PRG-00044,perubahan iklim
PRG-00045,SDGs
PRG-00045,perubahan iklim
PRG-00045,pendidikan
PRG-00046,RPJMN
PRG-00046,infrastruktur
PRG-00047,energi baru terbarukan
PRG-00047,ekonomi hijau
PRG-00049,transformasi digital
PRG-00049,pembangunan rendah karbon
PRG-00049,reformasi birokrasi
PRG-00050,perdesaan
PRG-00051,RPJMN
PRG-00051,poverty
PRG-00053,Pendidikan
PRG-00054,ekonomi hijau
PRG-00054,infrastruktur
PRG-00054,ketahanan pangan
PRG-00055,stunting
PRG-00055,Pendidikan
PRG-00056,evaluasi kinerja
PRG-00057,SDGs
PRG-00057,air minum dan sanitasi
PRG-00058,kesehatan
PRG-00058,SDGs
PRG-00058,IKN
PRG-00059,green economy
PRG-00060,transformasi digital
PRG-00061,ekonomi hijau
PRG-00061,governance
PRG-00061,investasi
PRG-00062,RPJMN
PRG-00062,IKN
PRG-00063,kesehatan
PRG-00063,RPJMN
PRG-00063,perlindungan sosial
PRG-00064,investasi
PRG-00065,kemiskinan
PRG-00065,gender
PRG-00065,tata kelola
PRG-00066,infrastuktur
PRG-00066,transformasi digital
PRG-00066,reformasi birokrasi
PRG-00066,Ketenagakerjaan
PRG-00067,pendidikan
PRG-00067,perubahan iklim
PRG-00068,kemiskinan
PRG-00068,RPJMN
PRG-00068,Air Minum Dan Sanitasi
PRG-00069,tata kelola
PRG-00069,education
PRG-00069,ketahanan pangan
PRG-00070,infrastruktur
PRG-00071,pendidikan
PRG-00071,kesehatan
PRG-00071,transformasi digital
PRG-00072,evaluasi kinerja
PRG-00073,kemiskinan
PRG-00073,UMKM
PRG-00074,statistik
PRG-00074,perdesaan
PRG-00074,Transformasi Digital
PRG-00075,low carbon development
PRG-00075,Pariwisata
PRG-00076,governance
PRG-00076,evaluasi kinerja
PRG-00076,kemiskinan
PRG-00078,pembangunan rendah karbon
PRG-00079,RPJMN
PRG-00080,perlindungan sosial
PRG-00080,infrastruktur
PRG-00080,perdesaan
PRG-00081,air minum dan sanitasi
PRG-00081,statistik
PRG-00082,pariwisata
PRG-00082,infrastruktur
PRG-00082,perdesaan
PRG-00083,transformasi digital
PRG-00083,pembangunan rendah karbon
PRG-00084,air minum dan sanitasi
PRG-00084,UMKM
PRG-00085,infrastruktur
PRG-00085,Perdesaan
PRG-00085,ekonomi-hijau
PRG-00085,RPJMN
PRG-00086,IKN
PRG-00086,infrastruktur
PRG-00087,UMKM
PRG-00087,pembangunan rendah karbon
PRG-00088,pendidikan
PRG-00088,Evaluasi Kinerja
PRG-00089,Stunting
PRG-00089,energi baru terbarukan
PRG-00089,UMKM
PRG-00090,ketenagakerjaan
PRG-00090,statistik
PRG-00090,kemaritiman
PRG-00091,energi baru terbarukan
PRG-00092,UMKM
PRG-00092,RPJMN
PRG-00092,Ketahanan Pangan
PRG-00093,energi baru terbarukan
PRG-00093,kesehatan
PRG-00094,Perubahan Iklim
PRG-00094,education
PRG-00094,tata kelola
PRG-00094,transformasi digital
PRG-00095,pendidikan
PRG-00095,transformasi digital
PRG-00095,kemiskinan
PRG-00096,kesehatan
PRG-00096,stunting
PRG-00097,Sdgs
PRG-00097,IKN
PRG-00098,education
PRG-00098,Energi Baru Terbarukan
PRG-00099,ketahanan pangan
PRG-00100,statistik
PRG-00100,Rencana Pembangunan Jangka Menengah Nasional
PRG-00100,pariwisata
PRG-00101,perlindungan sosial
PRG-00101,ketahanan pangan
PRG-00102,investasi
PRG-00103,reformasi birokrasi
PRG-00103,pariwisata
PRG-00104,kesehatan
PRG-00104,ketahanan pangan
PRG-00105,investasi
PRG-00105,ketahanan pangan
PRG-00105,transformasi digital
PRG-00105,kemaritiman
PRG-00106,EBT
PRG-00106,stunting
PRG-00106,perdesaan
PRG-00107,perubahan iklim
PRG-00107,UMKM
PRG-00108,ketahanan pangan
PRG-00108,kemaritiman
PRG-00109,UMKM
PRG-00109,SDGs
PRG-00110,ketahanan pangan
PRG-00112,RPJMN
PRG-00112,pembangunan rendah karbon
PRG-00113,reformasi birokrasi
PRG-00114,statistik
PRG-00115,reformasi birokrasi
PRG-00115,transformasi digital
PRG-00116,energi baru terbarukan
PRG-00116,perlindungan sosial
PRG-00116,perubahan iklim
PRG-00117,RPJMN
PRG-00117,kemaritiman
PRG-00117,Air Minum Dan Sanitasi
PRG-00118,perubahan iklim
PRG-00118,SDGs
PRG-00118,renewable energy
PRG-00119,air minum dan sanitasi
PRG-00119,reformasi birokrasi
PRG-00120,Ketenagakerjaan
PRG-00120,Infrastruktur
PRG-00120,RPJMN
PRG-00120,perubahan iklim
PRG-00121,evaluasi kinerja
PRG-00121,reformasi birokrasi
PRG-00122,evaluasi kinerja
PRG-00123,pedesaan
PRG-00123,stunting
PRG-00124,energi baru terbarukan
PRG-00124,kesehatan
PRG-00124,perlindungan sosial
PRG-00125,poverty
PRG-00125,evaluasi kinerja
PRG-00126,UMKM
PRG-00126,health
PRG-00128,reformasi birokrasi
PRG-00128,ekonomi hijau
PRG-00128,UMKM
PRG-00129,Gender
PRG-00129,kemiskinan
PRG-00129,energi baru terbarukan
PRG-00130,ekonomi hijau
PRG-00130,education
PRG-00131,education
PRG-00131,infrastructure
PRG-00131,ketenagakerjaan
PRG-00132,kesehatan
PRG-00132,stunting
PRG-00132,low carbon development
PRG-00133,RPJMN
PRG-00133,tengkes
PRG-00134,tata kelola
PRG-00135,reformasi birokrasi
PRG-00135,perlindungan sosial
PRG-00135,pendidikan
PRG-00136,RPJMN
PRG-00136,digital transformation
PRG-00136,IKN
PRG-00137,kemaritiman
PRG-00137,ketenagakerjaan
PRG-00138,SDGs
PRG-00138,pariwisata
PRG-00139,SDGs
PRG-00139,stunting
PRG-00140,UMKM
PRG-00140,miskin
PRG-00141,climate change
PRG-00142,reformasi birokrasi
PRG-00142,UMKM
PRG-00143,perubahan iklim
PRG-00144,energi baru terbarukan
PRG-00144,ketenagakerjaan
PRG-00144,UMKM
PRG-00145,pendidikan
PRG-00145,transformasi digital
PRG-00146,SDGs
PRG-00146,food security
PRG-00146,RPJMN
PRG-00147,digitalisasi
PRG-00147,infrastruktur
PRG-00148,poverty
PRG-00148,SDGs
PRG-00148,infrastruktur
PRG-00149,transformasi-digital
PRG-00150,infrastruktur
PRG-00150,kesehatan
PRG-00151,Ketahanan Pangan
PRG-00152,kemaritiman
PRG-00152,evaluasi kinerja
PRG-00153,infrastruktur
PRG-00153,kesehatan
PRG-00154,kemiskinan
PRG-00154,Rencana Pembangunan Jangka Menengah Nasional
PRG-00155,ketahanan pangan
PRG-00155,RPJMN
PRG-00156,RPJMN
PRG-00156,perubahan iklim
PRG-00157,ketahanan pangan
PRG-00157,reformasi birokrasi
PRG-00157,education
PRG-00158,statistik
PRG-00158,gagal tumbuh
PRG-00158,kemaritiman
PRG-00159,energi baru terbarukan
PRG-00159,transformasi digital
PRG-00160,ketenagakerjaan
PRG-00160,tata kelola
PRG-00160,evaluasi kinerja
PRG-00161,perdesaan
PRG-00162,evaluasi kinerja
PRG-00162,pariwisata
PRG-00163,air-minum dan sanitasi
PRG-00163,UMKM
PRG-00164,perlindungan sosial
PRG-00164,pariwisata
PRG-00165,kemiskinan
PRG-00165,SDGs
PRG-00165,kesehatan
PRG-00166,poverty
PRG-00166,reformasi birokrasi
PRG-00166,pendidikan
PRG-00167,SDGs
PRG-00167,poverty
PRG-00168,stunting
PRG-00168,gender
PRG-00169,Pendidikan
PRG-00170,pedesaan
PRG-00170,infrastuktur
PRG-00170,energi baru terbarukan
PRG-00171,pedesaan
PRG-00172,ekonomi hijau
PRG-00173,perdesaan
PRG-00174,perubahan iklim
PRG-00174,ekonomi hijau
PRG-00174,RPJMN
PRG-00175,kemaritiman
PRG-00175,RPJMN
PRG-00176,perlindungan sosial
PRG-00176,RPJMN
PRG-00176,transformasi digital
PRG-00176,air minum dan sanitasi
PRG-00177,air minum dan sanitasi
PRG-00177,infrastruktur
PRG-00178,gender
PRG-00178,pariwisata
PRG-00178,investasi
PRG-00179,pendidikan
PRG-00179,Pembangunan Rendah Karbon
PRG-00180,perlindungan sosial
PRG-00180,energi baru terbarukan
PRG-00180,pendidikan
PRG-00181,ketahanan pangan
PRG-00181,Ibu Kota Nusantara
PRG-00181,UKM
PRG-00183,perlindungan sosial
PRG-00183,infrastruktur
PRG-00184,reformasi birokrasi
PRG-00185,UMKM
PRG-00185,tata kelola
PRG-00185,energi baru terbarukan
PRG-00186,RPJMN
PRG-00187,IKN
PRG-00187,perlindungan sosial
PRG-00188,Rencana Pembangunan Jangka Menengah Nasional
PRG-00188,digitalisasi
PRG-00189,perdesaan
PRG-00189,ketenagakerjaan
PRG-00190,pembangunan rendah karbon
PRG-00190,transformasi digital
PRG-00191,UMKM
PRG-00191,RPJMN
PRG-00193,Ketenagakerjaan
PRG-00193,stunting
PRG-00194,SDGs
PRG-00194,stunting
PRG-00195,kemiskinan
PRG-00195,infrastruktur
PRG-00195,tata kelola
PRG-00196,infrastuktur
PRG-00196,Reformasi Birokrasi
PRG-00196,Transformasi Digital
PRG-00197,SDGs
PRG-00197,kemaritiman
PRG-00197,Reformasi Birokrasi
PRG-00197,UMKM
PRG-00198,UMKM
PRG-00198,perubahan iklim
PRG-00199,stunting
PRG-00199,UMKM
PRG-00199,pariwisata
PRG-00200,IKN
PRG-00200,reformasi birokrasi
PRG-00201,infrastruktur
PRG-00201,RPJMN
PRG-00201,tujuan pembangunan berkelanjutan
PRG-00202,food security
PRG-00202,kemiskinan
PRG-00202,kesehatan
PRG-00203,IKN
PRG-00204,perdesaan
PRG-00204,perubahan iklim
PRG-00204,SDGs
PRG-00205,perlindungan sosial
PRG-00205,kesehatan
PRG-00205,UMKM
PRG-00206,SDGs
PRG-00206,air minum dan sanitasi
PRG-00207,pembangunan rendah karbon
PRG-00207,pendidikan
PRG-00209,kemiskinan
PRG-00209,EBT
PRG-00210,UMKM
PRG-00211,infrastruktur
PRG-00211,investasi
PRG-00211,perdesaan
PRG-00212,ketahanan pangan
PRG-00212,infrastruktur
PRG-00212,kemaritiman
PRG-00213,education
PRG-00213,UMKM
PRG-00213,ketahanan pangan
PRG-00214,ketahanan pangan
PRG-00214,pendidikan
PRG-00215,stunting
PRG-00215,IKN
PRG-00215,ketenagakerjaan
PRG-00216,perlindungan sosial
PRG-00216,stunting
PRG-00216,Investasi
PRG-00217,evaluasi kinerja
PRG-00217,infrastructure
PRG-00217,ketenagakerjaan
PRG-00217,RPJMN
PRG-00218,pembangunan rendah karbon
PRG-00218,ketahanan pangan
PRG-00218,ketenagakerjaan
PRG-00219,SDGs
PRG-00219,low carbon development
PRG-00219,perlindungan-sosial
PRG-00220,evaluasi kinerja
PRG-00220,transformasi digital
PRG-00221,perubahan iklim
PRG-00221,pariwisata
PRG-00221,infrastructure
PRG-00222,infrastuktur
PRG-00222,perdesaan
PRG-00223,pembangunan rendah karbon
PRG-00223,perdesaan
PRG-00224,infrastruktur
PRG-00224,kesehatan
PRG-00225,perdesaan
PRG-00226,energi baru terbarukan
PRG-00226,investasi
PRG-00228,infrastruktur
PRG-00228,ketahanan pangan
PRG-00228,perubahan iklim
PRG-00230,perubahan iklim
PRG-00230,UMKM
PRG-00231,pembangunan rendah karbon
PRG-00231,evaluasi kinerja
PRG-00231,perubahan iklim
PRG-00232,food security
PRG-00232,digital transformation
PRG-00233,pendidikan
PRG-00233,statistik
PRG-00234,renewable energy
PRG-00234,perlindungan sosial
PRG-00234,Transformasi Digital
PRG-00235,RPJMN
PRG-00235,perubahan iklim
PRG-00235,tengkes
PRG-00235,ekonomi hijau
PRG-00236,investasi
PRG-00237,gender
PRG-00237,pendidikan
PRG-00238,evaluasi kinerja
PRG-00238,RPJMN
PRG-00238,Pendidikan
PRG-00240,investasi
PRG-00240,SDGs
PRG-00241,kemaritiman
PRG-00241,RPJMN
PRG-00242,kesehatan
PRG-00242,poverty
PRG-00243,ekonomi hijau
PRG-00244,infrastruktur
PRG-00244,pembangunan rendah karbon
PRG-00245,evaluasi kinerja
PRG-00245,pariwisata
PRG-00245,pendidikan
PRG-00246,perubahan iklim
PRG-00246,pendidikan
PRG-00247,poverty
PRG-00247,health
PRG-00248,infrastruktur
PRG-00248,low carbon development
PRG-00249,transformasi digital
PRG-00249,pembangunan rendah karbon
PRG-00250,air minum dan sanitasi
PRG-00250,evaluasi kinerja
PRG-00251,reformasi birokrasi
PRG-00251,kemaritiman
PRG-00251,digital transformation
PRG-00252,perdesaan
PRG-00252,energi baru terbarukan
PRG-00252,SDGs
PRG-00252,ekonomi hijau
PRG-00254,reformasi birokrasi
PRG-00254,kesehatan
PRG-00255,kesehatan
PRG-00255,low carbon development
PRG-00255,Kemaritiman
PRG-00256,IKN
PRG-00257,gender
PRG-00257,ekonomi-hijau
PRG-00257,RPJMN
PRG-00258,pariwisata
PRG-00258,ekonomi hijau
PRG-00259,kemiskinan
PRG-00259,IKN
PRG-00259,SDGs
PRG-00260,RB
PRG-00260,kesehatan
PRG-00260,tata kelola
PRG-00261,reformasi birokrasi
PRG-00261,infrastruktur
PRG-00261,ekonomi hijau
PRG-00262,kemiskinan
PRG-00262,Evaluasi Kinerja
PRG-00262,SDGs
PRG-00264,pendidikan
PRG-00264,poverty
PRG-00264,reformasi birokrasi
PRG-00265,pembangunan rendah karbon
PRG-00266,Ekonomi Hijau
PRG-00266,ketenagakerjaan
PRG-00267,perdesaan
PRG-00267,pariwisata
PRG-00269,kemiskinan
PRG-00269,infrastruktur
PRG-00269,RB
PRG-00270,infrastruktur
PRG-00270,tata kelola
PRG-00270,kesehatan
PRG-00272,statistik
PRG-00272,miskin
PRG-00272,ketenagakerjaan
PRG-00272,RPJMN
PRG-00273,kemiskinan
PRG-00273,infrastruktur
PRG-00274,tata kelola
PRG-00274,evaluasi kinerja
PRG-00275,Rencana Pembangunan Jangka Menengah Nasional
PRG-00275,ekonomi hijau
PRG-00276,statistik
PRG-00276,RPJMN
PRG-00277,UMKM
PRG-00277,pendidikan
PRG-00278,UMKM
PRG-00278,pembangunan rendah karbon
PRG-00279,transformasi digital
PRG-00279,pendidikan
PRG-00280,perdesaan
PRG-00281,evaluasi kinerja
PRG-00281,gender
PRG-00282,infrastruktur
PRG-00282,tata kelola
PRG-00282,UMKM
PRG-00283,kesehatan
PRG-00283,pariwisata
PRG-00284,Transformasi Digital
PRG-00284,stunting
PRG-00285,SDGs
PRG-00286,air minum dan sanitasi
PRG-00286,tata kelola
PRG-00287,perubahan iklim
PRG-00287,kemaritiman
PRG-00287,kesehatan
PRG-00288,pembangunan rendah karbon
PRG-00288,perubahan iklim
PRG-00288,Infrastruktur
PRG-00289,reformasi birokrasi
PRG-00289,kesehatan
PRG-00289,RPJMN
PRG-00290,ekonomi hijau
PRG-00290,stunting
PRG-00290,infrastructure
PRG-00291,UMKM
PRG-00292,Kemiskinan
PRG-00292,stunting
PRG-00292,UMKM
PRG-00293,Sdgs
PRG-00293,perubahan iklim
PRG-00294,transformasi digital
PRG-00294,energi baru terbarukan
PRG-00295,Evaluasi Kinerja
PRG-00296,IKN
PRG-00296,gender
PRG-00297,perlindungan sosial
PRG-00297,tatakelola
PRG-00297,SDGs
PRG-00298,Education
PRG-00299,perlindungan sosial
PRG-00300,infrastruktur
PRG-00300,air minum dan sanitasi
PRG-00301,Infrastruktur
PRG-00301,low carbon development
PRG-00301,IKN
PRG-00302,pembangunan rendah karbon
PRG-00302,investasi
PRG-00302,ekonomi hijau
PRG-00303,RPJMN
PRG-00303,investasi
PRG-00304,RPJMN
PRG-00304,perubahan iklim
PRG-00305,kemiskinan
PRG-00305,pedesaan
PRG-00306,perdesaan
PRG-00306,gender
PRG-00307,RPJMN
PRG-00307,tatakelola
PRG-00308,investasi
PRG-00308,tata kelola
PRG-00309,investasi
PRG-00310,infrastuktur
PRG-00310,gender
PRG-00310,pariwisata
PRG-00311,ketahanan pangan
PRG-00311,digital transformation
PRG-00312,Ibu Kota Nusantara
PRG-00312,UMKM
PRG-00313,RPJMN
PRG-00313,tata kelola
PRG-00313,ketahanan pangan
PRG-00314,kesehatan
PRG-00315,Rencana Pembangunan Jangka Menengah Nasional
PRG-00316,RPJMN
PRG-00316,IKN
PRG-00316,infrastruktur
PRG-00317,ekonomi hijau
PRG-00317,air minum dan sanitasi
PRG-00317,education
PRG-00318,pendidikan
PRG-00318,stunting
PRG-00318,perubahan iklim
PRG-00319,climate change
PRG-00319,stunting
PRG-00320,energi baru terbarukan
PRG-00320,pembangunan rendah karbon
PRG-00320,transformasi digital
PRG-00321,investasi
PRG-00321,energi baru terbarukan
PRG-00321,kemiskinan
PRG-00322,statistik
PRG-00322,renewable energy
PRG-00322,SDGs
PRG-00323,Rencana Pembangunan Jangka Menengah Nasional
PRG-00323,TPB
PRG-00324,infrastructure
PRG-00324,transformasi digital
PRG-00324,pembangunan rendah karbon
PRG-00325,pariwisata
PRG-00325,Statistik
PRG-00326,ekonomi hijau
PRG-00326,health
PRG-00326,air minum dan sanitasi
PRG-00327,kemiskinan
PRG-00327,perubahan iklim
PRG-00327,Education
PRG-00328,pembangunan-rendah karbon
PRG-00328,transformasi digital
PRG-00329,IKN
PRG-00330,ibukota nusantara
PRG-00330,transformasi digital
PRG-00330,ekonomi hijau
PRG-00331,food security
PRG-00331,UMKM
PRG-00332,tata kelola
PRG-00332,perdesaan
PRG-00332,RPJMN
PRG-00333,miskin
PRG-00333,kemaritiman
PRG-00334,reformasi birokrasi
PRG-00334,RPJMN
PRG-00336,green economy
PRG-00336,Ketenagakerjaan
PRG-00337,perubahan iklim
PRG-00337,investasi
PRG-00338,miskin
PRG-00338,Evaluasi Kinerja
PRG-00338,IKN
PRG-00339,kemiskinan
PRG-00339,tata kelola
PRG-00340,UMKM
PRG-00341,SDGs
PRG-00341,pembangunan rendah karbon
PRG-00341,investasi
PRG-00342,SDGs
PRG-00343,ekonomi hijau
PRG-00343,Infrastruktur
PRG-00344,SDGs
PRG-00344,perdesaan
PRG-00344,infrastructure
PRG-00345,kesehatan
PRG-00345,pembangunan rendah karbon
PRG-00346,stunting
PRG-00346,air minum dan sanitasi
PRG-00346,ketenagakerjaan
PRG-00347,ketenagakerjaan
PRG-00347,UMKM
PRG-00348,kesehatan
PRG-00348,education
PRG-00348,IKN
PRG-00349,infrastruktur
PRG-00349,Pendidikan
PRG-00349,kemiskinan
PRG-00350,pembangunan rendah karbon
PRG-00350,pendidikan
PRG-00351,ketenagakerjaan
PRG-00351,investasi
PRG-00351,perubahan iklim
PRG-00352,SDGs
PRG-00352,PRK
PRG-00353,IKN
PRG-00353,tata kelola
PRG-00353,PRK
PRG-00354,Infrastruktur
PRG-00355,infrastruktur
PRG-00355,statistik
PRG-00355,UMKM
PRG-00356,pariwisata
PRG-00356,infrastruktur
PRG-00356,evaluasi kinerja
PRG-00358,pendidikan
PRG-00359,tata kelola
PRG-00359,digitalisasi
PRG-00359,perlindungan sosial
PRG-00360,transformasi digital
PRG-00360,reformasi birokrasi
PRG-00361,infrastruktur
PRG-00361,transformasi digital
PRG-00361,gender
PRG-00362,kesehatan
PRG-00362,UMKM
PRG-00363,pembangunan rendah karbon
PRG-00363,Infrastructure
PRG-00363,ekonomi hijau
PRG-00364,evaluasi kinerja
PRG-00364,perlindungan sosial
PRG-00365,pendidikan
PRG-00366,investasi
PRG-00366,kemiskinan
PRG-00367,energi baru terbarukan
PRG-00367,perdesaan
PRG-00368,statistik
PRG-00369,transformasi-digital
PRG-00369,Sdgs
PRG-00369,Perubahan Iklim
PRG-00371,tengkes
PRG-00371,pembangunan rendah karbon
PRG-00372,RPJMN
PRG-00372,TPB
PRG-00373,ketahanan pangan
PRG-00373,UMKM
PRG-00374,kesehatan
PRG-00374,perlindungan sosial
PRG-00374,infrastruktur
PRG-00375,Tata Kelola
PRG-00376,statistik
PRG-00376,perubahan iklim
PRG-00376,UMKM
PRG-00377,stunting
PRG-00377,pedesaan
PRG-00377,infrastruktur
PRG-00378,stunting
PRG-00378,air minum dan sanitasi
PRG-00379,perubahan iklim
PRG-00379,EBT
PRG-00379,kesehatan
PRG-00380,ketahanan pangan
PRG-00380,infrastruktur
PRG-00381,evaluasi kinerja
PRG-00381,ketahanan pangan
PRG-00381,RPJMN
PRG-00382,Tata Kelola
PRG-00382,ketenagakerjaan
PRG-00382,investasi
PRG-00383,kemiskinan
PRG-00383,pariwisata
PRG-00384,Perubahan Iklim
PRG-00385,UMKM
PRG-00386,perlindungan sosial
PRG-00387,gender
PRG-00387,ketahanan pangan
PRG-00388,gender
PRG-00388,ketenagakerjaan
PRG-00388,ketahanan pangan
PRG-00389,SDGs
PRG-00390,food security
PRG-00390,RPJMN
PRG-00391,tata kelola
PRG-00392,infrastruktur
PRG-00392,Statistik
PRG-00392,perlindungan sosial
PRG-00393,infrastruktur
PRG-00393,kesehatan
PRG-00393,perdesaan
PRG-00394,UMKM
PRG-00394,transformasi-digital
PRG-00395,infrastruktur
PRG-00395,RPJMN
PRG-00396,gender
PRG-00396,TPB
PRG-00396,perdesaan
PRG-00396,stunting
PRG-00397,usaha mikro kecil dan menengah
PRG-00398,RPJMN
PRG-00399,kemiskinan
PRG-00399,Perlindungan Sosial
PRG-00399,pembangunan rendah karbon
PRG-00399,ketahanan pangan
PRG-00400,statistik
PRG-00402,Kemiskinan
PRG-00402,perubahan iklim
PRG-00403,evaluasi kinerja
PRG-00403,kesehatan
PRG-00404,SDGs
PRG-00404,low carbon development
PRG-00404,perlindungan sosial
PRG-00405,ketahanan pangan
PRG-00405,climate change
PRG-00405,kesehatan
PRG-00406,IKN
PRG-00406,ketahanan pangan
PRG-00406,transformasi digital
PRG-00407,kemiskinan
PRG-00407,pendidikan
PRG-00408,kemiskinan
PRG-00408,kesehatan
PRG-00409,kesehatan
PRG-00409,UMKM
PRG-00410,investasi
PRG-00410,Pariwisata
PRG-00412,Kemiskinan
PRG-00412,pendidkan
PRG-00413,SDGs
PRG-00413,evaluasi kinerja
PRG-00414,transformasi digital
PRG-00414,reformasi birokrasi
PRG-00415,EBT
PRG-00416,transformasi digital
PRG-00416,perubahan iklim
PRG-00417,perubahan iklim
PRG-00417,SDGs
PRG-00417,UMKM
PRG-00418,ketenagakerjaan
PRG-00418,Pendidikan
PRG-00418,SDGs
PRG-00419,perlindungan sosial
PRG-00419,governance
PRG-00419,SDGs
PRG-00420,evaluasi kinerja
PRG-00420,gender
PRG-00420,stunting
PRG-00421,IKN
PRG-00421,ketahanan pangan
PRG-00421,RPJMN
PRG-00423,pendidikan
PRG-00423,infrastruktur
PRG-00423,pariwisata
PRG-00424,perdesaan
PRG-00424,perlindungan sosial
PRG-00425,Kesehtan
PRG-00425,perubahan iklim
PRG-00425,pembangunan rendah karbon
PRG-00426,SDGs
PRG-00426,statistik
PRG-00426,kemiskinan
PRG-00427,kemiskinan
PRG-00427,tatakelola
PRG-00428,investasi
PRG-00428,pembangunan rendah karbon
PRG-00429,UMKM
PRG-00429,Ibu Kota Nusantara
PRG-00430,ketahanan pangan
PRG-00431,kemaritiman
PRG-00431,RPJMN
PRG-00432,kemiskinan
PRG-00432,stunting
PRG-00432,air minum dan sanitasi
PRG-00432,Tata Kelola
PRG-00433,pembangunan rendah karbon
PRG-00433,kesehatan
PRG-00433,UMKM
PRG-00434,tujuan pembangunan berkelanjutan
PRG-00434,health
PRG-00435,RPJMN
PRG-00435,transformasi digital
PRG-00436,Pendidkan
PRG-00437,kesehatan
PRG-00437,infrastruktur
PRG-00438,miskin
PRG-00438,transformasi digital
PRG-00439,investasi
PRG-00439,kemaritiman
PRG-00439,SDGs
PRG-00440,ekonomi hijau
PRG-00440,IKN
PRG-00442,stunting
PRG-00442,RPJMN
PRG-00443,ekonomi hijau
PRG-00443,kemiskinan
PRG-00443,infrastruktur
PRG-00444,UMKM
PRG-00444,Transformasi Digital
PRG-00444,ekonomi hijau
PRG-00445,RPJMN
PRG-00445,pembangunan-rendah karbon
PRG-00445,ketenagakerjaan
PRG-00446,Gender
PRG-00446,kemaritiman
PRG-00447,SDGs
PRG-00447,pembangunan rendah karbon
PRG-00448,SDGs
PRG-00449,infrastruktur
PRG-00449,SDGs
PRG-00450,RPJMN
PRG-00450,pendidkan
PRG-00451,IKN
PRG-00451,infrastruktur
PRG-00452,perlindungan sosial
PRG-00453,stunting
PRG-00454,SDGs
PRG-00454,transformasi digital
PRG-00454,IKN
PRG-00455,pariwisata
PRG-00455,Reformasi Birokrasi
PRG-00456,gender
PRG-00457,perubahan iklim
PRG-00458,UMKM
PRG-00458,tata kelola
PRG-00459,infrastruktur
PRG-00460,perubahan iklim
PRG-00461,kemaritiman
PRG-00461,investasi
PRG-00461,tata kelola
PRG-00462,reformasi birokrasi
PRG-00462,ekonomi hijau
PRG-00462,Pendidikan
PRG-00463,infrastruktur
PRG-00463,perubahan iklim
PRG-00464,kemaritiman
PRG-00464,RPJMN
PRG-00464,kesehatan
PRG-00465,ketahanan pangan
PRG-00465,RPJMN
PRG-00466,IKN
PRG-00466,miskin
PRG-00467,IKN
PRG-00467,pendidikan
PRG-00467,UMKM
PRG-00468,investasi
PRG-00468,perubahan iklim
PRG-00468,tata kelola
PRG-00468,pendidkan
PRG-00469,kemaritiman
PRG-00469,education
PRG-00469,SDGs
PRG-00470,ketenagakerjaan
PRG-00470,pariwisata
PRG-00470,ketahanan pangan
PRG-00471,SDGs
PRG-00471,pariwisata
PRG-00472,Kesehatan
PRG-00472,Transformasi Digital
PRG-00472,ketahanan pangan
PRG-00473,infrastruktur
PRG-00473,ketahanan pangan
PRG-00473,gender
PRG-00474,perdesaan
PRG-00474,kemiskinan
PRG-00475,UMKM
PRG-00475,energi baru terbarukan
PRG-00476,infrastruktur
PRG-00476,IKN
PRG-00477,ketenagakerjaan
PRG-00478,evaluasi kinerja
PRG-00478,perubahan iklim
PRG-00479,RPJMN
PRG-00481,UKM
PRG-00481,reformasi birokrasi
PRG-00482,ketenagakerjaan
PRG-00482,statistik
PRG-00483,ketahanan pangan
PRG-00483,pembangunan rendah karbon
PRG-00484,perdesaan
PRG-00485,stunting
PRG-00485,ketahanan pangan
PRG-00486,poverty
PRG-00486,reformasi birokrasi
PRG-00487,evaluasi kinerja
PRG-00487,transformasi digital
PRG-00488,IKN
PRG-00488,transformasi digital
PRG-00489,energi baru terbarukan
PRG-00489,kesehatan
PRG-00490,IKN
PRG-00490,ekonomi hijau
PRG-00490,pariwisata
PRG-00491,RPJMN
PRG-00492,kesehatan
PRG-00492,tata kelola
PRG-00493,Pembangunan Rendah Karbon
PRG-00494,ekonomi hijau
PRG-00494,infrastruktur
PRG-00495,kesehtan
PRG-00495,kemaritiman
PRG-00495,energi baru terbarukan
PRG-00496,perdesaan
PRG-00496,Ibu Kota Nusantara
PRG-00496,UMKM
PRG-00497,infrastruktur
PRG-00497,tata kelola
PRG-00498,ketenagakerjaan
PRG-00498,SDGs
PRG-00499,kemaritiman
PRG-00499,transformasi digital
PRG-00499,pembangunan rendah karbon
PRG-00500,SDGs
PRG-00500,RPJMN
PRG-00500,energi baru terbarukan
PRG-00501,pendidikan
PRG-00501,infrastruktur
PRG-00504,pendidikan
PRG-00504,energi baru terbarukan
PRG-00504,tata kelola
PRG-00504,transformasi digital
PRG-00505,ekonomi hijau
PRG-00506,reformasi birokrasi
PRG-00506,kesehatan
PRG-00506,Energi Baru Terbarukan
PRG-00507,climate change
PRG-00507,reformasi birokrasi
PRG-00507,Ketenagakerjaan
PRG-00508,TPB
PRG-00508,pariwisata
PRG-00509,infrastruktur
PRG-00509,investasi
PRG-00510,ketahanan pangan
PRG-00510,gender
PRG-00510,ketenagakerjaan
PRG-00510,infrastruktur
PRG-00511,evaluasi kinerja
PRG-00511,RPJMN
PRG-00511,pendidikan
PRG-00512,perubahan iklim
PRG-00512,stunting
PRG-00513,Ketahanan Pangan
PRG-00513,Poverty
PRG-00514,Kesehatan
PRG-00514,ketahanan pangan
PRG-00515,kemiskinan
PRG-00515,SDGs
PRG-00515,infrastruktur
PRG-00516,gender
PRG-00516,pembangunan rendah karbon
PRG-00517,kemiskinan
PRG-00518,ketenagakerjaan
PRG-00518,RPJMN
PRG-00518,kesehtan
PRG-00519,investasi
PRG-00519,Ketenagakerjaan
PRG-00520,Pariwisata
PRG-00520,UMKM
PRG-00520,kemaritiman
PRG-00521,UMKM
PRG-00521,ketahanan pangan
PRG-00521,ekonomi hijau
PRG-00522,stunting
PRG-00522,kemaritiman
PRG-00522,pembangunan rendah karbon
PRG-00523,perdesaan
PRG-00524,transformasi digital
PRG-00524,perubahan iklim
PRG-00524,investasi
PRG-00525,kesehatan
PRG-00525,poverty
PRG-00525,perubahan iklim
PRG-00526,perdesaan
PRG-00526,investasi
PRG-00526,RPJMN
PRG-00526,kemiskinan
PRG-00527,Air Minum Dan Sanitasi
PRG-00527,ketahanan pangan
PRG-00528,perdesaan
PRG-00528,evaluasi kinerja
PRG-00529,low carbon development
PRG-00529,transformasi digital
PRG-00530,stunting
PRG-00530,pendidikan
PRG-00531,air minum dan sanitasi
PRG-00531,ketenagakerjaan
PRG-00531,pariwisata
PRG-00532,perdesaan
PRG-00532,infrastruktur
PRG-00533,ibukota nusantara
PRG-00533,SDGs
PRG-00534,reformasi birokrasi
PRG-00535,pendidikan
PRG-00535,kemiskinan
PRG-00535,transformasi digital
PRG-00536,EBT
PRG-00536,Tata Kelola
PRG-00537,UMKM
PRG-00537,Rencana Pembangunan Jangka Menengah Nasional
PRG-00537,digital transformation
PRG-00538,evaluasi-kinerja
PRG-00538,kesehatan
PRG-00538,pariwisata
PRG-00539,gender
PRG-00539,IKN
PRG-00539,RPJMN
PRG-00539,energi baru terbarukan
PRG-00540,transformasi digital
PRG-00540,UMKM
PRG-00540,RPJMN
PRG-00540,gender
PRG-00541,PRK
PRG-00541,air minum dan sanitasi
PRG-00542,ketenagakerjaan
PRG-00542,IKN
PRG-00543,Reformasi Birokrasi
PRG-00543,SDGs
PRG-00544,air minum dan sanitasi
PRG-00544,tata kelola
PRG-00545,poverty
PRG-00545,UMKM
PRG-00546,infrastruktur
PRG-00546,stunting
PRG-00547,infrastruktur
PRG-00547,transformasi digital
PRG-00547,tujuan pembangunan berkelanjutan
PRG-00548,ketenagakerjaan
PRG-00549,infrastruktur
PRG-00549,kesehatan
PRG-00549,kemiskinan
PRG-00550,perlindungan sosial
PRG-00550,Health
PRG-00551,ketenagakerjaan
PRG-00551,kesehatan
PRG-00553,IKN
PRG-00553,Tata Kelola
PRG-00554,SDGs
PRG-00555,ketenagakerjaan
PRG-00555,stunting
PRG-00555,investasi
PRG-00556,reformasi birokrasi
PRG-00556,education
PRG-00557,kemiskinan
PRG-00557,infrastruktur
PRG-00557,kesehatan
PRG-00558,statistik
PRG-00558,SDGs
PRG-00558,ketenagakerjaan
PRG-00558,pembangunan rendah karbon
PRG-00559,stunting
PRG-00559,education
PRG-00559,evaluasi kinerja
PRG-00560,air minum dan sanitasi
PRG-00560,kemiskinan
PRG-00561,ketenagakerjaan
PRG-00561,ketahanan pangan
PRG-00561,ekonomi hijau
PRG-00562,ketenagakerjaan
PRG-00562,gender
PRG-00562,infrastruktur
PRG-00562,Stunting
PRG-00563,transformasi digital
PRG-00563,stunting
PRG-00564,kesehatan
PRG-00564,RPJMN
PRG-00564,ketahanan pangan
PRG-00565,kesehatan
PRG-00565,SDGs
PRG-00566,UMKM
PRG-00566,transformasi digital
PRG-00566,tata kelola
PRG-00567,ketahanan pangan
PRG-00567,Perdesaan
PRG-00568,UMKM
PRG-00568,investasi
PRG-00568,ketahanan pangan
PRG-00569,PRK
PRG-00570,ketenagakerjaan
PRG-00570,Rencana Pembangunan Jangka Menengah Nasional
PRG-00570,transformasi digital
PRG-00571,UMKM
PRG-00571,pembangunan rendah karbon
PRG-00571,perubahan-iklim
PRG-00572,gender
PRG-00572,infrastruktur
PRG-00573,pariwisata
PRG-00573,infrastruktur
PRG-00574,kemiskinan
PRG-00574,Kesehatan
PRG-00574,pendidikan
PRG-00575,perdesaan
PRG-00575,IKN
PRG-00575,pariwisata
PRG-00576,tujuan pembangunan berkelanjutan
PRG-00576,Kemiskinan
PRG-00577,statistik
PRG-00579,perdesaan
PRG-00579,perubahan iklim
PRG-00580,stunting
PRG-00580,IKN
PRG-00580,pembangunan rendah karbon
PRG-00581,pedesaan
PRG-00582,air minum dan sanitasi
PRG-00582,ketenagakerjaan
PRG-00583,Sdgs
PRG-00583,pembangunan rendah karbon
PRG-00583,kemiskinan
PRG-00585,kesehatan
PRG-00585,Perubahan Iklim
PRG-00585,kemiskinan
PRG-00586,evaluasi kinerja
PRG-00586,perlindungan sosial
PRG-00587,UMKM
PRG-00587,stunting
PRG-00588,infrastruktur
PRG-00589,transformasi digital
PRG-00589,Kemiskinan
PRG-00589,reformasi birokrasi
PRG-00590,Pembangunan Rendah Emisi
PRG-00590,RPJMN
PRG-00591,ketahanan pangan
PRG-00591,pembangunan rendah karbon
PRG-00592,RPJMN
PRG-00592,pembangunan rendah karbon
PRG-00593,pembangunan rendah karbon
PRG-00593,tatakelola
PRG-00593,IKN
PRG-00594,gender
PRG-00594,poverty
PRG-00595,kemiskinan
PRG-00595,pendidikan
PRG-00596,infrastruktur
PRG-00596,kemiskinan
PRG-00597,pembangunan rendah karbon
PRG-00598,TPB
PRG-00599,Pembangunan Rendah Karbon
PRG-00599,pendidkan
PRG-00599,ketenagakerjaan
PRG-00600,gender
PRG-00601,perdesaan
PRG-00601,ketenagakerjaan
PRG-00604,kemaritiman
PRG-00604,pendidikan
PRG-00605,UMKM
PRG-00605,infrastruktur
PRG-00606,SDGs
PRG-00606,ketahanan pangan
PRG-00607,infrastruktur
PRG-00607,pariwisata
PRG-00608,kesehatan
PRG-00608,kemaritiman
PRG-00608,perlindungan sosial
PRG-00609,SDGs
PRG-00609,ekonomi hijau
PRG-00609,perdesaan
PRG-00609,infrastruktur
PRG-00610,perdesaan
PRG-00610,RPJMN
PRG-00612,infrastruktur
PRG-00612,Digital Transformation
PRG-00612,usaha mikro kecil dan menengah
PRG-00613,Ketahanan Pangan
PRG-00613,UMKM
PRG-00614,infrastruktur
PRG-00614,pembangunan rendah karbon
PRG-00615,air minum dan sanitasi
PRG-00616,infrastruktur
PRG-00616,investasi
PRG-00617,investasi
PRG-00617,tata kelola
PRG-00618,infrastruktur
PRG-00618,UMKM
PRG-00618,energi baru terbarukan
PRG-00618,kesehatan
PRG-00619,Energi Baru Terbarukan
PRG-00620,IKN
PRG-00620,statistik
PRG-00620,digital transformation
PRG-00621,Stunting
PRG-00621,investasi
PRG-00621,ketahanan pangan
PRG-00622,kesehatan
PRG-00622,stunting
PRG-00623,Infrastructure
PRG-00623,investasi
PRG-00623,Pendidikan
PRG-00625,air minum dan sanitasi
PRG-00625,Ketenagakerjaan
PRG-00626,SDGs
PRG-00626,perdesaan
PRG-00626,perubahan iklim
PRG-00626,ketenagakerjaan
PRG-00627,Transformasi Digital
PRG-00627,perubahan iklim
PRG-00627,perdesaan
PRG-00628,statistik
PRG-00628,reformasi birokrasi
PRG-00628,UMKM
PRG-00629,pendidikan
PRG-00629,pembangunan rendah karbon
PRG-00629,Perubahan Iklim
PRG-00630,education
PRG-00630,perdesaan
PRG-00631,statistik
PRG-00631,pembangunan rendah karbon
PRG-00631,kesehatan
PRG-00631,renewable energy
PRG-00632,Air Minum Dan Sanitasi
PRG-00632,Tata Kelola
PRG-00632,pariwisata
PRG-00633,pendidikan
PRG-00633,perubahan iklim
PRG-00633,energi baru terbarukan
PRG-00634,energi baru terbarukan
PRG-00634,Infrastruktur
PRG-00635,tata kelola
PRG-00636,perlindungan sosial
PRG-00636,Ketahanan Pangan
PRG-00636,UMKM
PRG-00636,pariwisata
PRG-00638,Pembangunan Rendah Karbon
PRG-00638,ketahanan pangan
PRG-00638,tata kelola
PRG-00639,transformasi digital
PRG-00639,perubahan iklim
PRG-00640,RPJMN
PRG-00640,pendidikan
PRG-00641,RPJMN
PRG-00642,energi baru terbarukan
PRG-00642,tata kelola
PRG-00642,infrastruktur
PRG-00643,kesehatan
PRG-00644,investasi
PRG-00644,IKN
PRG-00644,infrastruktur
PRG-00645,stunting
PRG-00645,pariwisata
PRG-00646,infrastructure
PRG-00646,RPJMN
PRG-00647,air minum dan sanitasi
PRG-00647,pariwisata
PRG-00648,stunting
PRG-00648,investasi
PRG-00648,low carbon development
PRG-00649,Rencana Pembangunan Jangka Menengah Nasional
PRG-00649,transformasi digital
PRG-00651,kemiskinan
PRG-00652,gender
PRG-00653,pembangunan rendah karbon
PRG-00653,Perdesaan
PRG-00653,investasi
PRG-00654,Perubahan Iklim
PRG-00654,kesehatan
PRG-00654,gender
PRG-00655,kesehtan
PRG-00655,ketahanan pangan
PRG-00655,digitalisasi
PRG-00656,pariwisata
PRG-00656,ketahanan pangan
PRG-00657,transformasi digital
PRG-00657,pendidikan
PRG-00658,RPJMN
PRG-00658,investasi
PRG-00659,evaluasi kinerja
PRG-00659,pariwisata
PRG-00660,kemiskinan
PRG-00660,infrastruktur
PRG-00660,pedesaan
PRG-00661,SDGs
PRG-00662,ketahanan pangan
PRG-00662,ketenagakerjaan
PRG-00663,RPJMN
PRG-00663,pendidikan
PRG-00663,health
PRG-00664,ketahanan pangan
PRG-00664,transformasi digital
PRG-00664,Tata Kelola
PRG-00664,gender
PRG-00665,IKN
PRG-00665,ekonomi hijau
PRG-00666,pendidikan
PRG-00666,UMKM
PRG-00666,pembangunan rendah karbon
PRG-00667,Kemiskinan
PRG-00668,tujuan pembangunan berkelanjutan
PRG-00668,infrastruktur
PRG-00669,UMKM
PRG-00670,UMKM
PRG-00670,pariwisata
PRG-00670,tata kelola
PRG-00670,gender
PRG-00671,kemaritiman
PRG-00671,Low Carbon Development
PRG-00671,energi baru terbarukan
PRG-00673,kemiskinan
PRG-00673,ekonomi hijau
PRG-00673,kesehatan
PRG-00673,pendidikan
PRG-00674,UMKM
PRG-00674,transformasi digital
PRG-00674,air minum dan sanitasi
PRG-00675,stunting
PRG-00675,renewable energy
PRG-00675,Rencana Pembangunan Jangka Menengah Nasional
PRG-00676,perubahan-iklim
PRG-00676,RPJMN
PRG-00676,UMKM
PRG-00677,transformasi digital
PRG-00677,perdesaan
PRG-00677,kemiskinan
PRG-00678,reformasi birokrasi
PRG-00679,pariwisata
PRG-00679,food security
PRG-00679,stunting
PRG-00680,RPJMN
PRG-00680,perlindungan sosial
PRG-00680,pembangunan rendah karbon
PRG-00681,perubahan iklim
PRG-00681,Perdesaan
PRG-00681,kesehatan
PRG-00682,Ketenagakerjaan
PRG-00682,pendidikan
PRG-00683,evaluasi kinerja
PRG-00683,ketenagakerjaan
PRG-00683,statistik
PRG-00684,reformasi birokrasi
PRG-00684,ketenagakerjaan
PRG-00685,Kesehatan
PRG-00685,infrastruktur
PRG-00685,Ketahanan Pangan
PRG-00686,kemiskinan
PRG-00686,ekonomi hijau
PRG-00686,pendidikan
PRG-00687,kesehtan
PRG-00687,infrastruktur
PRG-00688,RPJMN
PRG-00688,pariwisata
PRG-00689,stunting
PRG-00689,kesehatan
PRG-00690,stunting
PRG-00690,UMKM
PRG-00691,Ketahanan Pangan
PRG-00691,RPJMN
PRG-00692,climate change
PRG-00692,stunting
PRG-00693,RPJMN
PRG-00693,UMKM
PRG-00694,transformasi digital
PRG-00694,pembangunan rendah karbon
PRG-00694,RPJMN
PRG-00695,usaha mikro kecil dan menengah
PRG-00696,Tujuan Pembangunan Berkelanjutan
PRG-00698,infrastruktur
PRG-00699,kesehatan
PRG-00700,digital transformation
PRG-00700,perdesaan
PRG-00700,ketahanan pangan
PRG-00701,pariwisata
PRG-00701,kemiskinan
PRG-00701,Pembangunan Rendah Karbon
PRG-00702,kesehatan
PRG-00702,transformasi digital
PRG-00703,pembangunan rendah karbon
PRG-00703,tata kelola
PRG-00704,transformasi digital
PRG-00705,low carbon development
PRG-00706,perlindungan sosial
PRG-00706,kemaritiman
PRG-00706,reformasi birokrasi
PRG-00707,pariwisata
PRG-00707,RPJMN
PRG-00707,tata kelola
PRG-00708,gender
PRG-00708,climate change
PRG-00708,perdesaan
PRG-00709,transformasi digital
PRG-00709,evaluasi kinerja
PRG-00710,perubahan iklim
PRG-00710,pariwisata
PRG-00711,Digitalisasi
PRG-00711,pembangunan rendah karbon
PRG-00711,energi baru terbarukan
PRG-00712,perlindungan sosial
PRG-00712,perubahan iklim
PRG-00712,RPJMN
PRG-00713,reformasi birokrasi
PRG-00713,stunting
PRG-00714,Statistik
PRG-00714,UMKM
PRG-00715,pembangunan rendah karbon
PRG-00715,perdesaan
PRG-00715,infrastruktur
PRG-00716,kesehatan
PRG-00716,SDGs
PRG-00716,transformasi digital
PRG-00717,Perubahan Iklim
PRG-00717,SDGs
PRG-00718,IKN
PRG-00718,kesehatan
PRG-00718,pendidikan
PRG-00720,transformasi digital
PRG-00721,perubahan iklim
PRG-00721,Stunting
PRG-00722,evaluasi kinerja
PRG-00723,Perdesaan
PRG-00723,miskin
PRG-00724,Tata Kelola
PRG-00724,IKN
PRG-00724,infrastruktur
PRG-00724,perubahan iklim
PRG-00725,infrastuktur
PRG-00725,RPJMN
PRG-00726,transformasi digital
PRG-00727,tengkes
PRG-00727,transformasi digital
PRG-00727,Ketenagakerjaan
PRG-00727,pembangunan rendah karbon
PRG-00729,perdesaan
PRG-00729,UMKM
PRG-00730,UMKM
PRG-00731,RPJMN
PRG-00731,transformasi digital
PRG-00732,perdesaan
PRG-00733,energi baru terbarukan
PRG-00735,stunting
PRG-00735,UMKM
PRG-00736,air minum dan sanitasi
PRG-00737,pembangunan rendah karbon
PRG-00738,evaluasi kinerja
PRG-00738,green economy
PRG-00739,kesehatan
PRG-00739,kemiskinan
PRG-00739,Transformasi Digital
PRG-00740,ketenagakerjaan
PRG-00741,perdesaan
PRG-00741,ketahanan pangan
PRG-00741,air minum dan sanitasi
PRG-00743,ketenagakerjaan
PRG-00743,air-minum dan sanitasi
PRG-00744,SDGs
PRG-00744,pendidikan
PRG-00744,evaluasi-kinerja
PRG-00745,pariwisata
PRG-00745,Stunting
PRG-00745,pendidikan
PRG-00746,pembangunan rendah karbon
PRG-00747,air minum dan sanitasi
PRG-00747,RB
PRG-00747,evaluasi kinerja
PRG-00748,kemiskinan
PRG-00748,tata kelola
PRG-00749,ekonomi hijau
PRG-00749,perubahan iklim
PRG-00749,perlindungan sosial
PRG-00749,pariwisata
PRG-00750,SDGs
PRG-00750,perlindungan sosial
PRG-00751,IKN
PRG-00751,SDGs
PRG-00751,kemaritiman
PRG-00752,infrastuktur
PRG-00752,pariwisata
PRG-00753,health
PRG-00753,infrastruktur
PRG-00753,kemiskinan
PRG-00754,stunting
PRG-00754,ekonomi hijau
PRG-00754,reformasi birokrasi
PRG-00755,ketahanan pangan
PRG-00755,pembangunan rendah karbon
PRG-00756,reformasi birokrasi
PRG-00756,UMKM
PRG-00756,investasi
PRG-00757,kemiskinan
PRG-00757,stunting
PRG-00757,UMKM
PRG-00758,food security
PRG-00759,tujuan pembangunan berkelanjutan
PRG-00759,reformasi birokrasi
PRG-00759,Energi Baru Terbarukan
PRG-00760,governance
PRG-00760,UMKM
PRG-00761,pembangunan rendah karbon
PRG-00762,stunting
PRG-00762,kemaritiman
PRG-00762,Rencana Pembangunan Jangka Menengah Nasional
PRG-00763,perlindungan sosial
PRG-00763,perdesaan
PRG-00763,Infrastuktur
PRG-00764,kemiskinan
PRG-00764,perubahan iklim
PRG-00764,transformasi digital
PRG-00765,reformasi birokrasi
PRG-00766,Stunting
PRG-00766,pembangunan rendah karbon
PRG-00766,infrastruktur
PRG-00767,ketenagakerjaan
PRG-00767,usaha mikro kecil dan menengah
PRG-00768,infrastruktur
PRG-00768,perdesaan
PRG-00768,statistik
PRG-00769,perlindungan sosial
PRG-00769,infrastruktur
PRG-00770,tata kelola
PRG-00770,air minum dan sanitasi
PRG-00772,perdesaan
PRG-00772,kesehatan
PRG-00772,ketenagakerjaan
PRG-00773,Pendidikan
PRG-00773,infrastructure
PRG-00774,kesehtan
PRG-00774,Rencana Pembangunan Jangka Menengah Nasional
PRG-00774,tata kelola
PRG-00775,perubahan iklim
PRG-00775,perlindungan sosial
PRG-00775,SDGs
PRG-00776,kesehatan
PRG-00776,perdesaan
PRG-00776,Perubahan Iklim
PRG-00777,pariwisata
PRG-00778,air minum dan sanitasi
PRG-00778,RPJMN
PRG-00779,UMKM
PRG-00779,pendidikan
PRG-00779,perubahan iklim
PRG-00780,digital transformation
PRG-00780,infrastuktur
PRG-00781,ekonomi hijau
PRG-00781,kesehatan
PRG-00781,Sdgs
PRG-00783,perdesaan
PRG-00783,infrastruktur
PRG-00784,kemiskinan
PRG-00785,pendidikan
PRG-00785,gender
PRG-00785,Statistik
PRG-00786,miskin
PRG-00786,pendidikan
PRG-00787,stunting
PRG-00787,air minum dan sanitasi
PRG-00787,kemiskinan
PRG-00788,air minum dan sanitasi
PRG-00788,IKN
PRG-00789,investasi
PRG-00789,infrastructure
PRG-00789,pariwisata
PRG-00790,ketenagakerjaan
PRG-00790,investasi
PRG-00790,energi baru terbarukan
PRG-00791,tata kelola
PRG-00791,statistik
PRG-00791,pariwisata
PRG-00792,gender
PRG-00792,ketenagakerjaan
PRG-00792,Pendidikan
PRG-00793,air minum dan sanitasi
PRG-00793,investasi
PRG-00794,UMKM
PRG-00795,infrastruktur
PRG-00795,kemiskinan
PRG-00795,reformasi birokrasi
PRG-00796,health
PRG-00796,pendidikan
PRG-00796,infrastruktur
PRG-00797,stunting
PRG-00797,investasi
PRG-00797,pariwisata
PRG-00798,energi baru terbarukan
PRG-00798,evaluasi kinerja
PRG-00799,RPJMN
PRG-00799,kesehatan
PRG-00800,RPJMN
PRG-00800,transformasi digital
PRG-00801,air minum dan sanitasi
PRG-00801,kemiskinan
PRG-00802,IKN
PRG-00802,kemaritiman
PRG-00803,kemaritiman
PRG-00803,Stunting
PRG-00803,air minum dan sanitasi
PRG-00803,pendidikan
PRG-00804,statistik
PRG-00804,evaluasi kinerja
PRG-00804,stunting
PRG-00805,statistik
PRG-00805,Rencana Pembangunan Jangka Menengah Nasional
PRG-00806,pembangunan rendah karbon
PRG-00806,kesehatan
PRG-00806,ketahanan pangan
PRG-00806,renewable energy
PRG-00807,stunting
PRG-00807,infrastruktur
PRG-00808,perubahan iklim
PRG-00808,investasi
PRG-00809,pendidikan
PRG-00809,infrastructure
PRG-00810,tata kelola
PRG-00810,air minum dan sanitasi
PRG-00811,ketenagakerjaan
PRG-00811,infrastruktur
PRG-00813,Pariwisata
PRG-00813,kesehatan
PRG-00814,UMKM
PRG-00814,digital transformation
PRG-00814,Reformasi Birokrasi
PRG-00815,kemiskinan
PRG-00816,SDGs
PRG-00817,UMKM
PRG-00817,transformasi digital
PRG-00818,pendidikan
PRG-00819,infrastructure
PRG-00819,digital transformation
PRG-00820,transformasi digital
PRG-00820,ekonomi hijau
PRG-00822,pendidikan
PRG-00822,Sdgs
PRG-00823,infrastruktur
PRG-00823,pendidikan
PRG-00824,Kesehatan
PRG-00824,tata kelola
PRG-00824,ketahanan pangan
PRG-00826,Perubahan Iklim
PRG-00826,perlindungan sosial
PRG-00826,Rencana Pembangunan Jangka Menengah Nasional
PRG-00826,green economy
PRG-00827,ketenagakerjaan
PRG-00827,evaluasi kinerja
PRG-00828,usaha mikro kecil dan menengah
PRG-00828,pembangunan rendah karbon
PRG-00829,infrastruktur
PRG-00829,SDGs
PRG-00829,pariwisata
PRG-00830,pendidikan
PRG-00830,kemaritiman
PRG-00831,SDGs
PRG-00831,kemaritiman
PRG-00832,UMKM
PRG-00832,ekonomi hijau
PRG-00833,stunting
PRG-00833,food security
PRG-00834,SDGs
PRG-00834,Ekonomi Hijau
PRG-00835,Infrastruktur
PRG-00835,pembangunan rendah karbon
PRG-00836,air minum dan sanitasi
PRG-00836,SDGs
PRG-00837,kemiskinan
PRG-00838,perubahan iklim
PRG-00838,RPJMN
PRG-00839,stunting
PRG-00840,Ibu Kota Nusantara
PRG-00840,evaluasi kinerja
PRG-00841,pendidikan
PRG-00841,SDGs
PRG-00841,governance
PRG-00842,ketenagakerjaan
PRG-00842,kesehatan
PRG-00843,perlindungan sosial
PRG-00843,reformasi birokrasi
PRG-00843,ekonomi hijau
PRG-00844,kemiskinan
PRG-00844,transformasi digital
PRG-00845,perubahan iklim
PRG-00845,investasi
PRG-00845,TPB
PRG-00846,UMKM
PRG-00846,IKN
PRG-00847,perlindungan sosial
PRG-00847,infrastruktur
PRG-00847,kemiskinan
PRG-00848,Pembangunan Rendah Karbon
PRG-00848,energi baru terbarukan
PRG-00848,pariwisata
PRG-00849,EBT
PRG-00849,perlindungan sosial
PRG-00849,UMKM
PRG-00850,digitalisasi
PRG-00850,EBT
PRG-00851,perlindungan sosial
PRG-00852,ekonomi hijau
PRG-00853,RPJMN
PRG-00854,tengkes
PRG-00855,gender
PRG-00856,pembangunan rendah karbon
PRG-00856,stunting
PRG-00857,perdesaan
PRG-00858,transformasi digital
PRG-00858,pembangunan rendah karbon
PRG-00858,energi baru terbarukan
PRG-00859,ekonomi-hijau
PRG-00859,air minum dan sanitasi
PRG-00860,pendidikan
PRG-00860,investasi
PRG-00861,investasi
PRG-00861,IKN
PRG-00862,stunting
PRG-00862,kesehatan
PRG-00862,pendidikan
PRG-00863,pendidkan
PRG-00863,evaluasi kinerja
PRG-00864,tata kelola
PRG-00864,UMKM
PRG-00864,SDGs
PRG-00865,stunting
PRG-00867,stunting
PRG-00867,ketenagakerjaan
PRG-00867,infrastruktur
PRG-00869,UMKM
PRG-00870,RPJMN
PRG-00870,tengkes
PRG-00871,perlindungan sosial
PRG-00871,ekonomi hijau
PRG-00871,kesehatan
PRG-00872,energi baru terbarukan
PRG-00872,kemiskinan
PRG-00872,transformasi digital
PRG-00872,perubahan iklim
PRG-00874,Infrastruktur
PRG-00874,perlindungan sosial
PRG-00874,ekonomi hijau
PRG-00875,Pariwisata
PRG-00876,miskin
PRG-00876,Transformasi Digital
PRG-00877,pariwisata
PRG-00877,Investasi
PRG-00877,perdesaan
PRG-00878,ekonomi hijau
PRG-00878,IKN
PRG-00879,tengkes
PRG-00880,perubahan iklim
PRG-00880,investasi
PRG-00880,pembangunan rendah karbon
PRG-00881,transformasi digital
PRG-00881,ekonomi hijau
PRG-00883,SDGs
PRG-00883,RPJMN
PRG-00883,IKN
PRG-00884,EBT
PRG-00884,ekonomi hijau
PRG-00884,infrastruktur
PRG-00885,kemiskinan
PRG-00885,perubahan iklim
PRG-00886,reformasi birokrasi
PRG-00886,UMKM
PRG-00888,Transformasi Digital
PRG-00889,transformasi-digital
PRG-00889,infrastruktur
PRG-00890,pembangunan rendah karbon
PRG-00890,climate change
PRG-00891,IKN
PRG-00891,kesehatan
PRG-00891,investasi
PRG-00892,ekonomi hijau
PRG-00892,perlindungan sosial
PRG-00893,UMKM
PRG-00893,Kesehatan
PRG-00894,kemiskinan
PRG-00894,stunting
PRG-00895,gender
PRG-00895,ekonomi hijau
PRG-00895,tujuan pembangunan berkelanjutan
PRG-00896,Perdesaan
PRG-00896,reformasi birokrasi
PRG-00896,energi baru terbarukan
PRG-00897,SDGs
PRG-00898,pariwisata
PRG-00898,poverty
PRG-00899,ketahanan pangan
PRG-00899,pendidikan
PRG-00899,statistik
PRG-00899,energi baru terbarukan
PRG-00900,energi baru terbarukan
PRG-00900,tata kelola
PRG-00900,investasi
PRG-00901,ketahanan pangan
PRG-00901,poverty
PRG-00902,pariwisata
PRG-00902,pembangunan rendah karbon
PRG-00902,kemiskinan
PRG-00903,transformasi digital
PRG-00903,ketenagakerjaan
PRG-00903,Perubahan Iklim
PRG-00904,ketahanan pangan
PRG-00904,kemaritiman
PRG-00904,energi baru terbarukan
PRG-00905,stunting
PRG-00905,pembangunan rendah karbon
PRG-00906,pembangunan rendah karbon
PRG-00906,tata kelola
PRG-00907,reformasi birokrasi
PRG-00908,gender
PRG-00908,UMKM
PRG-00909,ketenagakerjaan
PRG-00910,Ekonomi Hijau
PRG-00910,UMKM
PRG-00911,perlindungan sosial
PRG-00911,pendidikan
PRG-00912,perdesaan
PRG-00913,SDGs
PRG-00913,infrastruktur
PRG-00913,kesehtan
PRG-00914,UMKM
PRG-00914,SDGs
PRG-00915,kemaritiman
PRG-00915,infrastruktur
PRG-00916,perdesaan
PRG-00916,kesehatan
PRG-00917,infrastruktur
PRG-00917,kemiskinan
PRG-00917,pembangunan rendah emisi
PRG-00918,IKN
PRG-00918,RPJMN
PRG-00919,governance
PRG-00919,RPJMN
PRG-00920,stunting
PRG-00920,RB
PRG-00921,RPJMN
PRG-00921,perdesaan
PRG-00922,air minum dan sanitasi
PRG-00922,RPJMN
PRG-00922,gender
PRG-00923,pembangunan rendah karbon
PRG-00923,perubahan iklim
PRG-00924,statistik
PRG-00924,energi baru terbarukan
PRG-00924,transformasi digital
PRG-00925,UMKM
PRG-00925,kemaritiman
PRG-00925,ketahanan pangan
PRG-00925,SDGs
PRG-00926,tatakelola
PRG-00926,infrastruktur
PRG-00927,investasi
PRG-00927,ketenagakerjaan
PRG-00928,pariwisata
PRG-00928,SDGs
PRG-00928,kemiskinan
PRG-00929,perubahan iklim
PRG-00929,Ekonomi Hijau
PRG-00929,ketenagakerjaan
PRG-00930,kemiskinan
PRG-00930,Infrastruktur
PRG-00931,pariwisata
PRG-00931,gender
PRG-00931,pembangunan rendah karbon
PRG-00932,pendidikan
PRG-00933,energi baru terbarukan
PRG-00933,reformasi birokrasi
PRG-00933,ekonomi hijau
PRG-00934,ekonomi hijau
PRG-00934,pendidikan
PRG-00935,pariwisata
PRG-00935,ketahanan pangan
PRG-00936,transformasi digital
PRG-00936,stunting
PRG-00937,SDGs
PRG-00938,education
PRG-00938,infrastruktur
PRG-00939,Ketenagakerjaan
PRG-00939,ketahanan pangan
PRG-00940,kesehtan
PRG-00940,perubahan iklim
PRG-00940,tata kelola
PRG-00941,pariwisata
PRG-00941,stunting
PRG-00942,IKN
PRG-00942,ketenagakerjaan
PRG-00943,evaluasi kinerja
PRG-00943,ketahanan pangan
PRG-00943,perubahan iklim
PRG-00944,tata kelola
PRG-00944,infrastruktur
PRG-00944,perlindungan sosial
PRG-00945,pendidikan
PRG-00945,perlindungan sosial
PRG-00946,pariwisata
PRG-00946,energi baru terbarukan
PRG-00947,stunting
PRG-00947,kesehatan
PRG-00947,perubahan-iklim
PRG-00948,investasi
PRG-00948,pendidkan
PRG-00949,Perdesaan
PRG-00949,kemaritiman
PRG-00950,ekonomi hijau
PRG-00950,Gender
PRG-00951,RPJMN
PRG-00951,evaluasi kinerja
PRG-00952,RPJMN
PRG-00952,reformasi birokrasi
PRG-00952,investasi
PRG-00952,SDGs
PRG-00953,pendidikan
PRG-00953,kemiskinan
PRG-00953,low carbon development
PRG-00954,investasi
PRG-00954,reformasi birokrasi
PRG-00955,perlindungan sosial
PRG-00955,perubahan iklim
PRG-00955,PRK
PRG-00956,transformasi digital
PRG-00956,ketahanan pangan
PRG-00956,IKN
PRG-00957,RPJMN
PRG-00957,tata kelola
PRG-00957,stunting
PRG-00958,air minum dan sanitasi
PRG-00958,digital transformation
PRG-00958,perubahan-iklim
PRG-00959,ekonomi hijau
PRG-00959,energi baru terbarukan
PRG-00960,reformasi birokrasi
PRG-00960,kemiskinan
PRG-00960,air minum dan sanitasi
PRG-00961,Ketahanan Pangan
PRG-00961,digital transformation
PRG-00962,SDGs
PRG-00962,perubahan iklim
PRG-00962,kemaritiman
PRG-00963,perubahan iklim
PRG-00963,RPJMN
PRG-00964,UMKM
PRG-00964,reformasi birokrasi
PRG-00964,kemaritiman
PRG-00964,tujuan pembangunan berkelanjutan
PRG-00966,kemaritiman
PRG-00967,RPJMN
PRG-00967,tata kelola
PRG-00968,ketenagakerjaan
PRG-00968,ekonomi hijau
PRG-00969,Perlindungan Sosial
PRG-00969,kemiskinan
PRG-00969,gender
PRG-00970,energi baru terbarukan
PRG-00970,ekonomi hijau
PRG-00970,perdesaan
PRG-00971,governance
PRG-00971,SDGs
PRG-00971,ketahanan pangan
PRG-00971,pendidikan
PRG-00972,governance
PRG-00972,UMKM
PRG-00972,pembangunan rendah karbon
PRG-00973,SDGs
PRG-00973,ekonomi hijau
PRG-00973,ketenagakerjaan
PRG-00974,kemaritiman
PRG-00974,energi baru terbarukan
PRG-00976,Stunting
PRG-00976,energi baru terbarukan
PRG-00977,Pariwisata
PRG-00977,stunting
PRG-00978,ketahanan pangan
PRG-00978,SDGs
PRG-00978,tatakelola
PRG-00979,RPJMN
PRG-00980,education
PRG-00980,tata kelola
PRG-00980,IKN
PRG-00981,kemaritiman
PRG-00982,ketenagakerjaan
PRG-00982,gender
PRG-00983,reformasi-birokrasi
PRG-00983,climate change
PRG-00984,perdesaan
PRG-00984,tata kelola
PRG-00984,Kemiskinan
PRG-00985,stunting
PRG-00985,evaluasi kinerja
PRG-00986,air minum dan sanitasi
PRG-00986,SDGs
PRG-00986,RPJMN
PRG-00987,reformasi birokrasi
PRG-00987,pembangunan rendah karbon
PRG-00988,gender
PRG-00988,UMKM
PRG-00988,pembangunan rendah karbon
PRG-00988,ekonomi hijau
PRG-00989,stunting
PRG-00990,green economy
PRG-00990,Kesehtan
PRG-00991,kesehatan
PRG-00991,miskin
PRG-00993,perlindungan sosial
PRG-00993,Tata Kelola
PRG-00993,tengkes
PRG-00993,gender
PRG-00994,perubahan iklim
PRG-00994,ekonomi hijau
PRG-00995,infrastruktur
PRG-00995,Kemiskinan
PRG-00996,RPJMN
PRG-00996,SDGs
PRG-00996,perdesaan
PRG-00997,tata kelola
PRG-00998,energi baru terbarukan
PRG-00998,SDGs
PRG-00998,RPJMN
PRG-00999,tujuan pembangunan berkelanjutan
PRG-00999,pendidikan
PRG-00999,kesehatan
PRG-01000,TPB
PRG-01000,kesehatan
PRG-01001,perdesaan
PRG-01001,kesehtan
PRG-01002,gender
PRG-01002,perdesaan
PRG-01003,ketenagakerjaan
PRG-01003,infrastuktur
PRG-01004,low carbon development
PRG-01004,RPJMN
PRG-01005,UMKM
PRG-01005,kemiskinan
PRG-01006,energi baru terbarukan
PRG-01006,pariwisata
PRG-01007,UMKM
PRG-01007,ketahanan pangan
PRG-01008,perubahan iklim
PRG-01008,infrastruktur
PRG-01009,Reformasi Birokrasi
PRG-01009,infrastruktur
PRG-01009,Investasi
PRG-01010,ketahanan pangan
PRG-01010,infrastructure
PRG-01011,UMKM
PRG-01011,RPJMN
PRG-01012,pendidikan
PRG-01012,IKN
PRG-01013,pembangunan rendah karbon
PRG-01013,RPJMN
PRG-01013,Kemiskinan
PRG-01014,RPJMN
PRG-01014,transformasi-digital
PRG-01015,stunting
PRG-01015,pendidikan
PRG-01016,statistik
PRG-01016,tata kelola
PRG-01018,infrastruktur
PRG-01018,perubahan iklim
PRG-01018,reformasi birokrasi
PRG-01019,ketenagakerjaan
PRG-01019,health
PRG-01020,pendidikan
PRG-01021,infrastructure
PRG-01021,evaluasi kinerja
PRG-01021,energi baru terbarukan
PRG-01022,kemiskinan
PRG-01022,RPJMN
PRG-01022,pendidikan
PRG-01023,transformasi digital
PRG-01023,infrastruktur
PRG-01024,evaluasi kinerja
PRG-01025,kemiskinan
PRG-01025,EBT
PRG-01025,perubahan iklim
PRG-01026,infrastruktur
PRG-01026,ketenagakerjaan
PRG-01026,investasi
PRG-01027,investasi
PRG-01027,health
PRG-01029,transformasi digital
PRG-01029,energi baru terbarukan
PRG-01029,Perubahan Iklim
PRG-01030,ketahanan pangan
PRG-01030,IKN
PRG-01030,kemaritiman
PRG-01031,infrastuktur
PRG-01031,Statistik
PRG-01032,perubahan iklim
PRG-01033,transformasi digital
PRG-01033,reformasi birokrasi
PRG-01033,green economy
PRG-01033,pariwisata
PRG-01034,kemaritiman
PRG-01034,food security
PRG-01034,statistik
PRG-01035,perlindungan sosial
PRG-01035,pariwisata
PRG-01035,investasi
PRG-01035,SDGs
PRG-01037,pembangunan rendah karbon
PRG-01037,Usaha Mikro Kecil Dan Menengah
PRG-01038,tata kelola
PRG-01038,IKN
PRG-01040,pariwisata
PRG-01041,pendidikan
PRG-01041,reformasi birokrasi
PRG-01041,tujuan pembangunan berkelanjutan
PRG-01042,RPJMN
PRG-01042,kesehatan
PRG-01042,reformasi birokrasi
PRG-01043,air minum dan sanitasi
PRG-01043,usaha mikro kecil dan menengah
PRG-01043,kemiskinan
PRG-01044,tujuan pembangunan berkelanjutan
PRG-01045,pendidkan
PRG-01045,transformasi digital
PRG-01046,pariwisata
PRG-01046,SDGs
PRG-01046,perdesaan
PRG-01047,infrastruktur
PRG-01047,perdesaan
PRG-01047,perlindungan sosial
PRG-01048,tengkes
PRG-01048,pendidikan
PRG-01049,perubahan iklim
PRG-01049,pembangunan rendah karbon
PRG-01049,perlindungan sosial
PRG-01049,kesehatan
PRG-01050,pendidkan
PRG-01050,Ketahanan Pangan
PRG-01050,Stunting
PRG-01050,infrastructure
PRG-01051,kemiskinan
PRG-01051,statistik
PRG-01051,RPJMN
PRG-01051,education
PRG-01052,Transformasi Digital
PRG-01052,pembangunan rendah karbon
PRG-01053,infrastruktur
PRG-01053,UMKM
PRG-01053,PRK
PRG-01054,statistik
PRG-01054,kesehatan
PRG-01055,evaluasi kinerja
PRG-01055,infrastruktur
PRG-01055,Digitalisasi
PRG-01056,ketahanan-pangan
PRG-01056,air minum dan sanitasi
PRG-01056,gender
PRG-01057,pariwisata
PRG-01057,stunting
PRG-01057,renewable energy
PRG-01058,energi baru terbarukan
PRG-01059,ketenagakerjaan
PRG-01059,RPJMN
PRG-01059,Stunting
PRG-01060,perlindungan sosial
PRG-01060,SDGs
PRG-01060,reformasi birokrasi
PRG-01062,Ketahanan Pangan
PRG-01062,stunting
PRG-01062,Pariwisata
PRG-01063,stunting
PRG-01063,kesehatan
PRG-01063,pendidikan
PRG-01064,pedesaan
PRG-01065,perlindungan sosial
PRG-01065,gender
PRG-01065,infrastruktur
PRG-01066,perubahan iklim
PRG-01066,tata kelola
PRG-01067,air minum dan sanitasi
PRG-01067,transformasi digital
PRG-01067,Statistik
PRG-01068,perubahan iklim
PRG-01068,tujuan-pembangunan berkelanjutan
PRG-01068,perlindungan sosial
PRG-01068,pariwisata
PRG-01069,perlindungan sosial
PRG-01069,tata kelola
PRG-01070,transformasi digital
PRG-01070,pariwisata
PRG-01071,infrastruktur
PRG-01072,Stunting
PRG-01072,infrastruktur
PRG-01073,perdesaan
PRG-01074,RPJMN
PRG-01074,TPB
PRG-01074,reformasi birokrasi
PRG-01075,ekonomi hijau
PRG-01075,Transformasi Digital
PRG-01075,perubahan iklim
PRG-01076,RPJMN
PRG-01076,perlindungan sosial
PRG-01076,infrastruktur
PRG-01077,pendidikan
PRG-01077,pembangunan rendah karbon
PRG-01077,perubahan iklim
PRG-01078,stunting
PRG-01078,transformasi digital
PRG-01080,kemiskinan
PRG-01081,tujuan pembangunan berkelanjutan
PRG-01081,perubahan iklim
PRG-01082,RPJMN
PRG-01083,SDGs
PRG-01083,transformasi digital
PRG-01083,UMKM
PRG-01084,UMKM
PRG-01084,ekonomi hijau
PRG-01085,UMKM
PRG-01085,Kemiskinan
PRG-01085,stunting
PRG-01086,perubahan iklim
PRG-01087,SDGs
PRG-01087,evaluasi kinerja
PRG-01087,energi baru terbarukan
PRG-01087,RPJMN
PRG-01088,IKN
PRG-01089,pariwisata
PRG-01089,stunting
PRG-01089,pembangunan rendah karbon
PRG-01089,perlindungan sosial
PRG-01090,SDGs
PRG-01090,reformasi birokrasi
PRG-01091,energi baru terbarukan
PRG-01091,pariwisata
PRG-01091,transformasi digital
PRG-01092,health
PRG-01092,perlindungan sosial
PRG-01093,usaha mikro kecil dan menengah
PRG-01094,stunting
PRG-01094,pendidikan
PRG-01094,pembangunan rendah emisi
PRG-01095,Stunting
PRG-01096,pedesaan
PRG-01096,pendidikan
PRG-01096,ketahanan pangan
PRG-01096,perubahan iklim
PRG-01097,kemiskinan
PRG-01097,ketahanan pangan
PRG-01098,education
PRG-01098,perdesaan
PRG-01099,statistik
PRG-01099,pedesaan
PRG-01100,perlindungan sosial
PRG-01100,kesehatan
PRG-01100,Rencana Pembangunan Jangka Menengah Nasional
PRG-01101,pembangunan rendah karbon
PRG-01101,perubahan iklim
PRG-01102,Pembangunan Rendah Karbon
PRG-01102,UMKM
PRG-01102,transformasi digital
PRG-01102,evaluasi kinerja
PRG-01103,Governance
PRG-01103,evaluasi kinerja
PRG-01103,SDGs
PRG-01104,transformasi digital
PRG-01104,gender
PRG-01104,TPB
PRG-01105,energi baru terbarukan
PRG-01106,perdesaan
PRG-01106,stunting
PRG-01106,kemiskinan
PRG-01107,SDGs
PRG-01107,ketenagakerjaan
PRG-01107,perubahan iklim
PRG-01108,energi baru terbarukan
PRG-01109,pembangunan rendah karbon
PRG-01110,climate change
PRG-01110,Energi Baru Terbarukan
PRG-01110,ketahanan pangan
PRG-01111,pendidikan
PRG-01111,perubahan iklim
PRG-01113,transformasi digital
PRG-01113,Evaluasi Kinerja
PRG-01114,UMKM
PRG-01114,pariwisata
PRG-01115,pendidkan
PRG-01115,evaluasi kinerja
PRG-01115,gender
PRG-01116,SDGs
PRG-01116,pendidikan
PRG-01117,climate change
PRG-01117,reformasi birokrasi
PRG-01117,pendidikan
PRG-01118,infrastruktur
PRG-01118,perlindungan sosial
PRG-01119,kesehatan
PRG-01121,tata kelola
PRG-01121,RPJMN
PRG-01122,stunting
PRG-01122,reformasi birokrasi
PRG-01122,evaluasi kinerja
PRG-01122,ketenagakerjaan
PRG-01123,SDGs
PRG-01123,energi baru terbarukan
PRG-01123,UMKM
PRG-01124,RPJMN
PRG-01125,Pembangunan Rendah Karbon
PRG-01125,pendidikan
PRG-01125,pariwisata
PRG-01126,pariwisata
PRG-01126,RPJMN
PRG-01126,pembangunan rendah karbon
PRG-01127,perdesaan
PRG-01128,tata kelola
PRG-01128,poverty
PRG-01128,transformasi digital
PRG-01129,Kemaritiman
PRG-01129,kemiskinan
PRG-01129,pembangunan rendah karbon
PRG-01130,statistik
PRG-01131,pembangunan rendah karbon
PRG-01131,kesehatan
PRG-01131,tujuan pembangunan berkelanjutan
PRG-01132,perubahan iklim
PRG-01132,pembangunan rendah karbon
PRG-01132,investasi
PRG-01133,UMKM
PRG-01133,pendidikan
PRG-01133,gender
PRG-01134,pendidkan
PRG-01135,pariwisata
PRG-01136,tata kelola
PRG-01136,kemaritiman
PRG-01136,climate change
PRG-01136,Energi Baru Terbarukan
PRG-01137,pariwisata
PRG-01137,IKN
PRG-01137,ketahanan pangan
PRG-01137,pendidikan
PRG-01138,energi baru terbarukan
PRG-01138,perdesaan
PRG-01138,investasi
PRG-01139,SDGs
PRG-01139,perubahan iklim
PRG-01139,health
PRG-01140,pembangunan rendah karbon
PRG-01140,pendidikan
PRG-01140,evaluasi kinerja
PRG-01141,Pembangunan Rendah Karbon
PRG-01142,SDGs
PRG-01142,RPJMN
PRG-01143,perubahan iklim
PRG-01143,pendidikan
PRG-01144,kemaritiman
PRG-01144,ketenagakerjaan
PRG-01145,SDGs
PRG-01145,perubahan iklim
PRG-01145,pembangunan rendah karbon
PRG-01146,kemiskinan
PRG-01147,infrastruktur
PRG-01147,UMKM
PRG-01147,ketahanan pangan
PRG-01147,kesehatan
PRG-01148,UKM
PRG-01148,ekonomi hijau
PRG-01148,kemiskinan
PRG-01149,evaluasi kinerja
PRG-01149,pariwisata
PRG-01150,investasi
PRG-01150,education
PRG-01151,Kemiskinan
PRG-01151,UMKM
PRG-01152,perdesaan
PRG-01152,Perubahan Iklim
PRG-01152,Governance
PRG-01153,reformasi birokrasi
PRG-01153,SDGs
PRG-01153,perdesaan
PRG-01154,investasi
PRG-01155,UMKM
PRG-01155,IKN
PRG-01156,SDGs
PRG-01156,infrastruktur
PRG-01157,pembangunan rendah karbon
PRG-01157,Kemiskinan
PRG-01158,tata kelola
PRG-01158,SDGs
PRG-01158,ketahanan-pangan
PRG-01158,perlindungan sosial
PRG-01159,kesehatan
PRG-01159,Evaluasi Kinerja
PRG-01160,tata kelola
PRG-01161,pendidkan
PRG-01161,transformasi digital
PRG-01162,tujuan pembangunan berkelanjutan
PRG-01162,low carbon development
PRG-01164,TPB
PRG-01164,PRK
PRG-01164,kesehatan
PRG-01165,energi baru terbarukan
PRG-01165,air minum dan sanitasi
PRG-01165,health
PRG-01166,stunting
PRG-01166,UMKM
PRG-01167,stunting
PRG-01167,perdesaan
PRG-01168,green economy
PRG-01168,Infrastruktur
PRG-01168,Air Minum Dan Sanitasi
PRG-01169,RPJMN
PRG-01169,UMKM
PRG-01169,tata kelola
PRG-01170,gender
PRG-01170,air minum dan sanitasi
PRG-01170,SDGs
PRG-01170,perlindungan sosial
PRG-01171,transformasi digital
PRG-01171,kemaritiman
PRG-01172,Rencana Pembangunan Jangka Menengah Nasional
PRG-01172,perdesaan
PRG-01174,evaluasi kinerja
PRG-01174,pendidikan
PRG-01174,gender
PRG-01175,investasi
PRG-01175,SDGs
PRG-01176,energi baru terbarukan
PRG-01176,reformasi birokrasi
PRG-01176,perlindungan sosial
PRG-01177,kemiskinan
PRG-01177,Health
PRG-01177,pembangunan rendah karbon
PRG-01178,SDGs
PRG-01178,education
PRG-01178,evaluasi kinerja
PRG-01179,pembangunan rendah karbon
PRG-01179,tata kelola
PRG-01179,pendidikan
PRG-01180,kesehatan
PRG-01180,gender
PRG-01181,air minum dan sanitasi
PRG-01181,RPJMN
PRG-01182,RPJMN
PRG-01182,UMKM
PRG-01183,pariwisata
PRG-01183,investasi
PRG-01185,pendidikan
PRG-01185,kemiskinan
PRG-01185,SDGs
PRG-01186,RPJMN
PRG-01186,ekonomi hijau
PRG-01187,kesehatan
PRG-01187,kemaritiman
PRG-01188,RPJMN
PRG-01189,pendidikan
PRG-01189,tata kelola
PRG-01190,perubahan iklim
PRG-01190,pariwisata
PRG-01190,UMKM
PRG-01191,SDGs
PRG-01191,pendidikan
PRG-01191,RB
PRG-01191,energi baru terbarukan
PRG-01192,SDGs
PRG-01192,perlindungan sosial
PRG-01192,pendidikan
PRG-01192,infrastruktur
PRG-01193,UMKM
PRG-01193,RB
PRG-01193,statistik
PRG-01194,transformasi digital
PRG-01194,kemaritiman
PRG-01195,reformasi birokrasi
PRG-01195,transformasi digital
PRG-01195,ketenagakerjaan
PRG-01196,pendidikan
PRG-01196,evaluasi kinerja
PRG-01197,kemiskinan
PRG-01197,kesehatan
PRG-01199,investasi
PRG-01199,ekonomi hijau
PRG-01199,ketahanan pangan
PRG-01200,statistik
PRG-01200,perlindungan sosial
PRG-01200,pendidikan
PRG-01201,gender
PRG-01201,kemaritiman
PRG-01201,kemiskinan
PRG-01202,digital transformation
PRG-01202,RPJMN
PRG-01203,Tata Kelola
PRG-01203,RPJMN
PRG-01203,kemiskinan
PRG-01204,investasi
PRG-01204,ketahanan pangan
PRG-01204,ketenagakerjaan
PRG-01205,infrastruktur
PRG-01205,Investasi
PRG-01205,energi baru terbarukan
PRG-01206,gender
PRG-01206,kemiskinan
PRG-01207,RPJMN
PRG-01207,UMKM
PRG-01208,kemiskinan
PRG-01208,kemaritiman
PRG-01209,IKN
PRG-01210,air minum dan sanitasi
PRG-01210,pendidikan
PRG-01213,Ibukota Nusantara
PRG-01213,perdesaan
PRG-01214,infrastruktur
PRG-01214,kemiskinan
PRG-01214,tata kelola
PRG-01215,pendidikan
PRG-01217,RB
PRG-01217,green economy
PRG-01218,air minum dan sanitasi
PRG-01218,kemiskinan
PRG-01218,investasi
PRG-01219,poverty
PRG-01219,air minum dan sanitasi
PRG-01220,pembangunan rendah karbon
PRG-01220,education
PRG-01221,Pembangunan Rendah Karbon
PRG-01221,health
PRG-01221,Pendidkan
PRG-01222,stunting
PRG-01222,pariwisata
PRG-01223,RPJMN
PRG-01223,IKN
PRG-01223,TPB
PRG-01224,pariwisata
PRG-01224,Perubahan Iklim
PRG-01225,kemiskinan
PRG-01225,IKN
PRG-01226,statistik
PRG-01226,reformasi birokrasi
PRG-01227,kemiskinan
PRG-01227,transformasi digital
PRG-01228,kemiskinan
PRG-01229,digital transformation
PRG-01230,ekonomi hijau
PRG-01230,kemiskinan
PRG-01231,air minum dan sanitasi
PRG-01232,kemaritiman
PRG-01232,climate change
PRG-01233,UMKM
PRG-01233,Tata Kelola
PRG-01233,Kemaritiman
PRG-01234,infrastruktur
PRG-01235,UMKM
PRG-01235,perubahan iklim
PRG-01236,perlindungan sosial
PRG-01236,SDGs
PRG-01237,pembangunan rendah karbon
PRG-01237,energi-baru terbarukan
PRG-01237,infrastructure
PRG-01238,kesehatan
PRG-01239,reformasi birokrasi
PRG-01239,ibukota nusantara
PRG-01239,transformasi digital
PRG-01240,UMKM
PRG-01240,RPJMN
PRG-01241,IKN
PRG-01241,perubahan iklim
PRG-01241,pendidikan
PRG-01242,statistik
PRG-01242,pembangunan rendah karbon
PRG-01243,tatakelola
PRG-01243,pariwisata
PRG-01244,pendidikan
PRG-01244,perdesaan
PRG-01244,UMKM
PRG-01245,Digital Transformation
PRG-01245,Kemaritiman
PRG-01246,perubahan iklim
PRG-01246,reformasi birokrasi
PRG-01246,Perlindungan Sosial
PRG-01247,digital transformation
PRG-01247,RPJMN
PRG-01248,reformasi birokrasi
PRG-01248,UMKM
PRG-01248,ketenagakerjaan
PRG-01249,infrastuktur
PRG-01249,pembangunan rendah karbon
PRG-01251,kesehatan
PRG-01251,kemaritiman
PRG-01252,health
PRG-01252,Tujuan Pembangunan Berkelanjutan
PRG-01253,infrastruktur
PRG-01253,UMKM
PRG-01254,kesehatan
PRG-01254,RPJMN
PRG-01254,ketahanan pangan
PRG-01256,Reformasi Birokrasi
PRG-01256,perdesaan
PRG-01256,pendidikan
PRG-01257,perubahan iklim
PRG-01258,usaha mikro kecil dan menengah
PRG-01259,UMKM
PRG-01259,perubahan iklim
PRG-01259,Ketenagakerjaan
PRG-01260,pendidikan
PRG-01260,ketenagakerjaan
PRG-01260,perdesaan
PRG-01261,kesehatan
PRG-01261,digitalisasi
PRG-01261,air minum dan sanitasi
PRG-01262,statistik
PRG-01262,energi baru terbarukan
PRG-01262,UMKM
PRG-01263,pembangunan rendah karbon
PRG-01263,infrastructure
PRG-01266,ketahanan pangan
PRG-01266,stunting
PRG-01267,pembangunan rendah karbon
PRG-01267,perlindungan sosial
PRG-01268,Pembangunan Rendah Karbon
PRG-01268,Pendidikan
PRG-01269,ketahanan pangan
PRG-01269,statistik
PRG-01269,infrastructure
PRG-01270,poverty
PRG-01270,ketahanan pangan
PRG-01271,reformasi birokrasi
PRG-01271,ketahanan pangan
PRG-01272,pendidikan
PRG-01272,infrastruktur
PRG-01273,SDGs
PRG-01273,digitalisasi
PRG-01274,RPJMN
PRG-01274,kemiskinan
PRG-01274,ketahanan pangan
PRG-01275,energi baru terbarukan
PRG-01275,RPJMN
PRG-01276,investasi
PRG-01276,perlindungan sosial
PRG-01277,perubahan iklim
PRG-01277,kesehatan
PRG-01278,perubahan iklim
PRG-01278,ketahanan pangan
PRG-01279,statistik
PRG-01280,stunting
PRG-01280,reformasi birokrasi
PRG-01280,investasi
PRG-01281,perdesaan
PRG-01281,RPJMN
PRG-01281,UMKM
PRG-01283,perdesaan
PRG-01283,RPJMN
PRG-01284,infrastruktur
PRG-01284,UKM
PRG-01284,stunting
PRG-01284,governance
PRG-01285,gender
PRG-01287,RPJMN
PRG-01287,SDGs
PRG-01287,Pendidikan
PRG-01288,infrastuktur
PRG-01288,pendidikan
PRG-01289,pariwisata
PRG-01289,pembangunan rendah karbon
PRG-01290,UMKM
PRG-01290,investasi
PRG-01291,education
PRG-01291,reformasi birokrasi
PRG-01292,climate change
PRG-01292,tata kelola
PRG-01292,energi baru terbarukan
PRG-01292,ketenagakerjaan
PRG-01294,pembangunan rendah karbon
PRG-01294,Investasi
PRG-01294,infrastruktur
PRG-01295,Perubahan Iklim
PRG-01296,RPJMN
PRG-01296,IKN
PRG-01297,climate change
PRG-01297,RPJMN
PRG-01297,Stunting
PRG-01297,energi baru terbarukan
PRG-01298,Pendidikan
PRG-01298,tatakelola
PRG-01298,air minum dan sanitasi
PRG-01299,UMKM
PRG-01299,transformasi digital
PRG-01299,SDGs
PRG-01300,gender
PRG-01300,RPJMN
PRG-01301,Evaluasi Kinerja
PRG-01301,perdesaan
PRG-01302,pariwisata
PRG-01302,tata kelola
PRG-01303,tata kelola
PRG-01303,perubahan iklim
PRG-01304,perdesaan
PRG-01304,ekonomi hijau
PRG-01304,kemiskinan
PRG-01304,renewable energy
PRG-01305,reformasi birokrasi
PRG-01307,pendidikan
PRG-01307,ekonomi hijau
PRG-01307,tata kelola
PRG-01308,perubahan iklim
PRG-01308,evaluasi kinerja
PRG-01309,pendidikan
PRG-01309,infrastruktur
PRG-01309,ketenagakerjaan
PRG-01310,stunting
PRG-01310,ketenagakerjaan
PRG-01310,Education
PRG-01311,kemaritiman
PRG-01312,perubahan iklim
PRG-01312,ketahanan pangan
PRG-01312,pariwisata
PRG-01313,kemiskinan
PRG-01314,kesehtan
PRG-01316,ketenagakerjaan
PRG-01316,RPJMN
PRG-01316,ibukota nusantara
PRG-01317,pendidikan
PRG-01317,Ketenagakerjaan
PRG-01318,Energi Baru Terbarukan
PRG-01318,perlindungan sosial
PRG-01318,gender
PRG-01319,stunting
PRG-01320,transformasi digital
PRG-01320,perlindungan sosial
PRG-01321,RPJMN
PRG-01322,energi baru terbarukan
PRG-01323,statistik
PRG-01323,climate change
PRG-01323,Renewable Energy
PRG-01324,SDGs
PRG-01324,perubahan iklim
PRG-01324,tata-kelola
PRG-01324,kemaritiman
PRG-01325,pariwisata
PRG-01326,pembangunan rendah karbon
PRG-01326,education
PRG-01326,SDGs
PRG-01327,transformasi digital
PRG-01327,pendidikan
PRG-01327,infrastructure
PRG-01327,perdesaan
PRG-01328,statistik
PRG-01328,pembangunan rendah karbon
PRG-01328,Pedesaan
PRG-01329,infrastruktur
PRG-01330,SDGs
PRG-01330,energi baru terbarukan
PRG-01330,pembangunan rendah karbon
PRG-01331,evaluasi kinerja
PRG-01332,education
PRG-01333,transformasi-digital
PRG-01334,SDGs
PRG-01334,ketahanan pangan
PRG-01334,ketenagakerjaan
PRG-01335,reformasi birokrasi
PRG-01335,ekonomi hijau
PRG-01335,low carbon development
PRG-01336,RPJMN
PRG-01336,Ibu Kota Nusantara
PRG-01337,IKN
PRG-01337,statistik
PRG-01337,ekonomi hijau
PRG-01337,energi baru terbarukan
PRG-01338,Energi Baru Terbarukan
PRG-01338,tata kelola
PRG-01339,ketenagakerjaan
PRG-01339,perubahan iklim
PRG-01340,gender
PRG-01340,pembangunan rendah karbon
PRG-01340,perubahan iklim
PRG-01341,pembangunan rendah karbon
PRG-01341,air minum dan sanitasi
PRG-01342,Sdgs
PRG-01342,UMKM
PRG-01342,ketahanan pangan
PRG-01343,perubahan iklim
PRG-01344,infrastruktur
PRG-01344,investasi
PRG-01344,kesehatan
PRG-01345,investasi
PRG-01345,kemiskinan
PRG-01346,tata kelola
PRG-01346,investasi
PRG-01347,kemiskinan
PRG-01347,tata kelola
PRG-01348,pariwisata
PRG-01348,Rencana-Pembangunan Jangka Menengah Nasional
PRG-01348,ketahanan pangan
PRG-01348,SDGs
PRG-01349,Rencana Pembangunan Jangka Menengah Nasional
PRG-01349,pendidikan
PRG-01349,UMKM
PRG-01350,tata kelola
PRG-01350,kemiskinan
PRG-01350,Ketenagakerjaan
PRG-01351,transformasi digital
PRG-01352,RPJMN
PRG-01352,Pembangunan Rendah Karbon
PRG-01353,Stunting
PRG-01353,pariwisata
PRG-01353,UMKM
PRG-01355,poverty
PRG-01356,kemiskinan
PRG-01356,pembangunan rendah karbon
PRG-01356,UMKM
PRG-01357,infrastruktur
PRG-01358,stunting
PRG-01358,usaha mikro kecil dan menengah
PRG-01359,tata kelola
PRG-01359,statistik
PRG-01360,reformasi birokrasi
PRG-01360,SDGs
PRG-01360,Air Minum Dan Sanitasi
PRG-01361,SDGs
PRG-01362,transformasi digital
PRG-01362,pembangunan-rendah karbon
PRG-01365,tata kelola
PRG-01365,gender
PRG-01366,tata kelola
PRG-01366,RPJMN
PRG-01367,kemaritiman
PRG-01367,gender
PRG-01367,Pembangunan Rendah Karbon
PRG-01368,tata-kelola
PRG-01368,food security
PRG-01369,RPJMN
PRG-01369,usaha mikro kecil dan menengah
PRG-01370,infrastruktur
PRG-01370,pendidikan
PRG-01370,statistik
PRG-01371,air minum dan sanitasi
PRG-01371,Kemiskinan
PRG-01372,perdesaan
PRG-01372,pendidikan
PRG-01373,ketahanan-pangan
PRG-01374,RPJMN
PRG-01374,kesehatan
PRG-01374,pariwisata
PRG-01376,energi baru terbarukan
PRG-01377,air minum dan sanitasi
PRG-01377,tata kelola
PRG-01377,investasi
PRG-01378,SDGs
PRG-01378,RPJMN
PRG-01378,reformasi birokrasi
PRG-01378,statistik
PRG-01379,Reformasi Birokrasi
PRG-01380,Energi Baru Terbarukan
PRG-01380,RPJMN
PRG-01380,pendidikan
PRG-01381,evaluasi kinerja
PRG-01381,UMKM
PRG-01381,kemaritiman
PRG-01382,perlindungan sosial
PRG-01382,ketahanan pangan
PRG-01382,energi-baru terbarukan
PRG-01383,Kemaritiman
PRG-01383,SDGs
PRG-01384,pariwisata
PRG-01384,infrastruktur
PRG-01384,transformasi digital
PRG-01385,Investasi
PRG-01385,UMKM
PRG-01385,Ketenagakerjaan
PRG-01385,transformasi digital
PRG-01386,kemaritiman
PRG-01386,tujuan pembangunan berkelanjutan
PRG-01386,UMKM
PRG-01386,infrastruktur
PRG-01387,evaluasi kinerja
PRG-01387,RPJMN
PRG-01387,infrastruktur
PRG-01388,transformasi digital
PRG-01388,perubahan iklim
PRG-01389,kemaritiman
PRG-01389,stunting
PRG-01389,infrastruktur
PRG-01390,Pembangunan Rendah Karbon
PRG-01390,infrastruktur
PRG-01391,ketahanan pangan
PRG-01391,evaluasi kinerja
PRG-01392,kesehatan
PRG-01392,RPJMN
PRG-01393,perdesaan
PRG-01393,RPJMN
PRG-01394,kemiskinan
PRG-01395,UMKM
PRG-01395,ketahanan-pangan
PRG-01396,infrastructure
PRG-01396,SDGs
PRG-01397,reformasi birokrasi
PRG-01397,evaluasi kinerja
PRG-01398,perdesaan
PRG-01399,statistik
PRG-01399,investasi
PRG-01400,tata kelola
PRG-01400,RPJMN
PRG-01400,UMKM
PRG-01401,tata kelola
PRG-01401,infrastruktur
PRG-01401,statistik
PRG-01402,investasi
PRG-01402,ketenagakerjaan
PRG-01402,IKN
PRG-01403,transformasi digital
PRG-01403,low carbon development
PRG-01403,pariwisata
PRG-01404,RPJMN
PRG-01404,pendidikan
PRG-01404,SDGs
PRG-01404,UKM
PRG-01405,kemiskinan
PRG-01405,perlindungan sosial
PRG-01405,transformasi digital
PRG-01406,SDGs
PRG-01406,Kesehatan
PRG-01407,stunting
PRG-01407,ketahanan pangan
PRG-01408,perubahan iklim
PRG-01408,kemiskinan
PRG-01409,pariwisata
PRG-01409,Infrastruktur
PRG-01410,energi baru terbarukan
PRG-01411,perlindungan sosial
PRG-01411,poverty
PRG-01412,usaha mikro kecil dan menengah
PRG-01412,education
PRG-01413,statistik
PRG-01414,ketahanan pangan
PRG-01414,SDGs
PRG-01415,investasi
PRG-01415,Ketenagakerjaan
PRG-01415,kemiskinan
PRG-01416,perlindungan sosial
PRG-01416,tata kelola
PRG-01416,RPJMN
PRG-01417,Pendidikan
PRG-01417,ekonomi hijau
PRG-01417,kemiskinan
PRG-01418,EBT
PRG-01419,UMKM
PRG-01420,IKN
PRG-01420,tata kelola
PRG-01420,UMKM
PRG-01421,pedesaan
PRG-01422,energi baru terbarukan
PRG-01422,UMKM
PRG-01423,Stunting
PRG-01423,reformasi birokrasi
PRG-01423,pembangunan rendah karbon
PRG-01424,UMKM
PRG-01424,SDGs
PRG-01425,pembangunan rendah karbon
PRG-01425,IKN
PRG-01426,perubahan iklim
PRG-01427,Stunting
PRG-01428,SDGs
PRG-01428,perdesaan
PRG-01429,stunting
PRG-01429,kesehtan
PRG-01430,transformasi digital
PRG-01430,IKN
PRG-01430,ekonomi hijau
PRG-01430,pembangunan rendah karbon
PRG-01431,SDGs
PRG-01431,kesehatan
PRG-01431,Pembangunan Rendah Karbon
PRG-01432,infrastuktur
PRG-01432,kemiskinan
PRG-01433,energi baru terbarukan
PRG-01433,evaluasi kinerja
PRG-01433,tata kelola
PRG-01434,kesehatan
PRG-01434,perlindungan sosial
PRG-01434,gender
PRG-01435,UMKM
PRG-01435,Perubahan Iklim
PRG-01435,kesehatan
PRG-01435,ketahanan pangan
PRG-01436,Investasi
PRG-01436,IKN
PRG-01437,perdesaan
PRG-01438,SDGs
PRG-01438,RPJMN
PRG-01439,ketenagakerjaan
PRG-01439,kemiskinan
PRG-01439,UMKM
PRG-01440,Sdgs
PRG-01441,infrastuktur
PRG-01441,Kemaritiman
PRG-01442,Rencana Pembangunan Jangka Menengah Nasional
PRG-01442,air minum dan sanitasi
PRG-01443,miskin
PRG-01443,perlindungan sosial
PRG-01444,RPJMN
PRG-01444,perlindungan sosial
PRG-01444,statistik
PRG-01445,transformasi digital
PRG-01445,SDGs
PRG-01445,stunting
PRG-01445,tata kelola
PRG-01446,perlindungan sosial
PRG-01446,stunting
PRG-01446,pembangunan rendah karbon
PRG-01447,statistik
PRG-01447,IKN
PRG-01447,Pembangunan Rendah Karbon
PRG-01448,Perubahan Iklim
PRG-01448,pendidikan
PRG-01450,pariwisata
PRG-01451,RPJMN
PRG-01451,perubahan iklim
PRG-01451,pendidkan
PRG-01453,UMKM
PRG-01453,kesehatan
PRG-01454,energi baru terbarukan
PRG-01454,RPJMN
PRG-01455,tata kelola
PRG-01456,pendidikan
PRG-01456,perdesaan
PRG-01457,Rencana Pembangunan Jangka Menengah Nasional
PRG-01457,SDGs
PRG-01458,transformasi digital
PRG-01458,infrastuktur
PRG-01458,investasi
PRG-01458,pendidikan
PRG-01459,infrastructure
PRG-01459,EBT
PRG-01460,transformasi digital
PRG-01461,stunting
PRG-01461,pembangunan-rendah karbon
PRG-01462,ekonomi hijau
PRG-01462,gender
PRG-01462,pendidikan
PRG-01463,evaluasi kinerja
PRG-01463,tata kelola
PRG-01464,pariwisata
PRG-01464,digital transformation
PRG-01465,infrastruktur
PRG-01465,UMKM
PRG-01466,perdesaan
PRG-01466,ketahanan pangan
PRG-01466,perlindungan sosial
PRG-01467,tata kelola
PRG-01467,kesehatan
PRG-01467,perdesaan
PRG-01468,statistik
PRG-01468,energi baru terbarukan
PRG-01468,SDGs
PRG-01469,transformasi digital
PRG-01469,UMKM
PRG-01470,Tata Kelola
PRG-01470,kemiskinan
PRG-01470,IKN
PRG-01471,UMKM
PRG-01471,IKN
PRG-01472,kemaritiman
PRG-01472,kemiskinan
PRG-01472,RPJMN
PRG-01473,perubahan iklim
PRG-01473,reformasi birokrasi
PRG-01473,transformasi digital
PRG-01474,tata kelola
PRG-01474,pendidikan
PRG-01475,pendidikan
PRG-01476,perubahan iklim
PRG-01476,pendidikan
PRG-01476,poverty
PRG-01477,infrastruktur
PRG-01477,evaluasi kinerja
PRG-01477,pendidikan
PRG-01478,RPJMN
PRG-01478,gender
PRG-01478,kemaritiman
PRG-01479,kesehatan
PRG-01479,transformasi digital
PRG-01479,pendidikan
PRG-01481,reformasi birokrasi
PRG-01483,IKN
PRG-01483,infrastruktur
PRG-01484,poverty
PRG-01484,RPJMN
PRG-01485,reformasi birokrasi
PRG-01485,kesehatan
PRG-01485,Pembangunan Rendah Karbon
PRG-01486,ketahanan pangan
PRG-01486,RPJMN
PRG-01486,energi baru terbarukan
PRG-01487,SDGs
PRG-01488,energi baru terbarukan
PRG-01488,perubahan iklim
PRG-01489,infrastruktur
PRG-01489,climate change
PRG-01490,perlindungan sosial
PRG-01490,kemiskinan
PRG-01491,air minum dan sanitasi
PRG-01491,climate-change
PRG-01492,infrastuktur
PRG-01492,pendidkan
PRG-01492,gender
PRG-01493,kemiskinan
PRG-01493,evaluasi kinerja
PRG-01494,low carbon development
PRG-01494,RPJMN
PRG-01495,low carbon development
PRG-01495,tujuan pembangunan berkelanjutan
PRG-01495,RPJMN
PRG-01496,ketenagakerjaan
PRG-01496,digitalisasi
PRG-01496,kesehtan
PRG-01497,governance
PRG-01497,ekonomi hijau
PRG-01498,tujuan pembangunan berkelanjutan
PRG-01498,UMKM
PRG-01499,UKM
PRG-01499,Sdgs
PRG-01499,ketenagakerjaan
PRG-01500,gender
PRG-01500,kesehatan
PRG-01500,investasi
PRG-01500,ekonomi hijau
PRG-01501,pendidikan
PRG-01501,RPJMN
PRG-01501,reformasi birokrasi
PRG-01502,ketahanan pangan
PRG-01502,RPJMN
PRG-01502,Perubahan Iklim
PRG-01503,Digital Transformation
PRG-01503,gender
PRG-01504,stunting
PRG-01504,pedesaan
PRG-01504,RPJMN
PRG-01505,tatakelola
PRG-01507,investasi
PRG-01507,pembangunan rendah karbon
PRG-01507,transformasi digital
PRG-01508,energi baru terbarukan
PRG-01508,perubahan iklim
PRG-01508,SDGs
PRG-01509,kemaritiman
PRG-01510,UMKM
PRG-01510,SDGs
PRG-01510,energi baru terbarukan
PRG-01511,ketenagakerjaan
PRG-01512,kemiskinan
PRG-01512,energi baru terbarukan
PRG-01514,SDGs
PRG-01515,food security
PRG-01515,stunting
PRG-01515,evaluasi kinerja
PRG-01516,transformasi digital
PRG-01516,Perubahan Iklim
PRG-01516,ketenagakerjaan
PRG-01517,tata kelola
PRG-01517,kesehtan
PRG-01517,IKN
PRG-01518,perubahan iklim
PRG-01518,pariwisata
PRG-01518,kemiskinan
PRG-01519,gender
PRG-01519,kesehatan
PRG-01519,pendidikan
PRG-01520,air minum dan sanitasi
PRG-01521,digitalisasi
PRG-01521,infrastruktur
PRG-01521,kemiskinan
PRG-01522,kemiskinan
PRG-01523,perubahan iklim
PRG-01523,statistik
PRG-01524,Perdesaan
PRG-01524,stunting
PRG-01525,infrastruktur
PRG-01526,SDGs
PRG-01526,UMKM
PRG-01526,reformasi birokrasi
PRG-01527,perlindungan sosial
PRG-01527,IKN
PRG-01528,infrastruktur
PRG-01528,Air Minum Dan Sanitasi
PRG-01528,perdesaan
PRG-01528,IKN
PRG-01529,RPJMN
PRG-01529,pariwisata
PRG-01531,SDGs
PRG-01532,RPJMN
PRG-01532,UMKM
PRG-01532,reformasi birokrasi
PRG-01533,gender
PRG-01534,pendidkan
PRG-01534,RPJMN
PRG-01535,ketenagakerjaan
PRG-01536,UMKM
PRG-01536,perubahan iklim
PRG-01538,UMKM
PRG-01538,education
PRG-01538,investasi
PRG-01539,SDGs
PRG-01539,digital transformation
PRG-01539,perdesaan
PRG-01540,ketahanan pangan
PRG-01540,pariwisata
PRG-01541,pembangunan rendah karbon
PRG-01541,transformasi digital
PRG-01541,Tata Kelola
PRG-01542,kemiskinan
PRG-01542,ketahanan pangan
PRG-01543,investasi
PRG-01543,air minum dan sanitasi
PRG-01543,energi baru terbarukan
PRG-01544,IKN
PRG-01544,air minum dan sanitasi
PRG-01545,green economy
PRG-01545,tengkes
PRG-01545,investasi
PRG-01546,pembangunan rendah karbon
PRG-01547,pariwisata
PRG-01547,perdesaan
PRG-01547,UMKM
PRG-01548,kesehatan
PRG-01549,investasi
PRG-01549,RPJMN
PRG-01549,air minum dan sanitasi
PRG-01550,transformasi digital
PRG-01551,ketahanan pangan
PRG-01551,kemaritiman
PRG-01552,perubahan iklim
PRG-01552,air minum dan sanitasi
PRG-01552,kemiskinan
PRG-01553,IKN
PRG-01553,kemiskinan
PRG-01554,RPJMN
PRG-01555,pendidkan
PRG-01556,perubahan iklim
PRG-01557,reformasi birokrasi
PRG-01557,Kesehatan
PRG-01558,perdesaan
PRG-01559,UMKM
PRG-01560,pembangunan rendah karbon
PRG-01560,pendidikan
PRG-01560,pariwisata
PRG-01561,ekonomi hijau
PRG-01562,perlindungan sosial
PRG-01562,SDGs
PRG-01562,stunting
PRG-01563,RPJMN
PRG-01564,pariwisata
PRG-01564,stunting
PRG-01565,perdesaan
PRG-01566,perdesaan
PRG-01567,kemiskinan
PRG-01567,Perlindungan Sosial
PRG-01568,stunting
PRG-01569,IKN
PRG-01569,Infrastruktur
PRG-01570,evaluasi kinerja
PRG-01570,investasi
PRG-01570,UMKM
PRG-01571,ketenagakerjaan
PRG-01571,pembangunan rendah karbon
PRG-01571,ekonomi hijau
PRG-01572,perlindungan-sosial
PRG-01572,reformasi birokrasi
PRG-01572,Kemiskinan
PRG-01573,energi baru terbarukan
PRG-01573,RPJMN
PRG-01574,perubahan iklim
PRG-01574,SDGs
PRG-01575,perubahan iklim
PRG-01575,infrastructure
PRG-01575,Tata Kelola
PRG-01576,pendidikan
PRG-01577,miskin
PRG-01577,perlindungan sosial
PRG-01577,RPJMN
PRG-01578,Rencana Pembangunan Jangka Menengah Nasional
PRG-01578,EBT
PRG-01579,ketenagakerjaan
PRG-01579,stunting
PRG-01579,reformasi birokrasi
PRG-01580,energi-baru terbarukan
PRG-01580,tujuan pembangunan berkelanjutan
PRG-01581,ketenagakerjaan
PRG-01581,Transformasi Digital
PRG-01582,RPJMN
PRG-01582,investasi
PRG-01583,ketahanan pangan
PRG-01583,UMKM
PRG-01584,kemaritiman
PRG-01584,perubahan iklim
PRG-01585,UMKM
PRG-01585,kesehatan
PRG-01585,reformasi birokrasi
PRG-01586,Ketenagakerjaan
PRG-01586,pariwisata
PRG-01587,UMKM
PRG-01587,miskin
PRG-01588,IKN
PRG-01588,SDGs
PRG-01589,infrastructure
PRG-01589,IKN
PRG-01590,SDGs
PRG-01590,stunting
PRG-01590,RPJMN
PRG-01591,infrastruktur
PRG-01591,evaluasi kinerja
PRG-01591,investasi
PRG-01592,stunting
PRG-01592,infrastuktur
PRG-01592,digitalisasi
PRG-01593,perubahan iklim
PRG-01593,Energi Baru Terbarukan
PRG-01593,tata kelola
PRG-01594,gender
PRG-01594,RPJMN
PRG-01597,RPJMN
PRG-01597,Tata Kelola
PRG-01598,pembangunan rendah karbon
PRG-01598,air minum dan sanitasi
PRG-01598,ekonomi hijau
PRG-01598,transformasi digital
PRG-01599,evaluasi kinerja
PRG-01600,evaluasi kinerja
PRG-01601,ekonomi hijau
PRG-01601,evaluasi kinerja
PRG-01602,reformasi birokrasi
PRG-01602,Energi Baru Terbarukan
PRG-01603,RPJMN
PRG-01604,IKN
PRG-01604,perubahan iklim
PRG-01604,kemiskinan
PRG-01606,kemaritiman
PRG-01606,pendidikan
PRG-01607,perlindungan sosial
PRG-01607,stunting
PRG-01608,RPJMN
PRG-01608,kesehatan
PRG-01609,stunting
PRG-01609,ketahanan pangan
PRG-01609,SDGs
PRG-01610,transformasi digital
PRG-01610,RPJMN
PRG-01610,health
PRG-01611,RPJMN
PRG-01611,air minum dan sanitasi
PRG-01612,SDGs
PRG-01612,kemiskinan
PRG-01613,transformasi digital
PRG-01613,pendidikan
PRG-01613,RPJMN
PRG-01613,governance
PRG-01614,low carbon development
PRG-01615,infrastuktur
PRG-01616,infrastruktur
PRG-01616,kemiskinan
PRG-01616,ekonomi hijau
PRG-01617,pariwisata
PRG-01617,climate change
PRG-01617,evaluasi kinerja
PRG-01618,tujuan pembangunan berkelanjutan
PRG-01618,reformasi birokrasi
PRG-01619,ketenagakerjaan
PRG-01620,investasi
PRG-01620,infrastruktur
PRG-01620,ketahanan pangan
PRG-01621,reformasi birokrasi
PRG-01621,ekonomi hijau
PRG-01621,perlindungan sosial
PRG-01622,transformasi digital
PRG-01622,kemiskinan
PRG-01622,investasi
PRG-01623,stunting
PRG-01623,perlindungan sosial
PRG-01624,pendidikan
PRG-01624,perubahan iklim
PRG-01624,UMKM
PRG-01625,transformasi digital
PRG-01625,Tata Kelola
PRG-01626,perdesaan
PRG-01626,perubahan iklim
PRG-01626,kemaritiman
PRG-01627,ketahanan pangan
PRG-01628,pariwisata
PRG-01628,SDGs
PRG-01629,infrastruktur
PRG-01629,pembangunan rendah karbon
PRG-01629,kesehatan
PRG-01629,kemiskinan
PRG-01630,kemiskinan
PRG-01630,ketahanan pangan
PRG-01631,transformasi digital
PRG-01631,Stunting
PRG-01631,Kesehatan
PRG-01631,SDGs
PRG-01632,pembangunan rendah karbon
PRG-01632,Infrastruktur
PRG-01632,tata kelola
PRG-01633,RPJMN
PRG-01633,IKN
PRG-01634,pembangunan rendah karbon
PRG-01634,evaluasi kinerja
PRG-01635,Ketenagakerjaan
PRG-01635,kemiskinan
PRG-01636,evaluasi kinerja
PRG-01637,Ketahanan Pangan
PRG-01637,RPJMN
PRG-01638,gender
PRG-01638,pariwisata
PRG-01639,statistik
PRG-01639,ekonomi hijau
PRG-01639,governance
PRG-01640,digital transformation
PRG-01641,perlindungan-sosial
PRG-01641,stunting
PRG-01641,digitalisasi
PRG-01642,reformasi birokrasi
PRG-01642,tata kelola
PRG-01642,infrastruktur
PRG-01642,ketahanan pangan
PRG-01643,tengkes
PRG-01643,SDGs
PRG-01643,RPJMN
PRG-01644,stunting
PRG-01644,ketahanan pangan
PRG-01644,health
PRG-01645,PRK
PRG-01645,perubahan iklim
PRG-01646,energi baru terbarukan
PRG-01646,kemaritiman
PRG-01647,SDGs
PRG-01647,pendidikan
PRG-01648,Tata Kelola
PRG-01649,stunting
PRG-01649,transformasi digital
PRG-01649,reformasi birokrasi
PRG-01650,IKN
PRG-01650,Rencana Pembangunan Jangka Menengah Nasional
PRG-01650,ekonomi hijau
PRG-01651,kesehatan
PRG-01651,ketenagakerjaan
PRG-01652,RPJMN
PRG-01652,tata kelola
PRG-01653,food security
PRG-01653,pariwisata
PRG-01655,investasi
PRG-01655,health
PRG-01656,pendidikan
PRG-01658,energi baru terbarukan
PRG-01658,gender
PRG-01659,Reformasi Birokrasi
PRG-01660,kemiskinan
PRG-01660,pendidikan
PRG-01660,transformasi digital
PRG-01661,ketenagakerjaan
PRG-01661,infrastruktur
PRG-01662,pembangunan rendah karbon
PRG-01662,IKN
PRG-01663,ketahanan pangan
PRG-01663,IKN
PRG-01664,investasi
PRG-01665,reformasi birokrasi
PRG-01665,ketenagakerjaan
PRG-01666,Gender
PRG-01666,tata kelola
PRG-01667,Reformasi Birokrasi
PRG-01667,evaluasi kinerja
PRG-01668,kesehatan
PRG-01668,RPJMN
PRG-01669,perubahan iklim
PRG-01670,infrastruktur
PRG-01670,air minum dan sanitasi
PRG-01670,pembangunan rendah karbon
PRG-01671,Tata Kelola
PRG-01671,infrastuktur
PRG-01673,perubahan iklim
PRG-01673,UMKM
PRG-01673,perlindungan sosial
PRG-01673,air minum dan sanitasi
PRG-01674,Gender
PRG-01674,Pariwisata
PRG-01674,kemiskinan
PRG-01675,ketenagakerjaan
PRG-01675,Pendidikan
PRG-01675,kemaritiman
PRG-01675,pembangunan rendah karbon
PRG-01677,kesehatan
PRG-01677,kemiskinan
PRG-01678,ketenagakerjaan
PRG-01678,tengkes
PRG-01678,health
PRG-01679,kemaritiman
PRG-01679,ekonomi-hijau
PRG-01679,poverty
PRG-01680,energi baru terbarukan
PRG-01680,kemiskinan
PRG-01681,education
PRG-01681,pariwisata
PRG-01682,perlindungan sosial
PRG-01682,RPJMN
PRG-01683,UMKM
PRG-01683,tata kelola
PRG-01683,pembangunan rendah karbon
PRG-01684,pembangunan rendah karbon
PRG-01684,digital transformation
PRG-01684,perubahan iklim
PRG-01685,investasi
PRG-01686,climate change
PRG-01687,kemiskinan
PRG-01687,Pembangunan Rendah Karbon
PRG-01687,UMKM
PRG-01688,pembangunan rendah karbon
PRG-01688,infrastruktur
PRG-01689,Energi Baru Terbarukan
PRG-01689,SDGs
PRG-01690,kemaritiman
PRG-01690,Kemiskinan
PRG-01690,investasi
PRG-01691,energi baru terbarukan
PRG-01692,stunting
PRG-01692,statistik
PRG-01692,perubahan iklim
PRG-01693,UMKM
PRG-01693,pembangunan rendah karbon
PRG-01693,climate change
PRG-01694,Perlindungan Sosial
PRG-01694,reformasi birokrasi
PRG-01695,pariwisata
PRG-01695,kemiskinan
PRG-01695,ekonomi hijau
PRG-01696,kemiskinan
PRG-01696,UMKM
PRG-01696,pariwisata
PRG-01697,ketahanan pangan
PRG-01697,TPB
PRG-01697,kesehatan
PRG-01698,energi baru terbarukan
PRG-01698,UMKM
PRG-01699,UMKM
PRG-01700,infrastruktur
PRG-01701,perdesaan
PRG-01701,ketenagakerjaan
PRG-01702,pendidikan
PRG-01702,perlindungan sosial
PRG-01702,ekonomi hijau
PRG-01703,evaluasi kinerja
PRG-01703,SDGs
PRG-01703,education
PRG-01704,reformasi birokrasi
PRG-01704,stunting
PRG-01706,ketenagakerjaan
PRG-01707,investasi
PRG-01707,evaluasi kinerja
PRG-01708,pariwisata
PRG-01708,investasi
PRG-01709,perlindungan sosial
PRG-01709,RPJMN
PRG-01710,energi baru terbarukan
PRG-01710,perubahan iklim
PRG-01711,tengkes
PRG-01712,perlindungan sosial
PRG-01712,kemaritiman
PRG-01713,RPJMN
PRG-01713,Gender
PRG-01713,pembangunan rendah karbon
PRG-01714,kemiskinan
PRG-01715,perubahan iklim
PRG-01715,TPB
PRG-01715,transformasi digital
PRG-01716,ketahanan pangan
PRG-01716,IKN
PRG-01717,ketenagakerjaan
PRG-01717,RPJMN
PRG-01718,ekonomi hijau
PRG-01719,stunting
PRG-01719,ekonomi hijau
PRG-01720,ketenagakerjaan
PRG-01720,IKN
PRG-01722,Kemiskinan
PRG-01723,tata kelola
PRG-01723,evaluasi-kinerja
PRG-01723,SDGs
PRG-01724,Tujuan Pembangunan Berkelanjutan
PRG-01724,RPJMN
PRG-01725,pendidikan
PRG-01726,stunting
PRG-01726,energi baru terbarukan
PRG-01726,kemiskinan
PRG-01727,kemiskinan
PRG-01727,pendidkan
PRG-01727,ekonomi hijau
PRG-01728,UMKM
PRG-01728,infrastructure
PRG-01728,governance
PRG-01729,tata kelola
PRG-01729,investasi
PRG-01729,pedesaan
PRG-01731,investasi
PRG-01731,ketahanan pangan
PRG-01732,kesehatan
PRG-01732,ekonomi hijau
PRG-01732,pembangunan rendah karbon
PRG-01733,pedesaan
PRG-01733,pendidikan
PRG-01734,tata kelola
PRG-01734,gender
PRG-01734,perlindungan-sosial
PRG-01735,UMKM
PRG-01735,kesehatan
PRG-01735,energi baru terbarukan
PRG-01736,kemiskinan
PRG-01736,kesehatan
PRG-01736,UMKM
PRG-01737,kemaritiman
PRG-01737,kesehatan
PRG-01738,ekonomi hijau
PRG-01738,food security
PRG-01738,reformasi birokrasi
PRG-01739,ketahanan pangan
PRG-01739,UMKM
PRG-01739,perlindungan sosial
PRG-01740,green economy
PRG-01740,tata kelola
PRG-01740,kesehatan
PRG-01741,infrastruktur
PRG-01741,kemiskinan
PRG-01741,pendidkan
PRG-01742,investasi
PRG-01742,RPJMN
PRG-01743,RPJMN
PRG-01743,Investasi
PRG-01744,pembangunan rendah karbon
PRG-01744,energi baru terbarukan
PRG-01744,UMKM
PRG-01745,tata kelola
PRG-01745,infrastruktur
PRG-01746,transformasi digital
PRG-01746,poverty
PRG-01746,evaluasi kinerja
PRG-01747,Infrastruktur
PRG-01747,kemiskinan
PRG-01748,air minum dan sanitasi
PRG-01748,UMKM
PRG-01749,air minum dan sanitasi
PRG-01749,transformasi digital
PRG-01750,evaluasi kinerja
PRG-01751,kemaritiman
PRG-01752,gender
PRG-01752,energi baru terbarukan
PRG-01752,UMKM
PRG-01752,evaluasi kinerja
PRG-01753,energi baru terbarukan
PRG-01753,stunting
PRG-01753,pembangunan rendah karbon
PRG-01754,digital transformation
PRG-01754,stunting
PRG-01755,ketenagakerjaan
PRG-01756,poverty
PRG-01756,pendidikan
PRG-01757,UMKM
PRG-01757,perdesaan
PRG-01758,kemaritiman
PRG-01758,reformasi birokrasi
PRG-01758,air minum dan sanitasi
PRG-01758,transformasi digital
PRG-01759,ketahanan pangan
PRG-01760,ketahanan pangan
PRG-01760,pendidikan
PRG-01760,kemiskinan
PRG-01761,infrastruktur
PRG-01761,Perlindungan Sosial
PRG-01762,Infrastuktur
PRG-01762,SDGs
PRG-01763,ketenagakerjaan
PRG-01763,climate change
PRG-01763,infrastruktur
PRG-01764,kemiskinan
PRG-01764,pembangunan rendah karbon
PRG-01765,SDGs
PRG-01765,statistik
PRG-01765,gender
PRG-01766,pembangunan rendah karbon
PRG-01766,RPJMN
PRG-01767,reformasi birokrasi
PRG-01767,UMKM
PRG-01768,perubahan iklim
PRG-01768,investasi
PRG-01769,stunting
PRG-01769,SDGs
PRG-01770,IKN
PRG-01770,energi baru terbarukan
PRG-01770,pendidikan
PRG-01770,gender
PRG-01771,infrastruktur
PRG-01771,IKN
PRG-01771,UMKM
PRG-01773,transformasi digital
PRG-01773,infrastruktur
PRG-01773,stunting
PRG-01775,reformasi birokrasi
PRG-01775,transformasi digital
PRG-01776,evaluasi kinerja
PRG-01776,ketenagakerjaan
PRG-01776,gender
PRG-01777,infrastuktur
PRG-01778,RPJMN
PRG-01778,perdesaan
PRG-01778,transformasi-digital
PRG-01779,kemaritiman
PRG-01779,tata kelola
PRG-01780,infrastruktur
PRG-01780,kesehatan
PRG-01780,evaluasi kinerja
PRG-01781,poverty
PRG-01781,kemaritiman
PRG-01781,infrastruktur
PRG-01782,kemaritiman
PRG-01784,pariwisata
PRG-01785,stunting
PRG-01785,pembangunan rendah karbon
PRG-01786,poverty
PRG-01786,pariwisata
PRG-01786,evaluasi kinerja
PRG-01787,evaluasi kinerja
PRG-01787,ketahanan pangan
PRG-01788,evaluasi kinerja
PRG-01788,kemaritiman
PRG-01789,perlindungan sosial
PRG-01789,pendidikan
PRG-01790,pariwisata
PRG-01790,Sdgs
PRG-01790,air minum dan sanitasi
PRG-01791,kemaritiman
PRG-01791,infrastruktur
PRG-01792,RPJMN
PRG-01792,ketahanan pangan
PRG-01793,Infrastruktur
PRG-01793,Ekonomi Hijau
PRG-01794,tatakelola
PRG-01794,ekonomi hijau
PRG-01794,Ketahanan Pangan
PRG-01795,RPJMN
PRG-01795,ketenagakerjaan
PRG-01795,ketahanan pangan
PRG-01795,perlindungan sosial
PRG-01796,Ibu Kota Nusantara
PRG-01796,UMKM
PRG-01797,RPJMN
PRG-01797,kemiskinan
PRG-01797,ekonomi hijau
PRG-01797,stunting
PRG-01798,UMKM
PRG-01799,SDGs
PRG-01800,kesehatan
PRG-01800,UMKM
PRG-01801,perlindungan sosial
PRG-01801,kemiskinan
PRG-01802,pariwisata
PRG-01802,air minum dan sanitasi
PRG-01804,SDGs
PRG-01804,evaluasi kinerja
PRG-01804,UMKM
PRG-01805,ketenagakerjaan
PRG-01805,low carbon development
PRG-01806,perubahan iklim
PRG-01806,kemaritiman
PRG-01806,TPB
PRG-01807,Transformasi Digital
PRG-01808,pembangunan rendah karbon
PRG-01808,RPJMN
PRG-01808,kemiskinan
PRG-01809,perdesaan
PRG-01810,kesehatan
PRG-01811,food security
PRG-01811,education
PRG-01811,pembangunan rendah karbon
PRG-01811,Rencana Pembangunan Jangka Menengah Nasional
PRG-01812,food security
PRG-01812,kemiskinan
PRG-01812,kemaritiman
PRG-01813,Pedesaan
PRG-01813,perlindungan sosial
PRG-01814,IKN
PRG-01814,stunting
PRG-01815,ekonomi hijau
PRG-01815,infrastruktur
PRG-01815,Stunting
PRG-01816,air minum dan sanitasi
PRG-01816,low-carbon development
PRG-01816,pendidikan
PRG-01816,SDGs
PRG-01817,perdesaan
PRG-01817,RPJMN
PRG-01817,Air Minum Dan Sanitasi
PRG-01818,TPB
PRG-01818,ketenagakerjaan
PRG-01819,ketenagakerjaan
PRG-01819,gagal tumbuh
PRG-01819,pembangunan rendah karbon
PRG-01819,UMKM
PRG-01820,investasi
PRG-01820,transformasi digital
PRG-01821,SDGs
PRG-01821,statistik
PRG-01821,energi baru terbarukan
PRG-01821,pembangunan rendah karbon
PRG-01822,education
PRG-01822,perubahan iklim
PRG-01823,air minum dan sanitasi
PRG-01824,perlindungan sosial
PRG-01824,Pembangunan Rendah Karbon
PRG-01825,EBT
PRG-01825,ketahanan pangan
PRG-01825,kemaritiman
PRG-01826,kesehatan
PRG-01826,transformasi digital
PRG-01827,RPJMN
PRG-01827,kemiskinan
PRG-01828,kesehatan
PRG-01829,stunting
PRG-01829,infrastruktur
PRG-01830,statistik
PRG-01830,Miskin
PRG-01830,UMKM
PRG-01830,perdesaan
PRG-01831,kesehatan
PRG-01831,air minum dan sanitasi
PRG-01831,pembangunan rendah karbon
PRG-01832,energi baru terbarukan
PRG-01833,transformasi digital
PRG-01834,kesehatan
PRG-01834,perdesaan
PRG-01834,UMKM
PRG-01835,ekonomi-hijau
PRG-01835,ketenagakerjaan
PRG-01837,perubahan iklim
PRG-01837,investasi
PRG-01837,kemaritiman
PRG-01838,statistik
PRG-01838,ekonomi hijau
PRG-01839,kesehatan
PRG-01839,pendidikan
PRG-01839,stunting
PRG-01839,IKN
PRG-01841,UMKM
PRG-01841,IKN
PRG-01841,RPJMN
PRG-01842,low carbon development
PRG-01843,energi baru terbarukan
PRG-01843,investasi
PRG-01844,infrastructure
PRG-01844,air minum dan sanitasi
PRG-01845,pariwisata
PRG-01845,IKN
PRG-01846,investasi
PRG-01846,infrastruktur
PRG-01847,perubahan iklim
PRG-01848,investasi
PRG-01848,SDGs
PRG-01849,transformasi digital
PRG-01849,reformasi birokrasi
PRG-01851,transformasi digital
PRG-01851,statistik
PRG-01851,reformasi birokrasi
PRG-01852,gender
PRG-01852,gagal tumbuh
PRG-01852,Ketahanan Pangan
PRG-01852,IKN
PRG-01853,RPJMN
PRG-01853,transformasi digital
PRG-01854,SDGs
PRG-01854,gender
PRG-01855,stunting
PRG-01855,perubahan iklim
PRG-01856,Infrastructure
PRG-01856,investasi
PRG-01857,Energi Baru Terbarukan
PRG-01858,tata kelola
PRG-01859,digital transformation
PRG-01859,stunting
PRG-01860,ketenagakerjaan
PRG-01860,tata kelola
PRG-01860,ekonomi hijau
PRG-01860,evaluasi kinerja
PRG-01861,tata kelola
PRG-01861,Rencana Pembangunan Jangka Menengah Nasional
PRG-01861,kesehtan
PRG-01862,kemiskinan
PRG-01862,ketenagakerjaan
PRG-01863,kemiskinan
PRG-01863,perlindungan sosial
PRG-01863,RPJMN
PRG-01864,infrastruktur
PRG-01864,RPJMN
PRG-01865,usaha mikro kecil dan menengah
PRG-01865,poverty
PRG-01866,gender
PRG-01866,tata kelola
PRG-01867,Investasi
PRG-01868,ekonomi hijau
PRG-01868,tujuan pembangunan berkelanjutan
PRG-01868,kemiskinan
PRG-01869,energi baru terbarukan
PRG-01869,investasi
PRG-01869,tata kelola
PRG-01870,SDGs
PRG-01870,infrastruktur
PRG-01870,ketenagakerjaan
PRG-01871,tata kelola
PRG-01871,evaluasi kinerja
PRG-01872,air minum dan sanitasi
PRG-01873,pendidikan
PRG-01874,ketenagakerjaan
PRG-01874,kemaritiman
PRG-01875,kesehatan
PRG-01875,pembangunan rendah karbon
PRG-01876,ketahanan pangan
PRG-01876,energi baru terbarukan
PRG-01876,Transformasi Digital
PRG-01877,SDGs
PRG-01877,energi baru terbarukan
PRG-01878,RPJMN
PRG-01878,pariwisata
PRG-01879,kemiskinan
PRG-01879,reformasi birokrasi
PRG-01880,green economy
PRG-01880,energi baru terbarukan
PRG-01880,SDGs
PRG-01880,perubahan iklim
PRG-01881,reformasi birokrasi
PRG-01881,perubahan iklim
PRG-01882,Low Carbon Development
PRG-01882,UMKM
PRG-01882,perubahan iklim
PRG-01883,climate change
PRG-01883,pembangunan rendah karbon
PRG-01884,low carbon development
PRG-01885,tata kelola
PRG-01886,SDGs
PRG-01887,energi-baru terbarukan
PRG-01887,air minum dan sanitasi
PRG-01887,reformasi birokrasi
PRG-01888,pembangunan rendah karbon
PRG-01888,pendidikan
PRG-01888,reformasi birokrasi
PRG-01890,kesehatan
PRG-01890,pembangunan rendah karbon
PRG-01890,Statistik
PRG-01890,perubahan iklim
PRG-01891,gender
PRG-01891,statistik
PRG-01891,reformasi birokrasi
PRG-01892,perlindungan sosial
PRG-01892,stunting
PRG-01892,perubahan iklim
PRG-01893,investasi
PRG-01893,ketenagakerjaan
PRG-01893,infrastruktur
PRG-01895,infrastructure
PRG-01895,UMKM
PRG-01896,SDGs
PRG-01896,kesehatan
PRG-01897,Air Minum Dan Sanitasi
PRG-01897,ekonomi hijau
PRG-01897,RPJMN
PRG-01898,governance
PRG-01898,perubahan-iklim
PRG-01900,perdesaan
PRG-01900,kemiskinan
PRG-01900,infrastruktur
PRG-01901,perlindungan sosial
PRG-01902,statistik
PRG-01903,transformasi digital
PRG-01903,reformasi birokrasi
PRG-01903,infrastruktur
PRG-01904,perlindungan sosial
PRG-01905,RPJMN
PRG-01905,stunting
PRG-01906,ketahanan pangan
PRG-01907,perubahan iklim
PRG-01907,perdesaan
PRG-01908,pendidikan
PRG-01908,perdesaan
PRG-01909,tengkes
PRG-01909,evaluasi kinerja
PRG-01909,pembangunan rendah emisi
PRG-01910,statistik
PRG-01910,evaluasi kinerja
PRG-01910,Green Economy
PRG-01912,Infrastruktur
PRG-01912,pariwisata
PRG-01912,investasi
PRG-01913,RPJMN
PRG-01914,tata kelola
PRG-01914,infrastruktur
PRG-01914,statistik
PRG-01915,pembangunan rendah karbon
PRG-01915,Ekonomi Hijau
PRG-01915,UMKM
PRG-01916,perlindungan sosial
PRG-01916,transformasi digital
PRG-01916,pendidikan
PRG-01917,kemiskinan
PRG-01917,pembangunan rendah karbon
PRG-01917,gender
PRG-01918,Energi Baru Terbarukan
PRG-01918,tata kelola
PRG-01919,gender
PRG-01919,Statistik
PRG-01920,investasi
PRG-01920,evaluasi kinerja
PRG-01920,Stunting
PRG-01920,kesehatan
PRG-01921,IKN
PRG-01921,tujuan pembangunan berkelanjutan
PRG-01922,ketenagakerjaan
PRG-01922,pembangunan-rendah karbon
PRG-01922,education
PRG-01922,ketahanan pangan
PRG-01923,ekonomi hijau
PRG-01923,perubahan iklim
PRG-01924,Infrastruktur
PRG-01924,pembangunan rendah karbon
PRG-01924,IKN
PRG-01925,ketahanan pangan
PRG-01925,infrastuktur
PRG-01925,pariwisata
PRG-01925,RPJMN
PRG-01926,RPJMN
PRG-01926,pariwisata
PRG-01927,reformasi birokrasi
PRG-01927,pembangunan rendah karbon
PRG-01927,IKN
PRG-01928,stunting
PRG-01928,ekonomi hijau
PRG-01929,air minum dan sanitasi
PRG-01929,PRK
PRG-01929,UMKM
PRG-01930,tata kelola
PRG-01930,statistik
PRG-01930,ketenagakerjaan
PRG-01931,UKM
PRG-01931,air minum dan sanitasi
PRG-01932,investasi
PRG-01933,evaluasi kinerja
PRG-01934,perlindungan sosial
PRG-01934,Pariwisata
PRG-01935,miskin
PRG-01935,stunting
PRG-01935,pembangunan rendah karbon
PRG-01935,RPJMN
PRG-01936,infrastructure
PRG-01936,gender
PRG-01937,reformasi birokrasi
PRG-01937,kemiskinan
PRG-01938,pedesaan
PRG-01938,TPB
PRG-01938,ketahanan pangan
PRG-01938,perubahan iklim
PRG-01939,kesehtan
PRG-01939,low carbon development
PRG-01940,pendidkan
PRG-01940,evaluasi kinerja
PRG-01941,TPB
PRG-01941,ketahanan pangan
PRG-01941,kesehatan
PRG-01942,kesehatan
PRG-01942,UMKM
PRG-01943,pendidikan
PRG-01943,perubahan iklim
PRG-01943,kemiskinan
PRG-01943,Reformasi Birokrasi
PRG-01944,pariwisata
PRG-01944,statistik
PRG-01944,kemaritiman
PRG-01945,kesehatan
PRG-01945,ekonomi hijau
PRG-01945,education
PRG-01946,UMKM
PRG-01947,tata-kelola
PRG-01947,perdesaan
PRG-01948,gender
PRG-01948,perubahan iklim
PRG-01948,kesehatan
PRG-01949,Kesehatan
PRG-01949,RPJMN
PRG-01949,evaluasi kinerja
PRG-01950,kesehatan
PRG-01950,pendidikan
PRG-01951,kesehatan
PRG-01951,Kemiskinan
PRG-01952,air minum dan sanitasi
PRG-01953,ketahanan pangan
PRG-01953,ekonomi hijau
PRG-01954,SDGs
PRG-01954,ketenagakerjaan
PRG-01955,transformasi digital
PRG-01955,perdesaan
PRG-01956,pariwisata
PRG-01957,energi baru terbarukan
PRG-01958,Sdgs
PRG-01958,pendidikan
PRG-01959,kemiskinan
PRG-01959,infrastruktur
PRG-01959,kesehatan
PRG-01960,perdesaan
PRG-01960,kesehatan
PRG-01960,reformasi birokrasi
PRG-01961,kemaritiman
PRG-01961,investasi
PRG-01961,reformasi birokrasi
PRG-01962,ketahanan pangan
PRG-01963,UMKM
PRG-01963,stunting
PRG-01964,statistik
PRG-01964,investasi
PRG-01965,air minum dan sanitasi
PRG-01965,ketahanan pangan
PRG-01965,perlindungan sosial
PRG-01966,IKN
PRG-01966,pariwisata
PRG-01967,low carbon development
PRG-01967,statistik
PRG-01968,investasi
PRG-01968,infrastruktur
PRG-01969,Sdgs
PRG-01969,perlindungan sosial
PRG-01971,ketahanan pangan
PRG-01971,evaluasi kinerja
PRG-01972,UMKM
PRG-01973,gender
PRG-01973,pembangunan rendah karbon
PRG-01973,kesehatan
PRG-01974,IKN
PRG-01974,Digital Transformation
PRG-01975,Rencana Pembangunan Jangka Menengah Nasional
PRG-01975,reformasi birokrasi
PRG-01975,pendidikan
PRG-01975,infrastruktur
PRG-01976,reformasi birokrasi
PRG-01976,infrastruktur
PRG-01976,Statistik
PRG-01977,ketenagakerjaan
PRG-01977,pembangunan rendah karbon
PRG-01978,perdesaan
PRG-01978,UMKM
PRG-01979,transformasi digital
PRG-01979,ketenagakerjaan
PRG-01980,energi baru terbarukan
PRG-01980,transformasi digital
PRG-01981,kemiskinan
PRG-01981,pariwisata
PRG-01981,investasi
PRG-01982,Sdgs
PRG-01982,evaluasi kinerja
PRG-01982,perlindungan sosial
PRG-01983,kemiskinan
PRG-01983,RPJMN
PRG-01983,ketenagakerjaan
PRG-01984,pariwisata
PRG-01984,digitalisasi
PRG-01985,RPJMN
PRG-01985,perlindungan sosial
PRG-01985,pembangunan rendah karbon
PRG-01986,energi baru terbarukan
PRG-01986,RPJMN
PRG-01987,reformasi birokrasi
PRG-01988,perlindungan sosial
PRG-01988,investasi
PRG-01989,stunting
PRG-01989,reformasi-birokrasi
PRG-01990,pariwisata
PRG-01990,stunting
PRG-01991,Kemaritiman
PRG-01991,Tata Kelola
PRG-01991,infrastruktur
PRG-01992,investasi
PRG-01992,perubahan iklim
PRG-01993,pedesaan
PRG-01993,IKN
PRG-01995,pendidikan
PRG-01995,reformasi birokrasi
PRG-01995,evaluasi-kinerja
PRG-01996,RB
PRG-01996,gender
PRG-01997,reformasi birokrasi
PRG-01997,tatakelola
PRG-01997,digital transformation
PRG-01998,kemiskinan
PRG-01998,Ekonomi Hijau
PRG-01999,low carbon development
PRG-01999,UMKM
PRG-01999,stunting
PRG-02000,kemiskinan
PRG-02001,kesehatan
PRG-02001,perlindungan sosial
PRG-02002,RPJMN
PRG-02002,IKN
PRG-02003,pendidikan
PRG-02004,IKN
PRG-02004,ketahanan pangan
PRG-02004,Perubahan Iklim
PRG-02006,gender
PRG-02006,perdesaan
PRG-02006,investasi
PRG-02007,stunting
PRG-02007,Gender
PRG-02007,tata kelola
PRG-02007,air minum dan sanitasi
PRG-02008,ekonomi hijau
PRG-02008,pariwisata
PRG-02009,air minum dan sanitasi
PRG-02009,kesehatan
PRG-02010,investasi
PRG-02010,perubahan iklim
PRG-02010,tata kelola
PRG-02011,kemiskinan
PRG-02011,Infrastructure
PRG-02012,UMKM
PRG-02012,reformasi birokrasi
PRG-02012,perlindungan-sosial
PRG-02013,transformasi digital
PRG-02013,SDGs
PRG-02013,Infrastruktur
PRG-02013,UMKM
PRG-02014,reformasi birokrasi
PRG-02014,perubahan iklim
PRG-02014,pembangunan rendah emisi
PRG-02014,gender
PRG-02015,pendidikan
PRG-02015,energi baru terbarukan
PRG-02016,kemiskinan
PRG-02016,Stunting
PRG-02016,statistik
PRG-02016,perubahan iklim
PRG-02017,Sdgs
PRG-02017,kemiskinan
PRG-02018,SDGs
PRG-02018,RPJMN
PRG-02019,RPJMN
PRG-02019,UMKM
PRG-02019,infrastruktur
PRG-02020,evaluasi kinerja
PRG-02020,tata kelola
PRG-02022,ketahanan pangan
PRG-02022,Sdgs
PRG-02023,pembangunan rendah karbon
PRG-02023,Investasi
PRG-02023,air minum dan sanitasi
PRG-02024,Perubahan Iklim
PRG-02024,ketahanan pangan
PRG-02024,SDGs
PRG-02025,renewable energy
PRG-02025,evaluasi kinerja
PRG-02026,tata kelola
PRG-02026,reformasi birokrasi
PRG-02026,investasi
PRG-02027,tata kelola
PRG-02027,pembangunan rendah karbon
PRG-02027,perdesaan
PRG-02028,investasi
PRG-02028,pariwisata
PRG-02028,IKN
PRG-02029,kemiskinan
PRG-02029,infrastruktur
PRG-02030,pembangunan rendah karbon
PRG-02030,RPJMN
PRG-02031,poverty
PRG-02031,pariwisata
PRG-02032,transformasi digital
PRG-02032,ekonomi hijau
PRG-02033,RPJMN
PRG-02033,Reformasi Birokrasi
PRG-02033,kesehatan
PRG-02034,UMKM
PRG-02034,pembangunan rendah karbon
PRG-02034,perubahan iklim
PRG-02035,perlindungan sosial
PRG-02035,pendidikan
PRG-02036,infrastruktur
PRG-02036,IKN
PRG-02037,perdesaan
PRG-02037,EBT
PRG-02038,Perdesaan
PRG-02039,RPJMN
PRG-02039,perdesaan
PRG-02040,Perubahan Iklim
PRG-02040,investasi
PRG-02041,pariwisata
PRG-02043,kesehatan
PRG-02043,ketahanan pangan
PRG-02043,perdesaan
PRG-02044,pembangunan rendah karbon
PRG-02044,kesehatan
PRG-02045,climate change
PRG-02045,ekonomi hijau
PRG-02046,evaluasi kinerja
PRG-02046,ketahanan pangan
PRG-02046,IKN
PRG-02047,SDGs
PRG-02047,perubahan iklim
PRG-02048,pariwisata
PRG-02048,health
PRG-02049,evaluasi kinerja
PRG-02049,investasi
PRG-02050,infrastruktur
PRG-02050,transformasi digital
PRG-02051,air minum dan sanitasi
PRG-02051,Education
PRG-02051,stunting
PRG-02052,kesehtan
PRG-02052,stunting
PRG-02053,Rencana Pembangunan Jangka Menengah Nasional
PRG-02053,perdesaan
PRG-02053,statistik
PRG-02054,SDGs
PRG-02056,kemaritiman
PRG-02056,air minum dan sanitasi
PRG-02056,statistik
PRG-02057,perdesaan
PRG-02057,pembangunan rendah karbon
PRG-02058,miskin
PRG-02058,gender
PRG-02058,reformasi birokrasi
PRG-02059,SDGs
PRG-02059,RPJMN
PRG-02059,kemiskinan
PRG-02059,kesehatan
PRG-02060,pendidikan
PRG-02060,stunting
PRG-02061,pendidikan
PRG-02061,evaluasi kinerja
PRG-02061,UMKM
PRG-02062,perubahan iklim
PRG-02062,IKN
PRG-02063,RPJMN
PRG-02063,Kemaritiman
PRG-02063,infrastructure
PRG-02064,perubahan iklim
PRG-02065,green economy
PRG-02065,pembangunan rendah karbon
PRG-02065,tata kelola
PRG-02066,pariwisata
PRG-02067,transformasi digital
PRG-02067,investasi
PRG-02067,gender
PRG-02068,pembangunan rendah karbon
PRG-02068,RPJMN
PRG-02068,evaluasi kinerja
PRG-02069,infrastructure
PRG-02069,IKN
PRG-02071,energi baru terbarukan
PRG-02071,stunting
PRG-02072,Evaluasi Kinerja
PRG-02072,kesehatan
PRG-02072,stunting
PRG-02073,UMKM
PRG-02073,RPJMN
PRG-02073,kesehatan
PRG-02074,RPJMN
PRG-02075,kemiskinan
PRG-02075,infrastruktur
PRG-02076,infrastruktur
PRG-02077,transformasi digital
PRG-02077,kemiskinan
PRG-02077,kesehatan
PRG-02077,IKN
PRG-02078,kemaritiman
PRG-02078,air minum dan sanitasi
PRG-02080,pembangunan rendah karbon
PRG-02080,tata kelola
PRG-02081,ketenagakerjaan
PRG-02081,evaluasi kinerja
PRG-02081,Kemiskinan
PRG-02082,SDGs
PRG-02082,pariwisata
PRG-02084,perdesaan
PRG-02084,IKN
PRG-02085,kemaritiman
PRG-02085,SDGs
PRG-02086,kesehatan
PRG-02087,stunting
PRG-02087,RPJMN
PRG-02087,infrastruktur
PRG-02088,investasi
PRG-02089,Perubahan Iklim
PRG-02089,UMKM
PRG-02090,reformasi birokrasi
PRG-02090,ketenagakerjaan
PRG-02090,IKN
PRG-02091,ketahanan pangan
PRG-02091,kesehatan
PRG-02091,ekonomi hijau
PRG-02092,evaluasi kinerja
PRG-02092,RB
PRG-02092,ekonomi hijau
PRG-02093,infrastruktur
PRG-02093,ketahanan pangan
PRG-02093,ketenagakerjaan
PRG-02094,RPJMN
PRG-02095,energi baru terbarukan
PRG-02096,pendidikan
PRG-02096,kemiskinan
PRG-02096,gender
PRG-02097,pendidikan
PRG-02098,ketahanan pangan
PRG-02098,RPJMN
PRG-02098,pariwisata
PRG-02098,Miskin
PRG-02099,Stunting
PRG-02099,tata kelola
PRG-02100,UMKM
PRG-02100,kemaritiman
PRG-02100,Investasi
PRG-02101,ketahanan pangan
PRG-02101,infrastruktur
PRG-02102,ketenagakerjaan
PRG-02103,IKN
PRG-02104,energi baru terbarukan
PRG-02104,perdesaan
PRG-02104,tata kelola
PRG-02105,perdesaan
PRG-02106,perlindungan sosial
PRG-02106,perdesaan
PRG-02107,kesehatan
PRG-02107,UMKM
PRG-02108,Ketahanan Pangan
PRG-02108,ketenagakerjaan
PRG-02110,infrastuktur
PRG-02110,gender
PRG-02111,transformasi digital
PRG-02111,RPJMN
PRG-02111,Perlindungan Sosial
PRG-02112,UMKM
PRG-02112,transformasi digital
PRG-02112,IKN
PRG-02113,perlindungan sosial
PRG-02113,tata kelola
PRG-02113,SDGs
PRG-02114,SDGs
PRG-02114,ketahanan pangan
PRG-02114,reformasi birokrasi
PRG-02114,pariwisata
PRG-02115,transformasi digital
PRG-02115,Perubahan Iklim
PRG-02117,infrastruktur
PRG-02117,RB
PRG-02118,ketahanan pangan
PRG-02118,kesehatan
PRG-02119,perdesaan
PRG-02119,Reformasi Birokrasi
PRG-02120,investasi
PRG-02121,Ketenagakerjaan
PRG-02121,gender
PRG-02121,reformasi birokrasi
PRG-02121,perubahan-iklim
PRG-02122,infrastruktur
PRG-02123,SDGs
PRG-02123,pendidikan
PRG-02123,kemiskinan
PRG-02124,pembangunan rendah karbon
PRG-02124,perlindungan-sosial
PRG-02124,Evaluasi Kinerja
PRG-02125,kemaritiman
PRG-02125,ketahanan pangan
PRG-02125,perubahan iklim
PRG-02127,infrastruktur
PRG-02128,UMKM
PRG-02129,reformasi birokrasi
PRG-02130,food security
PRG-02130,stunting
PRG-02130,kesehatan
PRG-02132,kemiskinan
PRG-02132,gender
PRG-02133,infrastruktur
PRG-02133,energi baru terbarukan
PRG-02133,perdesaan
PRG-02134,stunting
PRG-02134,pendidikan
PRG-02134,kemaritiman
PRG-02135,infrastruktur
PRG-02135,perdesaan
PRG-02135,ekonomi hijau
PRG-02136,miskin
PRG-02136,stunting
PRG-02137,pembangunan rendah karbon
PRG-02137,investasi
PRG-02138,investasi
PRG-02138,usaha mikro kecil dan menengah
PRG-02138,reformasi birokrasi
PRG-02140,pendidikan
PRG-02140,kemaritiman
PRG-02141,RPJMN
PRG-02141,gender
PRG-02142,infrastruktur
PRG-02142,perlindungan sosial
PRG-02143,Ketahanan Pangan
PRG-02144,SDGs
PRG-02144,RPJMN
PRG-02145,IKN
PRG-02145,kesehatan
PRG-02145,stunting
PRG-02146,Stunting
PRG-02146,UMKM
PRG-02147,TPB
PRG-02148,kemiskinan
PRG-02148,ketahanan pangan
PRG-02149,tata kelola
PRG-02149,Ibu Kota Nusantara
PRG-02150,UMKM
PRG-02150,SDGs
PRG-02151,Pendidikan
PRG-02151,RB
PRG-02152,stunting
PRG-02153,RPJMN
PRG-02153,ketenagakerjaan
PRG-02153,pendidikan
PRG-02153,poverty
PRG-02154,tujuan pembangunan berkelanjutan
PRG-02154,climate change
PRG-02155,transformasi digital
PRG-02155,gender
PRG-02155,pendidkan
PRG-02156,pariwisata
PRG-02157,Pendidkan
PRG-02157,energi baru terbarukan
PRG-02158,pembangunan rendah karbon
PRG-02159,UMKM
PRG-02159,IKN
PRG-02160,PRK
PRG-02160,miskin
PRG-02160,kesehatan
PRG-02160,transformasi digital
PRG-02161,UMKM
PRG-02162,Pembangunan Rendah Karbon
PRG-02163,ketenagakerjaan
PRG-02163,pendidikan
PRG-02164,perubahan iklim
PRG-02165,TPB
PRG-02165,infrastruktur
PRG-02166,stunting
PRG-02166,gender
PRG-02166,perubahan iklim
PRG-02167,investasi
PRG-02167,ekonomi hijau
PRG-02167,perlindungan sosial
PRG-02169,infrastruktur
PRG-02169,Investasi
PRG-02169,perubahan iklim
PRG-02170,investasi
PRG-02170,reformasi-birokrasi
PRG-02170,pendidikan
PRG-02171,transformasi digital
PRG-02171,ekonomi hijau
PRG-02172,infrastruktur
PRG-02172,reformasi-birokrasi
PRG-02172,digitalisasi
PRG-02173,RPJMN
PRG-02173,pariwisata
PRG-02174,UMKM
PRG-02174,perdesaan
PRG-02174,SDGs
PRG-02176,perubahan iklim
PRG-02176,statistik
PRG-02177,perlindungan sosial
PRG-02177,stunting
PRG-02178,perubahan iklim
PRG-02178,kemiskinan
PRG-02178,energi baru terbarukan
PRG-02178,perlindungan sosial
PRG-02179,infrastruktur
PRG-02179,green economy
PRG-02179,stunting
PRG-02180,Pembangunan Rendah Karbon
PRG-02180,reformasi birokrasi
PRG-02181,Kemiskinan
PRG-02181,air-minum dan sanitasi
PRG-02181,perubahan iklim
PRG-02182,stunting
PRG-02182,Perlindungan Sosial
PRG-02183,RPJMN
PRG-02183,TPB
PRG-02184,RPJMN
PRG-02184,kemaritiman
PRG-02185,pendidikan
PRG-02185,perdesaan
PRG-02186,evaluasi kinerja
PRG-02186,kemiskinan
PRG-02186,kesehatan
PRG-02187,infrastruktur
PRG-02187,digital transformation
PRG-02188,Rencana Pembangunan Jangka Menengah Nasional
PRG-02188,ekonomi hijau
PRG-02188,kemaritiman
PRG-02189,ketenagakerjaan
PRG-02190,kemaritiman
PRG-02190,Air Minum Dan Sanitasi
PRG-02190,perubahan iklim
PRG-02191,investasi
PRG-02191,energi baru terbarukan
PRG-02192,SDGs
PRG-02192,perubahan iklim
PRG-02194,pariwisata
PRG-02194,RPJMN
PRG-02195,RPJMN
PRG-02195,Gender
PRG-02197,investasi
PRG-02197,Energi Baru Terbarukan
PRG-02198,tata kelola
PRG-02198,pariwisata
PRG-02199,infrastruktur
PRG-02199,digital transformation
PRG-02199,tata kelola
PRG-02200,Investasi
PRG-02200,education
PRG-02200,energi baru terbarukan
PRG-02201,RPJMN
PRG-02202,evaluasi kinerja
PRG-02203,stunting
PRG-02203,SDGs
PRG-02204,perubahan iklim
PRG-02204,ekonomi hijau
PRG-02205,perubahan iklim
PRG-02205,infrastruktur
PRG-02205,Pembangunan Rendah Karbon
PRG-02206,statistik
PRG-02206,pendidikan
PRG-02206,perubahan iklim
PRG-02207,air minum dan sanitasi
PRG-02208,energi baru terbarukan
PRG-02208,transformasi digital
PRG-02209,Ketahanan Pangan
PRG-02209,investasi
PRG-02210,reformasi birokrasi
PRG-02210,governance
PRG-02210,investasi
PRG-02211,Statistik
PRG-02211,reformasi birokrasi
PRG-02212,UMKM
PRG-02212,ketahanan pangan
PRG-02213,gender
PRG-02213,pariwisata
PRG-02214,pendidikan
PRG-02214,pembangunan rendah karbon
PRG-02214,transformasi digital
PRG-02215,Statistik
PRG-02216,IKN
PRG-02216,pariwisata
PRG-02217,digitalisasi
PRG-02217,kemiskinan
PRG-02218,digital transformation
PRG-02218,perdesaan
PRG-02218,perlindungan sosial
PRG-02219,energi-baru terbarukan
PRG-02220,pariwisata
PRG-02220,UMKM
PRG-02221,evaluasi kinerja
PRG-02221,perdesaan
PRG-02222,pendidikan
PRG-02222,ekonomi hijau
PRG-02223,kesehatan
PRG-02223,digitalisasi
PRG-02223,energi baru terbarukan
PRG-02223,Pembangunan Rendah Karbon
PRG-02224,perubahan iklim
PRG-02224,perdesaan
PRG-02224,governance
PRG-02225,tujuan pembangunan berkelanjutan
PRG-02225,kesehatan
PRG-02226,ketenagakerjaan
PRG-02226,pendidikan
PRG-02227,pembangunan rendah karbon
PRG-02227,IKN
PRG-02228,stunting
PRG-02228,transformasi-digital
PRG-02228,Ketenagakerjaan
PRG-02228,RPJMN
PRG-02229,pariwisata
PRG-02229,transformasi digital
PRG-02231,tata-kelola
PRG-02231,kemaritiman
PRG-02232,transformasi digital
PRG-02232,perubahan iklim
PRG-02233,energi baru terbarukan
PRG-02233,tata kelola
PRG-02233,Evaluasi Kinerja
PRG-02233,pendidikan
PRG-02234,perdesaan
PRG-02235,RB
PRG-02236,kemaritiman
PRG-02237,UMKM
PRG-02237,ekonomi hijau
PRG-02238,air minum dan sanitasi
PRG-02238,infrastuktur
PRG-02238,UMKM
PRG-02239,kemaritiman
PRG-02239,UMKM
PRG-02239,poverty
PRG-02240,tujuan pembangunan berkelanjutan
PRG-02240,perdesaan
PRG-02241,transformasi digital
PRG-02241,ketenagakerjaan
PRG-02241,RPJMN
PRG-02242,transformasi digital
PRG-02242,EBT
PRG-02243,perubahan iklim
PRG-02243,pembangunan rendah karbon
PRG-02243,infrastructure
PRG-02245,energi baru terbarukan
PRG-02245,SDGs
PRG-02246,stunting
PRG-02246,transformasi digital
PRG-02247,low carbon development
PRG-02247,reformasi birokrasi
PRG-02247,ketahanan pangan
PRG-02247,ketenagakerjaan
PRG-02248,kemiskinan
PRG-02248,Ekonomi Hijau
PRG-02249,reformasi birokrasi
PRG-02250,PRK
PRG-02250,ketahanan pangan
PRG-02250,perlindungan sosial
PRG-02251,air minum dan sanitasi
PRG-02251,Kemiskinan
PRG-02252,kemiskinan
PRG-02252,pariwisata
PRG-02253,transformasi digital
PRG-02253,reformasi birokrasi
PRG-02253,kemiskinan
PRG-02254,infrastruktur
PRG-02254,kesehtan
PRG-02255,Perlindungan Sosial
PRG-02255,PRK
PRG-02255,health
PRG-02255,RPJMN
PRG-02256,stunting
PRG-02256,UMKM
PRG-02257,ketahanan pangan
PRG-02257,gender
PRG-02258,perubahan iklim
PRG-02258,Pariwisata
PRG-02258,ketahanan pangan
PRG-02259,UMKM
PRG-02259,air minum dan sanitasi
PRG-02259,Sdgs
PRG-02260,pendidikan
PRG-02260,tujuan pembangunan berkelanjutan
PRG-02261,perlindungan sosial
PRG-02262,Rencana Pembangunan Jangka Menengah Nasional
PRG-02262,UMKM
PRG-02262,gender
PRG-02263,RPJMN
PRG-02263,infrastruktur
PRG-02264,perdesaan
PRG-02264,infrastuktur
PRG-02264,gagal tumbuh
PRG-02265,RPJMN
PRG-02265,kesehatan
PRG-02266,Kesehatan
PRG-02266,infrastruktur
PRG-02266,air minum dan sanitasi
PRG-02267,perlindungan sosial
PRG-02267,kesehtan
PRG-02268,pembangunan rendah karbon
PRG-02268,pendidikan
PRG-02268,perubahan iklim
PRG-02269,kemaritiman
PRG-02269,miskin
PRG-02270,stunting
PRG-02270,RPJMN
PRG-02272,Rencana Pembangunan Jangka Menengah Nasional
PRG-02273,stunting
PRG-02273,perubahan iklim
PRG-02273,ekonomi hijau
PRG-02274,SDGs
PRG-02274,RPJMN
PRG-02274,stunting
PRG-02275,perdesaan
PRG-02275,UMKM
PRG-02276,air minum dan sanitasi
PRG-02276,investasi
PRG-02276,miskin
PRG-02277,climate change
PRG-02277,SDGs
PRG-02277,UMKM
PRG-02278,kesehatan
PRG-02278,perdesaan
PRG-02279,pendidikan
PRG-02279,gender
PRG-02279,Investasi
PRG-02280,infrastuktur
PRG-02280,digitalisasi
PRG-02281,reformasi birokrasi
PRG-02281,Transformasi Digital
PRG-02281,kemiskinan
PRG-02282,RB
PRG-02282,kemiskinan
PRG-02282,kemaritiman
PRG-02282,ketahanan pangan
PRG-02283,perubahan iklim
PRG-02283,transformasi digital
PRG-02283,infrastruktur
PRG-02283,RPJMN
PRG-02284,miskin
PRG-02284,pariwisata
PRG-02284,Infrastruktur
PRG-02285,digital transformation
PRG-02286,perlindungan sosial
PRG-02286,kemiskinan
PRG-02286,air minum dan sanitasi
